id,country_clean,baseline_stage,baseline_year,destination,outcome,train_start_year,train_through_year,test_year,actual,baseline_probability,performance_probability
41,Bulgaria,IWYMIC,2018,APMO,award,2015,2017,2018,0,0.03540758206636943,0.023322691534173167
51,Bulgaria,IWYMIC,2018,APMO,award,2015,2017,2018,0,0.03540758206636943,0.012255996116309004
60,Bulgaria,EMIC,2018,APMO,award,2015,2017,2018,0,0.02142728208984439,0.010733571612273422
62,Bulgaria,EMIC,2018,APMO,award,2015,2017,2018,0,0.02142728208984439,0.017996956038259033
64,Bulgaria,IWYMIC,2018,APMO,award,2015,2017,2018,0,0.03540758206636943,0.02745555178254295
67,Bulgaria,EMIC,2018,APMO,award,2015,2017,2018,0,0.02142728208984439,0.024743914733499506
104,Bulgaria,EMIC,2018,APMO,award,2015,2017,2018,0,0.02142728208984439,0.024743914733499506
107,Bulgaria,EMIC,2018,APMO,award,2015,2017,2018,0,0.02142728208984439,0.010733571612273422
121,Bulgaria,EMIC,2018,APMO,award,2015,2017,2018,0,0.02142728208984439,0.010733571612273422
122,Bulgaria,IWYMIC,2018,APMO,award,2015,2017,2018,0,0.03540758206636943,0.03731979059634442
123,Bulgaria,IWYMIC,2018,APMO,award,2015,2017,2018,0,0.03540758206636943,0.03072044175380619
129,Bulgaria,EMIC,2018,APMO,award,2015,2017,2018,0,0.02142728208984439,0.010733571612273422
134,Bulgaria,EMIC,2018,APMO,award,2015,2017,2018,0,0.02142728208984439,0.010733571612273422
135,Bulgaria,EMIC,2018,APMO,award,2015,2017,2018,0,0.02142728208984439,0.024743914733499506
136,Bulgaria,EMIC,2018,APMO,award,2015,2017,2018,0,0.02142728208984439,0.017996956038259033
137,Bulgaria,EMIC,2018,APMO,award,2015,2017,2018,0,0.02142728208984439,0.024743914733499506
141,Bulgaria,IWYMIC,2018,APMO,award,2015,2017,2018,0,0.03540758206636943,0.01286887140520217
143,Bulgaria,IWYMIC,2018,APMO,award,2015,2017,2018,0,0.03540758206636943,0.025113399378126577
148,Bulgaria,IWYMIC,2018,APMO,award,2015,2017,2018,0,0.03540758206636943,0.015865140930307643
166,Bulgaria,EMIC,2018,APMO,award,2015,2017,2018,0,0.02142728208984439,0.010733571612273422
170,Bulgaria,EMIC,2018,APMO,award,2015,2017,2018,0,0.02142728208984439,0.024743914733499506
183,Bulgaria,EMIC,2018,APMO,award,2015,2017,2018,0,0.02142728208984439,0.010733571612273422
191,Bulgaria,IWYMIC,2018,APMO,award,2015,2017,2018,0,0.03540758206636943,0.11298230158463947
192,Bulgaria,EMIC,2018,APMO,award,2015,2017,2018,0,0.02142728208984439,0.010733571612273422
196,Bulgaria,EMIC,2018,APMO,award,2015,2017,2018,0,0.02142728208984439,0.01370674657074676
201,Bulgaria,IWYMIC,2018,APMO,award,2015,2017,2018,0,0.03540758206636943,0.013604395611218938
209,Bulgaria,IWYMIC,2018,APMO,award,2015,2017,2018,0,0.03540758206636943,0.01685246098039615
222,Bulgaria,IWYMIC,2018,APMO,award,2015,2017,2018,0,0.03540758206636943,0.011834315368375209
227,Bulgaria,IWYMIC,2018,APMO,award,2015,2017,2018,0,0.03540758206636943,0.025113399378126577
231,Bulgaria,EMIC,2018,APMO,award,2015,2017,2018,0,0.02142728208984439,0.010733571612273422
236,Bulgaria,EMIC,2018,APMO,award,2015,2017,2018,0,0.02142728208984439,0.024743914733499506
239,Bulgaria,EMIC,2018,APMO,award,2015,2017,2018,0,0.02142728208984439,0.024743914733499506
250,Bulgaria,IWYMIC,2018,APMO,award,2015,2017,2018,0,0.03540758206636943,0.015332961433330227
264,Bulgaria,EMIC,2018,APMO,award,2015,2017,2018,0,0.02142728208984439,0.024743914733499506
268,Bulgaria,EMIC,2018,APMO,award,2015,2017,2018,0,0.02142728208984439,0.01370674657074676
277,Bulgaria,EMIC,2018,APMO,award,2015,2017,2018,0,0.02142728208984439,0.01370674657074676
281,Bulgaria,EMIC,2018,APMO,award,2015,2017,2018,0,0.02142728208984439,0.01370674657074676
282,Bulgaria,EMIC,2018,APMO,award,2015,2017,2018,0,0.02142728208984439,0.017996956038259033
283,Bulgaria,IWYMIC,2018,APMO,award,2015,2017,2018,0,0.03540758206636943,0.04986956396773683
284,Bulgaria,EMIC,2018,APMO,award,2015,2017,2018,0,0.02142728208984439,0.010733571612273422
295,Bulgaria,EMIC,2018,APMO,award,2015,2017,2018,1,0.02142728208984439,0.017996956038259033
297,Bulgaria,IWYMIC,2018,APMO,award,2015,2017,2018,0,0.03540758206636943,0.032887157459292285
319,Bulgaria,EMIC,2018,APMO,award,2015,2017,2018,0,0.02142728208984439,0.017996956038259033
320,Bulgaria,IWYMIC,2018,APMO,award,2015,2017,2018,0,0.03540758206636943,0.01286887140520217
335,Bulgaria,IWYMIC,2018,APMO,award,2015,2017,2018,0,0.03540758206636943,0.021331411364875343
337,Bulgaria,EMIC,2018,APMO,award,2015,2017,2018,0,0.02142728208984439,0.01370674657074676
338,Bulgaria,EMIC,2018,APMO,award,2015,2017,2018,0,0.02142728208984439,0.04829556744067811
342,Bulgaria,EMIC,2018,APMO,award,2015,2017,2018,0,0.02142728208984439,0.033563424407078275
354,Bulgaria,EMIC,2018,APMO,award,2015,2017,2018,0,0.02142728208984439,0.01370674657074676
358,Bulgaria,EMIC,2018,APMO,award,2015,2017,2018,0,0.02142728208984439,0.017996956038259033
359,Bulgaria,IWYMIC,2018,APMO,award,2015,2017,2018,0,0.03540758206636943,0.1018290955646501
362,Bulgaria,IWYMIC,2018,APMO,award,2015,2017,2018,0,0.03540758206636943,0.013604395611218938
384,Canada,IWYMIC,2018,APMO,award,2015,2017,2018,0,0.07710491499362576,0.03790790904251935
385,Canada,EMIC,2018,APMO,award,2015,2017,2018,0,0.047471115863446774,0.030064830189336453
388,Canada,IWYMIC,2018,APMO,award,2015,2017,2018,0,0.07710491499362576,0.07463123279991794
397,Canada,EMIC,2018,APMO,award,2015,2017,2018,0,0.047471115863446774,0.0381860260296087
422,Cyprus,EMIC,2018,APMO,award,2015,2017,2018,0,0.057661112486959216,0.03445455411665948
424,Cyprus,EMIC,2018,APMO,award,2015,2017,2018,0,0.057661112486959216,0.10250983449873687
460,Hong Kong,EMIC,2018,APMO,award,2015,2017,2018,0,0.16932864310393667,0.09704307583973798
468,Hong Kong,EMIC,2018,APMO,award,2015,2017,2018,0,0.16932864310393667,0.12413458575928632
473,Hong Kong,IWYMIC,2018,APMO,award,2015,2017,2018,0,0.25469205026513214,0.2887130343122322
478,Hong Kong,IWYMIC,2018,APMO,award,2015,2017,2018,0,0.25469205026513214,0.09637924540783063
488,Hong Kong,EMIC,2018,APMO,award,2015,2017,2018,0,0.16932864310393667,0.12413458575928632
499,Hong Kong,EMIC,2018,APMO,award,2015,2017,2018,1,0.16932864310393667,0.07741195076336381
501,Hong Kong,EMIC,2018,APMO,award,2015,2017,2018,1,0.16932864310393667,0.30146366130684704
505,Hong Kong,EMIC,2018,APMO,award,2015,2017,2018,0,0.16932864310393667,0.09704307583973798
509,Hong Kong,EMIC,2018,APMO,award,2015,2017,2018,0,0.16932864310393667,0.21171259461936281
511,Hong Kong,EMIC,2018,APMO,award,2015,2017,2018,0,0.16932864310393667,0.16402568993602246
518,Hong Kong,EMIC,2018,APMO,award,2015,2017,2018,0,0.16932864310393667,0.12413458575928632
533,Hong Kong,EMIC,2018,APMO,award,2015,2017,2018,0,0.16932864310393667,0.2490110374452018
567,Hong Kong,EMIC,2018,APMO,award,2015,2017,2018,0,0.16932864310393667,0.21171259461936281
584,Hong Kong,EMIC,2018,APMO,award,2015,2017,2018,0,0.16932864310393667,0.07741195076336381
588,Hong Kong,EMIC,2018,APMO,award,2015,2017,2018,0,0.16932864310393667,0.09704307583973798
635,Indonesia,EMIC,2018,APMO,award,2015,2017,2018,0,0.0669683341203671,0.0391867170193756
636,Indonesia,EMIC,2018,APMO,award,2015,2017,2018,0,0.0669683341203671,0.0391867170193756
638,Indonesia,EMIC,2018,APMO,award,2015,2017,2018,0,0.0669683341203671,0.04964582182460407
640,Indonesia,EMIC,2018,APMO,award,2015,2017,2018,0,0.0669683341203671,0.08706772518442797
650,Indonesia,EMIC,2018,APMO,award,2015,2017,2018,0,0.0669683341203671,0.06444988872344085
672,Indonesia,EMIC,2018,APMO,award,2015,2017,2018,0,0.0669683341203671,0.06444988872344085
677,Indonesia,EMIC,2018,APMO,award,2015,2017,2018,0,0.0669683341203671,0.16019610761769362
695,Indonesia,EMIC,2018,APMO,award,2015,2017,2018,0,0.0669683341203671,0.06444988872344085
706,Indonesia,EMIC,2018,APMO,award,2015,2017,2018,0,0.0669683341203671,0.0391867170193756
709,Indonesia,EMIC,2018,APMO,award,2015,2017,2018,0,0.0669683341203671,0.1154712237347943
715,Indonesia,EMIC,2018,APMO,award,2015,2017,2018,0,0.0669683341203671,0.04964582182460407
717,Indonesia,EMIC,2018,APMO,award,2015,2017,2018,0,0.0669683341203671,0.08706772518442797
719,Indonesia,EMIC,2018,APMO,award,2015,2017,2018,0,0.0669683341203671,0.04964582182460407
734,Indonesia,IWYMIC,2018,APMO,award,2015,2017,2018,0,0.10740091751726602,0.0418451076259526
748,Indonesia,EMIC,2018,APMO,award,2015,2017,2018,0,0.0669683341203671,0.04964582182460407
780,Indonesia,EMIC,2018,APMO,award,2015,2017,2018,0,0.0669683341203671,0.04964582182460407
790,Indonesia,EMIC,2018,APMO,award,2015,2017,2018,0,0.0669683341203671,0.08706772518442797
825,Islamic Republic of Iran,EMIC,2018,APMO,award,2015,2017,2018,0,0.09514515247689286,0.14001976565813642
828,Islamic Republic of Iran,EMIC,2018,APMO,award,2015,2017,2018,0,0.09514515247689286,0.10523199488073864
829,Islamic Republic of Iran,IWYMIC,2018,APMO,award,2015,2017,2018,0,0.14985733478379498,0.11190248827275251
830,Islamic Republic of Iran,IWYMIC,2018,APMO,award,2015,2017,2018,1,0.14985733478379498,0.1533775012186364
834,Islamic Republic of Iran,IWYMIC,2018,APMO,award,2015,2017,2018,0,0.14985733478379498,0.12270957852016501
849,Islamic Republic of Iran,EMIC,2018,APMO,award,2015,2017,2018,0,0.09514515247689286,0.08188018519669649
850,Islamic Republic of Iran,IWYMIC,2018,APMO,award,2015,2017,2018,0,0.14985733478379498,0.12270957852016501
870,Islamic Republic of Iran,EMIC,2018,APMO,award,2015,2017,2018,0,0.09514515247689286,0.14001976565813642
882,Islamic Republic of Iran,IWYMIC,2018,APMO,award,2015,2017,2018,0,0.14985733478379498,0.07720115393410583
907,Islamic Republic of Iran,EMIC,2018,APMO,award,2015,2017,2018,0,0.09514515247689286,0.08188018519669649
916,Islamic Republic of Iran,IWYMIC,2018,APMO,award,2015,2017,2018,0,0.14985733478379498,0.12270957852016501
918,Islamic Republic of Iran,IWYMIC,2018,APMO,award,2015,2017,2018,0,0.14985733478379498,0.12270957852016501
924,Islamic Republic of Iran,EMIC,2018,APMO,award,2015,2017,2018,0,0.09514515247689286,0.08188018519669649
934,Islamic Republic of Iran,EMIC,2018,APMO,award,2015,2017,2018,0,0.09514515247689286,0.08188018519669649
953,Islamic Republic of Iran,IWYMIC,2018,APMO,award,2015,2017,2018,0,0.14985733478379498,0.06752037743646795
954,Islamic Republic of Iran,EMIC,2018,APMO,award,2015,2017,2018,0,0.09514515247689286,0.08188018519669649
997,Kazakhstan,EMIC,2018,APMO,award,2015,2017,2018,0,0.20632819578131503,0.145015949453658
999,Kazakhstan,EMIC,2018,APMO,award,2015,2017,2018,0,0.20632819578131503,0.17847448826496767
1009,Kazakhstan,EMIC,2018,APMO,award,2015,2017,2018,0,0.20632819578131503,0.17847448826496767
1010,Kazakhstan,EMIC,2018,APMO,award,2015,2017,2018,0,0.20632819578131503,0.283986512759572
1012,Kazakhstan,EMIC,2018,APMO,award,2015,2017,2018,0,0.20632819578131503,0.17847448826496767
1016,Kazakhstan,EMIC,2018,APMO,award,2015,2017,2018,1,0.20632819578131503,0.145015949453658
1019,Kazakhstan,EMIC,2018,APMO,award,2015,2017,2018,0,0.20632819578131503,0.3518697689797541
1025,Kazakhstan,EMIC,2018,APMO,award,2015,2017,2018,0,0.20632819578131503,0.17847448826496767
1029,Kazakhstan,EMIC,2018,APMO,award,2015,2017,2018,0,0.20632819578131503,0.17847448826496767
1034,Kazakhstan,EMIC,2018,APMO,award,2015,2017,2018,0,0.20632819578131503,0.3518697689797541
1054,Macau,IWYMIC,2018,APMO,award,2015,2017,2018,0,0.05613643039791526,0.08979913804300725
1056,Macau,EMIC,2018,APMO,award,2015,2017,2018,0,0.03426228463557748,0.06753577650647587
1081,Macau,IWYMIC,2018,APMO,award,2015,2017,2018,0,0.05613643039791526,0.10938528718573506
1083,Macau,EMIC,2018,APMO,award,2015,2017,2018,0,0.03426228463557748,0.05025349361394344
1085,Macau,IWYMIC,2018,APMO,award,2015,2017,2018,0,0.05613643039791526,0.0243673613558976
1093,Macau,IWYMIC,2018,APMO,award,2015,2017,2018,0,0.05613643039791526,0.031453286283711204
1108,Macau,EMIC,2018,APMO,award,2015,2017,2018,0,0.03426228463557748,0.06753577650647587
1109,Macau,EMIC,2018,APMO,award,2015,2017,2018,0,0.03426228463557748,0.02212698600428934
1113,Macau,EMIC,2018,APMO,award,2015,2017,2018,0,0.03426228463557748,0.02212698600428934
1114,Macau,IWYMIC,2018,APMO,award,2015,2017,2018,0,0.05613643039791526,0.034514317095270454
1117,Macau,IWYMIC,2018,APMO,award,2015,2017,2018,0,0.05613643039791526,0.023656554984512877
1127,Macau,IWYMIC,2018,APMO,award,2015,2017,2018,0,0.05613643039791526,0.10938528718573506
1135,Macau,EMIC,2018,APMO,award,2015,2017,2018,0,0.03426228463557748,0.05025349361394344
1140,Macau,EMIC,2018,APMO,award,2015,2017,2018,0,0.03426228463557748,0.02212698600428934
1152,Macau,IWYMIC,2018,APMO,award,2015,2017,2018,0,0.05613643039791526,0.0457951074954361
1156,Macau,EMIC,2018,APMO,award,2015,2017,2018,0,0.03426228463557748,0.02212698600428934
1157,Macau,EMIC,2018,APMO,award,2015,2017,2018,0,0.03426228463557748,0.02816625510904315
1162,Macau,IWYMIC,2018,APMO,award,2015,2017,2018,0,0.05613643039791526,0.026468209566063876
1168,Macau,EMIC,2018,APMO,award,2015,2017,2018,0,0.03426228463557748,0.05025349361394344
1169,Macau,IWYMIC,2018,APMO,award,2015,2017,2018,0,0.05613643039791526,0.022519206083515344
1187,Malaysia,EMIC,2018,APMO,award,2015,2017,2018,0,0.10199343250882834,0.060539837114711635
1250,Mexico,IWYMIC,2018,APMO,award,2015,2017,2018,1,0.4848952726041073,0.5923909098432074
1262,Mexico,IWYMIC,2018,APMO,award,2015,2017,2018,0,0.4848952726041073,0.279977546465477
1270,Mexico,IWYMIC,2018,APMO,award,2015,2017,2018,0,0.4848952726041073,0.5147411902238463
1277,Mexico,EMIC,2018,APMO,award,2015,2017,2018,1,0.3596029755412129,0.2663969311095206
1280,Mexico,EMIC,2018,APMO,award,2015,2017,2018,1,0.3596029755412129,0.2663969311095206
1290,Mexico,IWYMIC,2018,APMO,award,2015,2017,2018,0,0.4848952726041073,0.3037751407866245
1296,Mexico,IWYMIC,2018,APMO,award,2015,2017,2018,1,0.4848952726041073,0.48581861872141885
1383,Nepal,EMIC,2018,APMO,award,2015,2017,2018,0,0.06041746026900718,0.05984747102317591
1387,Nepal,EMIC,2018,APMO,award,2015,2017,2018,0,0.06041746026900718,0.05984747102317591
1404,People's Republic of China,EMIC,2018,APMO,award,2015,2017,2018,0,0.014337649736295211,0.01517804806798306
1433,People's Republic of China,IWYMIC,2018,APMO,award,2015,2017,2018,0,0.02380481993256948,0.007222272279830609
1437,People's Republic of China,IWYMIC,2018,APMO,award,2015,2017,2018,0,0.02380481993256948,0.07448422387266287
1441,People's Republic of China,IWYMIC,2018,APMO,award,2015,2017,2018,0,0.02380481993256948,0.06619399478056744
1449,People's Republic of China,IWYMIC,2018,APMO,award,2015,2017,2018,0,0.02380481993256948,0.016859502875263385
1455,People's Republic of China,IWYMIC,2018,APMO,award,2015,2017,2018,0,0.02380481993256948,0.08630777310771649
1492,People's Republic of China,IWYMIC,2018,APMO,award,2015,2017,2018,0,0.02380481993256948,0.05840854958718341
1496,People's Republic of China,EMIC,2018,APMO,award,2015,2017,2018,0,0.014337649736295211,0.006547665482258811
1517,People's Republic of China,EMIC,2018,APMO,award,2015,2017,2018,0,0.014337649736295211,0.029903938052573364
1532,People's Republic of China,EMIC,2018,APMO,award,2015,2017,2018,0,0.014337649736295211,0.020660211719139787
1544,People's Republic of China,IWYMIC,2018,APMO,award,2015,2017,2018,0,0.02380481993256948,0.02023848619121575
1546,People's Republic of China,IWYMIC,2018,APMO,award,2015,2017,2018,0,0.02380481993256948,0.053021215437702836
1554,People's Republic of China,EMIC,2018,APMO,award,2015,2017,2018,0,0.014337649736295211,0.01517804806798306
1558,People's Republic of China,EMIC,2018,APMO,award,2015,2017,2018,0,0.014337649736295211,0.020660211719139787
1578,People's Republic of China,EMIC,2018,APMO,award,2015,2017,2018,0,0.014337649736295211,0.029903938052573364
1591,People's Republic of China,IWYMIC,2018,APMO,award,2015,2017,2018,0,0.02380481993256948,0.081648201015773
1592,People's Republic of China,EMIC,2018,APMO,award,2015,2017,2018,0,0.014337649736295211,0.03278741416439258
1598,People's Republic of China,EMIC,2018,APMO,award,2015,2017,2018,0,0.014337649736295211,0.02538387370361073
1607,People's Republic of China,IWYMIC,2018,APMO,award,2015,2017,2018,0,0.02380481993256948,0.04001989942008978
1609,People's Republic of China,EMIC,2018,APMO,award,2015,2017,2018,0,0.014337649736295211,0.01517804806798306
1623,People's Republic of China,EMIC,2018,APMO,award,2015,2017,2018,0,0.014337649736295211,0.029903938052573364
1643,People's Republic of China,EMIC,2018,APMO,award,2015,2017,2018,0,0.014337649736295211,0.029903938052573364
1661,Philippines,IWYMIC,2018,APMO,award,2015,2017,2018,1,0.15140113255780205,0.29200691195042594
1678,Philippines,IWYMIC,2018,APMO,award,2015,2017,2018,0,0.15140113255780205,0.12820672221955204
1696,Philippines,EMIC,2018,APMO,award,2015,2017,2018,0,0.09618908927009158,0.050508036393409055
1698,Philippines,EMIC,2018,APMO,award,2015,2017,2018,0,0.09618908927009158,0.17369735026503677
1701,Philippines,IWYMIC,2018,APMO,award,2015,2017,2018,0,0.15140113255780205,0.15970766524306562
1722,Philippines,EMIC,2018,APMO,award,2015,2017,2018,0,0.09618908927009158,0.08244364311608621
1724,Philippines,EMIC,2018,APMO,award,2015,2017,2018,0,0.09618908927009158,0.14549432744615415
1735,Philippines,EMIC,2018,APMO,award,2015,2017,2018,0,0.09618908927009158,0.050508036393409055
1748,Philippines,EMIC,2018,APMO,award,2015,2017,2018,0,0.09618908927009158,0.050508036393409055
1764,Philippines,EMIC,2018,APMO,award,2015,2017,2018,0,0.09618908927009158,0.0637882396700657
1769,Philippines,EMIC,2018,APMO,award,2015,2017,2018,0,0.09618908927009158,0.050508036393409055
1772,Philippines,IWYMIC,2018,APMO,award,2015,2017,2018,0,0.15140113255780205,0.14289623733467233
1861,Philippines,EMIC,2018,APMO,award,2015,2017,2018,0,0.09618908927009158,0.11062943577271284
1917,Republic of Korea,EMIC,2018,APMO,award,2015,2017,2018,0,0.03891419418564313,0.025491413588746938
1950,Republic of Korea,IWYMIC,2018,APMO,award,2015,2017,2018,0,0.06356279442139728,0.03814536104329366
1982,Romania,IWYMIC,2018,APMO,award,2015,2017,2018,0,0.06216128452143293,0.03268684430590402
1991,Romania,EMIC,2018,APMO,award,2015,2017,2018,0,0.03803409270185174,0.07008204964451437
2001,Romania,IWYMIC,2018,APMO,award,2015,2017,2018,0,0.06216128452143293,0.023252928475042213
2006,Romania,IWYMIC,2018,APMO,award,2015,2017,2018,0,0.06216128452143293,0.038137886950118216
2008,Romania,IWYMIC,2018,APMO,award,2015,2017,2018,0,0.06216128452143293,0.030918080981312657
2035,Romania,IWYMIC,2018,APMO,award,2015,2017,2018,0,0.06216128452143293,0.04516296579174178
2036,Romania,IWYMIC,2018,APMO,award,2015,2017,2018,0,0.06216128452143293,0.026220096002113117
2042,Romania,IWYMIC,2018,APMO,award,2015,2017,2018,0,0.06216128452143293,0.027511812662722377
2048,Russian Federation,EMIC,2018,APMO,award,2015,2017,2018,1,0.07552574955931027,0.06875059098422191
2049,Russian Federation,IWYMIC,2018,APMO,award,2015,2017,2018,0,0.12045790306957219,0.12915313894490538
2050,Russian Federation,IWYMIC,2018,APMO,award,2015,2017,2018,0,0.12045790306957219,0.07329802103941437
2051,Russian Federation,IWYMIC,2018,APMO,award,2015,2017,2018,0,0.12045790306957219,0.04602305594522729
2055,Russian Federation,IWYMIC,2018,APMO,award,2015,2017,2018,0,0.12045790306957219,0.04760426439989135
2067,Russian Federation,EMIC,2018,APMO,award,2015,2017,2018,0,0.07552574955931027,0.06875059098422191
2070,Russian Federation,IWYMIC,2018,APMO,award,2015,2017,2018,0,0.12045790306957219,0.08483807001379776
2071,Russian Federation,EMIC,2018,APMO,award,2015,2017,2018,0,0.07552574955931027,0.041877082636999303
2072,Russian Federation,EMIC,2018,APMO,award,2015,2017,2018,0,0.07552574955931027,0.06875059098422191
2073,Russian Federation,IWYMIC,2018,APMO,award,2015,2017,2018,0,0.12045790306957219,0.16006488115922773
2142,South Africa,EMIC,2018,APMO,award,2015,2017,2018,0,0.037368153362349436,0.025893179137385536
2201,South Africa,IWYMIC,2018,APMO,award,2015,2017,2018,0,0.06109973360977298,0.03476665468401312
2213,Sri Lanka,EMIC,2018,APMO,award,2015,2017,2018,0,0.15861128827029156,0.1663027365471863
2237,Sri Lanka,EMIC,2018,APMO,award,2015,2017,2018,0,0.15861128827029156,0.13138885184346996
2240,Sri Lanka,EMIC,2018,APMO,award,2015,2017,2018,1,0.15861128827029156,0.13138885184346996
2262,Sri Lanka,EMIC,2018,APMO,award,2015,2017,2018,0,0.15861128827029156,0.10562254509268856
2272,Taiwan,IWYMIC,2018,APMO,award,2015,2017,2018,0,0.08396173746860225,0.13192182994393062
2280,Taiwan,EMIC,2018,APMO,award,2015,2017,2018,0,0.051840678688149566,0.09713878183564299
2325,Taiwan,IWYMIC,2018,APMO,award,2015,2017,2018,0,0.08396173746860225,0.04175704695353803
2347,Taiwan,EMIC,2018,APMO,award,2015,2017,2018,0,0.051840678688149566,0.08332893648069999
2375,Taiwan,EMIC,2018,APMO,award,2015,2017,2018,0,0.051840678688149566,0.0224864170464807
2377,Taiwan,EMIC,2018,APMO,award,2015,2017,2018,0,0.051840678688149566,0.03740223412761701
2381,Taiwan,IWYMIC,2018,APMO,award,2015,2017,2018,0,0.08396173746860225,0.18788096840978616
2401,Taiwan,IWYMIC,2018,APMO,award,2015,2017,2018,0,0.08396173746860225,0.03506775210117221
2416,Taiwan,EMIC,2018,APMO,award,2015,2017,2018,0,0.051840678688149566,0.0224864170464807
2441,Taiwan,IWYMIC,2018,APMO,award,2015,2017,2018,0,0.08396173746860225,0.15851004940060853
2450,Taiwan,IWYMIC,2018,APMO,award,2015,2017,2018,0,0.08396173746860225,0.0704727706171259
2469,Taiwan,EMIC,2018,APMO,award,2015,2017,2018,0,0.051840678688149566,0.03740223412761701
2495,Taiwan,IWYMIC,2018,APMO,award,2015,2017,2018,0,0.08396173746860225,0.12140669994279381
2541,Tajikistan,EMIC,2018,APMO,award,2015,2017,2018,0,0.4090850961001481,0.36601621645082716
2543,Tajikistan,EMIC,2018,APMO,award,2015,2017,2018,1,0.4090850961001481,0.3106959906548688
2550,Tajikistan,IWYMIC,2018,APMO,award,2015,2017,2018,1,0.5371567807504076,0.3642546870281005
2553,Tajikistan,EMIC,2018,APMO,award,2015,2017,2018,1,0.4090850961001481,0.6986413492868759
2556,Tajikistan,EMIC,2018,APMO,award,2015,2017,2018,0,0.4090850961001481,0.3106959906548688
2557,Tajikistan,EMIC,2018,APMO,award,2015,2017,2018,0,0.4090850961001481,0.43225125455815205
2560,Tajikistan,EMIC,2018,APMO,award,2015,2017,2018,1,0.4090850961001481,0.3106959906548688
2563,Tajikistan,IWYMIC,2018,APMO,award,2015,2017,2018,1,0.5371567807504076,0.4159205718042773
2569,Tajikistan,IWYMIC,2018,APMO,award,2015,2017,2018,0,0.5371567807504076,0.4979975837256572
2580,Tajikistan,EMIC,2018,APMO,award,2015,2017,2018,1,0.4090850961001481,0.5131468016787096
2609,Thailand,IWYMIC,2018,APMO,award,2015,2017,2018,0,0.16938465589177845,0.3398724865802744
2624,Thailand,IWYMIC,2018,APMO,award,2015,2017,2018,0,0.16938465589177845,0.1332646824066485
2630,Thailand,EMIC,2018,APMO,award,2015,2017,2018,0,0.10845263187721128,0.06406692858071909
2633,Thailand,EMIC,2018,APMO,award,2015,2017,2018,1,0.10845263187721128,0.049346187398493516
2637,Thailand,IWYMIC,2018,APMO,award,2015,2017,2018,0,0.16938465589177845,0.1639108861876506
2641,Thailand,IWYMIC,2018,APMO,award,2015,2017,2018,0,0.16938465589177845,0.31180995076609996
2646,Thailand,EMIC,2018,APMO,award,2015,2017,2018,0,0.10845263187721128,0.0865628052690788
2649,Thailand,IWYMIC,2018,APMO,award,2015,2017,2018,0,0.16938465589177845,0.21560165929378058
2652,Thailand,EMIC,2018,APMO,award,2015,2017,2018,0,0.10845263187721128,0.049346187398493516
2654,Thailand,IWYMIC,2018,APMO,award,2015,2017,2018,1,0.16938465589177845,0.35345320783285195
2657,Thailand,IWYMIC,2018,APMO,award,2015,2017,2018,0,0.16938465589177845,0.06832729329197412
2659,Thailand,EMIC,2018,APMO,award,2015,2017,2018,0,0.10845263187721128,0.049346187398493516
2661,Thailand,IWYMIC,2018,APMO,award,2015,2017,2018,0,0.16938465589177845,0.2040340607806149
2662,Thailand,EMIC,2018,APMO,award,2015,2017,2018,0,0.10845263187721128,0.03894762088760995
2668,Thailand,EMIC,2018,APMO,award,2015,2017,2018,1,0.10845263187721128,0.049346187398493516
2669,Thailand,EMIC,2018,APMO,award,2015,2017,2018,0,0.10845263187721128,0.03894762088760995
2673,Thailand,EMIC,2018,APMO,award,2015,2017,2018,0,0.10845263187721128,0.06406692858071909
2701,Thailand,IWYMIC,2018,APMO,award,2015,2017,2018,1,0.16938465589177845,0.23259170177178512
2710,Thailand,EMIC,2018,APMO,award,2015,2017,2018,0,0.10845263187721128,0.0865628052690788
2711,Thailand,EMIC,2018,APMO,award,2015,2017,2018,0,0.10845263187721128,0.0865628052690788
2734,Thailand,EMIC,2018,APMO,award,2015,2017,2018,0,0.10845263187721128,0.06406692858071909
2744,Thailand,IWYMIC,2018,APMO,award,2015,2017,2018,0,0.16938465589177845,0.322379570399179
2760,Thailand,IWYMIC,2018,APMO,award,2015,2017,2018,0,0.16938465589177845,0.2040340607806149
2774,Thailand,EMIC,2018,APMO,award,2015,2017,2018,1,0.10845263187721128,0.13804024498024084
2792,Thailand,EMIC,2018,APMO,award,2015,2017,2018,0,0.10845263187721128,0.049346187398493516
2812,Thailand,EMIC,2018,APMO,award,2015,2017,2018,0,0.10845263187721128,0.0865628052690788
2849,Ukraine,EMIC,2018,APMO,award,2015,2017,2018,0,0.07552574955931027,0.041877082636999303
2850,Ukraine,EMIC,2018,APMO,award,2015,2017,2018,0,0.07552574955931027,0.041877082636999303
2851,Ukraine,EMIC,2018,APMO,award,2015,2017,2018,0,0.07552574955931027,0.041877082636999303
2852,Ukraine,EMIC,2018,APMO,award,2015,2017,2018,0,0.07552574955931027,0.041877082636999303
2853,Ukraine,EMIC,2018,APMO,award,2015,2017,2018,0,0.07552574955931027,0.041877082636999303
2913,Uzbekistan,EMIC,2018,APMO,award,2015,2017,2018,0,0.04691940810180001,0.05390421540386424
2929,Uzbekistan,EMIC,2018,APMO,award,2015,2017,2018,0,0.04691940810180001,0.03952834702448282
2946,Uzbekistan,EMIC,2018,APMO,award,2015,2017,2018,0,0.04691940810180001,0.07234635300486883
2963,Vietnam,IWYMIC,2018,APMO,award,2015,2017,2018,0,0.04045601014564886,0.0261847134903844
2966,Vietnam,IWYMIC,2018,APMO,award,2015,2017,2018,0,0.04045601014564886,0.012786019031985535
2970,Vietnam,EMIC,2018,APMO,award,2015,2017,2018,0,0.024533090362085973,0.014298600439977726
2977,Vietnam,EMIC,2018,APMO,award,2015,2017,2018,0,0.024533090362085973,0.014298600439977726
2987,Vietnam,EMIC,2018,APMO,award,2015,2017,2018,0,0.024533090362085973,0.05504378479605797
2999,Vietnam,IWYMIC,2018,APMO,award,2015,2017,2018,0,0.04045601014564886,0.015114314151666884
3000,Vietnam,EMIC,2018,APMO,award,2015,2017,2018,0,0.024533090362085973,0.011198502188656432
3013,Vietnam,EMIC,2018,APMO,award,2015,2017,2018,0,0.024533090362085973,0.025799884106588962
3018,Vietnam,IWYMIC,2018,APMO,award,2015,2017,2018,0,0.04045601014564886,0.015114314151666884
3025,Vietnam,EMIC,2018,APMO,award,2015,2017,2018,0,0.024533090362085973,0.014298600439977726
3035,Vietnam,IWYMIC,2018,APMO,award,2015,2017,2018,0,0.04045601014564886,0.013425038493205121
3055,Vietnam,EMIC,2018,APMO,award,2015,2017,2018,0,0.024533090362085973,0.018770534504465964
3059,Vietnam,EMIC,2018,APMO,award,2015,2017,2018,0,0.024533090362085973,0.042837239238276474
3061,Vietnam,IWYMIC,2018,APMO,award,2015,2017,2018,0,0.04045601014564886,0.015114314151666884
3073,Vietnam,IWYMIC,2018,APMO,award,2015,2017,2018,0,0.04045601014564886,0.0388910451771777
3092,Vietnam,EMIC,2018,APMO,award,2015,2017,2018,0,0.024533090362085973,0.042837239238276474
3095,Vietnam,EMIC,2018,APMO,award,2015,2017,2018,0,0.024533090362085973,0.025799884106588962
3096,Vietnam,IWYMIC,2018,APMO,award,2015,2017,2018,0,0.04045601014564886,0.011640699176847276
3097,Vietnam,EMIC,2018,APMO,award,2015,2017,2018,0,0.024533090362085973,0.025799884106588962
3100,Vietnam,EMIC,2018,APMO,award,2015,2017,2018,0,0.024533090362085973,0.025799884106588962
3107,Vietnam,EMIC,2018,APMO,award,2015,2017,2018,0,0.024533090362085973,0.042837239238276474
5,Australia,IWYMIC,2019,APMO,award,2015,2018,2019,0,0.08626050679631524,0.03655007517108968
7,Australia,IWYMIC,2019,APMO,award,2015,2018,2019,0,0.08626050679631524,0.03253291279823443
10,Australia,IWYMIC,2019,APMO,award,2015,2018,2019,0,0.08626050679631524,0.03471092604298309
43,Bulgaria,EMIC,2019,APMO,award,2015,2018,2019,0,0.0171378138327764,0.040418134891502894
49,Bulgaria,EMIC,2019,APMO,award,2015,2018,2019,0,0.0171378138327764,0.012370493171484566
76,Bulgaria,EMIC,2019,APMO,award,2015,2018,2019,0,0.0171378138327764,0.03386057250173236
114,Bulgaria,EMIC,2019,APMO,award,2015,2018,2019,0,0.0171378138327764,0.011453505395966951
139,Bulgaria,EMIC,2019,APMO,award,2015,2018,2019,1,0.0171378138327764,0.02667405214570013
144,Bulgaria,EMIC,2019,APMO,award,2015,2018,2019,0,0.0171378138327764,0.02667405214570013
162,Bulgaria,IWYMIC,2019,APMO,award,2015,2018,2019,0,0.024906436128812503,0.03217810695385161
167,Bulgaria,IWYMIC,2019,APMO,award,2015,2018,2019,0,0.024906436128812503,0.010370315442425447
186,Bulgaria,IWYMIC,2019,APMO,award,2015,2018,2019,0,0.024906436128812503,0.041339388724409225
208,Bulgaria,EMIC,2019,APMO,award,2015,2018,2019,1,0.0171378138327764,0.03386057250173236
211,Bulgaria,EMIC,2019,APMO,award,2015,2018,2019,0,0.0171378138327764,0.017013595486736265
256,Bulgaria,EMIC,2019,APMO,award,2015,2018,2019,0,0.0171378138327764,0.02107585623365535
276,Bulgaria,IWYMIC,2019,APMO,award,2015,2018,2019,0,0.024906436128812503,0.041339388724409225
289,Bulgaria,EMIC,2019,APMO,award,2015,2018,2019,0,0.0171378138327764,0.02107585623365535
299,Bulgaria,EMIC,2019,APMO,award,2015,2018,2019,0,0.0171378138327764,0.011453505395966951
336,Bulgaria,EMIC,2019,APMO,award,2015,2018,2019,0,0.0171378138327764,0.017013595486736265
343,Bulgaria,EMIC,2019,APMO,award,2015,2018,2019,0,0.0171378138327764,0.012370493171484566
348,Bulgaria,EMIC,2019,APMO,award,2015,2018,2019,0,0.0171378138327764,0.02667405214570013
355,Bulgaria,EMIC,2019,APMO,award,2015,2018,2019,0,0.0171378138327764,0.017013595486736265
374,Canada,IWYMIC,2019,APMO,award,2015,2018,2019,0,0.05093625442521691,0.023429364484737977
381,Canada,IWYMIC,2019,APMO,award,2015,2018,2019,0,0.05093625442521691,0.03878531929566451
382,Canada,IWYMIC,2019,APMO,award,2015,2018,2019,0,0.05093625442521691,0.0260438986859878
390,Canada,EMIC,2019,APMO,award,2015,2018,2019,0,0.035342892238418945,0.028257576719892732
393,Canada,IWYMIC,2019,APMO,award,2015,2018,2019,0,0.05093625442521691,0.0260438986859878
400,Canada,IWYMIC,2019,APMO,award,2015,2018,2019,0,0.05093625442521691,0.08965561145401676
403,Canada,EMIC,2019,APMO,award,2015,2018,2019,0,0.035342892238418945,0.028257576719892732
405,Cyprus,EMIC,2019,APMO,award,2015,2018,2019,0,0.043456999972512546,0.031331415805524655
423,Cyprus,IWYMIC,2019,APMO,award,2015,2018,2019,0,0.062398754904136836,0.03713118687614425
429,Cyprus,EMIC,2019,APMO,award,2015,2018,2019,0,0.043456999972512546,0.03924907490629092
434,Cyprus,IWYMIC,2019,APMO,award,2015,2018,2019,0,0.062398754904136836,0.02888409306395614
443,Ghana,IWYMIC,2019,APMO,award,2015,2018,2019,0,0.07965267620637564,0.0661001113836852
448,Ghana,IWYMIC,2019,APMO,award,2015,2018,2019,0,0.07965267620637564,0.03139521335006072
450,Hong Kong,EMIC,2019,APMO,award,2015,2018,2019,0,0.1386463683330555,0.11888181820141606
463,Hong Kong,EMIC,2019,APMO,award,2015,2018,2019,0,0.1386463683330555,0.21457995734371033
475,Hong Kong,EMIC,2019,APMO,award,2015,2018,2019,0,0.1386463683330555,0.17602602215693935
476,Hong Kong,EMIC,2019,APMO,award,2015,2018,2019,0,0.1386463683330555,0.10087905344993899
480,Hong Kong,EMIC,2019,APMO,award,2015,2018,2019,0,0.1386463683330555,0.17602602215693935
485,Hong Kong,EMIC,2019,APMO,award,2015,2018,2019,0,0.1386463683330555,0.10087905344993899
504,Hong Kong,IWYMIC,2019,APMO,award,2015,2018,2019,1,0.1908024947928833,0.5075388757826461
513,Hong Kong,EMIC,2019,APMO,award,2015,2018,2019,0,0.1386463683330555,0.17602602215693935
523,Hong Kong,EMIC,2019,APMO,award,2015,2018,2019,0,0.1386463683330555,0.08283633039963592
534,Hong Kong,EMIC,2019,APMO,award,2015,2018,2019,0,0.1386463683330555,0.10087905344993899
535,Hong Kong,EMIC,2019,APMO,award,2015,2018,2019,0,0.1386463683330555,0.21457995734371033
536,Hong Kong,EMIC,2019,APMO,award,2015,2018,2019,0,0.1386463683330555,0.10087905344993899
543,Hong Kong,EMIC,2019,APMO,award,2015,2018,2019,0,0.1386463683330555,0.08895408680819354
556,Hong Kong,EMIC,2019,APMO,award,2015,2018,2019,0,0.1386463683330555,0.08895408680819354
558,Hong Kong,EMIC,2019,APMO,award,2015,2018,2019,0,0.1386463683330555,0.21457995734371033
561,Hong Kong,EMIC,2019,APMO,award,2015,2018,2019,0,0.1386463683330555,0.11888181820141606
573,Hong Kong,EMIC,2019,APMO,award,2015,2018,2019,0,0.1386463683330555,0.11888181820141606
593,India,EMIC,2019,APMO,award,2015,2018,2019,0,0.03173259836728056,0.02558526667934275
605,India,EMIC,2019,APMO,award,2015,2018,2019,0,0.03173259836728056,0.03835084703035944
624,India,EMIC,2019,APMO,award,2015,2018,2019,0,0.03173259836728056,0.02558526667934275
671,Indonesia,EMIC,2019,APMO,award,2015,2018,2019,0,0.04518460537125718,0.04028950671761124
714,Indonesia,EMIC,2019,APMO,award,2015,2018,2019,1,0.04518460537125718,0.092744004819824
740,Indonesia,IWYMIC,2019,APMO,award,2015,2018,2019,0,0.06482834303866172,0.029658247147045933
751,Indonesia,IWYMIC,2019,APMO,award,2015,2018,2019,0,0.06482834303866172,0.060303040731075896
818,Indonesia,EMIC,2019,APMO,award,2015,2018,2019,0,0.04518460537125718,0.05908638859830812
824,Islamic Republic of Iran,IWYMIC,2019,APMO,award,2015,2018,2019,0,0.10957220835305106,0.05318033748810768
838,Islamic Republic of Iran,EMIC,2019,APMO,award,2015,2018,2019,0,0.0774940534230658,0.06744566163482993
840,Islamic Republic of Iran,IWYMIC,2019,APMO,award,2015,2018,2019,0,0.10957220835305106,0.07459814173648248
842,Islamic Republic of Iran,EMIC,2019,APMO,award,2015,2018,2019,1,0.0774940534230658,0.0725166336488465
843,Islamic Republic of Iran,EMIC,2019,APMO,award,2015,2018,2019,0,0.0774940534230658,0.0725166336488465
862,Islamic Republic of Iran,EMIC,2019,APMO,award,2015,2018,2019,0,0.0774940534230658,0.06744566163482993
865,Islamic Republic of Iran,IWYMIC,2019,APMO,award,2015,2018,2019,0,0.10957220835305106,0.08209327525038712
875,Islamic Republic of Iran,EMIC,2019,APMO,award,2015,2018,2019,0,0.0774940534230658,0.06640966451067444
885,Islamic Republic of Iran,IWYMIC,2019,APMO,award,2015,2018,2019,0,0.10957220835305106,0.08983739507923573
892,Islamic Republic of Iran,IWYMIC,2019,APMO,award,2015,2018,2019,0,0.10957220835305106,0.06139601654078438
895,Islamic Republic of Iran,IWYMIC,2019,APMO,award,2015,2018,2019,0,0.10957220835305106,0.06797918428984073
904,Islamic Republic of Iran,EMIC,2019,APMO,award,2015,2018,2019,0,0.0774940534230658,0.0725166336488465
911,Islamic Republic of Iran,IWYMIC,2019,APMO,award,2015,2018,2019,0,0.10957220835305106,0.07292462506239289
914,Islamic Republic of Iran,EMIC,2019,APMO,award,2015,2018,2019,0,0.0774940534230658,0.08243742867477336
917,Islamic Republic of Iran,IWYMIC,2019,APMO,award,2015,2018,2019,0,0.10957220835305106,0.06139601654078438
919,Islamic Republic of Iran,EMIC,2019,APMO,award,2015,2018,2019,0,0.0774940534230658,0.06744566163482993
925,Islamic Republic of Iran,IWYMIC,2019,APMO,award,2015,2018,2019,0,0.10957220835305106,0.05760074067241432
928,Islamic Republic of Iran,EMIC,2019,APMO,award,2015,2018,2019,0,0.0774940534230658,0.06744566163482993
930,Islamic Republic of Iran,EMIC,2019,APMO,award,2015,2018,2019,0,0.0774940534230658,0.0725166336488465
932,Islamic Republic of Iran,EMIC,2019,APMO,award,2015,2018,2019,0,0.0774940534230658,0.0725166336488465
933,Islamic Republic of Iran,IWYMIC,2019,APMO,award,2015,2018,2019,0,0.10957220835305106,0.06797918428984073
935,Islamic Republic of Iran,IWYMIC,2019,APMO,award,2015,2018,2019,0,0.10957220835305106,0.06139601654078438
940,Islamic Republic of Iran,EMIC,2019,APMO,award,2015,2018,2019,0,0.0774940534230658,0.06744566163482993
948,Islamic Republic of Iran,IWYMIC,2019,APMO,award,2015,2018,2019,0,0.10957220835305106,0.11531975362912861
955,Islamic Republic of Iran,EMIC,2019,APMO,award,2015,2018,2019,0,0.0774940534230658,0.06744566163482993
983,Kazakhstan,EMIC,2019,APMO,award,2015,2018,2019,0,0.1580096406013618,0.1237848259406995
1003,Kazakhstan,EMIC,2019,APMO,award,2015,2018,2019,0,0.1580096406013618,0.15141408242977486
1021,Kazakhstan,EMIC,2019,APMO,award,2015,2018,2019,0,0.1580096406013618,0.1255954693421764
1035,Kazakhstan,EMIC,2019,APMO,award,2015,2018,2019,0,0.1580096406013618,0.1766632923130325
1036,Kazakhstan,EMIC,2019,APMO,award,2015,2018,2019,0,0.1580096406013618,0.1237848259406995
1057,Macau,IWYMIC,2019,APMO,award,2015,2018,2019,0,0.03012257614903478,0.02470724455420595
1066,Macau,EMIC,2019,APMO,award,2015,2018,2019,0,0.020761617421658527,0.01773171575896025
1076,Macau,IWYMIC,2019,APMO,award,2015,2018,2019,0,0.03012257614903478,0.013368787440552215
1096,Macau,EMIC,2019,APMO,award,2015,2018,2019,0,0.020761617421658527,0.030094913972931753
1100,Macau,EMIC,2019,APMO,award,2015,2018,2019,0,0.020761617421658527,0.016158066894191782
1118,Macau,EMIC,2019,APMO,award,2015,2018,2019,0,0.020761617421658527,0.02433749574048613
1123,Macau,IWYMIC,2019,APMO,award,2015,2018,2019,0,0.03012257614903478,0.02228133470564668
1134,Macau,EMIC,2019,APMO,award,2015,2018,2019,0,0.020761617421658527,0.03799577909268753
1148,Macau,EMIC,2019,APMO,award,2015,2018,2019,0,0.020761617421658527,0.0203217611430833
1153,Macau,IWYMIC,2019,APMO,award,2015,2018,2019,0,0.03012257614903478,0.025479318626291818
1160,Macau,IWYMIC,2019,APMO,award,2015,2018,2019,0,0.03012257614903478,0.01656101277267354
1165,Macau,EMIC,2019,APMO,award,2015,2018,2019,0,0.020761617421658527,0.0203217611430833
1167,Macau,IWYMIC,2019,APMO,award,2015,2018,2019,0,0.03012257614903478,0.036033403465719385
1170,Macau,IWYMIC,2019,APMO,award,2015,2018,2019,0,0.03012257614903478,0.02228133470564668
1183,Malaysia,IWYMIC,2019,APMO,award,2015,2018,2019,0,0.11828860495088155,0.05165580500968079
1197,Malaysia,EMIC,2019,APMO,award,2015,2018,2019,0,0.08389909281873661,0.0911362265562745
1198,Malaysia,IWYMIC,2019,APMO,award,2015,2018,2019,0,0.11828860495088155,0.06340278145213595
1211,Malaysia,EMIC,2019,APMO,award,2015,2018,2019,0,0.08389909281873661,0.11089975247426166
1222,Malaysia,IWYMIC,2019,APMO,award,2015,2018,2019,1,0.11828860495088155,0.29034675575810726
1225,Malaysia,EMIC,2019,APMO,award,2015,2018,2019,0,0.08389909281873661,0.06765694091577626
1251,Mexico,EMIC,2019,APMO,award,2015,2018,2019,1,0.3674354491618207,0.3353644872656441
1254,Mexico,IWYMIC,2019,APMO,award,2015,2018,2019,1,0.45972240265642156,0.7142031166531706
1272,Mexico,EMIC,2019,APMO,award,2015,2018,2019,0,0.3674354491618207,0.3567531222161174
1288,Mexico,EMIC,2019,APMO,award,2015,2018,2019,1,0.3674354491618207,0.4880480187420059
1289,Mexico,IWYMIC,2019,APMO,award,2015,2018,2019,1,0.45972240265642156,0.5954994161971716
1384,Nepal,EMIC,2019,APMO,award,2015,2018,2019,0,0.04617076976923023,0.03387736347526782
1385,Nepal,IWYMIC,2019,APMO,award,2015,2018,2019,0,0.06621350548506359,0.026341177461962528
1388,Nepal,EMIC,2019,APMO,award,2015,2018,2019,0,0.04617076976923023,0.03387736347526782
1396,People's Republic of China,EMIC,2019,APMO,award,2015,2018,2019,0,0.01052041589893786,0.020542180717095487
1397,People's Republic of China,EMIC,2019,APMO,award,2015,2018,2019,0,0.01052041589893786,0.006198110946287682
1406,People's Republic of China,EMIC,2019,APMO,award,2015,2018,2019,0,0.01052041589893786,0.01715171477345922
1434,People's Republic of China,IWYMIC,2019,APMO,award,2015,2018,2019,0,0.01533615771999596,0.04792007399693785
1446,People's Republic of China,EMIC,2019,APMO,award,2015,2018,2019,0,0.01052041589893786,0.020542180717095487
1503,People's Republic of China,EMIC,2019,APMO,award,2015,2018,2019,0,0.01052041589893786,0.01715171477345922
1567,People's Republic of China,IWYMIC,2019,APMO,award,2015,2018,2019,0,0.01533615771999596,0.027333646762909405
1568,People's Republic of China,IWYMIC,2019,APMO,award,2015,2018,2019,0,0.01533615771999596,0.03396915103373453
1612,People's Republic of China,EMIC,2019,APMO,award,2015,2018,2019,0,0.01052041589893786,0.013462045784775292
1617,People's Republic of China,IWYMIC,2019,APMO,award,2015,2018,2019,0,0.01533615771999596,0.01628548508047716
1644,People's Republic of China,EMIC,2019,APMO,award,2015,2018,2019,0,0.01052041589893786,0.005642163436229693
1676,Philippines,EMIC,2019,APMO,award,2015,2018,2019,1,0.08084657568358797,0.07743089067526589
1680,Philippines,EMIC,2019,APMO,award,2015,2018,2019,0,0.08084657568358797,0.05236535762562251
1691,Philippines,EMIC,2019,APMO,award,2015,2018,2019,1,0.08084657568358797,0.11730299527733105
1692,Philippines,EMIC,2019,APMO,award,2015,2018,2019,0,0.08084657568358797,0.05319474582129341
1693,Philippines,EMIC,2019,APMO,award,2015,2018,2019,0,0.08084657568358797,0.06524043825965739
1706,Philippines,IWYMIC,2019,APMO,award,2015,2018,2019,0,0.1141407796552658,0.0712165356646818
1715,Philippines,EMIC,2019,APMO,award,2015,2018,2019,0,0.08084657568358797,0.06524043825965739
1716,Philippines,IWYMIC,2019,APMO,award,2015,2018,2019,0,0.1141407796552658,0.09640317411043382
1731,Philippines,EMIC,2019,APMO,award,2015,2018,2019,0,0.08084657568358797,0.0572600375821008
1732,Philippines,IWYMIC,2019,APMO,award,2015,2018,2019,0,0.1141407796552658,0.17294246468062294
1734,Philippines,EMIC,2019,APMO,award,2015,2018,2019,1,0.08084657568358797,0.09453144858297652
1757,Philippines,EMIC,2019,APMO,award,2015,2018,2019,0,0.08084657568358797,0.06524043825965739
1758,Philippines,EMIC,2019,APMO,award,2015,2018,2019,0,0.08084657568358797,0.06524043825965739
1817,Philippines,EMIC,2019,APMO,award,2015,2018,2019,0,0.08084657568358797,0.09453144858297652
1821,Philippines,EMIC,2019,APMO,award,2015,2018,2019,1,0.08084657568358797,0.11730299527733105
1827,Philippines,EMIC,2019,APMO,award,2015,2018,2019,0,0.08084657568358797,0.07743089067526589
1832,Philippines,EMIC,2019,APMO,award,2015,2018,2019,0,0.08084657568358797,0.0572600375821008
1835,Philippines,IWYMIC,2019,APMO,award,2015,2018,2019,0,0.1141407796552658,0.1388402883291541
1858,Philippines,IWYMIC,2019,APMO,award,2015,2018,2019,1,0.1141407796552658,0.32893436827774875
1862,Philippines,IWYMIC,2019,APMO,award,2015,2018,2019,0,0.1141407796552658,0.0712165356646818
1870,Republic of Korea,EMIC,2019,APMO,award,2015,2018,2019,0,0.03041095271123183,0.024773521851657317
1965,Republic of Korea,IWYMIC,2019,APMO,award,2015,2018,2019,0,0.04392741961048623,0.020197106065600195
1967,Republic of Korea,IWYMIC,2019,APMO,award,2015,2018,2019,0,0.04392741961048623,0.18141808865418899
1973,Romania,EMIC,2019,APMO,award,2015,2018,2019,0,0.026086019319953146,0.02092555408565309
1974,Romania,EMIC,2019,APMO,award,2015,2018,2019,0,0.026086019319953146,0.020588351874013033
1989,Romania,EMIC,2019,APMO,award,2015,2018,2019,0,0.026086019319953146,0.02092555408565309
1996,Romania,EMIC,2019,APMO,award,2015,2018,2019,0,0.026086019319953146,0.02092555408565309
2009,Romania,EMIC,2019,APMO,award,2015,2018,2019,0,0.026086019319953146,0.025863653513257222
2022,Romania,IWYMIC,2019,APMO,award,2015,2018,2019,0,0.0377550756626896,0.03420406821041078
2033,Romania,EMIC,2019,APMO,award,2015,2018,2019,0,0.026086019319953146,0.020588351874013033
2130,South Africa,EMIC,2019,APMO,award,2015,2018,2019,0,0.029321334978746456,0.024473696531127312
2132,South Africa,IWYMIC,2019,APMO,award,2015,2018,2019,0,0.04237467522503389,0.0225495662609668
2137,South Africa,IWYMIC,2019,APMO,award,2015,2018,2019,0,0.04237467522503389,0.02027852256595712
2140,South Africa,IWYMIC,2019,APMO,award,2015,2018,2019,0,0.04237467522503389,0.01898828815829689
2150,South Africa,IWYMIC,2019,APMO,award,2015,2018,2019,0,0.04237467522503389,0.021369903785586758
2151,South Africa,IWYMIC,2019,APMO,award,2015,2018,2019,0,0.04237467522503389,0.0225495662609668
2152,South Africa,IWYMIC,2019,APMO,award,2015,2018,2019,0,0.04237467522503389,0.029042091921074938
2159,South Africa,EMIC,2019,APMO,award,2015,2018,2019,0,0.029321334978746456,0.024473696531127312
2161,South Africa,IWYMIC,2019,APMO,award,2015,2018,2019,0,0.04237467522503389,0.04055252186156013
2169,South Africa,IWYMIC,2019,APMO,award,2015,2018,2019,0,0.04237467522503389,0.02507872945924393
2182,South Africa,IWYMIC,2019,APMO,award,2015,2018,2019,0,0.04237467522503389,0.02699358160643914
2183,South Africa,EMIC,2019,APMO,award,2015,2018,2019,0,0.029321334978746456,0.024473696531127312
2190,South Africa,EMIC,2019,APMO,award,2015,2018,2019,0,0.029321334978746456,0.030713311432159655
2199,South Africa,IWYMIC,2019,APMO,award,2015,2018,2019,0,0.04237467522503389,0.02507872945924393
2202,South Africa,IWYMIC,2019,APMO,award,2015,2018,2019,0,0.04237467522503389,0.01898828815829689
2203,South Africa,EMIC,2019,APMO,award,2015,2018,2019,0,0.029321334978746456,0.030713311432159655
2218,Sri Lanka,IWYMIC,2019,APMO,award,2015,2018,2019,1,0.20069593771466265,0.2821008385031077
2230,Sri Lanka,EMIC,2019,APMO,award,2015,2018,2019,0,0.14632444995820612,0.14537841761316916
2231,Sri Lanka,IWYMIC,2019,APMO,award,2015,2018,2019,1,0.20069593771466265,0.15745871021115537
2238,Sri Lanka,EMIC,2019,APMO,award,2015,2018,2019,0,0.14632444995820612,0.1289475632052119
2242,Sri Lanka,EMIC,2019,APMO,award,2015,2018,2019,0,0.14632444995820612,0.11869646499143828
2249,Sri Lanka,EMIC,2019,APMO,award,2015,2018,2019,0,0.14632444995820612,0.11869646499143828
2254,Sri Lanka,EMIC,2019,APMO,award,2015,2018,2019,1,0.14632444995820612,0.1289475632052119
2278,Taiwan,IWYMIC,2019,APMO,award,2015,2018,2019,1,0.05678058276028838,0.1924572375440122
2284,Taiwan,EMIC,2019,APMO,award,2015,2018,2019,0,0.03947248063066056,0.03199302548741932
2290,Taiwan,EMIC,2019,APMO,award,2015,2018,2019,0,0.03947248063066056,0.023359099640495807
2298,Taiwan,EMIC,2019,APMO,award,2015,2018,2019,0,0.03947248063066056,0.023359099640495807
2305,Taiwan,IWYMIC,2019,APMO,award,2015,2018,2019,0,0.05678058276028838,0.09728502504036259
2314,Taiwan,EMIC,2019,APMO,award,2015,2018,2019,0,0.03947248063066056,0.02164541139753311
2316,Taiwan,IWYMIC,2019,APMO,award,2015,2018,2019,0,0.05678058276028838,0.1377317653242008
2330,Taiwan,EMIC,2019,APMO,award,2015,2018,2019,0,0.03947248063066056,0.026748744694705912
2356,Taiwan,IWYMIC,2019,APMO,award,2015,2018,2019,0,0.05678058276028838,0.08453602849387708
2372,Taiwan,IWYMIC,2019,APMO,award,2015,2018,2019,0,0.05678058276028838,0.02930951427052906
2389,Taiwan,IWYMIC,2019,APMO,award,2015,2018,2019,0,0.05678058276028838,0.059698111282450596
2409,Taiwan,EMIC,2019,APMO,award,2015,2018,2019,0,0.03947248063066056,0.02164541139753311
2414,Taiwan,IWYMIC,2019,APMO,award,2015,2018,2019,0,0.05678058276028838,0.1924572375440122
2425,Taiwan,EMIC,2019,APMO,award,2015,2018,2019,0,0.03947248063066056,0.02164541139753311
2426,Taiwan,IWYMIC,2019,APMO,award,2015,2018,2019,0,0.05678058276028838,0.04031857776635395
2430,Taiwan,IWYMIC,2019,APMO,award,2015,2018,2019,0,0.05678058276028838,0.1377317653242008
2461,Taiwan,EMIC,2019,APMO,award,2015,2018,2019,0,0.03947248063066056,0.023359099640495807
2465,Taiwan,IWYMIC,2019,APMO,award,2015,2018,2019,0,0.05678058276028838,0.11882733989388632
2489,Taiwan,IWYMIC,2019,APMO,award,2015,2018,2019,0,0.05678058276028838,0.025287623176028708
2504,Taiwan,EMIC,2019,APMO,award,2015,2018,2019,0,0.03947248063066056,0.02164541139753311
2513,Taiwan,EMIC,2019,APMO,award,2015,2018,2019,0,0.03947248063066056,0.023359099640495807
2514,Taiwan,IWYMIC,2019,APMO,award,2015,2018,2019,0,0.05678058276028838,0.09728502504036259
2536,Tajikistan,EMIC,2019,APMO,award,2015,2018,2019,0,0.42861944695108817,0.3766973630330765
2572,Tajikistan,EMIC,2019,APMO,award,2015,2018,2019,0,0.42861944695108817,0.3766973630330765
2595,Thailand,IWYMIC,2019,APMO,award,2015,2018,2019,1,0.1510055128574216,0.27532529777403536
2597,Thailand,EMIC,2019,APMO,award,2015,2018,2019,0,0.10827237176080283,0.08907546745747452
2610,Thailand,IWYMIC,2019,APMO,award,2015,2018,2019,0,0.1510055128574216,0.13119751979757321
2621,Thailand,EMIC,2019,APMO,award,2015,2018,2019,0,0.10827237176080283,0.06136045488382866
2626,Thailand,IWYMIC,2019,APMO,award,2015,2018,2019,0,0.1510055128574216,0.1637794874269113
2629,Thailand,EMIC,2019,APMO,award,2015,2018,2019,0,0.10827237176080283,0.11069340156828573
2642,Thailand,EMIC,2019,APMO,award,2015,2018,2019,0,0.10827237176080283,0.1373227141248752
2644,Thailand,EMIC,2019,APMO,award,2015,2018,2019,0,0.10827237176080283,0.0728824429452633
2648,Thailand,EMIC,2019,APMO,award,2015,2018,2019,0,0.10827237176080283,0.11069340156828573
2658,Thailand,EMIC,2019,APMO,award,2015,2018,2019,0,0.10827237176080283,0.08907546745747452
2666,Thailand,EMIC,2019,APMO,award,2015,2018,2019,1,0.10827237176080283,0.08907546745747452
2674,Thailand,EMIC,2019,APMO,award,2015,2018,2019,0,0.10827237176080283,0.08907546745747452
2677,Thailand,IWYMIC,2019,APMO,award,2015,2018,2019,0,0.1510055128574216,0.13119751979757321
2682,Thailand,EMIC,2019,APMO,award,2015,2018,2019,0,0.10827237176080283,0.0728824429452633
2714,Thailand,EMIC,2019,APMO,award,2015,2018,2019,1,0.10827237176080283,0.1605867105190978
2722,Thailand,EMIC,2019,APMO,award,2015,2018,2019,0,0.10827237176080283,0.049992831044138895
2745,Thailand,IWYMIC,2019,APMO,award,2015,2018,2019,1,0.1510055128574216,0.1637794874269113
2758,Thailand,IWYMIC,2019,APMO,award,2015,2018,2019,0,0.1510055128574216,0.10538771742456578
2766,Thailand,IWYMIC,2019,APMO,award,2015,2018,2019,0,0.1510055128574216,0.10538771742456578
2772,Thailand,EMIC,2019,APMO,award,2015,2018,2019,0,0.10827237176080283,0.05382733502419023
2790,Thailand,EMIC,2019,APMO,award,2015,2018,2019,0,0.10827237176080283,0.0728824429452633
2791,Thailand,IWYMIC,2019,APMO,award,2015,2018,2019,0,0.1510055128574216,0.05039575548554885
2797,Thailand,IWYMIC,2019,APMO,award,2015,2018,2019,0,0.1510055128574216,0.204033480805396
2798,Thailand,EMIC,2019,APMO,award,2015,2018,2019,0,0.10827237176080283,0.05382733502419023
2803,Thailand,IWYMIC,2019,APMO,award,2015,2018,2019,1,0.1510055128574216,0.204033480805396
2814,Thailand,IWYMIC,2019,APMO,award,2015,2018,2019,0,0.1510055128574216,0.09085000342112966
2826,Thailand,EMIC,2019,APMO,award,2015,2018,2019,0,0.10827237176080283,0.0728824429452633
2829,Thailand,IWYMIC,2019,APMO,award,2015,2018,2019,0,0.1510055128574216,0.204033480805396
2846,Tunisia,IWYMIC,2019,APMO,award,2015,2018,2019,0,0.08626050679631524,0.03349397485825557
2847,Tunisia,EMIC,2019,APMO,award,2015,2018,2019,0,0.060543009714096145,0.042433569021107606
2915,Uzbekistan,IWYMIC,2019,APMO,award,2015,2018,2019,0,0.05064164322159774,0.01854628553712325
2916,Uzbekistan,EMIC,2019,APMO,award,2015,2018,2019,0,0.035135132851912595,0.022391288557419512
2927,Uzbekistan,EMIC,2019,APMO,award,2015,2018,2019,0,0.035135132851912595,0.03361823818090129
2932,Uzbekistan,EMIC,2019,APMO,award,2015,2018,2019,0,0.035135132851912595,0.028115290909434036
2948,Uzbekistan,EMIC,2019,APMO,award,2015,2018,2019,1,0.035135132851912595,0.06580652439653324
2974,Vietnam,EMIC,2019,APMO,award,2015,2018,2019,0,0.016448192701672984,0.01880000299718914
2984,Vietnam,EMIC,2019,APMO,award,2015,2018,2019,0,0.016448192701672984,0.023808386252571805
2997,Vietnam,EMIC,2019,APMO,award,2015,2018,2019,0,0.016448192701672984,0.023808386252571805
3046,Vietnam,EMIC,2019,APMO,award,2015,2018,2019,0,0.016448192701672984,0.01880000299718914
3071,Vietnam,EMIC,2019,APMO,award,2015,2018,2019,0,0.016448192701672984,0.03613071620890906
3101,Vietnam,EMIC,2019,APMO,award,2015,2018,2019,0,0.016448192701672984,0.030246831773691998
13,Bangladesh,IWYMIC,2021,APMO,award,2015,2020,2021,0,0.09923459760395442,0.2483574633812927
14,Bangladesh,EMIC,2021,APMO,award,2015,2020,2021,0,0.06824695222645005,0.04045858295742516
19,Bangladesh,EMIC,2021,APMO,award,2015,2020,2021,0,0.06824695222645005,0.04045858295742516
22,Bangladesh,IWYMIC,2021,APMO,award,2015,2020,2021,0,0.09923459760395442,0.03345688970731947
24,Bangladesh,IWYMIC,2021,APMO,award,2015,2020,2021,0,0.09923459760395442,0.06170049278726194
25,Bangladesh,IWYMIC,2021,APMO,award,2015,2020,2021,0,0.09923459760395442,0.03711790476545754
30,Bolivia,IWYMIC,2021,APMO,award,2015,2020,2021,0,0.09923459760395442,0.04107305029567469
31,Bolivia,EMIC,2021,APMO,award,2015,2020,2021,0,0.06824695222645005,0.04031625329728744
42,Bulgaria,EMIC,2021,APMO,award,2015,2020,2021,0,0.028420007421564888,0.029466753467344186
45,Bulgaria,EMIC,2021,APMO,award,2015,2020,2021,0,0.028420007421564888,0.029466753467344186
50,Bulgaria,EMIC,2021,APMO,award,2015,2020,2021,0,0.028420007421564888,0.016282232875664285
65,Bulgaria,EMIC,2021,APMO,award,2015,2020,2021,0,0.028420007421564888,0.014792326257055385
66,Bulgaria,EMIC,2021,APMO,award,2015,2020,2021,0,0.028420007421564888,0.023108496143142837
77,Bulgaria,EMIC,2021,APMO,award,2015,2020,2021,0,0.028420007421564888,0.023108496143142837
79,Bulgaria,IWYMIC,2021,APMO,award,2015,2020,2021,0,0.04214205471749351,0.047429783139556224
90,Bulgaria,IWYMIC,2021,APMO,award,2015,2020,2021,0,0.04214205471749351,0.08328064804663547
92,Bulgaria,IWYMIC,2021,APMO,award,2015,2020,2021,0,0.04214205471749351,0.012327638120006727
100,Bulgaria,IWYMIC,2021,APMO,award,2015,2020,2021,0,0.04214205471749351,0.02662222991297777
102,Bulgaria,IWYMIC,2021,APMO,award,2015,2020,2021,0,0.04214205471749351,0.11726168338494124
103,Bulgaria,EMIC,2021,APMO,award,2015,2020,2021,0,0.028420007421564888,0.016282232875664285
108,Bulgaria,IWYMIC,2021,APMO,award,2015,2020,2021,0,0.04214205471749351,0.1754630816189981
150,Bulgaria,IWYMIC,2021,APMO,award,2015,2020,2021,0,0.04214205471749351,0.07348466422090925
174,Bulgaria,EMIC,2021,APMO,award,2015,2020,2021,0,0.028420007421564888,0.01913906288591866
185,Bulgaria,IWYMIC,2021,APMO,award,2015,2020,2021,0,0.04214205471749351,0.053087056022329555
202,Bulgaria,EMIC,2021,APMO,award,2015,2020,2021,0,0.028420007421564888,0.01913906288591866
207,Bulgaria,IWYMIC,2021,APMO,award,2015,2020,2021,0,0.04214205471749351,0.12608581285236248
215,Bulgaria,EMIC,2021,APMO,award,2015,2020,2021,0,0.028420007421564888,0.059458061460998975
223,Bulgaria,EMIC,2021,APMO,award,2015,2020,2021,0,0.028420007421564888,0.059458061460998975
224,Bulgaria,EMIC,2021,APMO,award,2015,2020,2021,0,0.028420007421564888,0.014792326257055385
229,Bulgaria,EMIC,2021,APMO,award,2015,2020,2021,0,0.028420007421564888,0.023108496143142837
262,Bulgaria,EMIC,2021,APMO,award,2015,2020,2021,0,0.028420007421564888,0.04907902193784616
271,Bulgaria,EMIC,2021,APMO,award,2015,2020,2021,0,0.028420007421564888,0.059458061460998975
272,Bulgaria,EMIC,2021,APMO,award,2015,2020,2021,0,0.028420007421564888,0.014792326257055385
278,Bulgaria,EMIC,2021,APMO,award,2015,2020,2021,0,0.028420007421564888,0.04907902193784616
286,Bulgaria,EMIC,2021,APMO,award,2015,2020,2021,0,0.028420007421564888,0.038567368452036864
304,Bulgaria,EMIC,2021,APMO,award,2015,2020,2021,0,0.028420007421564888,0.038567368452036864
310,Bulgaria,EMIC,2021,APMO,award,2015,2020,2021,0,0.028420007421564888,0.09305658964322709
328,Bulgaria,IWYMIC,2021,APMO,award,2015,2020,2021,0,0.04214205471749351,0.03655718971141255
339,Bulgaria,EMIC,2021,APMO,award,2015,2020,2021,0,0.028420007421564888,0.014738901270968057
345,Bulgaria,EMIC,2021,APMO,award,2015,2020,2021,0,0.028420007421564888,0.029466753467344186
352,Bulgaria,EMIC,2021,APMO,award,2015,2020,2021,0,0.028420007421564888,0.016282232875664285
365,Bulgaria,IWYMIC,2021,APMO,award,2015,2020,2021,0,0.04214205471749351,0.16298996635568688
372,Bulgaria,EMIC,2021,APMO,award,2015,2020,2021,0,0.028420007421564888,0.059458061460998975
409,Cyprus,IWYMIC,2021,APMO,award,2015,2020,2021,0,0.06290346421139426,0.04648244595553424
412,Cyprus,EMIC,2021,APMO,award,2015,2020,2021,0,0.042722730467467676,0.027849374833440105
421,Cyprus,IWYMIC,2021,APMO,award,2015,2020,2021,0,0.06290346421139426,0.1667963171297472
439,Cyprus,EMIC,2021,APMO,award,2015,2020,2021,0,0.042722730467467676,0.027849374833440105
440,Cyprus,IWYMIC,2021,APMO,award,2015,2020,2021,0,0.06290346421139426,0.0626002689429901
455,Hong Kong,EMIC,2021,APMO,award,2015,2020,2021,0,0.13928990332141958,0.06771329912347092
506,Hong Kong,EMIC,2021,APMO,award,2015,2020,2021,0,0.13928990332141958,0.06771329912347092
512,Hong Kong,EMIC,2021,APMO,award,2015,2020,2021,0,0.13928990332141958,0.06160027941554091
519,Hong Kong,EMIC,2021,APMO,award,2015,2020,2021,0,0.13928990332141958,0.07887056120571984
522,Hong Kong,EMIC,2021,APMO,award,2015,2020,2021,0,0.13928990332141958,0.06160027941554091
549,Hong Kong,IWYMIC,2021,APMO,award,2015,2020,2021,0,0.19575761800478916,0.07306739137405154
576,Hong Kong,EMIC,2021,APMO,award,2015,2020,2021,0,0.13928990332141958,0.06771329912347092
590,Hong Kong,EMIC,2021,APMO,award,2015,2020,2021,0,0.13928990332141958,0.11756681257742639
594,India,EMIC,2021,APMO,award,2015,2020,2021,0,0.03394325427345019,0.023531797454718034
608,India,EMIC,2021,APMO,award,2015,2020,2021,0,0.03394325427345019,0.046630118824000207
609,India,EMIC,2021,APMO,award,2015,2020,2021,0,0.03394325427345019,0.023616330619922705
617,India,EMIC,2021,APMO,award,2015,2020,2021,0,0.03394325427345019,0.025971575714738987
618,India,IWYMIC,2021,APMO,award,2015,2020,2021,0,0.05019432044152694,0.01897636830677006
622,India,IWYMIC,2021,APMO,award,2015,2020,2021,0,0.05019432044152694,0.01897636830677006
629,Indonesia,EMIC,2021,APMO,award,2015,2020,2021,0,0.06057636652937167,0.09248488217641114
631,Indonesia,EMIC,2021,APMO,award,2015,2020,2021,0,0.06057636652937167,0.03661259151435241
632,Indonesia,EMIC,2021,APMO,award,2015,2020,2021,0,0.06057636652937167,0.04035254165496681
633,Indonesia,IWYMIC,2021,APMO,award,2015,2020,2021,1,0.08841164731372193,0.08792144875168931
634,Indonesia,IWYMIC,2021,APMO,award,2015,2020,2021,0,0.08841164731372193,0.16770214186482219
637,Indonesia,EMIC,2021,APMO,award,2015,2020,2021,0,0.06057636652937167,0.09248488217641114
642,Indonesia,IWYMIC,2021,APMO,award,2015,2020,2021,0,0.08841164731372193,0.029143921954905835
648,Indonesia,EMIC,2021,APMO,award,2015,2020,2021,0,0.06057636652937167,0.0472299056379331
649,Indonesia,EMIC,2021,APMO,award,2015,2020,2021,0,0.06057636652937167,0.09248488217641114
652,Indonesia,EMIC,2021,APMO,award,2015,2020,2021,0,0.06057636652937167,0.03674234662150369
659,Indonesia,EMIC,2021,APMO,award,2015,2020,2021,0,0.06057636652937167,0.05668865327382062
663,Indonesia,IWYMIC,2021,APMO,award,2015,2020,2021,0,0.08841164731372193,0.13875299343094183
667,Indonesia,IWYMIC,2021,APMO,award,2015,2020,2021,0,0.08841164731372193,0.03871865703712167
673,Indonesia,EMIC,2021,APMO,award,2015,2020,2021,0,0.06057636652937167,0.04035254165496681
680,Indonesia,IWYMIC,2021,APMO,award,2015,2020,2021,0,0.08841164731372193,0.10049433156407574
681,Indonesia,IWYMIC,2021,APMO,award,2015,2020,2021,0,0.08841164731372193,0.0470849067884172
686,Indonesia,EMIC,2021,APMO,award,2015,2020,2021,0,0.06057636652937167,0.0472299056379331
691,Indonesia,IWYMIC,2021,APMO,award,2015,2020,2021,0,0.08841164731372193,0.07739528763987424
696,Indonesia,EMIC,2021,APMO,award,2015,2020,2021,1,0.06057636652937167,0.07160914017065745
699,Indonesia,IWYMIC,2021,APMO,award,2015,2020,2021,0,0.08841164731372193,0.0320503208224287
703,Indonesia,EMIC,2021,APMO,award,2015,2020,2021,0,0.06057636652937167,0.03674234662150369
713,Indonesia,EMIC,2021,APMO,award,2015,2020,2021,0,0.06057636652937167,0.03674234662150369
718,Indonesia,IWYMIC,2021,APMO,award,2015,2020,2021,0,0.08841164731372193,0.030363428020911975
723,Indonesia,EMIC,2021,APMO,award,2015,2020,2021,0,0.06057636652937167,0.09248488217641114
730,Indonesia,IWYMIC,2021,APMO,award,2015,2020,2021,1,0.08841164731372193,0.3181678766291724
731,Indonesia,EMIC,2021,APMO,award,2015,2020,2021,0,0.06057636652937167,0.07160914017065745
738,Indonesia,EMIC,2021,APMO,award,2015,2020,2021,0,0.06057636652937167,0.03674234662150369
742,Indonesia,EMIC,2021,APMO,award,2015,2020,2021,0,0.06057636652937167,0.03674234662150369
743,Indonesia,EMIC,2021,APMO,award,2015,2020,2021,0,0.06057636652937167,0.0472299056379331
747,Indonesia,IWYMIC,2021,APMO,award,2015,2020,2021,0,0.08841164731372193,0.029143921954905835
759,Indonesia,IWYMIC,2021,APMO,award,2015,2020,2021,0,0.08841164731372193,0.0320503208224287
767,Indonesia,EMIC,2021,APMO,award,2015,2020,2021,0,0.06057636652937167,0.03661259151435241
774,Indonesia,EMIC,2021,APMO,award,2015,2020,2021,0,0.06057636652937167,0.09248488217641114
779,Indonesia,IWYMIC,2021,APMO,award,2015,2020,2021,0,0.08841164731372193,0.03871865703712167
791,Indonesia,EMIC,2021,APMO,award,2015,2020,2021,0,0.06057636652937167,0.09248488217641114
792,Indonesia,IWYMIC,2021,APMO,award,2015,2020,2021,0,0.08841164731372193,0.08138296063591109
793,Indonesia,IWYMIC,2021,APMO,award,2015,2020,2021,0,0.08841164731372193,0.031223368844756683
795,Indonesia,EMIC,2021,APMO,award,2015,2020,2021,0,0.06057636652937167,0.18460820773318287
800,Indonesia,IWYMIC,2021,APMO,award,2015,2020,2021,0,0.08841164731372193,0.0320503208224287
801,Indonesia,IWYMIC,2021,APMO,award,2015,2020,2021,0,0.08841164731372193,0.02996032823793879
806,Indonesia,EMIC,2021,APMO,award,2015,2020,2021,0,0.06057636652937167,0.03661259151435241
809,Indonesia,IWYMIC,2021,APMO,award,2015,2020,2021,1,0.08841164731372193,0.13875299343094183
814,Indonesia,IWYMIC,2021,APMO,award,2015,2020,2021,0,0.08841164731372193,0.04133537749491356
836,Islamic Republic of Iran,IWYMIC,2021,APMO,award,2015,2020,2021,0,0.11118511175272092,0.06465509800474019
839,Islamic Republic of Iran,IWYMIC,2021,APMO,award,2015,2020,2021,0,0.11118511175272092,0.059855876551440826
841,Islamic Republic of Iran,IWYMIC,2021,APMO,award,2015,2020,2021,0,0.11118511175272092,0.058567804802405005
847,Islamic Republic of Iran,EMIC,2021,APMO,award,2015,2020,2021,1,0.07678382526995868,0.1538346583154759
861,Islamic Republic of Iran,EMIC,2021,APMO,award,2015,2020,2021,0,0.07678382526995868,0.06349255691460931
887,Islamic Republic of Iran,IWYMIC,2021,APMO,award,2015,2020,2021,0,0.11118511175272092,0.06465509800474019
889,Islamic Republic of Iran,EMIC,2021,APMO,award,2015,2020,2021,0,0.07678382526995868,0.06977939674676144
896,Islamic Republic of Iran,IWYMIC,2021,APMO,award,2015,2020,2021,0,0.11118511175272092,0.07368687248642788
906,Islamic Republic of Iran,IWYMIC,2021,APMO,award,2015,2020,2021,1,0.11118511175272092,0.06965800054460719
921,Islamic Republic of Iran,IWYMIC,2021,APMO,award,2015,2020,2021,0,0.11118511175272092,0.10343590437612842
949,Islamic Republic of Iran,IWYMIC,2021,APMO,award,2015,2020,2021,0,0.11118511175272092,0.06100929086883623
1049,Macau,IWYMIC,2021,APMO,award,2015,2020,2021,0,0.02992131589224508,0.02652919887698293
1050,Macau,EMIC,2021,APMO,award,2015,2020,2021,0,0.020095032371574853,0.014821240810444362
1051,Macau,IWYMIC,2021,APMO,award,2015,2020,2021,0,0.02992131589224508,0.011399538272064377
1052,Macau,EMIC,2021,APMO,award,2015,2020,2021,1,0.020095032371574853,0.013463192691048396
1055,Macau,EMIC,2021,APMO,award,2015,2020,2021,0,0.020095032371574853,0.017426270698221166
1059,Macau,IWYMIC,2021,APMO,award,2015,2020,2021,0,0.02992131589224508,0.05449881510052725
1068,Macau,IWYMIC,2021,APMO,award,2015,2020,2021,0,0.02992131589224508,0.012322906391174445
1070,Macau,IWYMIC,2021,APMO,award,2015,2020,2021,0,0.02992131589224508,0.011399538272064377
1071,Macau,EMIC,2021,APMO,award,2015,2020,2021,0,0.020095032371574853,0.035178256267299375
1079,Macau,EMIC,2021,APMO,award,2015,2020,2021,1,0.020095032371574853,0.035178256267299375
1087,Macau,EMIC,2021,APMO,award,2015,2020,2021,0,0.020095032371574853,0.017426270698221166
1103,Macau,IWYMIC,2021,APMO,award,2015,2020,2021,0,0.02992131589224508,0.02652919887698293
1111,Macau,IWYMIC,2021,APMO,award,2015,2020,2021,0,0.02992131589224508,0.011399538272064377
1120,Macau,IWYMIC,2021,APMO,award,2015,2020,2021,0,0.02992131589224508,0.01519207476126759
1122,Macau,IWYMIC,2021,APMO,award,2015,2020,2021,0,0.02992131589224508,0.010795987086965372
1131,Macau,EMIC,2021,APMO,award,2015,2020,2021,0,0.020095032371574853,0.013414502733746921
1143,Macau,EMIC,2021,APMO,award,2015,2020,2021,0,0.020095032371574853,0.014821240810444362
1147,Macau,IWYMIC,2021,APMO,award,2015,2020,2021,0,0.02992131589224508,0.018164255752736714
1174,Malaysia,IWYMIC,2021,APMO,award,2015,2020,2021,1,0.14963782936251868,0.4339250659755412
1180,Malaysia,EMIC,2021,APMO,award,2015,2020,2021,1,0.10474110168977428,0.2914549309992787
1182,Malaysia,EMIC,2021,APMO,award,2015,2020,2021,1,0.10474110168977428,0.2914549309992787
1184,Malaysia,EMIC,2021,APMO,award,2015,2020,2021,0,0.10474110168977428,0.25836967495156654
1190,Malaysia,EMIC,2021,APMO,award,2015,2020,2021,0,0.10474110168977428,0.08262214575832313
1215,Malaysia,EMIC,2021,APMO,award,2015,2020,2021,0,0.10474110168977428,0.06458798076996446
1216,Malaysia,EMIC,2021,APMO,award,2015,2020,2021,0,0.10474110168977428,0.06458798076996446
1218,Malaysia,IWYMIC,2021,APMO,award,2015,2020,2021,0,0.14963782936251868,0.05447236011386595
1226,Malaysia,IWYMIC,2021,APMO,award,2015,2020,2021,0,0.14963782936251868,0.09138424036386403
1237,Malaysia,EMIC,2021,APMO,award,2015,2020,2021,0,0.10474110168977428,0.06458798076996446
1242,Mexico,IWYMIC,2021,APMO,award,2015,2020,2021,0,0.5493023177457583,0.49278347016500434
1249,Mexico,IWYMIC,2021,APMO,award,2015,2020,2021,0,0.5493023177457583,0.6993495438535767
1255,Mexico,EMIC,2021,APMO,award,2015,2020,2021,0,0.44761179770993664,0.6816743465229452
1265,Mexico,EMIC,2021,APMO,award,2015,2020,2021,0,0.44761179770993664,0.44738973676085714
1267,Mexico,IWYMIC,2021,APMO,award,2015,2020,2021,1,0.5493023177457583,0.724608432393944
1269,Mexico,EMIC,2021,APMO,award,2015,2020,2021,1,0.44761179770993664,0.4953254227784469
1281,Mexico,EMIC,2021,APMO,award,2015,2020,2021,0,0.44761179770993664,0.44738973676085714
1287,Mexico,IWYMIC,2021,APMO,award,2015,2020,2021,0,0.5493023177457583,0.747147689384812
1292,Mexico,EMIC,2021,APMO,award,2015,2020,2021,0,0.44761179770993664,0.6816743465229452
1294,Mexico,IWYMIC,2021,APMO,award,2015,2020,2021,0,0.5493023177457583,0.3729727634834055
1295,Mexico,EMIC,2021,APMO,award,2015,2020,2021,0,0.44761179770993664,0.4953254227784469
1298,Mexico,EMIC,2021,APMO,award,2015,2020,2021,0,0.44761179770993664,0.757965816336342
1420,People's Republic of China,EMIC,2021,APMO,award,2015,2020,2021,0,0.01178404393846617,0.03103805957253176
1422,People's Republic of China,EMIC,2021,APMO,award,2015,2020,2021,0,0.01178404393846617,0.023021052635885466
1432,People's Republic of China,IWYMIC,2021,APMO,award,2015,2020,2021,0,0.01761940518991964,0.08273072678428535
1439,People's Republic of China,EMIC,2021,APMO,award,2015,2020,2021,0,0.01178404393846617,0.009389569262035442
1483,People's Republic of China,EMIC,2021,APMO,award,2015,2020,2021,0,0.01178404393846617,0.0060547552359812
1500,People's Republic of China,EMIC,2021,APMO,award,2015,2020,2021,0,0.01178404393846617,0.027068979984487266
1559,People's Republic of China,EMIC,2021,APMO,award,2015,2020,2021,0,0.01178404393846617,0.012368498568413695
1563,People's Republic of China,EMIC,2021,APMO,award,2015,2020,2021,0,0.01178404393846617,0.03103805957253176
1594,People's Republic of China,EMIC,2021,APMO,award,2015,2020,2021,0,0.01178404393846617,0.027068979984487266
1663,Philippines,EMIC,2021,APMO,award,2015,2020,2021,0,0.12003081488085905,0.09947561893560859
1668,Philippines,EMIC,2021,APMO,award,2015,2020,2021,0,0.12003081488085905,0.22792335103461211
1677,Philippines,EMIC,2021,APMO,award,2015,2020,2021,0,0.12003081488085905,0.07174728911730723
1683,Philippines,EMIC,2021,APMO,award,2015,2020,2021,0,0.12003081488085905,0.07174728911730723
1688,Philippines,EMIC,2021,APMO,award,2015,2020,2021,0,0.12003081488085905,0.07174728911730723
1709,Philippines,EMIC,2021,APMO,award,2015,2020,2021,0,0.12003081488085905,0.07174728911730723
1710,Philippines,EMIC,2021,APMO,award,2015,2020,2021,0,0.12003081488085905,0.07174728911730723
1712,Philippines,EMIC,2021,APMO,award,2015,2020,2021,0,0.12003081488085905,0.12417521665792469
1713,Philippines,EMIC,2021,APMO,award,2015,2020,2021,0,0.12003081488085905,0.06552008979129105
1714,Philippines,EMIC,2021,APMO,award,2015,2020,2021,0,0.12003081488085905,0.06529559546052646
1720,Philippines,IWYMIC,2021,APMO,award,2015,2020,2021,0,0.17023517039180106,0.11325504478210202
1723,Philippines,EMIC,2021,APMO,award,2015,2020,2021,0,0.12003081488085905,0.07174728911730723
1759,Philippines,IWYMIC,2021,APMO,award,2015,2020,2021,0,0.17023517039180106,0.11325504478210202
1766,Philippines,EMIC,2021,APMO,award,2015,2020,2021,0,0.12003081488085905,0.07174728911730723
1767,Philippines,EMIC,2021,APMO,award,2015,2020,2021,0,0.12003081488085905,0.06552008979129105
1770,Philippines,EMIC,2021,APMO,award,2015,2020,2021,0,0.12003081488085905,0.15777099547402568
1771,Philippines,IWYMIC,2021,APMO,award,2015,2020,2021,0,0.17023517039180106,0.436789614850018
1780,Philippines,EMIC,2021,APMO,award,2015,2020,2021,0,0.12003081488085905,0.07174728911730723
1784,Philippines,EMIC,2021,APMO,award,2015,2020,2021,0,0.12003081488085905,0.09947561893560859
1794,Philippines,IWYMIC,2021,APMO,award,2015,2020,2021,1,0.17023517039180106,0.20748318187285789
1795,Philippines,IWYMIC,2021,APMO,award,2015,2020,2021,0,0.17023517039180106,0.14004145033657805
1800,Philippines,EMIC,2021,APMO,award,2015,2020,2021,1,0.12003081488085905,0.12417521665792469
1801,Philippines,EMIC,2021,APMO,award,2015,2020,2021,0,0.12003081488085905,0.09947561893560859
1815,Philippines,EMIC,2021,APMO,award,2015,2020,2021,0,0.12003081488085905,0.19420912791142572
1824,Philippines,EMIC,2021,APMO,award,2015,2020,2021,0,0.12003081488085905,0.0835097005773562
1829,Philippines,EMIC,2021,APMO,award,2015,2020,2021,0,0.12003081488085905,0.2938672160563214
1844,Philippines,IWYMIC,2021,APMO,award,2015,2020,2021,0,0.17023517039180106,0.06156243075249707
1851,Philippines,EMIC,2021,APMO,award,2015,2020,2021,1,0.12003081488085905,0.09947561893560859
1853,Philippines,IWYMIC,2021,APMO,award,2015,2020,2021,1,0.17023517039180106,0.08679903145477773
1871,Republic of Korea,EMIC,2021,APMO,award,2015,2020,2021,0,0.03266718130928272,0.02311985614824077
1886,Republic of Korea,EMIC,2021,APMO,award,2015,2020,2021,0,0.03266718130928272,0.04160695422007948
1899,Republic of Korea,EMIC,2021,APMO,award,2015,2020,2021,0,0.03266718130928272,0.02311985614824077
1900,Republic of Korea,EMIC,2021,APMO,award,2015,2020,2021,0,0.03266718130928272,0.020942209519709924
1922,Republic of Korea,EMIC,2021,APMO,award,2015,2020,2021,0,0.03266718130928272,0.020942209519709924
1926,Republic of Korea,EMIC,2021,APMO,award,2015,2020,2021,0,0.03266718130928272,0.02311985614824077
1956,Republic of Korea,EMIC,2021,APMO,award,2015,2020,2021,0,0.03266718130928272,0.06872722027774616
1958,Republic of Korea,EMIC,2021,APMO,award,2015,2020,2021,0,0.03266718130928272,0.032717424884103036
1968,Republic of Korea,EMIC,2021,APMO,award,2015,2020,2021,0,0.03266718130928272,0.032717424884103036
1979,Romania,EMIC,2021,APMO,award,2015,2020,2021,0,0.02681653184025752,0.03759340508312748
1983,Romania,IWYMIC,2021,APMO,award,2015,2020,2021,0,0.039796083819326485,0.01924530415060294
1992,Romania,EMIC,2021,APMO,award,2015,2020,2021,0,0.02681653184025752,0.024489305383103507
1998,Romania,IWYMIC,2021,APMO,award,2015,2020,2021,0,0.039796083819326485,0.031712302754813015
2004,Romania,EMIC,2021,APMO,award,2015,2020,2021,0,0.02681653184025752,0.024489305383103507
2005,Romania,IWYMIC,2021,APMO,award,2015,2020,2021,0,0.039796083819326485,0.01857195626403601
2010,Romania,IWYMIC,2021,APMO,award,2015,2020,2021,0,0.039796083819326485,0.03537112850829531
2013,Romania,EMIC,2021,APMO,award,2015,2020,2021,0,0.02681653184025752,0.018882777463172323
2014,Romania,EMIC,2021,APMO,award,2015,2020,2021,0,0.02681653184025752,0.018950934095845515
2017,Romania,EMIC,2021,APMO,award,2015,2020,2021,0,0.02681653184025752,0.10286294124989373
2027,Romania,EMIC,2021,APMO,award,2015,2020,2021,0,0.02681653184025752,0.03759340508312748
2030,Romania,IWYMIC,2021,APMO,award,2015,2020,2021,0,0.039796083819326485,0.01924530415060294
2032,Romania,EMIC,2021,APMO,award,2015,2020,2021,0,0.02681653184025752,0.018882777463172323
2041,Romania,EMIC,2021,APMO,award,2015,2020,2021,0,0.02681653184025752,0.02085083756241281
2047,Russian Federation,EMIC,2021,APMO,award,2015,2020,2021,0,0.0748910778567537,0.05589660597142206
2060,Russian Federation,EMIC,2021,APMO,award,2015,2020,2021,0,0.0748910778567537,0.050969602558043246
2061,Russian Federation,EMIC,2021,APMO,award,2015,2020,2021,0,0.0748910778567537,0.07801392783788141
2077,Russian Federation,EMIC,2021,APMO,award,2015,2020,2021,0,0.0748910778567537,0.05079225340205291
2085,Singapore,IWYMIC,2021,APMO,award,2015,2020,2021,0,0.6352224155705385,0.6297976547875642
2101,Singapore,IWYMIC,2021,APMO,award,2015,2020,2021,0,0.6352224155705385,0.7688451755032231
2103,Singapore,IWYMIC,2021,APMO,award,2015,2020,2021,0,0.6352224155705385,0.6630583958522424
2104,Singapore,IWYMIC,2021,APMO,award,2015,2020,2021,0,0.6352224155705385,0.48842296937944646
2107,Singapore,IWYMIC,2021,APMO,award,2015,2020,2021,0,0.6352224155705385,0.34070449598166574
2111,Singapore,IWYMIC,2021,APMO,award,2015,2020,2021,1,0.6352224155705385,0.6464492117463483
2125,Singapore,IWYMIC,2021,APMO,award,2015,2020,2021,1,0.6352224155705385,0.8306763244060967
2126,Singapore,IWYMIC,2021,APMO,award,2015,2020,2021,1,0.6352224155705385,0.8694551894438852
2133,South Africa,IWYMIC,2021,APMO,award,2015,2020,2021,0,0.037056334461994245,0.018075169955663644
2138,South Africa,EMIC,2021,APMO,award,2015,2020,2021,0,0.024947139809370942,0.020162457751795725
2139,South Africa,EMIC,2021,APMO,award,2015,2020,2021,0,0.024947139809370942,0.02009003312760464
2145,South Africa,EMIC,2021,APMO,award,2015,2020,2021,0,0.024947139809370942,0.02009003312760464
2146,South Africa,EMIC,2021,APMO,award,2015,2020,2021,0,0.024947139809370942,0.02009003312760464
2149,South Africa,EMIC,2021,APMO,award,2015,2020,2021,0,0.024947139809370942,0.02218107493583595
2153,South Africa,IWYMIC,2021,APMO,award,2015,2020,2021,0,0.037056334461994245,0.032240517649811486
2163,South Africa,EMIC,2021,APMO,award,2015,2020,2021,0,0.024947139809370942,0.026045494378305275
2167,South Africa,EMIC,2021,APMO,award,2015,2020,2021,0,0.024947139809370942,0.02009003312760464
2171,South Africa,EMIC,2021,APMO,award,2015,2020,2021,0,0.024947139809370942,0.02009003312760464
2176,South Africa,EMIC,2021,APMO,award,2015,2020,2021,0,0.024947139809370942,0.02009003312760464
2180,South Africa,EMIC,2021,APMO,award,2015,2020,2021,0,0.024947139809370942,0.020162457751795725
2186,South Africa,EMIC,2021,APMO,award,2015,2020,2021,0,0.024947139809370942,0.02009003312760464
2192,South Africa,IWYMIC,2021,APMO,award,2015,2020,2021,0,0.037056334461994245,0.018075169955663644
2193,South Africa,EMIC,2021,APMO,award,2015,2020,2021,0,0.024947139809370942,0.02009003312760464
2204,South Africa,EMIC,2021,APMO,award,2015,2020,2021,0,0.024947139809370942,0.02009003312760464
2211,South Africa,IWYMIC,2021,APMO,award,2015,2020,2021,0,0.037056334461994245,0.016014837796344366
2267,Taiwan,EMIC,2021,APMO,award,2015,2020,2021,0,0.04434500650585353,0.05770564234941285
2269,Taiwan,IWYMIC,2021,APMO,award,2015,2020,2021,1,0.06523982218148776,0.2015947614754574
2270,Taiwan,IWYMIC,2021,APMO,award,2015,2020,2021,0,0.06523982218148776,0.0515501583705053
2301,Taiwan,IWYMIC,2021,APMO,award,2015,2020,2021,0,0.06523982218148776,0.2552824239665664
2303,Taiwan,IWYMIC,2021,APMO,award,2015,2020,2021,0,0.06523982218148776,0.046837500409897787
2304,Taiwan,IWYMIC,2021,APMO,award,2015,2020,2021,0,0.06523982218148776,0.025908322992727308
2311,Taiwan,EMIC,2021,APMO,award,2015,2020,2021,0,0.04434500650585353,0.02730133529113919
2323,Taiwan,IWYMIC,2021,APMO,award,2015,2020,2021,0,0.06523982218148776,0.03770271274543234
2333,Taiwan,EMIC,2021,APMO,award,2015,2020,2021,0,0.04434500650585353,0.019260925153122072
2338,Taiwan,IWYMIC,2021,APMO,award,2015,2020,2021,0,0.06523982218148776,0.09730374495645427
2339,Taiwan,EMIC,2021,APMO,award,2015,2020,2021,0,0.04434500650585353,0.05770564234941285
2348,Taiwan,IWYMIC,2021,APMO,award,2015,2020,2021,0,0.06523982218148776,0.12837829460738198
2349,Taiwan,IWYMIC,2021,APMO,award,2015,2020,2021,1,0.06523982218148776,0.12837829460738198
2354,Taiwan,EMIC,2021,APMO,award,2015,2020,2021,1,0.04434500650585353,0.09563022893827247
2358,Taiwan,EMIC,2021,APMO,award,2015,2020,2021,1,0.04434500650585353,0.11402994472319242
2359,Taiwan,EMIC,2021,APMO,award,2015,2020,2021,0,0.04434500650585353,0.0697751435084455
2371,Taiwan,EMIC,2021,APMO,award,2015,2020,2021,0,0.04434500650585353,0.05770564234941285
2386,Taiwan,EMIC,2021,APMO,award,2015,2020,2021,0,0.04434500650585353,0.045434634584674435
2400,Taiwan,IWYMIC,2021,APMO,award,2015,2020,2021,1,0.06523982218148776,0.2015947614754574
2408,Taiwan,EMIC,2021,APMO,award,2015,2020,2021,0,0.04434500650585353,0.017503302892836477
2417,Taiwan,IWYMIC,2021,APMO,award,2015,2020,2021,0,0.06523982218148776,0.01715276840834894
2418,Taiwan,EMIC,2021,APMO,award,2015,2020,2021,0,0.04434500650585353,0.0697751435084455
2423,Taiwan,IWYMIC,2021,APMO,award,2015,2020,2021,0,0.06523982218148776,0.015229274623633098
2427,Taiwan,EMIC,2021,APMO,award,2015,2020,2021,0,0.04434500650585353,0.0697751435084455
2433,Taiwan,EMIC,2021,APMO,award,2015,2020,2021,0,0.04434500650585353,0.045434634584674435
2435,Taiwan,EMIC,2021,APMO,award,2015,2020,2021,0,0.04434500650585353,0.03477218017007287
2440,Taiwan,EMIC,2021,APMO,award,2015,2020,2021,0,0.04434500650585353,0.03477218017007287
2445,Taiwan,EMIC,2021,APMO,award,2015,2020,2021,0,0.04434500650585353,0.022628365203179387
2446,Taiwan,EMIC,2021,APMO,award,2015,2020,2021,1,0.04434500650585353,0.0697751435084455
2448,Taiwan,EMIC,2021,APMO,award,2015,2020,2021,0,0.04434500650585353,0.08219574855398251
2451,Taiwan,EMIC,2021,APMO,award,2015,2020,2021,0,0.04434500650585353,0.02730133529113919
2453,Taiwan,EMIC,2021,APMO,award,2015,2020,2021,0,0.04434500650585353,0.08219574855398251
2455,Taiwan,EMIC,2021,APMO,award,2015,2020,2021,0,0.04434500650585353,0.03477218017007287
2459,Taiwan,EMIC,2021,APMO,award,2015,2020,2021,0,0.04434500650585353,0.017440260080564273
2474,Taiwan,EMIC,2021,APMO,award,2015,2020,2021,0,0.04434500650585353,0.017503302892836477
2501,Taiwan,IWYMIC,2021,APMO,award,2015,2020,2021,0,0.06523982218148776,0.01974061612145229
2503,Taiwan,IWYMIC,2021,APMO,award,2015,2020,2021,0,0.06523982218148776,0.232411101206008
2507,Taiwan,EMIC,2021,APMO,award,2015,2020,2021,0,0.04434500650585353,0.03477218017007287
2515,Taiwan,EMIC,2021,APMO,award,2015,2020,2021,0,0.04434500650585353,0.045434634584674435
2520,Taiwan,EMIC,2021,APMO,award,2015,2020,2021,0,0.04434500650585353,0.02730133529113919
2523,Taiwan,IWYMIC,2021,APMO,award,2015,2020,2021,0,0.06523982218148776,0.046837500409897787
2529,Tajikistan,EMIC,2021,APMO,award,2015,2020,2021,0,0.43932033460232517,0.3692846530625933
2539,Tajikistan,IWYMIC,2021,APMO,award,2015,2020,2021,1,0.5409719241127987,0.44340812178022243
2542,Tajikistan,IWYMIC,2021,APMO,award,2015,2020,2021,1,0.5409719241127987,0.6419457549086716
2544,Tajikistan,IWYMIC,2021,APMO,award,2015,2020,2021,0,0.5409719241127987,0.31971118338768223
2546,Tajikistan,EMIC,2021,APMO,award,2015,2020,2021,1,0.43932033460232517,0.3701404220017828
2548,Tajikistan,EMIC,2021,APMO,award,2015,2020,2021,0,0.43932033460232517,0.3692846530625933
2561,Tajikistan,IWYMIC,2021,APMO,award,2015,2020,2021,0,0.5409719241127987,0.5399160847324389
2577,Tajikistan,EMIC,2021,APMO,award,2015,2020,2021,1,0.43932033460232517,0.3692846530625933
2625,Thailand,IWYMIC,2021,APMO,award,2015,2020,2021,0,0.18426850611505324,0.25345203720564846
2635,Thailand,IWYMIC,2021,APMO,award,2015,2020,2021,0,0.18426850611505324,0.2414663657655558
2675,Thailand,IWYMIC,2021,APMO,award,2015,2020,2021,0,0.18426850611505324,0.3313120654850629
2696,Thailand,IWYMIC,2021,APMO,award,2015,2020,2021,1,0.18426850611505324,0.1342398142869697
2721,Thailand,EMIC,2021,APMO,award,2015,2020,2021,0,0.13057682928404135,0.11526213868734926
2761,Thailand,IWYMIC,2021,APMO,award,2015,2020,2021,1,0.18426850611505324,0.18784355476663223
2813,Thailand,EMIC,2021,APMO,award,2015,2020,2021,0,0.13057682928404135,0.07134303540882884
2835,Thailand,EMIC,2021,APMO,award,2015,2020,2021,0,0.13057682928404135,0.07134303540882884
2839,Thailand,EMIC,2021,APMO,award,2015,2020,2021,0,0.13057682928404135,0.19686864983241517
2848,Uganda,EMIC,2021,APMO,award,2015,2020,2021,0,0.06824695222645005,0.04031625329728744
2857,United Arab Emirates,EMIC,2021,APMO,award,2015,2020,2021,0,0.06824695222645005,0.04031625329728744
2858,United Arab Emirates,EMIC,2021,APMO,award,2015,2020,2021,0,0.06824695222645005,0.062291858594761364
2862,United Arab Emirates,IWYMIC,2021,APMO,award,2015,2020,2021,0,0.09923459760395442,0.10418455515755921
2863,United Arab Emirates,EMIC,2021,APMO,award,2015,2020,2021,0,0.06824695222645005,0.051949679357251415
2865,United States of America,EMIC,2021,APMO,award,2015,2020,2021,0,0.06824695222645005,0.062291858594761364
2866,United States of America,EMIC,2021,APMO,award,2015,2020,2021,0,0.06824695222645005,0.17489139425952865
2873,United States of America,IWYMIC,2021,APMO,award,2015,2020,2021,0,0.09923459760395442,0.049691485663672555
2874,United States of America,EMIC,2021,APMO,award,2015,2020,2021,0,0.06824695222645005,0.223687523053979
2876,United States of America,EMIC,2021,APMO,award,2015,2020,2021,0,0.06824695222645005,0.062291858594761364
2879,United States of America,IWYMIC,2021,APMO,award,2015,2020,2021,0,0.09923459760395442,0.03711790476545754
2883,United States of America,IWYMIC,2021,APMO,award,2015,2020,2021,0,0.09923459760395442,0.3990196947503686
2892,United States of America,IWYMIC,2021,APMO,award,2015,2020,2021,0,0.09923459760395442,0.15116771435788662
2893,United States of America,IWYMIC,2021,APMO,award,2015,2020,2021,0,0.09923459760395442,0.4479136822603351
2901,United States of America,IWYMIC,2021,APMO,award,2015,2020,2021,0,0.09923459760395442,0.09629661535296309
2904,United States of America,IWYMIC,2021,APMO,award,2015,2020,2021,0,0.09923459760395442,0.048024034167362735
2905,United States of America,IWYMIC,2021,APMO,award,2015,2020,2021,0,0.09923459760395442,0.4174583758111492
2907,Uzbekistan,EMIC,2021,APMO,award,2015,2020,2021,1,0.059937864529947454,0.06100815067773713
2912,Uzbekistan,EMIC,2021,APMO,award,2015,2020,2021,0,0.059937864529947454,0.031129947543875085
2922,Uzbekistan,EMIC,2021,APMO,award,2015,2020,2021,0,0.059937864529947454,0.07905662035811098
2925,Uzbekistan,EMIC,2021,APMO,award,2015,2020,2021,0,0.059937864529947454,0.031129947543875085
2926,Uzbekistan,IWYMIC,2021,APMO,award,2015,2020,2021,0,0.08750707879757531,0.03363178829424759
2928,Uzbekistan,EMIC,2021,APMO,award,2015,2020,2021,0,0.059937864529947454,0.03420826871216881
2953,Uzbekistan,EMIC,2021,APMO,award,2015,2020,2021,0,0.059937864529947454,0.03420826871216881
2954,Uzbekistan,IWYMIC,2021,APMO,award,2015,2020,2021,1,0.08750707879757531,0.06944328704989762
2956,Uzbekistan,EMIC,2021,APMO,award,2015,2020,2021,0,0.059937864529947454,0.03420826871216881
2960,Uzbekistan,EMIC,2021,APMO,award,2015,2020,2021,0,0.059937864529947454,0.031019374290620443
2971,Vietnam,IWYMIC,2021,APMO,award,2015,2020,2021,0,0.026973360530864264,0.010568254916427981
2979,Vietnam,EMIC,2021,APMO,award,2015,2020,2021,0,0.018097137096677998,0.028755336055925534
2991,Vietnam,EMIC,2021,APMO,award,2015,2020,2021,0,0.018097137096677998,0.03499457050527091
3011,Vietnam,EMIC,2021,APMO,award,2015,2020,2021,0,0.018097137096677998,0.022493606122879952
3019,Vietnam,EMIC,2021,APMO,award,2015,2020,2021,0,0.018097137096677998,0.04863558814418383
3021,Vietnam,IWYMIC,2021,APMO,award,2015,2020,2021,0,0.026973360530864264,0.014392443024482901
3024,Vietnam,IWYMIC,2021,APMO,award,2015,2020,2021,0,0.026973360530864264,0.08698092242337775
3042,Vietnam,EMIC,2021,APMO,award,2015,2020,2021,0,0.018097137096677998,0.01711833173275771
3043,Vietnam,IWYMIC,2021,APMO,award,2015,2020,2021,0,0.026973360530864264,0.049531746637273895
3048,Vietnam,EMIC,2021,APMO,award,2015,2020,2021,0,0.018097137096677998,0.01338782880561285
3052,Vietnam,IWYMIC,2021,APMO,award,2015,2020,2021,0,0.026973360530864264,0.0601626332118986
3057,Vietnam,EMIC,2021,APMO,award,2015,2020,2021,0,0.018097137096677998,0.03499457050527091
3065,Vietnam,EMIC,2021,APMO,award,2015,2020,2021,0,0.018097137096677998,0.028755336055925534
3098,Vietnam,IWYMIC,2021,APMO,award,2015,2020,2021,0,0.026973360530864264,0.056573563085521375
3099,Vietnam,IWYMIC,2021,APMO,award,2015,2020,2021,0,0.026973360530864264,0.011541163956039812
3110,Vietnam,IWYMIC,2021,APMO,award,2015,2020,2021,0,0.026973360530864264,0.01690858874225453
41,Bulgaria,IWYMIC,2018,APMO,medal,2015,2017,2018,0,0.02930098532471555,0.018038358219935824
51,Bulgaria,IWYMIC,2018,APMO,medal,2015,2017,2018,0,0.02930098532471555,0.012008578215975722
60,Bulgaria,EMIC,2018,APMO,medal,2015,2017,2018,0,0.01564130785823596,0.00790090998975817
62,Bulgaria,EMIC,2018,APMO,medal,2015,2017,2018,0,0.01564130785823596,0.011852118773184912
64,Bulgaria,IWYMIC,2018,APMO,medal,2015,2017,2018,0,0.02930098532471555,0.020827397466558314
67,Bulgaria,EMIC,2018,APMO,medal,2015,2017,2018,0,0.01564130785823596,0.017133591203118092
104,Bulgaria,EMIC,2018,APMO,medal,2015,2017,2018,0,0.01564130785823596,0.017133591203118092
107,Bulgaria,EMIC,2018,APMO,medal,2015,2017,2018,0,0.01564130785823596,0.00790090998975817
121,Bulgaria,EMIC,2018,APMO,medal,2015,2017,2018,0,0.01564130785823596,0.00790090998975817
122,Bulgaria,IWYMIC,2018,APMO,medal,2015,2017,2018,0,0.02930098532471555,0.028014033718537116
123,Bulgaria,IWYMIC,2018,APMO,medal,2015,2017,2018,0,0.02930098532471555,0.02313221328938786
129,Bulgaria,EMIC,2018,APMO,medal,2015,2017,2018,0,0.01564130785823596,0.00790090998975817
134,Bulgaria,EMIC,2018,APMO,medal,2015,2017,2018,0,0.01564130785823596,0.00790090998975817
135,Bulgaria,EMIC,2018,APMO,medal,2015,2017,2018,0,0.01564130785823596,0.017133591203118092
136,Bulgaria,EMIC,2018,APMO,medal,2015,2017,2018,0,0.01564130785823596,0.011852118773184912
137,Bulgaria,EMIC,2018,APMO,medal,2015,2017,2018,0,0.01564130785823596,0.017133591203118092
141,Bulgaria,IWYMIC,2018,APMO,medal,2015,2017,2018,0,0.02930098532471555,0.012210908988620536
143,Bulgaria,IWYMIC,2018,APMO,medal,2015,2017,2018,0,0.02930098532471555,0.019227181785068947
148,Bulgaria,IWYMIC,2018,APMO,medal,2015,2017,2018,0,0.02930098532471555,0.013566248355187703
166,Bulgaria,EMIC,2018,APMO,medal,2015,2017,2018,0,0.01564130785823596,0.00790090998975817
170,Bulgaria,EMIC,2018,APMO,medal,2015,2017,2018,0,0.01564130785823596,0.017133591203118092
183,Bulgaria,EMIC,2018,APMO,medal,2015,2017,2018,0,0.01564130785823596,0.00790090998975817
191,Bulgaria,IWYMIC,2018,APMO,medal,2015,2017,2018,0,0.02930098532471555,0.09802430026110953
192,Bulgaria,EMIC,2018,APMO,medal,2015,2017,2018,0,0.01564130785823596,0.00790090998975817
196,Bulgaria,EMIC,2018,APMO,medal,2015,2017,2018,0,0.01564130785823596,0.009087266549339742
201,Bulgaria,IWYMIC,2018,APMO,medal,2015,2017,2018,0,0.02930098532471555,0.012496571523549986
209,Bulgaria,IWYMIC,2018,APMO,medal,2015,2017,2018,0,0.02930098532471555,0.014094270793379608
222,Bulgaria,IWYMIC,2018,APMO,medal,2015,2017,2018,0,0.02930098532471555,0.011893751240071028
227,Bulgaria,IWYMIC,2018,APMO,medal,2015,2017,2018,0,0.02930098532471555,0.019227181785068947
231,Bulgaria,EMIC,2018,APMO,medal,2015,2017,2018,0,0.01564130785823596,0.00790090998975817
236,Bulgaria,EMIC,2018,APMO,medal,2015,2017,2018,0,0.01564130785823596,0.017133591203118092
239,Bulgaria,EMIC,2018,APMO,medal,2015,2017,2018,0,0.01564130785823596,0.017133591203118092
250,Bulgaria,IWYMIC,2018,APMO,medal,2015,2017,2018,0,0.02930098532471555,0.01329459760091303
264,Bulgaria,EMIC,2018,APMO,medal,2015,2017,2018,0,0.01564130785823596,0.017133591203118092
268,Bulgaria,EMIC,2018,APMO,medal,2015,2017,2018,0,0.01564130785823596,0.009087266549339742
277,Bulgaria,EMIC,2018,APMO,medal,2015,2017,2018,0,0.01564130785823596,0.009087266549339742
281,Bulgaria,EMIC,2018,APMO,medal,2015,2017,2018,0,0.01564130785823596,0.009087266549339742
282,Bulgaria,EMIC,2018,APMO,medal,2015,2017,2018,0,0.01564130785823596,0.011852118773184912
283,Bulgaria,IWYMIC,2018,APMO,medal,2015,2017,2018,0,0.02930098532471555,0.037978311709633145
284,Bulgaria,EMIC,2018,APMO,medal,2015,2017,2018,0,0.01564130785823596,0.00790090998975817
295,Bulgaria,EMIC,2018,APMO,medal,2015,2017,2018,1,0.01564130785823596,0.011852118773184912
297,Bulgaria,IWYMIC,2018,APMO,medal,2015,2017,2018,0,0.02930098532471555,0.024704139247255633
319,Bulgaria,EMIC,2018,APMO,medal,2015,2017,2018,0,0.01564130785823596,0.011852118773184912
320,Bulgaria,IWYMIC,2018,APMO,medal,2015,2017,2018,0,0.02930098532471555,0.012210908988620536
335,Bulgaria,IWYMIC,2018,APMO,medal,2015,2017,2018,0,0.02930098532471555,0.016757624347640915
337,Bulgaria,EMIC,2018,APMO,medal,2015,2017,2018,0,0.01564130785823596,0.009087266549339742
338,Bulgaria,EMIC,2018,APMO,medal,2015,2017,2018,0,0.01564130785823596,0.04097132502211322
342,Bulgaria,EMIC,2018,APMO,medal,2015,2017,2018,0,0.01564130785823596,0.0251915232745449
354,Bulgaria,EMIC,2018,APMO,medal,2015,2017,2018,0,0.01564130785823596,0.009087266549339742
358,Bulgaria,EMIC,2018,APMO,medal,2015,2017,2018,0,0.01564130785823596,0.011852118773184912
359,Bulgaria,IWYMIC,2018,APMO,medal,2015,2017,2018,0,0.02930098532471555,0.08639474534940617
362,Bulgaria,IWYMIC,2018,APMO,medal,2015,2017,2018,0,0.02930098532471555,0.012496571523549986
384,Canada,IWYMIC,2018,APMO,medal,2015,2017,2018,0,0.059071008398953594,0.030736892277522784
385,Canada,EMIC,2018,APMO,medal,2015,2017,2018,0,0.03199036976148442,0.019566193573621837
388,Canada,IWYMIC,2018,APMO,medal,2015,2017,2018,0,0.059071008398953594,0.050604476510797955
397,Canada,EMIC,2018,APMO,medal,2015,2017,2018,0,0.03199036976148442,0.02246448201215805
422,Cyprus,EMIC,2018,APMO,medal,2015,2017,2018,0,0.03848317903628966,0.02223659190718285
424,Cyprus,EMIC,2018,APMO,medal,2015,2017,2018,0,0.03848317903628966,0.06872657846856639
460,Hong Kong,EMIC,2018,APMO,medal,2015,2017,2018,0,0.10269671634904709,0.05176097570421197
468,Hong Kong,EMIC,2018,APMO,medal,2015,2017,2018,0,0.10269671634904709,0.06663642243232952
473,Hong Kong,IWYMIC,2018,APMO,medal,2015,2017,2018,0,0.17858935877897525,0.19027265188382728
478,Hong Kong,IWYMIC,2018,APMO,medal,2015,2017,2018,0,0.17858935877897525,0.070048574763164
488,Hong Kong,EMIC,2018,APMO,medal,2015,2017,2018,0,0.10269671634904709,0.06663642243232952
499,Hong Kong,EMIC,2018,APMO,medal,2015,2017,2018,0,0.10269671634904709,0.04525795072416311
501,Hong Kong,EMIC,2018,APMO,medal,2015,2017,2018,1,0.10269671634904709,0.22446546958645625
505,Hong Kong,EMIC,2018,APMO,medal,2015,2017,2018,0,0.10269671634904709,0.05176097570421197
509,Hong Kong,EMIC,2018,APMO,medal,2015,2017,2018,0,0.10269671634904709,0.1333161086465756
511,Hong Kong,EMIC,2018,APMO,medal,2015,2017,2018,0,0.10269671634904709,0.0940080450393302
518,Hong Kong,EMIC,2018,APMO,medal,2015,2017,2018,0,0.10269671634904709,0.06663642243232952
533,Hong Kong,EMIC,2018,APMO,medal,2015,2017,2018,0,0.10269671634904709,0.16859587635092005
567,Hong Kong,EMIC,2018,APMO,medal,2015,2017,2018,0,0.10269671634904709,0.1333161086465756
584,Hong Kong,EMIC,2018,APMO,medal,2015,2017,2018,0,0.10269671634904709,0.04525795072416311
588,Hong Kong,EMIC,2018,APMO,medal,2015,2017,2018,0,0.10269671634904709,0.05176097570421197
635,Indonesia,EMIC,2018,APMO,medal,2015,2017,2018,0,0.052373653332476525,0.03083039736287384
636,Indonesia,EMIC,2018,APMO,medal,2015,2017,2018,0,0.052373653332476525,0.03083039736287384
638,Indonesia,EMIC,2018,APMO,medal,2015,2017,2018,0,0.052373653332476525,0.03533708458733348
640,Indonesia,EMIC,2018,APMO,medal,2015,2017,2018,0,0.052373653332476525,0.06509934896873545
650,Indonesia,EMIC,2018,APMO,medal,2015,2017,2018,0,0.052373653332476525,0.0457200930703878
672,Indonesia,EMIC,2018,APMO,medal,2015,2017,2018,0,0.052373653332476525,0.0457200930703878
677,Indonesia,EMIC,2018,APMO,medal,2015,2017,2018,0,0.052373653332476525,0.1457735431351462
695,Indonesia,EMIC,2018,APMO,medal,2015,2017,2018,0,0.052373653332476525,0.0457200930703878
706,Indonesia,EMIC,2018,APMO,medal,2015,2017,2018,0,0.052373653332476525,0.03083039736287384
709,Indonesia,EMIC,2018,APMO,medal,2015,2017,2018,0,0.052373653332476525,0.09356805655550425
715,Indonesia,EMIC,2018,APMO,medal,2015,2017,2018,0,0.052373653332476525,0.03533708458733348
717,Indonesia,EMIC,2018,APMO,medal,2015,2017,2018,0,0.052373653332476525,0.06509934896873545
719,Indonesia,EMIC,2018,APMO,medal,2015,2017,2018,0,0.052373653332476525,0.03533708458733348
734,Indonesia,IWYMIC,2018,APMO,medal,2015,2017,2018,0,0.09501557482931144,0.045590915286299855
748,Indonesia,EMIC,2018,APMO,medal,2015,2017,2018,0,0.052373653332476525,0.03533708458733348
780,Indonesia,EMIC,2018,APMO,medal,2015,2017,2018,0,0.052373653332476525,0.03533708458733348
790,Indonesia,EMIC,2018,APMO,medal,2015,2017,2018,0,0.052373653332476525,0.06509934896873545
825,Islamic Republic of Iran,EMIC,2018,APMO,medal,2015,2017,2018,0,0.05513862411068058,0.07797422475694944
828,Islamic Republic of Iran,EMIC,2018,APMO,medal,2015,2017,2018,0,0.05513862411068058,0.0549877063793748
829,Islamic Republic of Iran,IWYMIC,2018,APMO,medal,2015,2017,2018,0,0.09979467307933185,0.0708700537574113
830,Islamic Republic of Iran,IWYMIC,2018,APMO,medal,2015,2017,2018,1,0.09979467307933185,0.09353631519273609
834,Islamic Republic of Iran,IWYMIC,2018,APMO,medal,2015,2017,2018,0,0.09979467307933185,0.07636694637337126
849,Islamic Republic of Iran,EMIC,2018,APMO,medal,2015,2017,2018,0,0.05513862411068058,0.04259396916233387
850,Islamic Republic of Iran,IWYMIC,2018,APMO,medal,2015,2017,2018,0,0.09979467307933185,0.07636694637337126
870,Islamic Republic of Iran,EMIC,2018,APMO,medal,2015,2017,2018,0,0.05513862411068058,0.07797422475694944
882,Islamic Republic of Iran,IWYMIC,2018,APMO,medal,2015,2017,2018,0,0.09979467307933185,0.056577541862597995
907,Islamic Republic of Iran,EMIC,2018,APMO,medal,2015,2017,2018,0,0.05513862411068058,0.04259396916233387
916,Islamic Republic of Iran,IWYMIC,2018,APMO,medal,2015,2017,2018,0,0.09979467307933185,0.07636694637337126
918,Islamic Republic of Iran,IWYMIC,2018,APMO,medal,2015,2017,2018,0,0.09979467307933185,0.07636694637337126
924,Islamic Republic of Iran,EMIC,2018,APMO,medal,2015,2017,2018,0,0.05513862411068058,0.04259396916233387
934,Islamic Republic of Iran,EMIC,2018,APMO,medal,2015,2017,2018,0,0.05513862411068058,0.04259396916233387
953,Islamic Republic of Iran,IWYMIC,2018,APMO,medal,2015,2017,2018,0,0.09979467307933185,0.05460066514036191
954,Islamic Republic of Iran,EMIC,2018,APMO,medal,2015,2017,2018,0,0.05513862411068058,0.04259396916233387
997,Kazakhstan,EMIC,2018,APMO,medal,2015,2017,2018,0,0.1498192823173258,0.10365531157858289
999,Kazakhstan,EMIC,2018,APMO,medal,2015,2017,2018,0,0.1498192823173258,0.11751651259512333
1009,Kazakhstan,EMIC,2018,APMO,medal,2015,2017,2018,0,0.1498192823173258,0.11751651259512333
1010,Kazakhstan,EMIC,2018,APMO,medal,2015,2017,2018,0,0.1498192823173258,0.20199995520649205
1012,Kazakhstan,EMIC,2018,APMO,medal,2015,2017,2018,0,0.1498192823173258,0.11751651259512333
1016,Kazakhstan,EMIC,2018,APMO,medal,2015,2017,2018,1,0.1498192823173258,0.10365531157858289
1019,Kazakhstan,EMIC,2018,APMO,medal,2015,2017,2018,0,0.1498192823173258,0.2728635371109061
1025,Kazakhstan,EMIC,2018,APMO,medal,2015,2017,2018,0,0.1498192823173258,0.11751651259512333
1029,Kazakhstan,EMIC,2018,APMO,medal,2015,2017,2018,0,0.1498192823173258,0.11751651259512333
1034,Kazakhstan,EMIC,2018,APMO,medal,2015,2017,2018,0,0.1498192823173258,0.2728635371109061
1054,Macau,IWYMIC,2018,APMO,medal,2015,2017,2018,0,0.04337940665198543,0.06164558318199469
1056,Macau,EMIC,2018,APMO,medal,2015,2017,2018,0,0.023314214932871443,0.045813874603264075
1081,Macau,IWYMIC,2018,APMO,medal,2015,2017,2018,0,0.04337940665198543,0.07670383683288041
1083,Macau,EMIC,2018,APMO,medal,2015,2017,2018,0,0.023314214932871443,0.031371826071911565
1085,Macau,IWYMIC,2018,APMO,medal,2015,2017,2018,0,0.04337940665198543,0.021874521922401493
1093,Macau,IWYMIC,2018,APMO,medal,2015,2017,2018,0,0.04337940665198543,0.024421849424650203
1108,Macau,EMIC,2018,APMO,medal,2015,2017,2018,0,0.023314214932871443,0.045813874603264075
1109,Macau,EMIC,2018,APMO,medal,2015,2017,2018,0,0.023314214932871443,0.014580486475302494
1113,Macau,EMIC,2018,APMO,medal,2015,2017,2018,0,0.023314214932871443,0.014580486475302494
1114,Macau,IWYMIC,2018,APMO,medal,2015,2017,2018,0,0.04337940665198543,0.02587327895904894
1117,Macau,IWYMIC,2018,APMO,medal,2015,2017,2018,0,0.04337940665198543,0.021735594188155155
1127,Macau,IWYMIC,2018,APMO,medal,2015,2017,2018,0,0.04337940665198543,0.07670383683288041
1135,Macau,EMIC,2018,APMO,medal,2015,2017,2018,0,0.023314214932871443,0.031371826071911565
1140,Macau,EMIC,2018,APMO,medal,2015,2017,2018,0,0.023314214932871443,0.014580486475302494
1152,Macau,IWYMIC,2018,APMO,medal,2015,2017,2018,0,0.04337940665198543,0.03203347086017371
1156,Macau,EMIC,2018,APMO,medal,2015,2017,2018,0,0.023314214932871443,0.014580486475302494
1157,Macau,EMIC,2018,APMO,medal,2015,2017,2018,0,0.023314214932871443,0.016752874561061257
1162,Macau,IWYMIC,2018,APMO,medal,2015,2017,2018,0,0.04337940665198543,0.022451778658762845
1168,Macau,EMIC,2018,APMO,medal,2015,2017,2018,0,0.023314214932871443,0.031371826071911565
1169,Macau,IWYMIC,2018,APMO,medal,2015,2017,2018,0,0.04337940665198543,0.021596256023511375
1187,Malaysia,EMIC,2018,APMO,medal,2015,2017,2018,0,0.05835214576953861,0.033903568871290084
1250,Mexico,IWYMIC,2018,APMO,medal,2015,2017,2018,1,0.37333152270579323,0.4561513635472356
1262,Mexico,IWYMIC,2018,APMO,medal,2015,2017,2018,0,0.37333152270579323,0.23669830520053467
1270,Mexico,IWYMIC,2018,APMO,medal,2015,2017,2018,0,0.37333152270579323,0.38043514130823114
1277,Mexico,EMIC,2018,APMO,medal,2015,2017,2018,0,0.23873442621547125,0.17116095944829698
1280,Mexico,EMIC,2018,APMO,medal,2015,2017,2018,0,0.23873442621547125,0.17116095944829698
1290,Mexico,IWYMIC,2018,APMO,medal,2015,2017,2018,0,0.37333152270579323,0.2427399527373263
1296,Mexico,IWYMIC,2018,APMO,medal,2015,2017,2018,1,0.37333152270579323,0.35548497421045316
1383,Nepal,EMIC,2018,APMO,medal,2015,2017,2018,0,0.04003094955931573,0.03440867981201369
1387,Nepal,EMIC,2018,APMO,medal,2015,2017,2018,0,0.04003094955931573,0.03440867981201369
1404,People's Republic of China,EMIC,2018,APMO,medal,2015,2017,2018,0,0.010121057214871053,0.010121696524100362
1433,People's Republic of China,IWYMIC,2018,APMO,medal,2015,2017,2018,0,0.019053168813920437,0.007010956300777109
1437,People's Republic of China,IWYMIC,2018,APMO,medal,2015,2017,2018,0,0.019053168813920437,0.06265126409355011
1441,People's Republic of China,IWYMIC,2018,APMO,medal,2015,2017,2018,0,0.019053168813920437,0.054290394332661675
1449,People's Republic of China,IWYMIC,2018,APMO,medal,2015,2017,2018,0,0.019053168813920437,0.012322771377925092
1455,People's Republic of China,IWYMIC,2018,APMO,medal,2015,2017,2018,0,0.019053168813920437,0.07509184577058735
1492,People's Republic of China,IWYMIC,2018,APMO,medal,2015,2017,2018,0,0.019053168813920437,0.04673119969223024
1496,People's Republic of China,EMIC,2018,APMO,medal,2015,2017,2018,0,0.010121057214871053,0.004649600681463454
1517,People's Republic of China,EMIC,2018,APMO,medal,2015,2017,2018,0,0.010121057214871053,0.024446522858610174
1532,People's Republic of China,EMIC,2018,APMO,medal,2015,2017,2018,0,0.010121057214871053,0.014932032526241229
1544,People's Republic of China,IWYMIC,2018,APMO,medal,2015,2017,2018,0,0.019053168813920437,0.014640159293988804
1546,People's Republic of China,IWYMIC,2018,APMO,medal,2015,2017,2018,0,0.019053168813920437,0.04167687083117124
1554,People's Republic of China,EMIC,2018,APMO,medal,2015,2017,2018,0,0.010121057214871053,0.010121696524100362
1558,People's Republic of China,EMIC,2018,APMO,medal,2015,2017,2018,0,0.010121057214871053,0.014932032526241229
1578,People's Republic of China,EMIC,2018,APMO,medal,2015,2017,2018,0,0.010121057214871053,0.024446522858610174
1591,People's Republic of China,IWYMIC,2018,APMO,medal,2015,2017,2018,0,0.019053168813920437,0.07011946036552918
1592,People's Republic of China,EMIC,2018,APMO,medal,2015,2017,2018,0,0.010121057214871053,0.027731008460464886
1598,People's Republic of China,EMIC,2018,APMO,medal,2015,2017,2018,0,0.010121057214871053,0.019591720238639084
1607,People's Republic of China,IWYMIC,2018,APMO,medal,2015,2017,2018,0,0.019053168813920437,0.030126669329774983
1609,People's Republic of China,EMIC,2018,APMO,medal,2015,2017,2018,0,0.010121057214871053,0.010121696524100362
1623,People's Republic of China,EMIC,2018,APMO,medal,2015,2017,2018,0,0.010121057214871053,0.024446522858610174
1643,People's Republic of China,EMIC,2018,APMO,medal,2015,2017,2018,0,0.010121057214871053,0.024446522858610174
1661,Philippines,IWYMIC,2018,APMO,medal,2015,2017,2018,1,0.10300228697262127,0.20292587867309286
1678,Philippines,IWYMIC,2018,APMO,medal,2015,2017,2018,0,0.10300228697262127,0.07903635261970463
1696,Philippines,EMIC,2018,APMO,medal,2015,2017,2018,0,0.05700178425812123,0.02949475882244661
1698,Philippines,EMIC,2018,APMO,medal,2015,2017,2018,0,0.05700178425812123,0.11505117542106898
1701,Philippines,IWYMIC,2018,APMO,medal,2015,2017,2018,0,0.10300228697262127,0.09908838290479714
1722,Philippines,EMIC,2018,APMO,medal,2015,2017,2018,0,0.05700178425812123,0.043768532333146495
1724,Philippines,EMIC,2018,APMO,medal,2015,2017,2018,0,0.05700178425812123,0.08976622834614738
1735,Philippines,EMIC,2018,APMO,medal,2015,2017,2018,0,0.05700178425812123,0.02949475882244661
1748,Philippines,EMIC,2018,APMO,medal,2015,2017,2018,0,0.05700178425812123,0.02949475882244661
1764,Philippines,EMIC,2018,APMO,medal,2015,2017,2018,0,0.05700178425812123,0.033813018384040286
1769,Philippines,EMIC,2018,APMO,medal,2015,2017,2018,0,0.05700178425812123,0.02949475882244661
1772,Philippines,IWYMIC,2018,APMO,medal,2015,2017,2018,0,0.10300228697262127,0.08814247354843249
1861,Philippines,EMIC,2018,APMO,medal,2015,2017,2018,0,0.05700178425812123,0.062374653815774346
1917,Republic of Korea,EMIC,2018,APMO,medal,2015,2017,2018,0,0.027123598835692014,0.01719467269970755
1950,Republic of Korea,IWYMIC,2018,APMO,medal,2015,2017,2018,0,0.050298465502793245,0.0296823011326315
1982,Romania,IWYMIC,2018,APMO,medal,2015,2017,2018,0,0.04950098506781426,0.026715017853983555
1991,Romania,EMIC,2018,APMO,medal,2015,2017,2018,0,0.02668323144883167,0.05001274225140249
2001,Romania,IWYMIC,2018,APMO,medal,2015,2017,2018,0,0.04950098506781426,0.023620433527826095
2006,Romania,IWYMIC,2018,APMO,medal,2015,2017,2018,0,0.04950098506781426,0.02951207927770852
2008,Romania,IWYMIC,2018,APMO,medal,2015,2017,2018,0,0.04950098506781426,0.02590616405969523
2035,Romania,IWYMIC,2018,APMO,medal,2015,2017,2018,0,0.04950098506781426,0.03355496412257678
2036,Romania,IWYMIC,2018,APMO,medal,2015,2017,2018,0,0.04950098506781426,0.024162598242243007
2042,Romania,IWYMIC,2018,APMO,medal,2015,2017,2018,0,0.04950098506781426,0.02456461879880295
2048,Russian Federation,EMIC,2018,APMO,medal,2015,2017,2018,0,0.047986337746960976,0.03840926121786619
2049,Russian Federation,IWYMIC,2018,APMO,medal,2015,2017,2018,0,0.0873855674587502,0.08355281625609245
2050,Russian Federation,IWYMIC,2018,APMO,medal,2015,2017,2018,0,0.0873855674587502,0.04975529416545394
2051,Russian Federation,IWYMIC,2018,APMO,medal,2015,2017,2018,0,0.0873855674587502,0.03854054147980166
2055,Russian Federation,IWYMIC,2018,APMO,medal,2015,2017,2018,0,0.0873855674587502,0.038902498632157875
2067,Russian Federation,EMIC,2018,APMO,medal,2015,2017,2018,0,0.047986337746960976,0.03840926121786619
2070,Russian Federation,IWYMIC,2018,APMO,medal,2015,2017,2018,0,0.0873855674587502,0.0559964045880614
2071,Russian Federation,EMIC,2018,APMO,medal,2015,2017,2018,0,0.047986337746960976,0.025836028626086797
2072,Russian Federation,EMIC,2018,APMO,medal,2015,2017,2018,0,0.047986337746960976,0.03840926121786619
2073,Russian Federation,IWYMIC,2018,APMO,medal,2015,2017,2018,0,0.0873855674587502,0.1053492461626111
2142,South Africa,EMIC,2018,APMO,medal,2015,2017,2018,0,0.025907375155836854,0.016905028582979244
2201,South Africa,IWYMIC,2018,APMO,medal,2015,2017,2018,0,0.048094450828640764,0.027415752056916178
2213,Sri Lanka,EMIC,2018,APMO,medal,2015,2017,2018,0,0.09577677410823739,0.09125162804061213
2237,Sri Lanka,EMIC,2018,APMO,medal,2015,2017,2018,0,0.09577677410823739,0.07130102124154374
2240,Sri Lanka,EMIC,2018,APMO,medal,2015,2017,2018,0,0.09577677410823739,0.07130102124154374
2262,Sri Lanka,EMIC,2018,APMO,medal,2015,2017,2018,0,0.09577677410823739,0.06250489044181756
2272,Taiwan,IWYMIC,2018,APMO,medal,2015,2017,2018,0,0.06056083426417916,0.09339984964102742
2280,Taiwan,EMIC,2018,APMO,medal,2015,2017,2018,0,0.032821020722459994,0.0733476320492754
2325,Taiwan,IWYMIC,2018,APMO,medal,2015,2017,2018,0,0.06056083426417916,0.029273193869305433
2347,Taiwan,EMIC,2018,APMO,medal,2015,2017,2018,0,0.032821020722459994,0.059372651553880586
2375,Taiwan,EMIC,2018,APMO,medal,2015,2017,2018,0,0.032821020722459994,0.014540577334550393
2377,Taiwan,EMIC,2018,APMO,medal,2015,2017,2018,0,0.032821020722459994,0.02173949310604526
2381,Taiwan,IWYMIC,2018,APMO,medal,2015,2017,2018,0,0.06056083426417916,0.14342183086597624
2401,Taiwan,IWYMIC,2018,APMO,medal,2015,2017,2018,0,0.06056083426417916,0.02580326901097137
2416,Taiwan,EMIC,2018,APMO,medal,2015,2017,2018,0,0.032821020722459994,0.014540577334550393
2441,Taiwan,IWYMIC,2018,APMO,medal,2015,2017,2018,0,0.06056083426417916,0.11632545526983343
2450,Taiwan,IWYMIC,2018,APMO,medal,2015,2017,2018,0,0.06056083426417916,0.04697269432003817
2469,Taiwan,EMIC,2018,APMO,medal,2015,2017,2018,0,0.032821020722459994,0.02173949310604526
2495,Taiwan,IWYMIC,2018,APMO,medal,2015,2017,2018,0,0.06056083426417916,0.08477842657628035
2541,Tajikistan,EMIC,2018,APMO,medal,2015,2017,2018,0,0.1208057748002025,0.0845928078078744
2543,Tajikistan,EMIC,2018,APMO,medal,2015,2017,2018,0,0.1208057748002025,0.07428808745759984
2550,Tajikistan,IWYMIC,2018,APMO,medal,2015,2017,2018,1,0.20699382504732022,0.11309666930961638
2553,Tajikistan,EMIC,2018,APMO,medal,2015,2017,2018,1,0.1208057748002025,0.3288523582754588
2556,Tajikistan,EMIC,2018,APMO,medal,2015,2017,2018,0,0.1208057748002025,0.07428808745759984
2557,Tajikistan,EMIC,2018,APMO,medal,2015,2017,2018,0,0.1208057748002025,0.10783073628850379
2560,Tajikistan,EMIC,2018,APMO,medal,2015,2017,2018,1,0.1208057748002025,0.07428808745759984
2563,Tajikistan,IWYMIC,2018,APMO,medal,2015,2017,2018,1,0.20699382504732022,0.1259161862442366
2569,Tajikistan,IWYMIC,2018,APMO,medal,2015,2017,2018,0,0.20699382504732022,0.1561946094746889
2580,Tajikistan,EMIC,2018,APMO,medal,2015,2017,2018,1,0.1208057748002025,0.14941461691665459
2609,Thailand,IWYMIC,2018,APMO,medal,2015,2017,2018,0,0.1310984174366865,0.28392406279433724
2624,Thailand,IWYMIC,2018,APMO,medal,2015,2017,2018,0,0.1310984174366865,0.09221111900219375
2630,Thailand,EMIC,2018,APMO,medal,2015,2017,2018,0,0.07357953650109919,0.03826245832986336
2633,Thailand,EMIC,2018,APMO,medal,2015,2017,2018,1,0.07357953650109919,0.02952068233171074
2637,Thailand,IWYMIC,2018,APMO,medal,2015,2017,2018,0,0.1310984174366865,0.11578467442708246
2641,Thailand,IWYMIC,2018,APMO,medal,2015,2017,2018,0,0.1310984174366865,0.2537283910257019
2646,Thailand,EMIC,2018,APMO,medal,2015,2017,2018,0,0.07357953650109919,0.054661732910886364
2649,Thailand,IWYMIC,2018,APMO,medal,2015,2017,2018,0,0.1310984174366865,0.15965648203722688
2652,Thailand,EMIC,2018,APMO,medal,2015,2017,2018,0,0.07357953650109919,0.02952068233171074
2654,Thailand,IWYMIC,2018,APMO,medal,2015,2017,2018,1,0.1310984174366865,0.2989434818814157
2657,Thailand,IWYMIC,2018,APMO,medal,2015,2017,2018,0,0.1310984174366865,0.04956736130822555
2659,Thailand,EMIC,2018,APMO,medal,2015,2017,2018,0,0.07357953650109919,0.02952068233171074
2661,Thailand,IWYMIC,2018,APMO,medal,2015,2017,2018,0,0.1310984174366865,0.14941039826944405
2662,Thailand,EMIC,2018,APMO,medal,2015,2017,2018,0,0.07357953650109919,0.025735995350319462
2668,Thailand,EMIC,2018,APMO,medal,2015,2017,2018,1,0.07357953650109919,0.02952068233171074
2669,Thailand,EMIC,2018,APMO,medal,2015,2017,2018,0,0.07357953650109919,0.025735995350319462
2673,Thailand,EMIC,2018,APMO,medal,2015,2017,2018,0,0.07357953650109919,0.03826245832986336
2701,Thailand,IWYMIC,2018,APMO,medal,2015,2017,2018,1,0.1310984174366865,0.17513709480450074
2710,Thailand,EMIC,2018,APMO,medal,2015,2017,2018,0,0.07357953650109919,0.054661732910886364
2711,Thailand,EMIC,2018,APMO,medal,2015,2017,2018,0,0.07357953650109919,0.054661732910886364
2734,Thailand,EMIC,2018,APMO,medal,2015,2017,2018,0,0.07357953650109919,0.03826245832986336
2744,Thailand,IWYMIC,2018,APMO,medal,2015,2017,2018,0,0.1310984174366865,0.26496530113464517
2760,Thailand,IWYMIC,2018,APMO,medal,2015,2017,2018,0,0.1310984174366865,0.14941039826944405
2774,Thailand,EMIC,2018,APMO,medal,2015,2017,2018,0,0.07357953650109919,0.10152988353947798
2792,Thailand,EMIC,2018,APMO,medal,2015,2017,2018,0,0.07357953650109919,0.02952068233171074
2812,Thailand,EMIC,2018,APMO,medal,2015,2017,2018,0,0.07357953650109919,0.054661732910886364
2849,Ukraine,EMIC,2018,APMO,medal,2015,2017,2018,0,0.047986337746960976,0.025836028626086797
2850,Ukraine,EMIC,2018,APMO,medal,2015,2017,2018,0,0.047986337746960976,0.025836028626086797
2851,Ukraine,EMIC,2018,APMO,medal,2015,2017,2018,0,0.047986337746960976,0.025836028626086797
2852,Ukraine,EMIC,2018,APMO,medal,2015,2017,2018,0,0.047986337746960976,0.025836028626086797
2853,Ukraine,EMIC,2018,APMO,medal,2015,2017,2018,0,0.047986337746960976,0.025836028626086797
2913,Uzbekistan,EMIC,2018,APMO,medal,2015,2017,2018,0,0.03263632229815118,0.03532620806189267
2929,Uzbekistan,EMIC,2018,APMO,medal,2015,2017,2018,0,0.03263632229815118,0.02457704460458612
2946,Uzbekistan,EMIC,2018,APMO,medal,2015,2017,2018,0,0.03263632229815118,0.051491888005962855
2963,Vietnam,IWYMIC,2018,APMO,medal,2015,2017,2018,0,0.03338272467917246,0.019965735133772148
2966,Vietnam,IWYMIC,2018,APMO,medal,2015,2017,2018,0,0.03338272467917246,0.012473377427576406
2970,Vietnam,EMIC,2018,APMO,medal,2015,2017,2018,0,0.017855203144239093,0.009440075016937935
2977,Vietnam,EMIC,2018,APMO,medal,2015,2017,2018,0,0.017855203144239093,0.009440075016937935
2987,Vietnam,EMIC,2018,APMO,medal,2015,2017,2018,0,0.017855203144239093,0.048100497012116314
2999,Vietnam,IWYMIC,2018,APMO,medal,2015,2017,2018,0,0.03338272467917246,0.013385022284024444
3000,Vietnam,EMIC,2018,APMO,medal,2015,2017,2018,0,0.017855203144239093,0.008208040298592841
3013,Vietnam,EMIC,2018,APMO,medal,2015,2017,2018,0,0.017855203144239093,0.017793184636059455
3018,Vietnam,IWYMIC,2018,APMO,medal,2015,2017,2018,0,0.03338272467917246,0.013385022284024444
3025,Vietnam,EMIC,2018,APMO,medal,2015,2017,2018,0,0.017855203144239093,0.009440075016937935
3035,Vietnam,IWYMIC,2018,APMO,medal,2015,2017,2018,0,0.03338272467917246,0.012683438998416782
3055,Vietnam,EMIC,2018,APMO,medal,2015,2017,2018,0,0.017855203144239093,0.012310937587782326
3059,Vietnam,EMIC,2018,APMO,medal,2015,2017,2018,0,0.017855203144239093,0.034192846273527644
3061,Vietnam,IWYMIC,2018,APMO,medal,2015,2017,2018,0,0.03338272467917246,0.013385022284024444
3073,Vietnam,IWYMIC,2018,APMO,medal,2015,2017,2018,0,0.03338272467917246,0.0290800995618436
3092,Vietnam,EMIC,2018,APMO,medal,2015,2017,2018,0,0.017855203144239093,0.034192846273527644
3095,Vietnam,EMIC,2018,APMO,medal,2015,2017,2018,0,0.017855203144239093,0.017793184636059455
3096,Vietnam,IWYMIC,2018,APMO,medal,2015,2017,2018,0,0.03338272467917246,0.012220400290443209
3097,Vietnam,EMIC,2018,APMO,medal,2015,2017,2018,0,0.017855203144239093,0.017793184636059455
3100,Vietnam,EMIC,2018,APMO,medal,2015,2017,2018,0,0.017855203144239093,0.017793184636059455
3107,Vietnam,EMIC,2018,APMO,medal,2015,2017,2018,0,0.017855203144239093,0.034192846273527644
5,Australia,IWYMIC,2019,APMO,medal,2015,2018,2019,0,0.06724710724291755,0.03151980487185205
7,Australia,IWYMIC,2019,APMO,medal,2015,2018,2019,0,0.06724710724291755,0.03046843723058387
10,Australia,IWYMIC,2019,APMO,medal,2015,2018,2019,0,0.06724710724291755,0.03089955576056025
43,Bulgaria,EMIC,2019,APMO,medal,2015,2018,2019,0,0.01273583982487368,0.03835281384346401
49,Bulgaria,EMIC,2019,APMO,medal,2015,2018,2019,0,0.01273583982487368,0.008068788383785884
76,Bulgaria,EMIC,2019,APMO,medal,2015,2018,2019,0,0.01273583982487368,0.030254184238552917
114,Bulgaria,EMIC,2019,APMO,medal,2015,2018,2019,0,0.01273583982487368,0.007384817220783819
139,Bulgaria,EMIC,2019,APMO,medal,2015,2018,2019,1,0.01273583982487368,0.021993895915860175
144,Bulgaria,EMIC,2019,APMO,medal,2015,2018,2019,0,0.01273583982487368,0.021993895915860175
162,Bulgaria,IWYMIC,2019,APMO,medal,2015,2018,2019,0,0.023956751541995953,0.028683967735064406
167,Bulgaria,IWYMIC,2019,APMO,medal,2015,2018,2019,0,0.023956751541995953,0.011052793785522671
186,Bulgaria,IWYMIC,2019,APMO,medal,2015,2018,2019,0,0.023956751541995953,0.036922990955660595
208,Bulgaria,EMIC,2019,APMO,medal,2015,2018,2019,1,0.01273583982487368,0.030254184238552917
211,Bulgaria,EMIC,2019,APMO,medal,2015,2018,2019,0,0.01273583982487368,0.012128835350556456
256,Bulgaria,EMIC,2019,APMO,medal,2015,2018,2019,0,0.01273583982487368,0.016080430438521778
276,Bulgaria,IWYMIC,2019,APMO,medal,2015,2018,2019,0,0.023956751541995953,0.036922990955660595
289,Bulgaria,EMIC,2019,APMO,medal,2015,2018,2019,0,0.01273583982487368,0.016080430438521778
299,Bulgaria,EMIC,2019,APMO,medal,2015,2018,2019,0,0.01273583982487368,0.007384817220783819
336,Bulgaria,EMIC,2019,APMO,medal,2015,2018,2019,0,0.01273583982487368,0.012128835350556456
343,Bulgaria,EMIC,2019,APMO,medal,2015,2018,2019,0,0.01273583982487368,0.008068788383785884
348,Bulgaria,EMIC,2019,APMO,medal,2015,2018,2019,0,0.01273583982487368,0.021993895915860175
355,Bulgaria,EMIC,2019,APMO,medal,2015,2018,2019,0,0.01273583982487368,0.012128835350556456
374,Canada,IWYMIC,2019,APMO,medal,2015,2018,2019,0,0.042196204346212886,0.022086677410934855
381,Canada,IWYMIC,2019,APMO,medal,2015,2018,2019,0,0.042196204346212886,0.030644705127597347
382,Canada,IWYMIC,2019,APMO,medal,2015,2018,2019,0,0.042196204346212886,0.02312705056663089
390,Canada,EMIC,2019,APMO,medal,2015,2018,2019,0,0.02263033782868649,0.015455321200307322
393,Canada,IWYMIC,2019,APMO,medal,2015,2018,2019,0,0.042196204346212886,0.02312705056663089
400,Canada,IWYMIC,2019,APMO,medal,2015,2018,2019,0,0.042196204346212886,0.06767168635527289
403,Canada,EMIC,2019,APMO,medal,2015,2018,2019,0,0.02263033782868649,0.015455321200307322
405,Cyprus,EMIC,2019,APMO,medal,2015,2018,2019,0,0.02824857203339912,0.017611488815520295
423,Cyprus,IWYMIC,2019,APMO,medal,2015,2018,2019,0,0.05241140325154334,0.031046869872059357
429,Cyprus,EMIC,2019,APMO,medal,2015,2018,2019,0,0.02824857203339912,0.022876361764296426
434,Cyprus,IWYMIC,2019,APMO,medal,2015,2018,2019,0,0.05241140325154334,0.02632488173174849
443,Ghana,IWYMIC,2019,APMO,medal,2015,2018,2019,0,0.06263167742114328,0.04827079014138046
448,Ghana,IWYMIC,2019,APMO,medal,2015,2018,2019,0,0.06263167742114328,0.02937587274260003
450,Hong Kong,EMIC,2019,APMO,medal,2015,2018,2019,0,0.0786924318257707,0.062371730816507244
463,Hong Kong,EMIC,2019,APMO,medal,2015,2018,2019,0,0.0786924318257707,0.14459054385355033
475,Hong Kong,EMIC,2019,APMO,medal,2015,2018,2019,0,0.0786924318257707,0.10860929903423588
476,Hong Kong,EMIC,2019,APMO,medal,2015,2018,2019,0,0.0786924318257707,0.049822671865583576
480,Hong Kong,EMIC,2019,APMO,medal,2015,2018,2019,0,0.0786924318257707,0.10860929903423588
485,Hong Kong,EMIC,2019,APMO,medal,2015,2018,2019,0,0.0786924318257707,0.049822671865583576
504,Hong Kong,IWYMIC,2019,APMO,medal,2015,2018,2019,1,0.1397959143171929,0.40627036114089243
513,Hong Kong,EMIC,2019,APMO,medal,2015,2018,2019,0,0.0786924318257707,0.10860929903423588
523,Hong Kong,EMIC,2019,APMO,medal,2015,2018,2019,0,0.0786924318257707,0.03874672332588685
534,Hong Kong,EMIC,2019,APMO,medal,2015,2018,2019,0,0.0786924318257707,0.049822671865583576
535,Hong Kong,EMIC,2019,APMO,medal,2015,2018,2019,0,0.0786924318257707,0.14459054385355033
536,Hong Kong,EMIC,2019,APMO,medal,2015,2018,2019,0,0.0786924318257707,0.049822671865583576
543,Hong Kong,EMIC,2019,APMO,medal,2015,2018,2019,0,0.0786924318257707,0.04221186439577448
556,Hong Kong,EMIC,2019,APMO,medal,2015,2018,2019,0,0.0786924318257707,0.04221186439577448
558,Hong Kong,EMIC,2019,APMO,medal,2015,2018,2019,0,0.0786924318257707,0.14459054385355033
561,Hong Kong,EMIC,2019,APMO,medal,2015,2018,2019,0,0.0786924318257707,0.062371730816507244
573,Hong Kong,EMIC,2019,APMO,medal,2015,2018,2019,0,0.0786924318257707,0.062371730816507244
593,India,EMIC,2019,APMO,medal,2015,2018,2019,0,0.020920127033536753,0.014267864608055942
605,India,EMIC,2019,APMO,medal,2015,2018,2019,0,0.020920127033536753,0.023418967403568365
624,India,EMIC,2019,APMO,medal,2015,2018,2019,0,0.020920127033536753,0.014267864608055942
671,Indonesia,EMIC,2019,APMO,medal,2015,2018,2019,0,0.03530295152754523,0.02905642391872335
714,Indonesia,EMIC,2019,APMO,medal,2015,2018,2019,0,0.03530295152754523,0.08798222986879997
740,Indonesia,IWYMIC,2019,APMO,medal,2015,2018,2019,0,0.06509564009945036,0.03340471443982928
751,Indonesia,IWYMIC,2019,APMO,medal,2015,2018,2019,0,0.06509564009945036,0.057992329985788106
818,Indonesia,EMIC,2019,APMO,medal,2015,2018,2019,0,0.03530295152754523,0.048105108528151384
824,Islamic Republic of Iran,IWYMIC,2019,APMO,medal,2015,2018,2019,0,0.081708712680573,0.047353818182188284
838,Islamic Republic of Iran,EMIC,2019,APMO,medal,2015,2018,2019,0,0.04467596662958509,0.03388966753858292
840,Islamic Republic of Iran,IWYMIC,2019,APMO,medal,2015,2018,2019,0,0.081708712680573,0.056751601517394286
842,Islamic Republic of Iran,EMIC,2019,APMO,medal,2015,2018,2019,1,0.04467596662958509,0.03693713047801247
843,Islamic Republic of Iran,EMIC,2019,APMO,medal,2015,2018,2019,0,0.04467596662958509,0.03693713047801247
862,Islamic Republic of Iran,EMIC,2019,APMO,medal,2015,2018,2019,0,0.04467596662958509,0.03388966753858292
865,Islamic Republic of Iran,IWYMIC,2019,APMO,medal,2015,2018,2019,0,0.081708712680573,0.061064200419800305
875,Islamic Republic of Iran,EMIC,2019,APMO,medal,2015,2018,2019,0,0.04467596662958509,0.03376178153000129
885,Islamic Republic of Iran,IWYMIC,2019,APMO,medal,2015,2018,2019,0,0.081708712680573,0.06574128030155413
892,Islamic Republic of Iran,IWYMIC,2019,APMO,medal,2015,2018,2019,0,0.081708712680573,0.05005847079092609
895,Islamic Republic of Iran,IWYMIC,2019,APMO,medal,2015,2018,2019,0,0.081708712680573,0.05319926710345665
904,Islamic Republic of Iran,EMIC,2019,APMO,medal,2015,2018,2019,0,0.04467596662958509,0.03693713047801247
911,Islamic Republic of Iran,IWYMIC,2019,APMO,medal,2015,2018,2019,0,0.081708712680573,0.05582635239370097
914,Islamic Republic of Iran,EMIC,2019,APMO,medal,2015,2018,2019,0,0.04467596662958509,0.043640234946690996
917,Islamic Republic of Iran,IWYMIC,2019,APMO,medal,2015,2018,2019,0,0.081708712680573,0.05005847079092609
919,Islamic Republic of Iran,EMIC,2019,APMO,medal,2015,2018,2019,0,0.04467596662958509,0.03388966753858292
925,Islamic Republic of Iran,IWYMIC,2019,APMO,medal,2015,2018,2019,0,0.081708712680573,0.04855497290127759
928,Islamic Republic of Iran,EMIC,2019,APMO,medal,2015,2018,2019,0,0.04467596662958509,0.03388966753858292
930,Islamic Republic of Iran,EMIC,2019,APMO,medal,2015,2018,2019,0,0.04467596662958509,0.03693713047801247
932,Islamic Republic of Iran,EMIC,2019,APMO,medal,2015,2018,2019,0,0.04467596662958509,0.03693713047801247
933,Islamic Republic of Iran,IWYMIC,2019,APMO,medal,2015,2018,2019,0,0.081708712680573,0.05319926710345665
935,Islamic Republic of Iran,IWYMIC,2019,APMO,medal,2015,2018,2019,0,0.081708712680573,0.05005847079092609
940,Islamic Republic of Iran,EMIC,2019,APMO,medal,2015,2018,2019,0,0.04467596662958509,0.03388966753858292
948,Islamic Republic of Iran,IWYMIC,2019,APMO,medal,2015,2018,2019,0,0.081708712680573,0.08216010746020813
955,Islamic Republic of Iran,EMIC,2019,APMO,medal,2015,2018,2019,0,0.04467596662958509,0.03388966753858292
983,Kazakhstan,EMIC,2019,APMO,medal,2015,2018,2019,0,0.1195233009072574,0.08582082832998612
1003,Kazakhstan,EMIC,2019,APMO,medal,2015,2018,2019,0,0.1195233009072574,0.10920976373443923
1021,Kazakhstan,EMIC,2019,APMO,medal,2015,2018,2019,0,0.1195233009072574,0.08612833098275134
1035,Kazakhstan,EMIC,2019,APMO,medal,2015,2018,2019,0,0.1195233009072574,0.13459801610897038
1036,Kazakhstan,EMIC,2019,APMO,medal,2015,2018,2019,0,0.1195233009072574,0.08582082832998612
1057,Macau,IWYMIC,2019,APMO,medal,2015,2018,2019,0,0.026186111952708813,0.020409746028357604
1066,Macau,EMIC,2019,APMO,medal,2015,2018,2019,0,0.013935916847160553,0.01028452470553989
1076,Macau,IWYMIC,2019,APMO,medal,2015,2018,2019,0,0.026186111952708813,0.013437501215712586
1096,Macau,EMIC,2019,APMO,medal,2015,2018,2019,0,0.013935916847160553,0.020450851611437525
1100,Macau,EMIC,2019,APMO,medal,2015,2018,2019,0,0.013935916847160553,0.009378090579465391
1118,Macau,EMIC,2019,APMO,medal,2015,2018,2019,0,0.013935916847160553,0.015442127565390183
1123,Macau,IWYMIC,2019,APMO,medal,2015,2018,2019,0,0.026186111952708813,0.01870830626117752
1134,Macau,EMIC,2019,APMO,medal,2015,2018,2019,0,0.013935916847160553,0.02792589302765137
1148,Macau,EMIC,2019,APMO,medal,2015,2018,2019,0,0.013935916847160553,0.012212224542977686
1153,Macau,IWYMIC,2019,APMO,medal,2015,2018,2019,0,0.026186111952708813,0.02096071085060686
1160,Macau,IWYMIC,2019,APMO,medal,2015,2018,2019,0,0.026186111952708813,0.014995148935536835
1165,Macau,EMIC,2019,APMO,medal,2015,2018,2019,0,0.013935916847160553,0.012212224542977686
1167,Macau,IWYMIC,2019,APMO,medal,2015,2018,2019,0,0.026186111952708813,0.028800859269179486
1170,Macau,IWYMIC,2019,APMO,medal,2015,2018,2019,0,0.026186111952708813,0.01870830626117752
1183,Malaysia,IWYMIC,2019,APMO,medal,2015,2018,2019,0,0.0848183613204482,0.041974961742519384
1197,Malaysia,EMIC,2019,APMO,medal,2015,2018,2019,0,0.04644751988404086,0.0480295892234454
1198,Malaysia,IWYMIC,2019,APMO,medal,2015,2018,2019,0,0.0848183613204482,0.04668407908934081
1211,Malaysia,EMIC,2019,APMO,medal,2015,2018,2019,0,0.04644751988404086,0.06293258054371365
1222,Malaysia,IWYMIC,2019,APMO,medal,2015,2018,2019,1,0.0848183613204482,0.20845489587754557
1225,Malaysia,EMIC,2019,APMO,medal,2015,2018,2019,0,0.04644751988404086,0.03234548935723185
1251,Mexico,EMIC,2019,APMO,medal,2015,2018,2019,1,0.201874581130204,0.15929050414569387
1254,Mexico,IWYMIC,2019,APMO,medal,2015,2018,2019,1,0.3248967388176798,0.564068241041286
1272,Mexico,EMIC,2019,APMO,medal,2015,2018,2019,0,0.201874581130204,0.172168354514813
1288,Mexico,EMIC,2019,APMO,medal,2015,2018,2019,0,0.201874581130204,0.29470782702281645
1289,Mexico,IWYMIC,2019,APMO,medal,2015,2018,2019,1,0.3248967388176798,0.4302086029388357
1384,Nepal,EMIC,2019,APMO,medal,2015,2018,2019,0,0.029419107384553264,0.01859610886452595
1385,Nepal,IWYMIC,2019,APMO,medal,2015,2018,2019,0,0.0545269918622999,0.026166827546474165
1388,Nepal,EMIC,2019,APMO,medal,2015,2018,2019,0,0.029419107384553264,0.01859610886452595
1396,People's Republic of China,EMIC,2019,APMO,medal,2015,2018,2019,0,0.007186684342340047,0.017937031033381273
1397,People's Republic of China,EMIC,2019,APMO,medal,2015,2018,2019,0,0.007186684342340047,0.003711433412205007
1406,People's Republic of China,EMIC,2019,APMO,medal,2015,2018,2019,0,0.007186684342340047,0.01408627626975233
1434,People's Republic of China,IWYMIC,2019,APMO,medal,2015,2018,2019,0,0.013585791526553979,0.041353385627523165
1446,People's Republic of China,EMIC,2019,APMO,medal,2015,2018,2019,0,0.007186684342340047,0.017937031033381273
1503,People's Republic of China,EMIC,2019,APMO,medal,2015,2018,2019,0,0.007186684342340047,0.01408627626975233
1567,People's Republic of China,IWYMIC,2019,APMO,medal,2015,2018,2019,0,0.013585791526553979,0.02265205281748584
1568,People's Republic of China,IWYMIC,2019,APMO,medal,2015,2018,2019,0,0.013585791526553979,0.02851259423309259
1612,People's Republic of China,EMIC,2019,APMO,medal,2015,2018,2019,0,0.007186684342340047,0.010193902650472169
1617,People's Republic of China,IWYMIC,2019,APMO,medal,2015,2018,2019,0,0.013585791526553979,0.013343640857817734
1644,People's Republic of China,EMIC,2019,APMO,medal,2015,2018,2019,0,0.007186684342340047,0.0033823436717259417
1676,Philippines,EMIC,2019,APMO,medal,2015,2018,2019,1,0.048346048916561774,0.044087858619776356
1680,Philippines,EMIC,2019,APMO,medal,2015,2018,2019,0,0.048346048916561774,0.02708425334618621
1691,Philippines,EMIC,2019,APMO,medal,2015,2018,2019,1,0.048346048916561774,0.07789725447997971
1692,Philippines,EMIC,2019,APMO,medal,2015,2018,2019,0,0.048346048916561774,0.027187557297920616
1693,Philippines,EMIC,2019,APMO,medal,2015,2018,2019,0,0.048346048916561774,0.03507984397347832
1706,Philippines,IWYMIC,2019,APMO,medal,2015,2018,2019,0,0.08814031483867514,0.05308623425413476
1715,Philippines,EMIC,2019,APMO,medal,2015,2018,2019,0,0.048346048916561774,0.03507984397347832
1716,Philippines,IWYMIC,2019,APMO,medal,2015,2018,2019,0,0.08814031483867514,0.06958429863514468
1731,Philippines,EMIC,2019,APMO,medal,2015,2018,2019,0,0.048346048916561774,0.02965084255719175
1732,Philippines,IWYMIC,2019,APMO,medal,2015,2018,2019,0,0.08814031483867514,0.1258882135707283
1734,Philippines,EMIC,2019,APMO,medal,2015,2018,2019,0,0.048346048916561774,0.057842093616978216
1757,Philippines,EMIC,2019,APMO,medal,2015,2018,2019,0,0.048346048916561774,0.03507984397347832
1758,Philippines,EMIC,2019,APMO,medal,2015,2018,2019,0,0.048346048916561774,0.03507984397347832
1817,Philippines,EMIC,2019,APMO,medal,2015,2018,2019,0,0.048346048916561774,0.057842093616978216
1821,Philippines,EMIC,2019,APMO,medal,2015,2018,2019,1,0.048346048916561774,0.07789725447997971
1827,Philippines,EMIC,2019,APMO,medal,2015,2018,2019,0,0.048346048916561774,0.044087858619776356
1832,Philippines,EMIC,2019,APMO,medal,2015,2018,2019,0,0.048346048916561774,0.02965084255719175
1835,Philippines,IWYMIC,2019,APMO,medal,2015,2018,2019,0,0.08814031483867514,0.09985573711119597
1858,Philippines,IWYMIC,2019,APMO,medal,2015,2018,2019,1,0.08814031483867514,0.2613594258883286
1862,Philippines,IWYMIC,2019,APMO,medal,2015,2018,2019,0,0.08814031483867514,0.05308623425413476
1870,Republic of Korea,EMIC,2019,APMO,medal,2015,2018,2019,0,0.02037972310112043,0.014267091707904841
1965,Republic of Korea,IWYMIC,2019,APMO,medal,2015,2018,2019,0,0.038075545065131194,0.020321133022321504
1967,Republic of Korea,IWYMIC,2019,APMO,medal,2015,2018,2019,0,0.038075545065131194,0.154868900558149
1973,Romania,EMIC,2019,APMO,medal,2015,2018,2019,0,0.017616806956914026,0.0121043132637618
1974,Romania,EMIC,2019,APMO,medal,2015,2018,2019,0,0.017616806956914026,0.012057610424071066
1989,Romania,EMIC,2019,APMO,medal,2015,2018,2019,0,0.017616806956914026,0.0121043132637618
1996,Romania,EMIC,2019,APMO,medal,2015,2018,2019,0,0.017616806956914026,0.0121043132637618
2009,Romania,EMIC,2019,APMO,medal,2015,2018,2019,0,0.017616806956914026,0.01568869217257981
2022,Romania,IWYMIC,2019,APMO,medal,2015,2018,2019,0,0.032994376176736534,0.028186179674028346
2033,Romania,EMIC,2019,APMO,medal,2015,2018,2019,0,0.017616806956914026,0.012057610424071066
2130,South Africa,EMIC,2019,APMO,medal,2015,2018,2019,0,0.019486933656433995,0.013971497015506382
2132,South Africa,IWYMIC,2019,APMO,medal,2015,2018,2019,0,0.03643637539979401,0.02092233619148877
2137,South Africa,IWYMIC,2019,APMO,medal,2015,2018,2019,0,0.03643637539979401,0.01997911395064325
2140,South Africa,IWYMIC,2019,APMO,medal,2015,2018,2019,0,0.03643637539979401,0.01969726336534212
2150,South Africa,IWYMIC,2019,APMO,medal,2015,2018,2019,0,0.03643637539979401,0.020384767167703315
2151,South Africa,IWYMIC,2019,APMO,medal,2015,2018,2019,0,0.03643637539979401,0.02092233619148877
2152,South Africa,IWYMIC,2019,APMO,medal,2015,2018,2019,0,0.03643637539979401,0.02469983353732902
2159,South Africa,EMIC,2019,APMO,medal,2015,2018,2019,0,0.019486933656433995,0.013971497015506382
2161,South Africa,IWYMIC,2019,APMO,medal,2015,2018,2019,0,0.03643637539979401,0.032575716362573136
2169,South Africa,IWYMIC,2019,APMO,medal,2015,2018,2019,0,0.03643637539979401,0.022277928836610356
2182,South Africa,IWYMIC,2019,APMO,medal,2015,2018,2019,0,0.03643637539979401,0.023415821101201717
2183,South Africa,EMIC,2019,APMO,medal,2015,2018,2019,0,0.019486933656433995,0.013971497015506382
2190,South Africa,EMIC,2019,APMO,medal,2015,2018,2019,0,0.019486933656433995,0.018168335741495605
2199,South Africa,IWYMIC,2019,APMO,medal,2015,2018,2019,0,0.03643637539979401,0.022277928836610356
2202,South Africa,IWYMIC,2019,APMO,medal,2015,2018,2019,0,0.03643637539979401,0.01969726336534212
2203,South Africa,EMIC,2019,APMO,medal,2015,2018,2019,0,0.019486933656433995,0.018168335741495605
2218,Sri Lanka,IWYMIC,2019,APMO,medal,2015,2018,2019,1,0.1265036113489853,0.1741034085003692
2230,Sri Lanka,EMIC,2019,APMO,medal,2015,2018,2019,0,0.0707323335132057,0.06462112686170111
2231,Sri Lanka,IWYMIC,2019,APMO,medal,2015,2018,2019,1,0.1265036113489853,0.09627799589728574
2238,Sri Lanka,EMIC,2019,APMO,medal,2015,2018,2019,0,0.0707323335132057,0.054880304818804376
2242,Sri Lanka,EMIC,2019,APMO,medal,2015,2018,2019,0,0.0707323335132057,0.050242919874752275
2249,Sri Lanka,EMIC,2019,APMO,medal,2015,2018,2019,0,0.0707323335132057,0.050242919874752275
2254,Sri Lanka,EMIC,2019,APMO,medal,2015,2018,2019,0,0.0707323335132057,0.054880304818804376
2278,Taiwan,IWYMIC,2019,APMO,medal,2015,2018,2019,1,0.04444272452622176,0.1551500627769285
2284,Taiwan,EMIC,2019,APMO,medal,2015,2018,2019,0,0.023861124714468808,0.018663729758418977
2290,Taiwan,EMIC,2019,APMO,medal,2015,2018,2019,0,0.023861124714468808,0.012443725365366372
2298,Taiwan,EMIC,2019,APMO,medal,2015,2018,2019,0,0.023861124714468808,0.012443725365366372
2305,Taiwan,IWYMIC,2019,APMO,medal,2015,2018,2019,0,0.04444272452622176,0.07269631303169685
2314,Taiwan,EMIC,2019,APMO,medal,2015,2018,2019,0,0.023861124714468808,0.011393161206169181
2316,Taiwan,IWYMIC,2019,APMO,medal,2015,2018,2019,0,0.04444272452622176,0.10630128793132507
2330,Taiwan,EMIC,2019,APMO,medal,2015,2018,2019,0,0.023861124714468808,0.014770099385001595
2356,Taiwan,IWYMIC,2019,APMO,medal,2015,2018,2019,0,0.04444272452622176,0.06260564111782568
2372,Taiwan,IWYMIC,2019,APMO,medal,2015,2018,2019,0,0.04444272452622176,0.022595674243807713
2389,Taiwan,IWYMIC,2019,APMO,medal,2015,2018,2019,0,0.04444272452622176,0.04374362855090377
2409,Taiwan,EMIC,2019,APMO,medal,2015,2018,2019,0,0.023861124714468808,0.011393161206169181
2414,Taiwan,IWYMIC,2019,APMO,medal,2015,2018,2019,0,0.04444272452622176,0.1551500627769285
2425,Taiwan,EMIC,2019,APMO,medal,2015,2018,2019,0,0.023861124714468808,0.011393161206169181
2426,Taiwan,IWYMIC,2019,APMO,medal,2015,2018,2019,0,0.04444272452622176,0.029917309747152492
2430,Taiwan,IWYMIC,2019,APMO,medal,2015,2018,2019,0,0.04444272452622176,0.10630128793132507
2461,Taiwan,EMIC,2019,APMO,medal,2015,2018,2019,0,0.023861124714468808,0.012443725365366372
2465,Taiwan,IWYMIC,2019,APMO,medal,2015,2018,2019,0,0.04444272452622176,0.09030795233620098
2489,Taiwan,IWYMIC,2019,APMO,medal,2015,2018,2019,0,0.04444272452622176,0.020104950707780754
2504,Taiwan,EMIC,2019,APMO,medal,2015,2018,2019,0,0.023861124714468808,0.011393161206169181
2513,Taiwan,EMIC,2019,APMO,medal,2015,2018,2019,0,0.023861124714468808,0.012443725365366372
2514,Taiwan,IWYMIC,2019,APMO,medal,2015,2018,2019,0,0.04444272452622176,0.07269631303169685
2536,Tajikistan,EMIC,2019,APMO,medal,2015,2018,2019,0,0.17021659234976086,0.12223482978207964
2572,Tajikistan,EMIC,2019,APMO,medal,2015,2018,2019,0,0.17021659234976086,0.12223482978207964
2595,Thailand,IWYMIC,2019,APMO,medal,2015,2018,2019,0,0.12551675709441515,0.2222201439106727
2597,Thailand,EMIC,2019,APMO,medal,2015,2018,2019,0,0.07014561264820693,0.05732464308783965
2610,Thailand,IWYMIC,2019,APMO,medal,2015,2018,2019,0,0.12551675709441515,0.0990019304088503
2621,Thailand,EMIC,2019,APMO,medal,2015,2018,2019,0,0.07014561264820693,0.03475851024618581
2626,Thailand,IWYMIC,2019,APMO,medal,2015,2018,2019,0,0.12551675709441515,0.12484268989270489
2629,Thailand,EMIC,2019,APMO,medal,2015,2018,2019,0,0.07014561264820693,0.07721509595707182
2642,Thailand,EMIC,2019,APMO,medal,2015,2018,2019,0,0.07014561264820693,0.10400929902601329
2644,Thailand,EMIC,2019,APMO,medal,2015,2018,2019,0,0.07014561264820693,0.04368774677980911
2648,Thailand,EMIC,2019,APMO,medal,2015,2018,2019,0,0.07014561264820693,0.07721509595707182
2658,Thailand,EMIC,2019,APMO,medal,2015,2018,2019,0,0.07014561264820693,0.05732464308783965
2666,Thailand,EMIC,2019,APMO,medal,2015,2018,2019,1,0.07014561264820693,0.05732464308783965
2674,Thailand,EMIC,2019,APMO,medal,2015,2018,2019,0,0.07014561264820693,0.05732464308783965
2677,Thailand,IWYMIC,2019,APMO,medal,2015,2018,2019,0,0.12551675709441515,0.0990019304088503
2682,Thailand,EMIC,2019,APMO,medal,2015,2018,2019,0,0.07014561264820693,0.04368774677980911
2714,Thailand,EMIC,2019,APMO,medal,2015,2018,2019,1,0.07014561264820693,0.12922033952365003
2722,Thailand,EMIC,2019,APMO,medal,2015,2018,2019,0,0.07014561264820693,0.02693649930676271
2745,Thailand,IWYMIC,2019,APMO,medal,2015,2018,2019,1,0.12551675709441515,0.12484268989270489
2758,Thailand,IWYMIC,2019,APMO,medal,2015,2018,2019,0,0.12551675709441515,0.07950806473332832
2766,Thailand,IWYMIC,2019,APMO,medal,2015,2018,2019,0,0.12551675709441515,0.07950806473332832
2772,Thailand,EMIC,2019,APMO,medal,2015,2018,2019,0,0.07014561264820693,0.029377724779523644
2790,Thailand,EMIC,2019,APMO,medal,2015,2018,2019,0,0.07014561264820693,0.04368774677980911
2791,Thailand,IWYMIC,2019,APMO,medal,2015,2018,2019,0,0.12551675709441515,0.0424584449403357
2797,Thailand,IWYMIC,2019,APMO,medal,2015,2018,2019,0,0.12551675709441515,0.15846763028175723
2798,Thailand,EMIC,2019,APMO,medal,2015,2018,2019,0,0.07014561264820693,0.029377724779523644
2803,Thailand,IWYMIC,2019,APMO,medal,2015,2018,2019,1,0.12551675709441515,0.15846763028175723
2814,Thailand,IWYMIC,2019,APMO,medal,2015,2018,2019,0,0.12551675709441515,0.06896949299472549
2826,Thailand,EMIC,2019,APMO,medal,2015,2018,2019,0,0.07014561264820693,0.04368774677980911
2829,Thailand,IWYMIC,2019,APMO,medal,2015,2018,2019,0,0.12551675709441515,0.15846763028175723
2846,Tunisia,IWYMIC,2019,APMO,medal,2015,2018,2019,0,0.06724710724291755,0.030603833270886435
2847,Tunisia,EMIC,2019,APMO,medal,2015,2018,2019,0,0.03650819628899272,0.021764018893284064
2915,Uzbekistan,IWYMIC,2019,APMO,medal,2015,2018,2019,0,0.044757815043282086,0.018999677729914094
2916,Uzbekistan,EMIC,2019,APMO,medal,2015,2018,2019,0,0.024033965717760293,0.013282580614129104
2927,Uzbekistan,EMIC,2019,APMO,medal,2015,2018,2019,0,0.024033965717760293,0.021815729137258818
2932,Uzbekistan,EMIC,2019,APMO,medal,2015,2018,2019,0,0.024033965717760293,0.017276104450857026
2948,Uzbekistan,EMIC,2019,APMO,medal,2015,2018,2019,1,0.024033965717760293,0.05363128162403688
2974,Vietnam,EMIC,2019,APMO,medal,2015,2018,2019,0,0.011746750515522373,0.0135640735860486
2984,Vietnam,EMIC,2019,APMO,medal,2015,2018,2019,0,0.011746750515522373,0.018569631151861526
2997,Vietnam,EMIC,2019,APMO,medal,2015,2018,2019,0,0.011746750515522373,0.018569631151861526
3046,Vietnam,EMIC,2019,APMO,medal,2015,2018,2019,0,0.011746750515522373,0.0135640735860486
3071,Vietnam,EMIC,2019,APMO,medal,2015,2018,2019,0,0.011746750515522373,0.03246615213552936
3101,Vietnam,EMIC,2019,APMO,medal,2015,2018,2019,0,0.011746750515522373,0.025577495869272687
13,Bangladesh,IWYMIC,2021,APMO,medal,2015,2020,2021,0,0.08471374818315783,0.2017136664596007
14,Bangladesh,EMIC,2021,APMO,medal,2015,2020,2021,0,0.04559746207108888,0.024062307472258106
19,Bangladesh,EMIC,2021,APMO,medal,2015,2020,2021,0,0.04559746207108888,0.024062307472258106
22,Bangladesh,IWYMIC,2021,APMO,medal,2015,2020,2021,0,0.08471374818315783,0.033772671279724685
24,Bangladesh,IWYMIC,2021,APMO,medal,2015,2020,2021,0,0.08471374818315783,0.05059702993166973
25,Bangladesh,IWYMIC,2021,APMO,medal,2015,2020,2021,0,0.08471374818315783,0.03488630596715978
30,Bolivia,IWYMIC,2021,APMO,medal,2015,2020,2021,0,0.08471374818315783,0.036939251467940554
31,Bolivia,EMIC,2021,APMO,medal,2015,2020,2021,0,0.04559746207108888,0.024916558316785426
42,Bulgaria,EMIC,2021,APMO,medal,2015,2020,2021,0,0.023608991036488624,0.023743540732116673
45,Bulgaria,EMIC,2021,APMO,medal,2015,2020,2021,0,0.023608991036488624,0.023743540732116673
50,Bulgaria,EMIC,2021,APMO,medal,2015,2020,2021,0,0.023608991036488624,0.012348083044060126
65,Bulgaria,EMIC,2021,APMO,medal,2015,2020,2021,0,0.023608991036488624,0.011350683899521753
66,Bulgaria,EMIC,2021,APMO,medal,2015,2020,2021,0,0.023608991036488624,0.018016597843771857
77,Bulgaria,EMIC,2021,APMO,medal,2015,2020,2021,0,0.023608991036488624,0.018016597843771857
79,Bulgaria,IWYMIC,2021,APMO,medal,2015,2020,2021,0,0.04474660782479858,0.0473982446469758
90,Bulgaria,IWYMIC,2021,APMO,medal,2015,2020,2021,0,0.04474660782479858,0.08290693980402448
92,Bulgaria,IWYMIC,2021,APMO,medal,2015,2020,2021,0,0.04474660782479858,0.01603543915586186
100,Bulgaria,IWYMIC,2021,APMO,medal,2015,2020,2021,0,0.04474660782479858,0.027632116249866844
102,Bulgaria,IWYMIC,2021,APMO,medal,2015,2020,2021,0,0.04474660782479858,0.11761829417523524
103,Bulgaria,EMIC,2021,APMO,medal,2015,2020,2021,0,0.023608991036488624,0.012348083044060126
108,Bulgaria,IWYMIC,2021,APMO,medal,2015,2020,2021,0,0.04474660782479858,0.17870537854616408
150,Bulgaria,IWYMIC,2021,APMO,medal,2015,2020,2021,0,0.04474660782479858,0.07307260169830529
174,Bulgaria,EMIC,2021,APMO,medal,2015,2020,2021,0,0.023608991036488624,0.014628128772808757
185,Bulgaria,IWYMIC,2021,APMO,medal,2015,2020,2021,0,0.04474660782479858,0.05290432828220763
202,Bulgaria,EMIC,2021,APMO,medal,2015,2020,2021,0,0.023608991036488624,0.014628128772808757
207,Bulgaria,IWYMIC,2021,APMO,medal,2015,2020,2021,0,0.04474660782479858,0.1267620537853064
215,Bulgaria,EMIC,2021,APMO,medal,2015,2020,2021,0,0.023608991036488624,0.05377315479956314
223,Bulgaria,EMIC,2021,APMO,medal,2015,2020,2021,0,0.023608991036488624,0.05377315479956314
224,Bulgaria,EMIC,2021,APMO,medal,2015,2020,2021,0,0.023608991036488624,0.011350683899521753
229,Bulgaria,EMIC,2021,APMO,medal,2015,2020,2021,0,0.023608991036488624,0.018016597843771857
262,Bulgaria,EMIC,2021,APMO,medal,2015,2020,2021,0,0.023608991036488624,0.04292815024675408
271,Bulgaria,EMIC,2021,APMO,medal,2015,2020,2021,0,0.023608991036488624,0.05377315479956314
272,Bulgaria,EMIC,2021,APMO,medal,2015,2020,2021,0,0.023608991036488624,0.011350683899521753
278,Bulgaria,EMIC,2021,APMO,medal,2015,2020,2021,0,0.023608991036488624,0.04292815024675408
286,Bulgaria,EMIC,2021,APMO,medal,2015,2020,2021,0,0.023608991036488624,0.032401395470164844
304,Bulgaria,EMIC,2021,APMO,medal,2015,2020,2021,0,0.023608991036488624,0.032401395470164844
310,Bulgaria,EMIC,2021,APMO,medal,2015,2020,2021,0,0.023608991036488624,0.09121451514982408
328,Bulgaria,IWYMIC,2021,APMO,medal,2015,2020,2021,0,0.04474660782479858,0.03695352099995293
339,Bulgaria,EMIC,2021,APMO,medal,2015,2020,2021,0,0.023608991036488624,0.011759089060298836
345,Bulgaria,EMIC,2021,APMO,medal,2015,2020,2021,0,0.023608991036488624,0.023743540732116673
352,Bulgaria,EMIC,2021,APMO,medal,2015,2020,2021,0,0.023608991036488624,0.012348083044060126
365,Bulgaria,IWYMIC,2021,APMO,medal,2015,2020,2021,0,0.04474660782479858,0.1654733167849656
372,Bulgaria,EMIC,2021,APMO,medal,2015,2020,2021,0,0.023608991036488624,0.05377315479956314
409,Cyprus,IWYMIC,2021,APMO,medal,2015,2020,2021,0,0.0583299666244956,0.04101743727346816
412,Cyprus,EMIC,2021,APMO,medal,2015,2020,2021,0,0.030983901030698802,0.01872272620065627
421,Cyprus,IWYMIC,2021,APMO,medal,2015,2020,2021,0,0.0583299666244956,0.1432348305361288
439,Cyprus,EMIC,2021,APMO,medal,2015,2020,2021,0,0.030983901030698802,0.01872272620065627
440,Cyprus,IWYMIC,2021,APMO,medal,2015,2020,2021,0,0.0583299666244956,0.05379698220218056
455,Hong Kong,EMIC,2021,APMO,medal,2015,2020,2021,0,0.09145400510804035,0.03844684870454681
506,Hong Kong,EMIC,2021,APMO,medal,2015,2020,2021,0,0.09145400510804035,0.03844684870454681
512,Hong Kong,EMIC,2021,APMO,medal,2015,2020,2021,0,0.09145400510804035,0.036659171080084325
519,Hong Kong,EMIC,2021,APMO,medal,2015,2020,2021,0,0.09145400510804035,0.04532481805943854
522,Hong Kong,EMIC,2021,APMO,medal,2015,2020,2021,0,0.09145400510804035,0.036659171080084325
549,Hong Kong,IWYMIC,2021,APMO,medal,2015,2020,2021,0,0.16318276921758543,0.060189400121628406
576,Hong Kong,EMIC,2021,APMO,medal,2015,2020,2021,0,0.09145400510804035,0.03844684870454681
590,Hong Kong,EMIC,2021,APMO,medal,2015,2020,2021,0,0.09145400510804035,0.07216770126473557
594,India,EMIC,2021,APMO,medal,2015,2020,2021,0,0.024756458728234045,0.015754300377607867
608,India,EMIC,2021,APMO,medal,2015,2020,2021,0,0.024756458728234045,0.031680002595723504
609,India,EMIC,2021,APMO,medal,2015,2020,2021,0,0.024756458728234045,0.015209272967953259
617,India,EMIC,2021,APMO,medal,2015,2020,2021,0,0.024756458728234045,0.016540058835498014
618,India,IWYMIC,2021,APMO,medal,2015,2020,2021,0,0.04687210852534208,0.021462333697339766
622,India,IWYMIC,2021,APMO,medal,2015,2020,2021,0,0.04687210852534208,0.021462333697339766
629,Indonesia,EMIC,2021,APMO,medal,2015,2020,2021,0,0.041625545513559535,0.06450103548007452
631,Indonesia,EMIC,2021,APMO,medal,2015,2020,2021,0,0.041625545513559535,0.023914086197432596
632,Indonesia,EMIC,2021,APMO,medal,2015,2020,2021,0,0.041625545513559535,0.025096443432334598
633,Indonesia,IWYMIC,2021,APMO,medal,2015,2020,2021,1,0.07761156345942344,0.07322162501491135
634,Indonesia,IWYMIC,2021,APMO,medal,2015,2020,2021,0,0.07761156345942344,0.13964943787833392
637,Indonesia,EMIC,2021,APMO,medal,2015,2020,2021,0,0.041625545513559535,0.06450103548007452
642,Indonesia,IWYMIC,2021,APMO,medal,2015,2020,2021,0,0.07761156345942344,0.032662753665763454
648,Indonesia,EMIC,2021,APMO,medal,2015,2020,2021,0,0.041625545513559535,0.029659754547719658
649,Indonesia,EMIC,2021,APMO,medal,2015,2020,2021,0,0.041625545513559535,0.06450103548007452
652,Indonesia,EMIC,2021,APMO,medal,2015,2020,2021,0,0.041625545513559535,0.023093390588638327
659,Indonesia,EMIC,2021,APMO,medal,2015,2020,2021,0,0.041625545513559535,0.03640152961159247
663,Indonesia,IWYMIC,2021,APMO,medal,2015,2020,2021,0,0.07761156345942344,0.11493402135222286
667,Indonesia,IWYMIC,2021,APMO,medal,2015,2020,2021,0,0.07761156345942344,0.036342780871460124
673,Indonesia,EMIC,2021,APMO,medal,2015,2020,2021,0,0.041625545513559535,0.025096443432334598
680,Indonesia,IWYMIC,2021,APMO,medal,2015,2020,2021,0,0.07761156345942344,0.08331679812128504
681,Indonesia,IWYMIC,2021,APMO,medal,2015,2020,2021,0,0.07761156345942344,0.04200411636968615
686,Indonesia,EMIC,2021,APMO,medal,2015,2020,2021,0,0.041625545513559535,0.029659754547719658
691,Indonesia,IWYMIC,2021,APMO,medal,2015,2020,2021,0,0.07761156345942344,0.06490389293675645
696,Indonesia,EMIC,2021,APMO,medal,2015,2020,2021,0,0.041625545513559535,0.04768869067854592
699,Indonesia,IWYMIC,2021,APMO,medal,2015,2020,2021,0,0.07761156345942344,0.03280863205599169
703,Indonesia,EMIC,2021,APMO,medal,2015,2020,2021,0,0.041625545513559535,0.023093390588638327
713,Indonesia,EMIC,2021,APMO,medal,2015,2020,2021,0,0.041625545513559535,0.023093390588638327
718,Indonesia,IWYMIC,2021,APMO,medal,2015,2020,2021,0,0.07761156345942344,0.03242573849517485
723,Indonesia,EMIC,2021,APMO,medal,2015,2020,2021,0,0.041625545513559535,0.06450103548007452
730,Indonesia,IWYMIC,2021,APMO,medal,2015,2020,2021,0,0.07761156345942344,0.27751194161401627
731,Indonesia,EMIC,2021,APMO,medal,2015,2020,2021,0,0.041625545513559535,0.04768869067854592
738,Indonesia,EMIC,2021,APMO,medal,2015,2020,2021,0,0.041625545513559535,0.023093390588638327
742,Indonesia,EMIC,2021,APMO,medal,2015,2020,2021,0,0.041625545513559535,0.023093390588638327
743,Indonesia,EMIC,2021,APMO,medal,2015,2020,2021,0,0.041625545513559535,0.029659754547719658
747,Indonesia,IWYMIC,2021,APMO,medal,2015,2020,2021,0,0.07761156345942344,0.032662753665763454
759,Indonesia,IWYMIC,2021,APMO,medal,2015,2020,2021,0,0.07761156345942344,0.03280863205599169
767,Indonesia,EMIC,2021,APMO,medal,2015,2020,2021,0,0.041625545513559535,0.023914086197432596
774,Indonesia,EMIC,2021,APMO,medal,2015,2020,2021,0,0.041625545513559535,0.06450103548007452
779,Indonesia,IWYMIC,2021,APMO,medal,2015,2020,2021,0,0.07761156345942344,0.036342780871460124
791,Indonesia,EMIC,2021,APMO,medal,2015,2020,2021,0,0.041625545513559535,0.06450103548007452
792,Indonesia,IWYMIC,2021,APMO,medal,2015,2020,2021,0,0.07761156345942344,0.06803926302930602
793,Indonesia,IWYMIC,2021,APMO,medal,2015,2020,2021,0,0.07761156345942344,0.03256229227649114
795,Indonesia,EMIC,2021,APMO,medal,2015,2020,2021,0,0.041625545513559535,0.14897907481469627
800,Indonesia,IWYMIC,2021,APMO,medal,2015,2020,2021,0,0.07761156345942344,0.03280863205599169
801,Indonesia,IWYMIC,2021,APMO,medal,2015,2020,2021,0,0.07761156345942344,0.03242674410404107
806,Indonesia,EMIC,2021,APMO,medal,2015,2020,2021,0,0.041625545513559535,0.023914086197432596
809,Indonesia,IWYMIC,2021,APMO,medal,2015,2020,2021,1,0.07761156345942344,0.11493402135222286
814,Indonesia,IWYMIC,2021,APMO,medal,2015,2020,2021,0,0.07761156345942344,0.038038611551310456
836,Islamic Republic of Iran,IWYMIC,2021,APMO,medal,2015,2020,2021,0,0.0929992283279238,0.05806526352356779
839,Islamic Republic of Iran,IWYMIC,2021,APMO,medal,2015,2020,2021,0,0.0929992283279238,0.05550760629143183
841,Islamic Republic of Iran,IWYMIC,2021,APMO,medal,2015,2020,2021,0,0.0929992283279238,0.05490515025304505
847,Islamic Republic of Iran,EMIC,2021,APMO,medal,2015,2020,2021,1,0.05026726127197741,0.10360153440989696
861,Islamic Republic of Iran,EMIC,2021,APMO,medal,2015,2020,2021,0,0.05026726127197741,0.039448291728067526
887,Islamic Republic of Iran,IWYMIC,2021,APMO,medal,2015,2020,2021,0,0.0929992283279238,0.05806526352356779
889,Islamic Republic of Iran,EMIC,2021,APMO,medal,2015,2020,2021,0,0.05026726127197741,0.041366139949248766
896,Islamic Republic of Iran,IWYMIC,2021,APMO,medal,2015,2020,2021,0,0.0929992283279238,0.06361002126670567
906,Islamic Republic of Iran,IWYMIC,2021,APMO,medal,2015,2020,2021,0,0.0929992283279238,0.06105586917708817
921,Islamic Republic of Iran,IWYMIC,2021,APMO,medal,2015,2020,2021,0,0.0929992283279238,0.08430241003475993
949,Islamic Republic of Iran,IWYMIC,2021,APMO,medal,2015,2020,2021,0,0.0929992283279238,0.05608290501193451
1049,Macau,IWYMIC,2021,APMO,medal,2015,2020,2021,0,0.02854684207458091,0.024091153061523297
1050,Macau,EMIC,2021,APMO,medal,2015,2020,2021,0,0.014942047617956443,0.009901204726288183
1051,Macau,IWYMIC,2021,APMO,medal,2015,2020,2021,0,0.02854684207458091,0.012906521985771838
1052,Macau,EMIC,2021,APMO,medal,2015,2020,2021,0,0.014942047617956443,0.009099627792233835
1055,Macau,EMIC,2021,APMO,medal,2015,2020,2021,0,0.014942047617956443,0.011734808080817213
1059,Macau,IWYMIC,2021,APMO,medal,2015,2020,2021,0,0.02854684207458091,0.04802395875846828
1068,Macau,IWYMIC,2021,APMO,medal,2015,2020,2021,0,0.02854684207458091,0.013284551351071166
1070,Macau,IWYMIC,2021,APMO,medal,2015,2020,2021,0,0.02854684207458091,0.012906521985771838
1071,Macau,EMIC,2021,APMO,medal,2015,2020,2021,0,0.014942047617956443,0.026085735488951527
1079,Macau,EMIC,2021,APMO,medal,2015,2020,2021,0,0.014942047617956443,0.026085735488951527
1087,Macau,EMIC,2021,APMO,medal,2015,2020,2021,0,0.014942047617956443,0.011734808080817213
1103,Macau,IWYMIC,2021,APMO,medal,2015,2020,2021,0,0.02854684207458091,0.024091153061523297
1111,Macau,IWYMIC,2021,APMO,medal,2015,2020,2021,0,0.02854684207458091,0.012906521985771838
1120,Macau,IWYMIC,2021,APMO,medal,2015,2020,2021,0,0.02854684207458091,0.015128832792683847
1122,Macau,IWYMIC,2021,APMO,medal,2015,2020,2021,0,0.02854684207458091,0.012873637592653487
1131,Macau,EMIC,2021,APMO,medal,2015,2020,2021,0,0.014942047617956443,0.009427810823850453
1143,Macau,EMIC,2021,APMO,medal,2015,2020,2021,0,0.014942047617956443,0.009901204726288183
1147,Macau,IWYMIC,2021,APMO,medal,2015,2020,2021,0,0.02854684207458091,0.017357344296271972
1174,Malaysia,IWYMIC,2021,APMO,medal,2015,2020,2021,1,0.12524478371721698,0.3675794123278567
1180,Malaysia,EMIC,2021,APMO,medal,2015,2020,2021,1,0.06882062035171803,0.22732579970818384
1182,Malaysia,EMIC,2021,APMO,medal,2015,2020,2021,0,0.06882062035171803,0.22732579970818384
1184,Malaysia,EMIC,2021,APMO,medal,2015,2020,2021,0,0.06882062035171803,0.19486982735740468
1190,Malaysia,EMIC,2021,APMO,medal,2015,2020,2021,0,0.06882062035171803,0.04886018983020662
1215,Malaysia,EMIC,2021,APMO,medal,2015,2020,2021,0,0.06882062035171803,0.03954661523155138
1216,Malaysia,EMIC,2021,APMO,medal,2015,2020,2021,0,0.06882062035171803,0.03954661523155138
1218,Malaysia,IWYMIC,2021,APMO,medal,2015,2020,2021,0,0.12524478371721698,0.05338240666006522
1226,Malaysia,IWYMIC,2021,APMO,medal,2015,2020,2021,0,0.12524478371721698,0.07477453867126761
1237,Malaysia,EMIC,2021,APMO,medal,2015,2020,2021,0,0.06882062035171803,0.03954661523155138
1242,Mexico,IWYMIC,2021,APMO,medal,2015,2020,2021,0,0.4222396766377095,0.35739451610460843
1249,Mexico,IWYMIC,2021,APMO,medal,2015,2020,2021,0,0.4222396766377095,0.5559260870963607
1255,Mexico,EMIC,2021,APMO,medal,2015,2020,2021,0,0.2739127570004261,0.5013021507922039
1265,Mexico,EMIC,2021,APMO,medal,2015,2020,2021,0,0.2739127570004261,0.2496436899575292
1267,Mexico,IWYMIC,2021,APMO,medal,2015,2020,2021,1,0.4222396766377095,0.5856565355129538
1269,Mexico,EMIC,2021,APMO,medal,2015,2020,2021,1,0.2739127570004261,0.29137369768859217
1281,Mexico,EMIC,2021,APMO,medal,2015,2020,2021,0,0.2739127570004261,0.2496436899575292
1287,Mexico,IWYMIC,2021,APMO,medal,2015,2020,2021,0,0.4222396766377095,0.6133320495551281
1292,Mexico,EMIC,2021,APMO,medal,2015,2020,2021,0,0.2739127570004261,0.5013021507922039
1294,Mexico,IWYMIC,2021,APMO,medal,2015,2020,2021,0,0.4222396766377095,0.2783961984492948
1295,Mexico,EMIC,2021,APMO,medal,2015,2020,2021,0,0.2739127570004261,0.29137369768859217
1298,Mexico,EMIC,2021,APMO,medal,2015,2020,2021,0,0.2739127570004261,0.6105233002387923
1420,People's Republic of China,EMIC,2021,APMO,medal,2015,2020,2021,0,0.00896191782986257,0.027894415955430962
1422,People's Republic of China,EMIC,2021,APMO,medal,2015,2020,2021,0,0.00896191782986257,0.019604638230977644
1432,People's Republic of China,IWYMIC,2021,APMO,medal,2015,2020,2021,0,0.017216947162719834,0.07904893217018909
1439,People's Republic of China,EMIC,2021,APMO,medal,2015,2020,2021,0,0.00896191782986257,0.006905156918415247
1483,People's Republic of China,EMIC,2021,APMO,medal,2015,2020,2021,0,0.00896191782986257,0.004226205102504569
1500,People's Republic of China,EMIC,2021,APMO,medal,2015,2020,2021,0,0.00896191782986257,0.023730192495940237
1559,People's Republic of China,EMIC,2021,APMO,medal,2015,2020,2021,0,0.00896191782986257,0.009482695636869947
1563,People's Republic of China,EMIC,2021,APMO,medal,2015,2020,2021,0,0.00896191782986257,0.027894415955430962
1594,People's Republic of China,EMIC,2021,APMO,medal,2015,2020,2021,0,0.00896191782986257,0.023730192495940237
1663,Philippines,EMIC,2021,APMO,medal,2015,2020,2021,0,0.08051979905784822,0.062025958157225086
1668,Philippines,EMIC,2021,APMO,medal,2015,2020,2021,0,0.08051979905784822,0.17000436905691813
1677,Philippines,EMIC,2021,APMO,medal,2015,2020,2021,0,0.08051979905784822,0.0431188961065902
1683,Philippines,EMIC,2021,APMO,medal,2015,2020,2021,0,0.08051979905784822,0.0431188961065902
1688,Philippines,EMIC,2021,APMO,medal,2015,2020,2021,0,0.08051979905784822,0.0431188961065902
1709,Philippines,EMIC,2021,APMO,medal,2015,2020,2021,0,0.08051979905784822,0.0431188961065902
1710,Philippines,EMIC,2021,APMO,medal,2015,2020,2021,0,0.08051979905784822,0.0431188961065902
1712,Philippines,EMIC,2021,APMO,medal,2015,2020,2021,0,0.08051979905784822,0.08059403589654686
1713,Philippines,EMIC,2021,APMO,medal,2015,2020,2021,0,0.08051979905784822,0.03973602500762471
1714,Philippines,EMIC,2021,APMO,medal,2015,2020,2021,0,0.08051979905784822,0.041123271266630436
1720,Philippines,IWYMIC,2021,APMO,medal,2015,2020,2021,0,0.14504176429854682,0.09290718335254317
1723,Philippines,EMIC,2021,APMO,medal,2015,2020,2021,0,0.08051979905784822,0.0431188961065902
1759,Philippines,IWYMIC,2021,APMO,medal,2015,2020,2021,0,0.14504176429854682,0.09290718335254317
1766,Philippines,EMIC,2021,APMO,medal,2015,2020,2021,0,0.08051979905784822,0.0431188961065902
1767,Philippines,EMIC,2021,APMO,medal,2015,2020,2021,0,0.08051979905784822,0.03973602500762471
1770,Philippines,EMIC,2021,APMO,medal,2015,2020,2021,0,0.08051979905784822,0.10769506470507745
1771,Philippines,IWYMIC,2021,APMO,medal,2015,2020,2021,0,0.14504176429854682,0.3770993655121602
1780,Philippines,EMIC,2021,APMO,medal,2015,2020,2021,0,0.08051979905784822,0.0431188961065902
1784,Philippines,EMIC,2021,APMO,medal,2015,2020,2021,0,0.08051979905784822,0.062025958157225086
1794,Philippines,IWYMIC,2021,APMO,medal,2015,2020,2021,1,0.14504176429854682,0.1675901816745274
1795,Philippines,IWYMIC,2021,APMO,medal,2015,2020,2021,0,0.14504176429854682,0.11331571119948804
1800,Philippines,EMIC,2021,APMO,medal,2015,2020,2021,0,0.08051979905784822,0.08059403589654686
1801,Philippines,EMIC,2021,APMO,medal,2015,2020,2021,0,0.08051979905784822,0.062025958157225086
1815,Philippines,EMIC,2021,APMO,medal,2015,2020,2021,0,0.08051979905784822,0.1391654275845089
1824,Philippines,EMIC,2021,APMO,medal,2015,2020,2021,0,0.08051979905784822,0.05078852707323998
1829,Philippines,EMIC,2021,APMO,medal,2015,2020,2021,0,0.08051979905784822,0.23456056457999908
1844,Philippines,IWYMIC,2021,APMO,medal,2015,2020,2021,0,0.14504176429854682,0.05782341845509713
1851,Philippines,EMIC,2021,APMO,medal,2015,2020,2021,0,0.08051979905784822,0.062025958157225086
1853,Philippines,IWYMIC,2021,APMO,medal,2015,2020,2021,0,0.14504176429854682,0.07372704010653981
1871,Republic of Korea,EMIC,2021,APMO,medal,2015,2020,2021,0,0.024120539196981407,0.015049766101813827
1886,Republic of Korea,EMIC,2021,APMO,medal,2015,2020,2021,0,0.024120539196981407,0.02886560929240101
1899,Republic of Korea,EMIC,2021,APMO,medal,2015,2020,2021,0,0.024120539196981407,0.015049766101813827
1900,Republic of Korea,EMIC,2021,APMO,medal,2015,2020,2021,0,0.024120539196981407,0.014333774193311588
1922,Republic of Korea,EMIC,2021,APMO,medal,2015,2020,2021,0,0.024120539196981407,0.014333774193311588
1926,Republic of Korea,EMIC,2021,APMO,medal,2015,2020,2021,0,0.024120539196981407,0.015049766101813827
1956,Republic of Korea,EMIC,2021,APMO,medal,2015,2020,2021,0,0.024120539196981407,0.05196850578219836
1958,Republic of Korea,EMIC,2021,APMO,medal,2015,2020,2021,0,0.024120539196981407,0.02193097672026915
1968,Republic of Korea,EMIC,2021,APMO,medal,2015,2020,2021,0,0.024120539196981407,0.02193097672026915
1979,Romania,EMIC,2021,APMO,medal,2015,2020,2021,0,0.020059055766809778,0.026658500646511887
1983,Romania,IWYMIC,2021,APMO,medal,2015,2020,2021,0,0.03814250304765455,0.019716934936172895
1992,Romania,EMIC,2021,APMO,medal,2015,2020,2021,0,0.020059055766809778,0.016442851329304328
1998,Romania,IWYMIC,2021,APMO,medal,2015,2020,2021,0,0.03814250304765455,0.029162632050581817
2004,Romania,EMIC,2021,APMO,medal,2015,2020,2021,0,0.020059055766809778,0.016442851329304328
2005,Romania,IWYMIC,2021,APMO,medal,2015,2020,2021,0,0.03814250304765455,0.019292756284730407
2010,Romania,IWYMIC,2021,APMO,medal,2015,2020,2021,0,0.03814250304765455,0.03213486282477617
2013,Romania,EMIC,2021,APMO,medal,2015,2020,2021,0,0.020059055766809778,0.013222663140371847
2014,Romania,EMIC,2021,APMO,medal,2015,2020,2021,0,0.020059055766809778,0.012764083095276501
2017,Romania,EMIC,2021,APMO,medal,2015,2020,2021,0,0.020059055766809778,0.08737944883864852
2027,Romania,EMIC,2021,APMO,medal,2015,2020,2021,0,0.020059055766809778,0.026658500646511887
2030,Romania,IWYMIC,2021,APMO,medal,2015,2020,2021,0,0.03814250304765455,0.019716934936172895
2032,Romania,EMIC,2021,APMO,medal,2015,2020,2021,0,0.020059055766809778,0.013222663140371847
2041,Romania,EMIC,2021,APMO,medal,2015,2020,2021,0,0.020059055766809778,0.013883935295869227
2047,Russian Federation,EMIC,2021,APMO,medal,2015,2020,2021,0,0.029906134745063602,0.018804800608528235
2060,Russian Federation,EMIC,2021,APMO,medal,2015,2020,2021,0,0.029906134745063602,0.017295001803267332
2061,Russian Federation,EMIC,2021,APMO,medal,2015,2020,2021,0,0.029906134745063602,0.027355242877473058
2077,Russian Federation,EMIC,2021,APMO,medal,2015,2020,2021,0,0.029906134745063602,0.017913412160959187
2085,Singapore,IWYMIC,2021,APMO,medal,2015,2020,2021,0,0.5212474728045994,0.48629191931950827
2101,Singapore,IWYMIC,2021,APMO,medal,2015,2020,2021,0,0.5212474728045994,0.6520285737200001
2103,Singapore,IWYMIC,2021,APMO,medal,2015,2020,2021,0,0.5212474728045994,0.5228406673971298
2104,Singapore,IWYMIC,2021,APMO,medal,2015,2020,2021,0,0.5212474728045994,0.34983137481108467
2107,Singapore,IWYMIC,2021,APMO,medal,2015,2020,2021,0,0.5212474728045994,0.23588724122016302
2111,Singapore,IWYMIC,2021,APMO,medal,2015,2020,2021,1,0.5212474728045994,0.5043605415135354
2125,Singapore,IWYMIC,2021,APMO,medal,2015,2020,2021,1,0.5212474728045994,0.7374430742112951
2126,Singapore,IWYMIC,2021,APMO,medal,2015,2020,2021,1,0.5212474728045994,0.7948916397152654
2133,South Africa,IWYMIC,2021,APMO,medal,2015,2020,2021,0,0.03517217336355082,0.018899275719247155
2138,South Africa,EMIC,2021,APMO,medal,2015,2020,2021,0,0.018469924610087275,0.01309560391383078
2139,South Africa,EMIC,2021,APMO,medal,2015,2020,2021,0,0.018469924610087275,0.013565930964410373
2145,South Africa,EMIC,2021,APMO,medal,2015,2020,2021,0,0.018469924610087275,0.013565930964410373
2146,South Africa,EMIC,2021,APMO,medal,2015,2020,2021,0,0.018469924610087275,0.013565930964410373
2149,South Africa,EMIC,2021,APMO,medal,2015,2020,2021,0,0.018469924610087275,0.01424412231409714
2153,South Africa,IWYMIC,2021,APMO,medal,2015,2020,2021,0,0.03517217336355082,0.028765898925127247
2163,South Africa,EMIC,2021,APMO,medal,2015,2020,2021,0,0.018469924610087275,0.016868288013095062
2167,South Africa,EMIC,2021,APMO,medal,2015,2020,2021,0,0.018469924610087275,0.013565930964410373
2171,South Africa,EMIC,2021,APMO,medal,2015,2020,2021,0,0.018469924610087275,0.013565930964410373
2176,South Africa,EMIC,2021,APMO,medal,2015,2020,2021,0,0.018469924610087275,0.013565930964410373
2180,South Africa,EMIC,2021,APMO,medal,2015,2020,2021,0,0.018469924610087275,0.01309560391383078
2186,South Africa,EMIC,2021,APMO,medal,2015,2020,2021,0,0.018469924610087275,0.013565930964410373
2192,South Africa,IWYMIC,2021,APMO,medal,2015,2020,2021,0,0.03517217336355082,0.018899275719247155
2193,South Africa,EMIC,2021,APMO,medal,2015,2020,2021,0,0.018469924610087275,0.013565930964410373
2204,South Africa,EMIC,2021,APMO,medal,2015,2020,2021,0,0.018469924610087275,0.013565930964410373
2211,South Africa,IWYMIC,2021,APMO,medal,2015,2020,2021,0,0.03517217336355082,0.01855820973860506
2267,Taiwan,EMIC,2021,APMO,medal,2015,2020,2021,0,0.03044859021784184,0.04191597509498874
2269,Taiwan,IWYMIC,2021,APMO,medal,2015,2020,2021,1,0.0573501581218356,0.17507743345495408
2270,Taiwan,IWYMIC,2021,APMO,medal,2015,2020,2021,0,0.0573501581218356,0.04285657124137031
2301,Taiwan,IWYMIC,2021,APMO,medal,2015,2020,2021,0,0.0573501581218356,0.2265115549662601
2303,Taiwan,IWYMIC,2021,APMO,medal,2015,2020,2021,0,0.0573501581218356,0.039069399558351585
2304,Taiwan,IWYMIC,2021,APMO,medal,2015,2020,2021,0,0.0573501581218356,0.02279525893415152
2311,Taiwan,EMIC,2021,APMO,medal,2015,2020,2021,0,0.03044859021784184,0.017581006307891365
2323,Taiwan,IWYMIC,2021,APMO,medal,2015,2020,2021,0,0.0573501581218356,0.03183375592502927
2333,Taiwan,EMIC,2021,APMO,medal,2015,2020,2021,0,0.03044859021784184,0.012047859086476912
2338,Taiwan,IWYMIC,2021,APMO,medal,2015,2020,2021,0,0.0573501581218356,0.08103194011726043
2339,Taiwan,EMIC,2021,APMO,medal,2015,2020,2021,0,0.03044859021784184,0.04191597509498874
2348,Taiwan,IWYMIC,2021,APMO,medal,2015,2020,2021,0,0.0573501581218356,0.1081409176406095
2349,Taiwan,IWYMIC,2021,APMO,medal,2015,2020,2021,1,0.0573501581218356,0.1081409176406095
2354,Taiwan,EMIC,2021,APMO,medal,2015,2020,2021,1,0.03044859021784184,0.07657876196672662
2358,Taiwan,EMIC,2021,APMO,medal,2015,2020,2021,1,0.03044859021784184,0.09464198760987476
2359,Taiwan,EMIC,2021,APMO,medal,2015,2020,2021,0,0.03044859021784184,0.05251930422204263
2371,Taiwan,EMIC,2021,APMO,medal,2015,2020,2021,0,0.03044859021784184,0.04191597509498874
2386,Taiwan,EMIC,2021,APMO,medal,2015,2020,2021,0,0.03044859021784184,0.03162922126799273
2400,Taiwan,IWYMIC,2021,APMO,medal,2015,2020,2021,1,0.0573501581218356,0.17507743345495408
2408,Taiwan,EMIC,2021,APMO,medal,2015,2020,2021,0,0.03044859021784184,0.011074438197743201
2417,Taiwan,IWYMIC,2021,APMO,medal,2015,2020,2021,0,0.0573501581218356,0.016753544744863444
2418,Taiwan,EMIC,2021,APMO,medal,2015,2020,2021,0,0.03044859021784184,0.05251930422204263
2423,Taiwan,IWYMIC,2021,APMO,medal,2015,2020,2021,0,0.0573501581218356,0.01581524029020177
2427,Taiwan,EMIC,2021,APMO,medal,2015,2020,2021,0,0.03044859021784184,0.05251930422204263
2433,Taiwan,EMIC,2021,APMO,medal,2015,2020,2021,0,0.03044859021784184,0.03162922126799273
2435,Taiwan,EMIC,2021,APMO,medal,2015,2020,2021,0,0.03044859021784184,0.023172754952529333
2440,Taiwan,EMIC,2021,APMO,medal,2015,2020,2021,0,0.03044859021784184,0.023172754952529333
2445,Taiwan,EMIC,2021,APMO,medal,2015,2020,2021,0,0.03044859021784184,0.01427327027846668
2446,Taiwan,EMIC,2021,APMO,medal,2015,2020,2021,1,0.03044859021784184,0.05251930422204263
2448,Taiwan,EMIC,2021,APMO,medal,2015,2020,2021,0,0.03044859021784184,0.06386640834485892
2451,Taiwan,EMIC,2021,APMO,medal,2015,2020,2021,0,0.03044859021784184,0.017581006307891365
2453,Taiwan,EMIC,2021,APMO,medal,2015,2020,2021,0,0.03044859021784184,0.06386640834485892
2455,Taiwan,EMIC,2021,APMO,medal,2015,2020,2021,0,0.03044859021784184,0.023172754952529333
2459,Taiwan,EMIC,2021,APMO,medal,2015,2020,2021,0,0.03044859021784184,0.011473019199695426
2474,Taiwan,EMIC,2021,APMO,medal,2015,2020,2021,0,0.03044859021784184,0.011074438197743201
2501,Taiwan,IWYMIC,2021,APMO,medal,2015,2020,2021,0,0.0573501581218356,0.018387826593391776
2503,Taiwan,IWYMIC,2021,APMO,medal,2015,2020,2021,0,0.0573501581218356,0.20437793891505993
2507,Taiwan,EMIC,2021,APMO,medal,2015,2020,2021,0,0.03044859021784184,0.023172754952529333
2515,Taiwan,EMIC,2021,APMO,medal,2015,2020,2021,0,0.03044859021784184,0.03162922126799273
2520,Taiwan,EMIC,2021,APMO,medal,2015,2020,2021,0,0.03044859021784184,0.017581006307891365
2523,Taiwan,IWYMIC,2021,APMO,medal,2015,2020,2021,0,0.0573501581218356,0.039069399558351585
2529,Tajikistan,EMIC,2021,APMO,medal,2015,2020,2021,0,0.19259231535608853,0.13457732397459377
2539,Tajikistan,IWYMIC,2021,APMO,medal,2015,2020,2021,0,0.3160512484925651,0.2239680851148412
2542,Tajikistan,IWYMIC,2021,APMO,medal,2015,2020,2021,1,0.3160512484925651,0.3749695494604287
2544,Tajikistan,IWYMIC,2021,APMO,medal,2015,2020,2021,0,0.3160512484925651,0.17565363611897622
2546,Tajikistan,EMIC,2021,APMO,medal,2015,2020,2021,0,0.19259231535608853,0.13046645627522643
2548,Tajikistan,EMIC,2021,APMO,medal,2015,2020,2021,0,0.19259231535608853,0.13457732397459377
2561,Tajikistan,IWYMIC,2021,APMO,medal,2015,2020,2021,0,0.3160512484925651,0.28741239076538266
2577,Tajikistan,EMIC,2021,APMO,medal,2015,2020,2021,1,0.19259231535608853,0.13457732397459377
2625,Thailand,IWYMIC,2021,APMO,medal,2015,2020,2021,0,0.16334835115786725,0.21203972107938165
2635,Thailand,IWYMIC,2021,APMO,medal,2015,2020,2021,0,0.16334835115786725,0.20129638604136044
2675,Thailand,IWYMIC,2021,APMO,medal,2015,2020,2021,0,0.16334835115786725,0.28416159195819
2696,Thailand,IWYMIC,2021,APMO,medal,2015,2020,2021,1,0.16334835115786725,0.10977090063449256
2721,Thailand,EMIC,2021,APMO,medal,2015,2020,2021,0,0.091554766805981,0.07955355031253135
2761,Thailand,IWYMIC,2021,APMO,medal,2015,2020,2021,1,0.16334835115786725,0.15446112098662346
2813,Thailand,EMIC,2021,APMO,medal,2015,2020,2021,0,0.091554766805981,0.04521343414066278
2835,Thailand,EMIC,2021,APMO,medal,2015,2020,2021,0,0.091554766805981,0.04521343414066278
2839,Thailand,EMIC,2021,APMO,medal,2015,2020,2021,0,0.091554766805981,0.15292268981718624
2848,Uganda,EMIC,2021,APMO,medal,2015,2020,2021,0,0.04559746207108888,0.024916558316785426
2857,United Arab Emirates,EMIC,2021,APMO,medal,2015,2020,2021,0,0.04559746207108888,0.024916558316785426
2858,United Arab Emirates,EMIC,2021,APMO,medal,2015,2020,2021,0,0.04559746207108888,0.0379071426076068
2862,United Arab Emirates,IWYMIC,2021,APMO,medal,2015,2020,2021,0,0.08471374818315783,0.08216144857837286
2863,United Arab Emirates,EMIC,2021,APMO,medal,2015,2020,2021,0,0.04559746207108888,0.030895459854852692
2865,United States of America,EMIC,2021,APMO,medal,2015,2020,2021,0,0.04559746207108888,0.0379071426076068
2866,United States of America,EMIC,2021,APMO,medal,2015,2020,2021,0,0.04559746207108888,0.13059168685986744
2873,United States of America,IWYMIC,2021,APMO,medal,2015,2020,2021,0,0.08471374818315783,0.042327931900213375
2874,United States of America,EMIC,2021,APMO,medal,2015,2020,2021,0,0.04559746207108888,0.1773237654903154
2876,United States of America,EMIC,2021,APMO,medal,2015,2020,2021,0,0.04559746207108888,0.0379071426076068
2879,United States of America,IWYMIC,2021,APMO,medal,2015,2020,2021,0,0.08471374818315783,0.03488630596715978
2883,United States of America,IWYMIC,2021,APMO,medal,2015,2020,2021,0,0.08471374818315783,0.3429230847663916
2892,United States of America,IWYMIC,2021,APMO,medal,2015,2020,2021,0,0.08471374818315783,0.11928573553697137
2893,United States of America,IWYMIC,2021,APMO,medal,2015,2020,2021,0,0.08471374818315783,0.39200610402691144
2901,United States of America,IWYMIC,2021,APMO,medal,2015,2020,2021,0,0.08471374818315783,0.07612984351287683
2904,United States of America,IWYMIC,2021,APMO,medal,2015,2020,2021,0,0.08471374818315783,0.0412322188246331
2905,United States of America,IWYMIC,2021,APMO,medal,2015,2020,2021,0,0.08471374818315783,0.3612538972092892
2907,Uzbekistan,EMIC,2021,APMO,medal,2015,2020,2021,1,0.04800118281871282,0.04669595624543426
2912,Uzbekistan,EMIC,2021,APMO,medal,2015,2020,2021,0,0.04800118281871282,0.022600505064824524
2922,Uzbekistan,EMIC,2021,APMO,medal,2015,2020,2021,0,0.04800118281871282,0.06318153856562837
2925,Uzbekistan,EMIC,2021,APMO,medal,2015,2020,2021,0,0.04800118281871282,0.022600505064824524
2926,Uzbekistan,IWYMIC,2021,APMO,medal,2015,2020,2021,0,0.08898726363734968,0.036174978494871717
2928,Uzbekistan,EMIC,2021,APMO,medal,2015,2020,2021,0,0.04800118281871282,0.024561881344879775
2953,Uzbekistan,EMIC,2021,APMO,medal,2015,2020,2021,0,0.04800118281871282,0.024561881344879775
2954,Uzbekistan,IWYMIC,2021,APMO,medal,2015,2020,2021,1,0.08898726363734968,0.0666525416802614
2956,Uzbekistan,EMIC,2021,APMO,medal,2015,2020,2021,0,0.04800118281871282,0.024561881344879775
2960,Uzbekistan,EMIC,2021,APMO,medal,2015,2020,2021,0,0.04800118281871282,0.02340410409285371
2971,Vietnam,IWYMIC,2021,APMO,medal,2015,2020,2021,0,0.027067348137364933,0.010906809360710965
2979,Vietnam,EMIC,2021,APMO,medal,2015,2020,2021,0,0.014157372199099181,0.023467669404274662
2991,Vietnam,EMIC,2021,APMO,medal,2015,2020,2021,0,0.014157372199099181,0.029548126974659965
3011,Vietnam,EMIC,2021,APMO,medal,2015,2020,2021,0,0.014157372199099181,0.017625094094231682
3019,Vietnam,EMIC,2021,APMO,medal,2015,2020,2021,0,0.014157372199099181,0.04356822228655468
3021,Vietnam,IWYMIC,2021,APMO,medal,2015,2020,2021,0,0.027067348137364933,0.014090105510734063
3024,Vietnam,IWYMIC,2021,APMO,medal,2015,2020,2021,0,0.027067348137364933,0.08256291141309906
3042,Vietnam,EMIC,2021,APMO,medal,2015,2020,2021,0,0.014157372199099181,0.012863070935004954
3043,Vietnam,IWYMIC,2021,APMO,medal,2015,2020,2021,0,0.027067348137364933,0.046197820897293816
3048,Vietnam,EMIC,2021,APMO,medal,2015,2020,2021,0,0.014157372199099181,0.009734329960685394
3052,Vietnam,IWYMIC,2021,APMO,medal,2015,2020,2021,0,0.027067348137364933,0.05634961362342798
3057,Vietnam,EMIC,2021,APMO,medal,2015,2020,2021,0,0.014157372199099181,0.029548126974659965
3065,Vietnam,EMIC,2021,APMO,medal,2015,2020,2021,0,0.014157372199099181,0.023467669404274662
3098,Vietnam,IWYMIC,2021,APMO,medal,2015,2020,2021,0,0.027067348137364933,0.05290533100783863
3099,Vietnam,IWYMIC,2021,APMO,medal,2015,2020,2021,0,0.027067348137364933,0.011693676212745405
3110,Vietnam,IWYMIC,2021,APMO,medal,2015,2020,2021,0,0.027067348137364933,0.0162666289626221
4,Australia,IWYMIC,2016,IMO,award,2013,2015,2016,0,0.13057710194945046,0.06193704877602592
9,Australia,IWYMIC,2016,IMO,award,2013,2015,2016,0,0.13057710194945046,0.06737324387549701
46,Bulgaria,IWYMIC,2016,IMO,award,2013,2015,2016,0,0.06001066665139645,0.28150200171484324
63,Bulgaria,EMIC,2016,IMO,award,2013,2015,2016,0,0.0346886547418766,0.019037281745205983
72,Bulgaria,EMIC,2016,IMO,award,2013,2015,2016,0,0.0346886547418766,0.05263466878299454
89,Bulgaria,EMIC,2016,IMO,award,2013,2015,2016,0,0.0346886547418766,0.029691313507673667
105,Bulgaria,EMIC,2016,IMO,award,2013,2015,2016,0,0.0346886547418766,0.019037281745205983
153,Bulgaria,EMIC,2016,IMO,award,2013,2015,2016,0,0.0346886547418766,0.05263466878299454
156,Bulgaria,IWYMIC,2016,IMO,award,2013,2015,2016,0,0.06001066665139645,0.03494390858737448
172,Bulgaria,EMIC,2016,IMO,award,2013,2015,2016,0,0.0346886547418766,0.019037281745205983
181,Bulgaria,EMIC,2016,IMO,award,2013,2015,2016,0,0.0346886547418766,0.042283233848158165
235,Bulgaria,EMIC,2016,IMO,award,2013,2015,2016,0,0.0346886547418766,0.02031139835751956
240,Bulgaria,EMIC,2016,IMO,award,2013,2015,2016,0,0.0346886547418766,0.029691313507673667
259,Bulgaria,EMIC,2016,IMO,award,2013,2015,2016,0,0.0346886547418766,0.01724965532974359
260,Bulgaria,EMIC,2016,IMO,award,2013,2015,2016,0,0.0346886547418766,0.01724965532974359
279,Bulgaria,EMIC,2016,IMO,award,2013,2015,2016,0,0.0346886547418766,0.042283233848158165
312,Bulgaria,EMIC,2016,IMO,award,2013,2015,2016,0,0.0346886547418766,0.05263466878299454
313,Bulgaria,EMIC,2016,IMO,award,2013,2015,2016,0,0.0346886547418766,0.2766665940064271
387,Canada,IWYMIC,2016,IMO,award,2013,2015,2016,0,0.05567427024356207,0.03347000989298127
394,Canada,IWYMIC,2016,IMO,award,2013,2015,2016,0,0.05567427024356207,0.038701696201387685
399,Canada,IWYMIC,2016,IMO,award,2013,2015,2016,0,0.05567427024356207,0.03340826089750579
408,Cyprus,IWYMIC,2016,IMO,award,2013,2015,2016,0,0.43253502403018085,0.43229213045676435
437,Cyprus,EMIC,2016,IMO,award,2013,2015,2016,1,0.3002290193204428,0.24646487841696077
447,Ghana,IWYMIC,2016,IMO,award,2013,2015,2016,0,0.13057710194945046,0.08783852448916933
452,Hong Kong,EMIC,2016,IMO,award,2013,2015,2016,0,0.0942099591441409,0.21085281982822182
458,Hong Kong,EMIC,2016,IMO,award,2013,2015,2016,0,0.0942099591441409,0.02629318490535402
466,Hong Kong,EMIC,2016,IMO,award,2013,2015,2016,0,0.0942099591441409,0.11386570199990675
483,Hong Kong,EMIC,2016,IMO,award,2013,2015,2016,0,0.0942099591441409,0.0636018050650385
486,Hong Kong,EMIC,2016,IMO,award,2013,2015,2016,0,0.0942099591441409,0.11386570199990675
490,Hong Kong,IWYMIC,2016,IMO,award,2013,2015,2016,0,0.15596138063841963,0.0484471829383839
500,Hong Kong,EMIC,2016,IMO,award,2013,2015,2016,0,0.0942099591441409,0.07874317031279661
531,Hong Kong,EMIC,2016,IMO,award,2013,2015,2016,0,0.0942099591441409,0.11386570199990675
540,Hong Kong,IWYMIC,2016,IMO,award,2013,2015,2016,0,0.15596138063841963,0.4545378271937761
542,Hong Kong,EMIC,2016,IMO,award,2013,2015,2016,0,0.0942099591441409,0.3049654802358199
545,Hong Kong,EMIC,2016,IMO,award,2013,2015,2016,0,0.0942099591441409,0.028990368892795097
550,Hong Kong,EMIC,2016,IMO,award,2013,2015,2016,0,0.0942099591441409,0.02629318490535402
551,Hong Kong,IWYMIC,2016,IMO,award,2013,2015,2016,0,0.15596138063841963,0.2043577836904239
553,Hong Kong,EMIC,2016,IMO,award,2013,2015,2016,0,0.0942099591441409,0.21085281982822182
560,Hong Kong,IWYMIC,2016,IMO,award,2013,2015,2016,0,0.15596138063841963,0.05276597678645127
569,Hong Kong,IWYMIC,2016,IMO,award,2013,2015,2016,0,0.15596138063841963,0.060933229987976886
571,Hong Kong,EMIC,2016,IMO,award,2013,2015,2016,0,0.0942099591441409,0.028990368892795097
572,Hong Kong,EMIC,2016,IMO,award,2013,2015,2016,1,0.0942099591441409,0.21085281982822182
581,Hong Kong,EMIC,2016,IMO,award,2013,2015,2016,0,0.0942099591441409,0.11386570199990675
630,Indonesia,EMIC,2016,IMO,award,2013,2015,2016,0,0.06371485548389762,0.04308435197947064
644,Indonesia,EMIC,2016,IMO,award,2013,2015,2016,0,0.06371485548389762,0.0471557924481324
688,Indonesia,EMIC,2016,IMO,award,2013,2015,2016,0,0.06371485548389762,0.030431583620052778
694,Indonesia,EMIC,2016,IMO,award,2013,2015,2016,0,0.06371485548389762,0.08244776061418656
710,Indonesia,EMIC,2016,IMO,award,2013,2015,2016,0,0.06371485548389762,0.04308435197947064
720,Indonesia,EMIC,2016,IMO,award,2013,2015,2016,0,0.06371485548389762,0.0471557924481324
724,Indonesia,IWYMIC,2016,IMO,award,2013,2015,2016,0,0.10785792703322222,0.2126082507273052
765,Indonesia,EMIC,2016,IMO,award,2013,2015,2016,0,0.06371485548389762,0.08244776061418656
766,Indonesia,IWYMIC,2016,IMO,award,2013,2015,2016,0,0.10785792703322222,0.2126082507273052
776,Indonesia,EMIC,2016,IMO,award,2013,2015,2016,0,0.06371485548389762,0.08244776061418656
777,Indonesia,EMIC,2016,IMO,award,2013,2015,2016,0,0.06371485548389762,0.06664557988335375
789,Indonesia,EMIC,2016,IMO,award,2013,2015,2016,0,0.06371485548389762,0.02760412483966042
807,Indonesia,IWYMIC,2016,IMO,award,2013,2015,2016,0,0.10785792703322222,0.06385800469259827
815,Indonesia,EMIC,2016,IMO,award,2013,2015,2016,0,0.06371485548389762,0.03244307078722352
819,Indonesia,IWYMIC,2016,IMO,award,2013,2015,2016,0,0.10785792703322222,0.05532182086434549
820,Indonesia,EMIC,2016,IMO,award,2013,2015,2016,0,0.06371485548389762,0.02760412483966042
822,Islamic Republic of Iran,IWYMIC,2016,IMO,award,2013,2015,2016,0,0.1834345982602885,0.2958820680441013
864,Islamic Republic of Iran,EMIC,2016,IMO,award,2013,2015,2016,0,0.11225209513591754,0.18509709725053541
866,Islamic Republic of Iran,EMIC,2016,IMO,award,2013,2015,2016,0,0.11225209513591754,0.07813712552440209
869,Islamic Republic of Iran,EMIC,2016,IMO,award,2013,2015,2016,0,0.11225209513591754,0.11119046192418632
877,Islamic Republic of Iran,EMIC,2016,IMO,award,2013,2015,2016,0,0.11225209513591754,0.07813712552440209
880,Islamic Republic of Iran,EMIC,2016,IMO,award,2013,2015,2016,0,0.11225209513591754,0.18509709725053541
881,Islamic Republic of Iran,IWYMIC,2016,IMO,award,2013,2015,2016,0,0.1834345982602885,0.13729511114115825
890,Islamic Republic of Iran,EMIC,2016,IMO,award,2013,2015,2016,0,0.11225209513591754,0.10218316113058967
893,Islamic Republic of Iran,IWYMIC,2016,IMO,award,2013,2015,2016,0,0.1834345982602885,0.1177581542701371
903,Islamic Republic of Iran,IWYMIC,2016,IMO,award,2013,2015,2016,0,0.1834345982602885,0.1177581542701371
908,Islamic Republic of Iran,IWYMIC,2016,IMO,award,2013,2015,2016,0,0.1834345982602885,0.1191754035044606
913,Islamic Republic of Iran,EMIC,2016,IMO,award,2013,2015,2016,0,0.11225209513591754,0.2545501603506605
922,Islamic Republic of Iran,IWYMIC,2016,IMO,award,2013,2015,2016,1,0.1834345982602885,0.5005180892324285
923,Islamic Republic of Iran,IWYMIC,2016,IMO,award,2013,2015,2016,0,0.1834345982602885,0.12082803193225243
937,Islamic Republic of Iran,IWYMIC,2016,IMO,award,2013,2015,2016,0,0.1834345982602885,0.2958820680441013
941,Islamic Republic of Iran,EMIC,2016,IMO,award,2013,2015,2016,0,0.11225209513591754,0.11119046192418632
943,Islamic Republic of Iran,IWYMIC,2016,IMO,award,2013,2015,2016,1,0.1834345982602885,0.1191754035044606
945,Islamic Republic of Iran,IWYMIC,2016,IMO,award,2013,2015,2016,1,0.1834345982602885,0.21557754725560424
989,Kazakhstan,EMIC,2016,IMO,award,2013,2015,2016,0,0.11505772449866013,0.09268528665197996
991,Kazakhstan,EMIC,2016,IMO,award,2013,2015,2016,0,0.11505772449866013,0.08727566014189779
993,Kazakhstan,EMIC,2016,IMO,award,2013,2015,2016,0,0.11505772449866013,0.1310181000198971
995,Kazakhstan,EMIC,2016,IMO,award,2013,2015,2016,0,0.11505772449866013,0.17866940144498406
1000,Kazakhstan,EMIC,2016,IMO,award,2013,2015,2016,0,0.11505772449866013,0.21491711092860658
1001,Kazakhstan,EMIC,2016,IMO,award,2013,2015,2016,0,0.11505772449866013,0.09268528665197996
1011,Kazakhstan,EMIC,2016,IMO,award,2013,2015,2016,0,0.11505772449866013,0.1310181000198971
1020,Kazakhstan,EMIC,2016,IMO,award,2013,2015,2016,0,0.11505772449866013,0.21491711092860658
1031,Kazakhstan,EMIC,2016,IMO,award,2013,2015,2016,0,0.11505772449866013,0.12062258549794186
1033,Kazakhstan,EMIC,2016,IMO,award,2013,2015,2016,0,0.11505772449866013,0.07960030945025423
1040,Lebanon,EMIC,2016,IMO,award,2013,2015,2016,0,0.07794815071207022,0.09978418369346022
1041,Lebanon,IWYMIC,2016,IMO,award,2013,2015,2016,0,0.13057710194945046,0.08783852448916933
1042,Lebanon,EMIC,2016,IMO,award,2013,2015,2016,0,0.07794815071207022,0.09978418369346022
1047,Macau,IWYMIC,2016,IMO,award,2013,2015,2016,0,0.24514983848343166,0.1632221746076235
1077,Macau,IWYMIC,2016,IMO,award,2013,2015,2016,1,0.24514983848343166,0.1632221746076235
1089,Macau,IWYMIC,2016,IMO,award,2013,2015,2016,0,0.24514983848343166,0.1632221746076235
1097,Macau,EMIC,2016,IMO,award,2013,2015,2016,1,0.1545512936274741,0.10389964870276379
1110,Macau,IWYMIC,2016,IMO,award,2013,2015,2016,0,0.24514983848343166,0.22382847867271316
1149,Macau,IWYMIC,2016,IMO,award,2013,2015,2016,1,0.24514983848343166,0.22927513974785307
1150,Macau,EMIC,2016,IMO,award,2013,2015,2016,0,0.1545512936274741,0.10389964870276379
1164,Macau,EMIC,2016,IMO,award,2013,2015,2016,0,0.1545512936274741,0.10389964870276379
1175,Malaysia,EMIC,2016,IMO,award,2013,2015,2016,0,0.08954028662544337,0.060975519026831154
1181,Malaysia,EMIC,2016,IMO,award,2013,2015,2016,0,0.08954028662544337,0.060975519026831154
1199,Malaysia,EMIC,2016,IMO,award,2013,2015,2016,0,0.08954028662544337,0.046128363161670086
1203,Malaysia,IWYMIC,2016,IMO,award,2013,2015,2016,0,0.1487334913092624,0.07166221513532003
1205,Malaysia,IWYMIC,2016,IMO,award,2013,2015,2016,0,0.1487334913092624,0.07788111837052547
1206,Malaysia,IWYMIC,2016,IMO,award,2013,2015,2016,0,0.1487334913092624,0.1011919439735928
1208,Malaysia,EMIC,2016,IMO,award,2013,2015,2016,0,0.08954028662544337,0.060975519026831154
1214,Malaysia,EMIC,2016,IMO,award,2013,2015,2016,0,0.08954028662544337,0.046128363161670086
1228,Malaysia,EMIC,2016,IMO,award,2013,2015,2016,0,0.08954028662544337,0.09336613514885024
1245,Mexico,IWYMIC,2016,IMO,award,2013,2015,2016,0,0.3911503440956702,0.3360224744267732
1259,Mexico,IWYMIC,2016,IMO,award,2013,2015,2016,0,0.3911503440956702,0.3360224744267732
1263,Mexico,IWYMIC,2016,IMO,award,2013,2015,2016,0,0.3911503440956702,0.33300137365329624
1264,Mexico,IWYMIC,2016,IMO,award,2013,2015,2016,1,0.3911503440956702,0.5068907742369119
1268,Mexico,IWYMIC,2016,IMO,award,2013,2015,2016,1,0.3911503440956702,0.5068907742369119
1301,Mexico,IWYMIC,2016,IMO,award,2013,2015,2016,0,0.3911503440956702,0.6111638311959288
1303,Mexico,IWYMIC,2016,IMO,award,2013,2015,2016,0,0.3911503440956702,0.43226798582690223
1310,Mongolia,EMIC,2016,IMO,award,2013,2015,2016,0,0.16502754811839673,0.11515095483049709
1335,Mongolia,EMIC,2016,IMO,award,2013,2015,2016,1,0.16502754811839673,0.2169920662868008
1336,Mongolia,IWYMIC,2016,IMO,award,2013,2015,2016,0,0.2598795840069287,0.169213674013944
1339,Mongolia,EMIC,2016,IMO,award,2013,2015,2016,0,0.16502754811839673,0.1085870338755545
1347,Mongolia,EMIC,2016,IMO,award,2013,2015,2016,0,0.16502754811839673,0.1611251248215217
1374,Mongolia,EMIC,2016,IMO,award,2013,2015,2016,1,0.16502754811839673,0.25856691621787264
1380,Nepal,EMIC,2016,IMO,award,2013,2015,2016,0,0.06186565155347557,0.051042809348499994
1393,Netherlands,IWYMIC,2016,IMO,award,2013,2015,2016,0,0.08680437955862678,0.051190756723990385
1395,Netherlands,IWYMIC,2016,IMO,award,2013,2015,2016,0,0.08680437955862678,0.06709408111325883
1410,People's Republic of China,IWYMIC,2016,IMO,award,2013,2015,2016,0,0.020265547001680498,0.007090820055794241
1421,People's Republic of China,IWYMIC,2016,IMO,award,2013,2015,2016,0,0.020265547001680498,0.007090820055794241
1424,People's Republic of China,EMIC,2016,IMO,award,2013,2015,2016,0,0.01150898954606093,0.040490229354045795
1440,People's Republic of China,EMIC,2016,IMO,award,2013,2015,2016,0,0.01150898954606093,0.002590270462162845
1452,People's Republic of China,EMIC,2016,IMO,award,2013,2015,2016,0,0.01150898954606093,0.002590270462162845
1456,People's Republic of China,IWYMIC,2016,IMO,award,2013,2015,2016,0,0.020265547001680498,0.005328840799039121
1482,People's Republic of China,IWYMIC,2016,IMO,award,2013,2015,2016,0,0.020265547001680498,0.005328840799039121
1487,People's Republic of China,EMIC,2016,IMO,award,2013,2015,2016,0,0.01150898954606093,0.040490229354045795
1489,People's Republic of China,EMIC,2016,IMO,award,2013,2015,2016,0,0.01150898954606093,0.025052955015487086
1490,People's Republic of China,EMIC,2016,IMO,award,2013,2015,2016,0,0.01150898954606093,0.006489895278321785
1491,People's Republic of China,IWYMIC,2016,IMO,award,2013,2015,2016,0,0.020265547001680498,0.004807346848506327
1499,People's Republic of China,EMIC,2016,IMO,award,2013,2015,2016,0,0.01150898954606093,0.025052955015487086
1507,People's Republic of China,IWYMIC,2016,IMO,award,2013,2015,2016,0,0.020265547001680498,0.014980048763499143
1509,People's Republic of China,EMIC,2016,IMO,award,2013,2015,2016,0,0.01150898954606093,0.004507045866595556
1510,People's Republic of China,IWYMIC,2016,IMO,award,2013,2015,2016,0,0.020265547001680498,0.007313061173819245
1512,People's Republic of China,EMIC,2016,IMO,award,2013,2015,2016,0,0.01150898954606093,0.004507045866595556
1518,People's Republic of China,EMIC,2016,IMO,award,2013,2015,2016,0,0.01150898954606093,0.025052955015487086
1531,People's Republic of China,IWYMIC,2016,IMO,award,2013,2015,2016,0,0.020265547001680498,0.005328840799039121
1550,People's Republic of China,IWYMIC,2016,IMO,award,2013,2015,2016,0,0.020265547001680498,0.004872712546071869
1556,People's Republic of China,EMIC,2016,IMO,award,2013,2015,2016,0,0.01150898954606093,0.002590270462162845
1586,People's Republic of China,IWYMIC,2016,IMO,award,2013,2015,2016,0,0.020265547001680498,0.007313061173819245
1588,People's Republic of China,EMIC,2016,IMO,award,2013,2015,2016,0,0.01150898954606093,0.004507045866595556
1593,People's Republic of China,EMIC,2016,IMO,award,2013,2015,2016,0,0.01150898954606093,0.00815329688659145
1606,People's Republic of China,IWYMIC,2016,IMO,award,2013,2015,2016,0,0.020265547001680498,0.007090820055794241
1610,People's Republic of China,EMIC,2016,IMO,award,2013,2015,2016,0,0.01150898954606093,0.06431355555415154
1622,People's Republic of China,IWYMIC,2016,IMO,award,2013,2015,2016,0,0.020265547001680498,0.007313061173819245
1628,People's Republic of China,EMIC,2016,IMO,award,2013,2015,2016,0,0.01150898954606093,0.012207191804282608
1629,People's Republic of China,IWYMIC,2016,IMO,award,2013,2015,2016,0,0.020265547001680498,0.004872712546071869
1631,People's Republic of China,EMIC,2016,IMO,award,2013,2015,2016,0,0.01150898954606093,0.025052955015487086
1639,People's Republic of China,IWYMIC,2016,IMO,award,2013,2015,2016,0,0.020265547001680498,0.0053389768442722325
1669,Philippines,EMIC,2016,IMO,award,2013,2015,2016,0,0.06375160278840589,0.022539641534005245
1679,Philippines,EMIC,2016,IMO,award,2013,2015,2016,0,0.06375160278840589,0.17106446688969867
1682,Philippines,EMIC,2016,IMO,award,2013,2015,2016,1,0.06375160278840589,0.02404241712793768
1695,Philippines,EMIC,2016,IMO,award,2013,2015,2016,0,0.06375160278840589,0.022539641534005245
1725,Philippines,EMIC,2016,IMO,award,2013,2015,2016,0,0.06375160278840589,0.03508363466700685
1726,Philippines,IWYMIC,2016,IMO,award,2013,2015,2016,0,0.10791719921777611,0.0373448033027929
1749,Philippines,EMIC,2016,IMO,award,2013,2015,2016,0,0.06375160278840589,0.09028514796399884
1751,Philippines,EMIC,2016,IMO,award,2013,2015,2016,0,0.06375160278840589,0.022539641534005245
1760,Philippines,IWYMIC,2016,IMO,award,2013,2015,2016,0,0.10791719921777611,0.0373448033027929
1776,Philippines,IWYMIC,2016,IMO,award,2013,2015,2016,0,0.10791719921777611,0.041325236966140856
1777,Philippines,IWYMIC,2016,IMO,award,2013,2015,2016,0,0.10791719921777611,0.04124961431800797
1779,Philippines,EMIC,2016,IMO,award,2013,2015,2016,0,0.06375160278840589,0.03508363466700685
1793,Philippines,EMIC,2016,IMO,award,2013,2015,2016,0,0.06375160278840589,0.020429988145350745
1803,Philippines,EMIC,2016,IMO,award,2013,2015,2016,0,0.06375160278840589,0.022539641534005245
1806,Philippines,IWYMIC,2016,IMO,award,2013,2015,2016,0,0.10791719921777611,0.04124961431800797
1808,Philippines,IWYMIC,2016,IMO,award,2013,2015,2016,0,0.10791719921777611,0.03783576226766659
1822,Philippines,IWYMIC,2016,IMO,award,2013,2015,2016,0,0.10791719921777611,0.041325236966140856
1825,Philippines,EMIC,2016,IMO,award,2013,2015,2016,0,0.06375160278840589,0.09028514796399884
1863,Philippines,IWYMIC,2016,IMO,award,2013,2015,2016,0,0.10791719921777611,0.041325236966140856
1975,Romania,IWYMIC,2016,IMO,award,2013,2015,2016,0,0.050749133489151305,0.028201752500820302
2029,Romania,IWYMIC,2016,IMO,award,2013,2015,2016,0,0.050749133489151305,0.029444243285725927
2154,South Africa,IWYMIC,2016,IMO,award,2013,2015,2016,0,0.14897522507306632,0.14514262411153142
2166,South Africa,EMIC,2016,IMO,award,2013,2015,2016,0,0.08969595173890729,0.09717847129984858
2175,South Africa,EMIC,2016,IMO,award,2013,2015,2016,0,0.08969595173890729,0.09717847129984858
2184,South Africa,EMIC,2016,IMO,award,2013,2015,2016,1,0.08969595173890729,0.1634846513643002
2188,South Africa,IWYMIC,2016,IMO,award,2013,2015,2016,0,0.14897522507306632,0.14514262411153142
2189,South Africa,EMIC,2016,IMO,award,2013,2015,2016,0,0.08969595173890729,0.1634846513643002
2205,South Africa,IWYMIC,2016,IMO,award,2013,2015,2016,0,0.14897522507306632,0.14514262411153142
2206,South Africa,IWYMIC,2016,IMO,award,2013,2015,2016,1,0.14897522507306632,0.10301444232135662
2217,Sri Lanka,EMIC,2016,IMO,award,2013,2015,2016,1,0.2277773785206115,0.19095985655520897
2219,Sri Lanka,EMIC,2016,IMO,award,2013,2015,2016,0,0.2277773785206115,0.14950136189657365
2227,Sri Lanka,IWYMIC,2016,IMO,award,2013,2015,2016,0,0.34384358609371246,0.2968419681142569
2235,Sri Lanka,EMIC,2016,IMO,award,2013,2015,2016,1,0.2277773785206115,0.1295404935393575
2243,Sri Lanka,EMIC,2016,IMO,award,2013,2015,2016,0,0.2277773785206115,0.19095985655520897
2258,Sri Lanka,EMIC,2016,IMO,award,2013,2015,2016,1,0.2277773785206115,0.20599718710283185
2259,Sri Lanka,EMIC,2016,IMO,award,2013,2015,2016,1,0.2277773785206115,0.1295404935393575
2266,Sri Lanka,IWYMIC,2016,IMO,award,2013,2015,2016,0,0.34384358609371246,0.2348891857617395
2275,Taiwan,IWYMIC,2016,IMO,award,2013,2015,2016,0,0.0733797939233104,0.24463327164323134
2294,Taiwan,EMIC,2016,IMO,award,2013,2015,2016,0,0.04267265900833681,0.047564322541614475
2322,Taiwan,EMIC,2016,IMO,award,2013,2015,2016,0,0.04267265900833681,0.032150826201292115
2327,Taiwan,EMIC,2016,IMO,award,2013,2015,2016,0,0.04267265900833681,0.016372424398637037
2341,Taiwan,EMIC,2016,IMO,award,2013,2015,2016,1,0.04267265900833681,0.025718498432402977
2346,Taiwan,IWYMIC,2016,IMO,award,2013,2015,2016,0,0.0733797939233104,0.12781949552554858
2365,Taiwan,EMIC,2016,IMO,award,2013,2015,2016,0,0.04267265900833681,0.025718498432402977
2374,Taiwan,IWYMIC,2016,IMO,award,2013,2015,2016,0,0.0733797939233104,0.02123044708490638
2382,Taiwan,EMIC,2016,IMO,award,2013,2015,2016,0,0.04267265900833681,0.011470232844747106
2383,Taiwan,EMIC,2016,IMO,award,2013,2015,2016,0,0.04267265900833681,0.09407337134531299
2384,Taiwan,EMIC,2016,IMO,award,2013,2015,2016,0,0.04267265900833681,0.011470232844747106
2394,Taiwan,EMIC,2016,IMO,award,2013,2015,2016,0,0.04267265900833681,0.011470232844747106
2402,Taiwan,IWYMIC,2016,IMO,award,2013,2015,2016,0,0.0733797939233104,0.12781949552554858
2404,Taiwan,EMIC,2016,IMO,award,2013,2015,2016,0,0.04267265900833681,0.012244227561374159
2420,Taiwan,EMIC,2016,IMO,award,2013,2015,2016,0,0.04267265900833681,0.016372424398637037
2421,Taiwan,IWYMIC,2016,IMO,award,2013,2015,2016,0,0.0733797939233104,0.024597660260047245
2422,Taiwan,IWYMIC,2016,IMO,award,2013,2015,2016,0,0.0733797939233104,0.038639414229111296
2428,Taiwan,EMIC,2016,IMO,award,2013,2015,2016,0,0.04267265900833681,0.016372424398637037
2438,Taiwan,IWYMIC,2016,IMO,award,2013,2015,2016,0,0.0733797939233104,0.0211907838468229
2470,Taiwan,IWYMIC,2016,IMO,award,2013,2015,2016,0,0.0733797939233104,0.057897788423057664
2483,Taiwan,EMIC,2016,IMO,award,2013,2015,2016,0,0.04267265900833681,0.017967002150482084
2494,Taiwan,EMIC,2016,IMO,award,2013,2015,2016,0,0.04267265900833681,0.025718498432402977
2497,Taiwan,EMIC,2016,IMO,award,2013,2015,2016,0,0.04267265900833681,0.047564322541614475
2527,Tajikistan,EMIC,2016,IMO,award,2013,2015,2016,0,0.07794815071207022,0.05753665662852203
2530,Tajikistan,IWYMIC,2016,IMO,award,2013,2015,2016,0,0.13057710194945046,0.06749338731824515
2537,Tajikistan,IWYMIC,2016,IMO,award,2013,2015,2016,1,0.13057710194945046,0.061153227274665836
2538,Tajikistan,IWYMIC,2016,IMO,award,2013,2015,2016,1,0.13057710194945046,0.11825459907045516
2545,Tajikistan,EMIC,2016,IMO,award,2013,2015,2016,0,0.07794815071207022,0.03383372040725913
2549,Tajikistan,EMIC,2016,IMO,award,2013,2015,2016,1,0.07794815071207022,0.03727480961283195
2552,Tajikistan,EMIC,2016,IMO,award,2013,2015,2016,0,0.07794815071207022,0.09978418369346022
2554,Tajikistan,IWYMIC,2016,IMO,award,2013,2015,2016,1,0.13057710194945046,0.0720661248549782
2555,Tajikistan,EMIC,2016,IMO,award,2013,2015,2016,0,0.07794815071207022,0.03972009448229859
2562,Tajikistan,IWYMIC,2016,IMO,award,2013,2015,2016,0,0.13057710194945046,0.08783852448916933
2567,Tajikistan,IWYMIC,2016,IMO,award,2013,2015,2016,0,0.13057710194945046,0.061153227274665836
2576,Tajikistan,IWYMIC,2016,IMO,award,2013,2015,2016,0,0.13057710194945046,0.075418056194863
2586,Thailand,EMIC,2016,IMO,award,2013,2015,2016,0,0.0849528278359007,0.1213519423543889
2589,Thailand,IWYMIC,2016,IMO,award,2013,2015,2016,0,0.14158496864086847,0.3327018253297945
2598,Thailand,EMIC,2016,IMO,award,2013,2015,2016,0,0.0849528278359007,0.06803711469998935
2600,Thailand,EMIC,2016,IMO,award,2013,2015,2016,0,0.0849528278359007,0.22311011836383923
2601,Thailand,EMIC,2016,IMO,award,2013,2015,2016,0,0.0849528278359007,0.04400713230416466
2607,Thailand,IWYMIC,2016,IMO,award,2013,2015,2016,0,0.14158496864086847,0.06519540153398949
2619,Thailand,IWYMIC,2016,IMO,award,2013,2015,2016,0,0.14158496864086847,0.10003582569475264
2620,Thailand,EMIC,2016,IMO,award,2013,2015,2016,0,0.0849528278359007,0.06803711469998935
2632,Thailand,IWYMIC,2016,IMO,award,2013,2015,2016,0,0.14158496864086847,0.10003582569475264
2645,Thailand,EMIC,2016,IMO,award,2013,2015,2016,0,0.0849528278359007,0.32047198562101126
2655,Thailand,EMIC,2016,IMO,award,2013,2015,2016,0,0.0849528278359007,0.031092172298498602
2660,Thailand,IWYMIC,2016,IMO,award,2013,2015,2016,0,0.14158496864086847,0.10003582569475264
2664,Thailand,EMIC,2016,IMO,award,2013,2015,2016,0,0.0849528278359007,0.3874282754362883
2680,Thailand,EMIC,2016,IMO,award,2013,2015,2016,0,0.0849528278359007,0.06803711469998935
2685,Thailand,EMIC,2016,IMO,award,2013,2015,2016,0,0.0849528278359007,0.048161385989506186
2686,Thailand,EMIC,2016,IMO,award,2013,2015,2016,0,0.0849528278359007,0.03314583079191377
2687,Thailand,EMIC,2016,IMO,award,2013,2015,2016,0,0.0849528278359007,0.031092172298498602
2689,Thailand,IWYMIC,2016,IMO,award,2013,2015,2016,1,0.14158496864086847,0.10003582569475264
2697,Thailand,IWYMIC,2016,IMO,award,2013,2015,2016,0,0.14158496864086847,0.21634102163384597
2703,Thailand,IWYMIC,2016,IMO,award,2013,2015,2016,0,0.14158496864086847,0.14527088089945303
2708,Thailand,EMIC,2016,IMO,award,2013,2015,2016,0,0.0849528278359007,0.028205122383322515
2715,Thailand,EMIC,2016,IMO,award,2013,2015,2016,0,0.0849528278359007,0.1213519423543889
2719,Thailand,EMIC,2016,IMO,award,2013,2015,2016,0,0.0849528278359007,0.03314583079191377
2728,Thailand,IWYMIC,2016,IMO,award,2013,2015,2016,0,0.14158496864086847,0.6631673178150214
2732,Thailand,IWYMIC,2016,IMO,award,2013,2015,2016,0,0.14158496864086847,0.05659314571114426
2733,Thailand,IWYMIC,2016,IMO,award,2013,2015,2016,0,0.14158496864086847,0.3931473450386669
2738,Thailand,IWYMIC,2016,IMO,award,2013,2015,2016,0,0.14158496864086847,0.3931473450386669
2742,Thailand,EMIC,2016,IMO,award,2013,2015,2016,0,0.0849528278359007,0.1213519423543889
2751,Thailand,EMIC,2016,IMO,award,2013,2015,2016,0,0.0849528278359007,0.03314583079191377
2752,Thailand,IWYMIC,2016,IMO,award,2013,2015,2016,0,0.14158496864086847,0.3931473450386669
2771,Thailand,EMIC,2016,IMO,award,2013,2015,2016,0,0.0849528278359007,0.4344416594800354
2783,Thailand,EMIC,2016,IMO,award,2013,2015,2016,0,0.0849528278359007,0.22311011836383923
2788,Thailand,IWYMIC,2016,IMO,award,2013,2015,2016,0,0.14158496864086847,0.6928683744095058
2789,Thailand,IWYMIC,2016,IMO,award,2013,2015,2016,0,0.14158496864086847,0.5830562922145895
2796,Thailand,EMIC,2016,IMO,award,2013,2015,2016,0,0.0849528278359007,0.04400713230416466
2801,Thailand,IWYMIC,2016,IMO,award,2013,2015,2016,1,0.14158496864086847,0.6203676345825715
2805,Thailand,IWYMIC,2016,IMO,award,2013,2015,2016,0,0.14158496864086847,0.4724795929264191
2815,Thailand,EMIC,2016,IMO,award,2013,2015,2016,0,0.0849528278359007,0.04400713230416466
2833,Thailand,IWYMIC,2016,IMO,award,2013,2015,2016,0,0.14158496864086847,0.10003582569475264
2840,Thailand,EMIC,2016,IMO,award,2013,2015,2016,0,0.0849528278359007,0.1213519423543889
2923,Uzbekistan,EMIC,2016,IMO,award,2013,2015,2016,1,0.29198839366781426,0.18070988800770718
2931,Uzbekistan,EMIC,2016,IMO,award,2013,2015,2016,0,0.29198839366781426,0.25804208029269726
2936,Uzbekistan,EMIC,2016,IMO,award,2013,2015,2016,1,0.29198839366781426,0.18070988800770718
2938,Uzbekistan,EMIC,2016,IMO,award,2013,2015,2016,1,0.29198839366781426,0.1663148571528816
2973,Vietnam,EMIC,2016,IMO,award,2013,2015,2016,0,0.05524689594977033,0.0413628750432196
2986,Vietnam,EMIC,2016,IMO,award,2013,2015,2016,0,0.05524689594977033,0.016864595255145998
3030,Vietnam,EMIC,2016,IMO,award,2013,2015,2016,0,0.05524689594977033,0.019859372844522882
3033,Vietnam,EMIC,2016,IMO,award,2013,2015,2016,0,0.05524689594977033,0.019859372844522882
3034,Vietnam,EMIC,2016,IMO,award,2013,2015,2016,0,0.05524689594977033,0.016864595255145998
3038,Vietnam,EMIC,2016,IMO,award,2013,2015,2016,0,0.05524689594977033,0.018613072686224606
3049,Vietnam,EMIC,2016,IMO,award,2013,2015,2016,0,0.05524689594977033,0.27209395642415185
3060,Vietnam,EMIC,2016,IMO,award,2013,2015,2016,0,0.05524689594977033,0.1451048299099697
3070,Vietnam,IWYMIC,2016,IMO,award,2013,2015,2016,0,0.09411289067458828,0.22760585236385306
3084,Vietnam,EMIC,2016,IMO,award,2013,2015,2016,0,0.05524689594977033,0.018613072686224606
3104,Vietnam,EMIC,2016,IMO,award,2013,2015,2016,0,0.05524689594977033,0.018613072686224606
3112,Vietnam,EMIC,2016,IMO,award,2013,2015,2016,0,0.05524689594977033,0.02903672715558874
2,Australia,IWYMIC,2017,IMO,award,2013,2016,2017,0,0.10022814217448865,0.06145786525562606
86,Bulgaria,EMIC,2017,IMO,award,2013,2016,2017,0,0.025313406221674592,0.07654736790356528
117,Bulgaria,IWYMIC,2017,IMO,award,2013,2016,2017,0,0.041132075496900164,0.03361419149042196
128,Bulgaria,IWYMIC,2017,IMO,award,2013,2016,2017,0,0.041132075496900164,0.03361419149042196
130,Bulgaria,IWYMIC,2017,IMO,award,2013,2016,2017,0,0.041132075496900164,0.03361419149042196
138,Bulgaria,IWYMIC,2017,IMO,award,2013,2016,2017,0,0.041132075496900164,0.02197071028907356
140,Bulgaria,EMIC,2017,IMO,award,2013,2016,2017,0,0.025313406221674592,0.0457331438470208
145,Bulgaria,EMIC,2017,IMO,award,2013,2016,2017,0,0.025313406221674592,0.0457331438470208
175,Bulgaria,IWYMIC,2017,IMO,award,2013,2016,2017,0,0.041132075496900164,0.0284534976841848
214,Bulgaria,EMIC,2017,IMO,award,2013,2016,2017,0,0.025313406221674592,0.015749658849573373
241,Bulgaria,EMIC,2017,IMO,award,2013,2016,2017,0,0.025313406221674592,0.016131087630119632
243,Bulgaria,EMIC,2017,IMO,award,2013,2016,2017,0,0.025313406221674592,0.0457331438470208
265,Bulgaria,EMIC,2017,IMO,award,2013,2016,2017,0,0.025313406221674592,0.07654736790356528
270,Bulgaria,EMIC,2017,IMO,award,2013,2016,2017,0,0.025313406221674592,0.0457331438470208
273,Bulgaria,EMIC,2017,IMO,award,2013,2016,2017,0,0.025313406221674592,0.015749658849573373
288,Bulgaria,EMIC,2017,IMO,award,2013,2016,2017,0,0.025313406221674592,0.0457331438470208
302,Bulgaria,EMIC,2017,IMO,award,2013,2016,2017,0,0.025313406221674592,0.10661430621992939
316,Bulgaria,EMIC,2017,IMO,award,2013,2016,2017,0,0.025313406221674592,0.015749658849573373
341,Bulgaria,IWYMIC,2017,IMO,award,2013,2016,2017,0,0.041132075496900164,0.11022509634804392
347,Bulgaria,EMIC,2017,IMO,award,2013,2016,2017,0,0.025313406221674592,0.015749658849573373
364,Bulgaria,EMIC,2017,IMO,award,2013,2016,2017,0,0.025313406221674592,0.015749658849573373
367,Bulgaria,IWYMIC,2017,IMO,award,2013,2016,2017,0,0.041132075496900164,0.09859639555940067
375,Canada,IWYMIC,2017,IMO,award,2013,2016,2017,0,0.03881966649902504,0.023423209224564638
379,Canada,IWYMIC,2017,IMO,award,2013,2016,2017,0,0.03881966649902504,0.02717956191363083
398,Canada,IWYMIC,2017,IMO,award,2013,2016,2017,0,0.03881966649902504,0.024402969623470692
430,Cyprus,EMIC,2017,IMO,award,2013,2016,2017,0,0.2610818878975829,0.3586908884965548
454,Hong Kong,EMIC,2017,IMO,award,2013,2016,2017,0,0.06785684405336856,0.02375513358749402
481,Hong Kong,EMIC,2017,IMO,award,2013,2016,2017,1,0.06785684405336856,0.2792443653243744
559,Hong Kong,EMIC,2017,IMO,award,2013,2016,2017,0,0.06785684405336856,0.02375513358749402
564,Hong Kong,EMIC,2017,IMO,award,2013,2016,2017,0,0.06785684405336856,0.21931226093247827
592,India,IWYMIC,2017,IMO,award,2013,2016,2017,0,0.08555074853231547,0.0491761908962471
600,India,IWYMIC,2017,IMO,award,2013,2016,2017,0,0.08555074853231547,0.04635468288370737
601,India,EMIC,2017,IMO,award,2013,2016,2017,0,0.05360442815752255,0.03345965734495475
603,India,IWYMIC,2017,IMO,award,2013,2016,2017,0,0.08555074853231547,0.04634668592519027
604,India,IWYMIC,2017,IMO,award,2013,2016,2017,0,0.08555074853231547,0.0491761908962471
606,India,EMIC,2017,IMO,award,2013,2016,2017,0,0.05360442815752255,0.03425506359460326
607,India,EMIC,2017,IMO,award,2013,2016,2017,0,0.05360442815752255,0.05994334338805003
610,India,IWYMIC,2017,IMO,award,2013,2016,2017,0,0.08555074853231547,0.04635468288370737
612,India,EMIC,2017,IMO,award,2013,2016,2017,0,0.05360442815752255,0.03425506359460326
613,India,IWYMIC,2017,IMO,award,2013,2016,2017,0,0.08555074853231547,0.046801229038391554
614,India,EMIC,2017,IMO,award,2013,2016,2017,0,0.05360442815752255,0.3378050376995517
615,India,EMIC,2017,IMO,award,2013,2016,2017,0,0.05360442815752255,0.03425506359460326
619,India,IWYMIC,2017,IMO,award,2013,2016,2017,0,0.08555074853231547,0.0491761908962471
620,India,IWYMIC,2017,IMO,award,2013,2016,2017,0,0.08555074853231547,0.0491761908962471
626,India,IWYMIC,2017,IMO,award,2013,2016,2017,0,0.08555074853231547,0.0491761908962471
684,Indonesia,EMIC,2017,IMO,award,2013,2016,2017,0,0.04451220732913946,0.18833235445779742
685,Indonesia,EMIC,2017,IMO,award,2013,2016,2017,0,0.04451220732913946,0.024314758760811853
721,Indonesia,IWYMIC,2017,IMO,award,2013,2016,2017,0,0.0714489744535113,0.1153952004114326
728,Indonesia,EMIC,2017,IMO,award,2013,2016,2017,0,0.04451220732913946,0.024314758760811853
732,Indonesia,EMIC,2017,IMO,award,2013,2016,2017,0,0.04451220732913946,0.024898371706551584
741,Indonesia,EMIC,2017,IMO,award,2013,2016,2017,0,0.04451220732913946,0.024898371706551584
746,Indonesia,EMIC,2017,IMO,award,2013,2016,2017,0,0.04451220732913946,0.04388883464212596
749,Indonesia,IWYMIC,2017,IMO,award,2013,2016,2017,0,0.0714489744535113,0.035895314080578146
762,Indonesia,EMIC,2017,IMO,award,2013,2016,2017,0,0.04451220732913946,0.06945347221545818
775,Indonesia,EMIC,2017,IMO,award,2013,2016,2017,1,0.04451220732913946,0.030145704901668572
783,Indonesia,EMIC,2017,IMO,award,2013,2016,2017,0,0.04451220732913946,0.030145704901668572
787,Indonesia,EMIC,2017,IMO,award,2013,2016,2017,0,0.04451220732913946,0.024314758760811853
794,Indonesia,EMIC,2017,IMO,award,2013,2016,2017,0,0.04451220732913946,0.11433513457533195
833,Islamic Republic of Iran,IWYMIC,2017,IMO,award,2013,2016,2017,0,0.14707593872517605,0.09569484049484916
835,Islamic Republic of Iran,IWYMIC,2017,IMO,award,2013,2016,2017,0,0.14707593872517605,0.1688300195193777
844,Islamic Republic of Iran,EMIC,2017,IMO,award,2013,2016,2017,0,0.09452988836420463,0.17919424507623166
848,Islamic Republic of Iran,IWYMIC,2017,IMO,award,2013,2016,2017,0,0.14707593872517605,0.09283291127633675
851,Islamic Republic of Iran,EMIC,2017,IMO,award,2013,2016,2017,0,0.09452988836420463,0.08334026916497889
853,Islamic Republic of Iran,EMIC,2017,IMO,award,2013,2016,2017,0,0.09452988836420463,0.27410267894008705
857,Islamic Republic of Iran,IWYMIC,2017,IMO,award,2013,2016,2017,0,0.14707593872517605,0.09487997102451491
858,Islamic Republic of Iran,EMIC,2017,IMO,award,2013,2016,2017,0,0.09452988836420463,0.08334026916497889
860,Islamic Republic of Iran,EMIC,2017,IMO,award,2013,2016,2017,0,0.09452988836420463,0.06794092631173432
876,Islamic Republic of Iran,IWYMIC,2017,IMO,award,2013,2016,2017,0,0.14707593872517605,0.09283291127633675
878,Islamic Republic of Iran,IWYMIC,2017,IMO,award,2013,2016,2017,0,0.14707593872517605,0.10217312714500532
879,Islamic Republic of Iran,IWYMIC,2017,IMO,award,2013,2016,2017,0,0.14707593872517605,0.09283291127633675
883,Islamic Republic of Iran,IWYMIC,2017,IMO,award,2013,2016,2017,0,0.14707593872517605,0.1177082095819512
926,Islamic Republic of Iran,EMIC,2017,IMO,award,2013,2016,2017,1,0.09452988836420463,0.49407623127568795
936,Islamic Republic of Iran,EMIC,2017,IMO,award,2013,2016,2017,0,0.09452988836420463,0.08334026916497889
939,Islamic Republic of Iran,IWYMIC,2017,IMO,award,2013,2016,2017,0,0.14707593872517605,0.11044108321887984
942,Islamic Republic of Iran,IWYMIC,2017,IMO,award,2013,2016,2017,0,0.14707593872517605,0.1921125521299041
944,Islamic Republic of Iran,EMIC,2017,IMO,award,2013,2016,2017,0,0.09452988836420463,0.17919424507623166
956,Islamic Republic of Iran,EMIC,2017,IMO,award,2013,2016,2017,0,0.09452988836420463,0.08334026916497889
972,Kazakhstan,EMIC,2017,IMO,award,2013,2016,2017,0,0.07370564978464711,0.10649752440976987
977,Kazakhstan,EMIC,2017,IMO,award,2013,2016,2017,0,0.07370564978464711,0.06077539413470552
982,Kazakhstan,EMIC,2017,IMO,award,2013,2016,2017,0,0.07370564978464711,0.062178379351533385
984,Kazakhstan,EMIC,2017,IMO,award,2013,2016,2017,0,0.07370564978464711,0.062178379351533385
990,Kazakhstan,EMIC,2017,IMO,award,2013,2016,2017,0,0.07370564978464711,0.3255000999926009
996,Kazakhstan,EMIC,2017,IMO,award,2013,2016,2017,0,0.07370564978464711,0.2510504256137903
1017,Kazakhstan,EMIC,2017,IMO,award,2013,2016,2017,0,0.07370564978464711,0.062178379351533385
1018,Kazakhstan,EMIC,2017,IMO,award,2013,2016,2017,0,0.07370564978464711,0.06077539413470552
1022,Kazakhstan,EMIC,2017,IMO,award,2013,2016,2017,0,0.07370564978464711,0.07468074510373718
1026,Kazakhstan,EMIC,2017,IMO,award,2013,2016,2017,0,0.07370564978464711,0.07468074510373718
1171,Malaysia,EMIC,2017,IMO,award,2013,2016,2017,0,0.0597067630501593,0.06595919562390742
1173,Malaysia,EMIC,2017,IMO,award,2013,2016,2017,0,0.0597067630501593,0.0456349238891753
1188,Malaysia,EMIC,2017,IMO,award,2013,2016,2017,0,0.0597067630501593,0.22234284487477834
1204,Malaysia,EMIC,2017,IMO,award,2013,2016,2017,0,0.0597067630501593,0.03692202584868569
1209,Malaysia,EMIC,2017,IMO,award,2013,2016,2017,0,0.0597067630501593,0.0456349238891753
1213,Malaysia,EMIC,2017,IMO,award,2013,2016,2017,0,0.0597067630501593,0.3068069096060828
1217,Malaysia,EMIC,2017,IMO,award,2013,2016,2017,0,0.0597067630501593,0.06595919562390742
1232,Malaysia,EMIC,2017,IMO,award,2013,2016,2017,0,0.0597067630501593,0.03692202584868569
1233,Malaysia,IWYMIC,2017,IMO,award,2013,2016,2017,1,0.09492508206362213,0.05417373464774881
1239,Mexico,IWYMIC,2017,IMO,award,2013,2016,2017,0,0.30706022332227695,0.27450238100537727
1240,Mexico,EMIC,2017,IMO,award,2013,2016,2017,0,0.2115319343442139,0.41686805337381594
1243,Mexico,EMIC,2017,IMO,award,2013,2016,2017,0,0.2115319343442139,0.1926961949210115
1246,Mexico,IWYMIC,2017,IMO,award,2013,2016,2017,0,0.30706022332227695,0.26286666961456795
1248,Mexico,IWYMIC,2017,IMO,award,2013,2016,2017,0,0.30706022332227695,0.28629993493520767
1256,Mexico,EMIC,2017,IMO,award,2013,2016,2017,0,0.2115319343442139,0.6403021159423167
1274,Mexico,IWYMIC,2017,IMO,award,2013,2016,2017,0,0.30706022332227695,0.2714781048175849
1284,Mexico,EMIC,2017,IMO,award,2013,2016,2017,0,0.2115319343442139,0.22941239513035003
1304,Mexico,IWYMIC,2017,IMO,award,2013,2016,2017,1,0.30706022332227695,0.34160758622947657
1305,Mexico,IWYMIC,2017,IMO,award,2013,2016,2017,0,0.30706022332227695,0.4224551372524895
1332,Mongolia,EMIC,2017,IMO,award,2013,2016,2017,0,0.14829716517527233,0.2665887762487862
1344,Mongolia,EMIC,2017,IMO,award,2013,2016,2017,0,0.14829716517527233,0.10823085978996447
1351,Mongolia,EMIC,2017,IMO,award,2013,2016,2017,0,0.14829716517527233,0.11060034028266214
1372,Mongolia,EMIC,2017,IMO,award,2013,2016,2017,0,0.14829716517527233,0.18270930087020457
1382,Nepal,IWYMIC,2017,IMO,award,2013,2016,2017,0,0.07610209877533355,0.0479477261673674
1389,Nepal,IWYMIC,2017,IMO,award,2013,2016,2017,0,0.07610209877533355,0.04332535065089128
1690,Philippines,EMIC,2017,IMO,award,2013,2016,2017,0,0.04807416460646549,0.021729500737957874
1697,Philippines,EMIC,2017,IMO,award,2013,2016,2017,0,0.04807416460646549,0.026957603109919088
1699,Philippines,EMIC,2017,IMO,award,2013,2016,2017,0,0.04807416460646549,0.14211243423196526
1718,Philippines,EMIC,2017,IMO,award,2013,2016,2017,0,0.04807416460646549,0.021729500737957874
1719,Philippines,IWYMIC,2017,IMO,award,2013,2016,2017,0,0.0769927745471688,0.03582539351628264
1721,Philippines,EMIC,2017,IMO,award,2013,2016,2017,0,0.04807416460646549,0.06237568017183465
1727,Philippines,EMIC,2017,IMO,award,2013,2016,2017,0,0.04807416460646549,0.022252476477538276
1744,Philippines,IWYMIC,2017,IMO,award,2013,2016,2017,0,0.0769927745471688,0.03023999526947541
1755,Philippines,EMIC,2017,IMO,award,2013,2016,2017,0,0.04807416460646549,0.026957603109919088
1774,Philippines,IWYMIC,2017,IMO,award,2013,2016,2017,0,0.0769927745471688,0.03351520479322033
1775,Philippines,EMIC,2017,IMO,award,2013,2016,2017,0,0.04807416460646549,0.022252476477538276
1787,Philippines,EMIC,2017,IMO,award,2013,2016,2017,0,0.04807416460646549,0.06237568017183465
1791,Philippines,EMIC,2017,IMO,award,2013,2016,2017,0,0.04807416460646549,0.03930621297886173
1799,Philippines,IWYMIC,2017,IMO,award,2013,2016,2017,0,0.0769927745471688,0.058288194361519906
1804,Philippines,IWYMIC,2017,IMO,award,2013,2016,2017,0,0.0769927745471688,0.032119291665123034
1813,Philippines,IWYMIC,2017,IMO,award,2013,2016,2017,0,0.0769927745471688,0.058288194361519906
1828,Philippines,EMIC,2017,IMO,award,2013,2016,2017,0,0.04807416460646549,0.026957603109919088
1833,Philippines,EMIC,2017,IMO,award,2013,2016,2017,1,0.04807416460646549,0.022252476477538276
1834,Philippines,EMIC,2017,IMO,award,2013,2016,2017,0,0.04807416460646549,0.026957603109919088
1838,Philippines,EMIC,2017,IMO,award,2013,2016,2017,0,0.04807416460646549,0.10319078460513273
1842,Philippines,EMIC,2017,IMO,award,2013,2016,2017,0,0.04807416460646549,0.022252476477538276
1860,Philippines,EMIC,2017,IMO,award,2013,2016,2017,0,0.04807416460646549,0.021729500737957874
1865,Philippines,IWYMIC,2017,IMO,award,2013,2016,2017,0,0.0769927745471688,0.2077246682378861
1868,Republic of Korea,EMIC,2017,IMO,award,2013,2016,2017,0,0.011315303593290294,0.008638592664383826
1879,Republic of Korea,EMIC,2017,IMO,award,2013,2016,2017,0,0.011315303593290294,0.008849352443816969
1884,Republic of Korea,EMIC,2017,IMO,award,2013,2016,2017,0,0.011315303593290294,0.008849352443816969
1912,Republic of Korea,IWYMIC,2017,IMO,award,2013,2016,2017,0,0.01855288861243371,0.012398798489383392
1919,Republic of Korea,EMIC,2017,IMO,award,2013,2016,2017,0,0.011315303593290294,0.010751648159214738
1933,Republic of Korea,IWYMIC,2017,IMO,award,2013,2016,2017,0,0.01855288861243371,0.012085290633357948
1966,Republic of Korea,IWYMIC,2017,IMO,award,2013,2016,2017,0,0.01855288861243371,0.012887411572335692
1980,Romania,EMIC,2017,IMO,award,2013,2016,2017,0,0.022042791683533593,0.02628020417020174
1990,Romania,EMIC,2017,IMO,award,2013,2016,2017,0,0.022042791683533593,0.0179474500669148
1997,Romania,EMIC,2017,IMO,award,2013,2016,2017,0,0.022042791683533593,0.014791032683035976
2007,Romania,EMIC,2017,IMO,award,2013,2016,2017,0,0.022042791683533593,0.0179474500669148
2020,Romania,EMIC,2017,IMO,award,2013,2016,2017,0,0.022042791683533593,0.02628020417020174
2023,Romania,IWYMIC,2017,IMO,award,2013,2016,2017,0,0.0358928771805434,0.022699250733799966
2034,Romania,IWYMIC,2017,IMO,award,2013,2016,2017,0,0.0358928771805434,0.06167641324484114
2039,Romania,EMIC,2017,IMO,award,2013,2016,2017,0,0.022042791683533593,0.014791032683035976
2084,Singapore,IWYMIC,2017,IMO,award,2013,2016,2017,0,0.250980766011845,0.19156586349041915
2108,Singapore,IWYMIC,2017,IMO,award,2013,2016,2017,1,0.250980766011845,0.6058551155884531
2114,Singapore,IWYMIC,2017,IMO,award,2013,2016,2017,1,0.250980766011845,0.07070017396522908
2115,Singapore,IWYMIC,2017,IMO,award,2013,2016,2017,1,0.250980766011845,0.34825330142435024
2118,Singapore,IWYMIC,2017,IMO,award,2013,2016,2017,1,0.250980766011845,0.5232381977590487
2179,South Africa,EMIC,2017,IMO,award,2013,2016,2017,0,0.09617846187389757,0.15354589954852105
2187,South Africa,EMIC,2017,IMO,award,2013,2016,2017,0,0.09617846187389757,0.09165593610221356
2195,South Africa,EMIC,2017,IMO,award,2013,2016,2017,0,0.09617846187389757,0.09165593610221356
2236,Sri Lanka,IWYMIC,2017,IMO,award,2013,2016,2017,1,0.32166623727482385,0.2349158886537299
2256,Sri Lanka,EMIC,2017,IMO,award,2013,2016,2017,0,0.22305664454980204,0.2035728906738459
2257,Sri Lanka,EMIC,2017,IMO,award,2013,2016,2017,0,0.22305664454980204,0.1735394284877268
2265,Sri Lanka,EMIC,2017,IMO,award,2013,2016,2017,0,0.22305664454980204,0.1735394284877268
2268,Taiwan,EMIC,2017,IMO,award,2013,2016,2017,0,0.03319017633367476,0.013923098962735218
2297,Taiwan,IWYMIC,2017,IMO,award,2013,2016,2017,0,0.05366014865116243,0.1361283604900729
2299,Taiwan,EMIC,2017,IMO,award,2013,2016,2017,0,0.03319017633367476,0.013923098962735218
2302,Taiwan,EMIC,2017,IMO,award,2013,2016,2017,0,0.03319017633367476,0.013923098962735218
2328,Taiwan,EMIC,2017,IMO,award,2013,2016,2017,0,0.03319017633367476,0.055394534765098875
2335,Taiwan,EMIC,2017,IMO,award,2013,2016,2017,0,0.03319017633367476,0.020426265188210252
2342,Taiwan,IWYMIC,2017,IMO,award,2013,2016,2017,0,0.05366014865116243,0.08057792654621658
2357,Taiwan,IWYMIC,2017,IMO,award,2013,2016,2017,0,0.05366014865116243,0.021879908450750937
2364,Taiwan,EMIC,2017,IMO,award,2013,2016,2017,0,0.03319017633367476,0.020426265188210252
2368,Taiwan,EMIC,2017,IMO,award,2013,2016,2017,0,0.03319017633367476,0.020426265188210252
2369,Taiwan,EMIC,2017,IMO,award,2013,2016,2017,0,0.03319017633367476,0.032793023806572986
2370,Taiwan,EMIC,2017,IMO,award,2013,2016,2017,0,0.03319017633367476,0.013923098962735218
2373,Taiwan,EMIC,2017,IMO,award,2013,2016,2017,0,0.03319017633367476,0.020426265188210252
2380,Taiwan,EMIC,2017,IMO,award,2013,2016,2017,0,0.03319017633367476,0.011193801061550476
2392,Taiwan,EMIC,2017,IMO,award,2013,2016,2017,0,0.03319017633367476,0.013923098962735218
2395,Taiwan,EMIC,2017,IMO,award,2013,2016,2017,0,0.03319017633367476,0.055394534765098875
2405,Taiwan,IWYMIC,2017,IMO,award,2013,2016,2017,0,0.05366014865116243,0.0156439095348313
2407,Taiwan,IWYMIC,2017,IMO,award,2013,2016,2017,0,0.05366014865116243,0.055942646547925544
2452,Taiwan,IWYMIC,2017,IMO,award,2013,2016,2017,0,0.05366014865116243,0.04832927546095902
2456,Taiwan,EMIC,2017,IMO,award,2013,2016,2017,0,0.03319017633367476,0.013923098962735218
2462,Taiwan,IWYMIC,2017,IMO,award,2013,2016,2017,0,0.05366014865116243,0.02639275617487127
2473,Taiwan,IWYMIC,2017,IMO,award,2013,2016,2017,0,0.05366014865116243,0.16340911899627372
2481,Taiwan,EMIC,2017,IMO,award,2013,2016,2017,0,0.03319017633367476,0.011466180416065369
2484,Taiwan,IWYMIC,2017,IMO,award,2013,2016,2017,0,0.05366014865116243,0.015646695755933526
2502,Taiwan,IWYMIC,2017,IMO,award,2013,2016,2017,1,0.05366014865116243,0.16340911899627372
2512,Taiwan,IWYMIC,2017,IMO,award,2013,2016,2017,0,0.05366014865116243,0.04832927546095902
2522,Taiwan,IWYMIC,2017,IMO,award,2013,2016,2017,0,0.05366014865116243,0.08057792654621658
2525,Taiwan,IWYMIC,2017,IMO,award,2013,2016,2017,0,0.05366014865116243,0.0156439095348313
2528,Tajikistan,IWYMIC,2017,IMO,award,2013,2016,2017,0,0.24266543581311678,0.2536146427789714
2531,Tajikistan,EMIC,2017,IMO,award,2013,2016,2017,0,0.16247347731922557,0.13518483123499
2533,Tajikistan,IWYMIC,2017,IMO,award,2013,2016,2017,0,0.24266543581311678,0.1799567299104671
2534,Tajikistan,EMIC,2017,IMO,award,2013,2016,2017,0,0.16247347731922557,0.13518483123499
2540,Tajikistan,EMIC,2017,IMO,award,2013,2016,2017,1,0.16247347731922557,0.3188783277826796
2565,Tajikistan,EMIC,2017,IMO,award,2013,2016,2017,0,0.16247347731922557,0.13805305854268118
2566,Tajikistan,IWYMIC,2017,IMO,award,2013,2016,2017,1,0.24266543581311678,0.5930813420022456
2568,Tajikistan,EMIC,2017,IMO,award,2013,2016,2017,1,0.16247347731922557,0.3188783277826796
2570,Tajikistan,EMIC,2017,IMO,award,2013,2016,2017,0,0.16247347731922557,0.13805305854268118
2578,Tajikistan,IWYMIC,2017,IMO,award,2013,2016,2017,1,0.24266543581311678,0.5930813420022456
2579,Tajikistan,IWYMIC,2017,IMO,award,2013,2016,2017,1,0.24266543581311678,0.7912196335549005
2582,Tajikistan,EMIC,2017,IMO,award,2013,2016,2017,0,0.16247347731922557,0.13518483123499
2584,Thailand,IWYMIC,2017,IMO,award,2013,2016,2017,0,0.09439918978737392,0.47353373102493246
2593,Thailand,EMIC,2017,IMO,award,2013,2016,2017,0,0.05936318571440106,0.09636044166282158
2622,Thailand,EMIC,2017,IMO,award,2013,2016,2017,0,0.05936318571440106,0.020656156648214248
2631,Thailand,EMIC,2017,IMO,award,2013,2016,2017,0,0.05936318571440106,0.036532223833626636
2643,Thailand,IWYMIC,2017,IMO,award,2013,2016,2017,0,0.09439918978737392,0.41141510365145517
2663,Thailand,EMIC,2017,IMO,award,2013,2016,2017,0,0.05936318571440106,0.025032394384256786
2667,Thailand,IWYMIC,2017,IMO,award,2013,2016,2017,0,0.09439918978737392,0.05425022322899825
2678,Thailand,EMIC,2017,IMO,award,2013,2016,2017,0,0.05936318571440106,0.05807200624652768
2684,Thailand,IWYMIC,2017,IMO,award,2013,2016,2017,0,0.09439918978737392,0.04936054329850312
2693,Thailand,EMIC,2017,IMO,award,2013,2016,2017,0,0.05936318571440106,0.025032394384256786
2694,Thailand,EMIC,2017,IMO,award,2013,2016,2017,0,0.05936318571440106,0.02016992354835006
2706,Thailand,IWYMIC,2017,IMO,award,2013,2016,2017,0,0.09439918978737392,0.02808713715109362
2707,Thailand,EMIC,2017,IMO,award,2013,2016,2017,0,0.05936318571440106,0.13308813713355075
2718,Thailand,IWYMIC,2017,IMO,award,2013,2016,2017,1,0.09439918978737392,0.19548331329355603
2724,Thailand,EMIC,2017,IMO,award,2013,2016,2017,0,0.05936318571440106,0.05807200624652768
2731,Thailand,EMIC,2017,IMO,award,2013,2016,2017,0,0.05936318571440106,0.036532223833626636
2740,Thailand,EMIC,2017,IMO,award,2013,2016,2017,0,0.05936318571440106,0.09636044166282158
2741,Thailand,EMIC,2017,IMO,award,2013,2016,2017,1,0.05936318571440106,0.19201802475407992
2746,Thailand,IWYMIC,2017,IMO,award,2013,2016,2017,1,0.09439918978737392,0.41141510365145517
2748,Thailand,IWYMIC,2017,IMO,award,2013,2016,2017,1,0.09439918978737392,0.41141510365145517
2756,Thailand,IWYMIC,2017,IMO,award,2013,2016,2017,0,0.09439918978737392,0.04283009806150367
2786,Thailand,EMIC,2017,IMO,award,2013,2016,2017,0,0.05936318571440106,0.020656156648214248
2799,Thailand,IWYMIC,2017,IMO,award,2013,2016,2017,0,0.09439918978737392,0.028367927541356995
2824,Thailand,IWYMIC,2017,IMO,award,2013,2016,2017,0,0.09439918978737392,0.04697763235948317
2827,Thailand,EMIC,2017,IMO,award,2013,2016,2017,0,0.05936318571440106,0.09636044166282158
2831,Thailand,IWYMIC,2017,IMO,award,2013,2016,2017,0,0.09439918978737392,0.07210766798964482
2834,Thailand,IWYMIC,2017,IMO,award,2013,2016,2017,0,0.09439918978737392,0.06292791497614893
2836,Thailand,EMIC,2017,IMO,award,2013,2016,2017,0,0.05936318571440106,0.036532223833626636
2921,Uzbekistan,EMIC,2017,IMO,award,2013,2016,2017,1,0.35175592464376665,0.7821465605295559
2939,Uzbekistan,EMIC,2017,IMO,award,2013,2016,2017,1,0.35175592464376665,0.6663889236607964
2942,Uzbekistan,EMIC,2017,IMO,award,2013,2016,2017,0,0.35175592464376665,0.7821465605295559
2944,Uzbekistan,EMIC,2017,IMO,award,2013,2016,2017,0,0.35175592464376665,0.5359347605934135
2967,Vietnam,EMIC,2017,IMO,award,2013,2016,2017,0,0.03883862748958022,0.13061751511759193
2972,Vietnam,EMIC,2017,IMO,award,2013,2016,2017,0,0.03883862748958022,0.04610016431383368
2983,Vietnam,IWYMIC,2017,IMO,award,2013,2016,2017,1,0.06256682556868062,0.21778460503401456
2998,Vietnam,EMIC,2017,IMO,award,2013,2016,2017,0,0.03883862748958022,0.028864840833510017
3003,Vietnam,EMIC,2017,IMO,award,2013,2016,2017,0,0.03883862748958022,0.04610016431383368
3012,Vietnam,EMIC,2017,IMO,award,2013,2016,2017,0,0.03883862748958022,0.01972917197559073
3036,Vietnam,IWYMIC,2017,IMO,award,2013,2016,2017,0,0.06256682556868062,0.03090007516945526
3037,Vietnam,IWYMIC,2017,IMO,award,2013,2016,2017,0,0.06256682556868062,0.07788724023400005
3039,Vietnam,EMIC,2017,IMO,award,2013,2016,2017,0,0.03883862748958022,0.04610016431383368
3045,Vietnam,EMIC,2017,IMO,award,2013,2016,2017,0,0.03883862748958022,0.01972917197559073
3063,Vietnam,EMIC,2017,IMO,award,2013,2016,2017,0,0.03883862748958022,0.13061751511759193
3064,Vietnam,EMIC,2017,IMO,award,2013,2016,2017,0,0.03883862748958022,0.04610016431383368
3078,Vietnam,IWYMIC,2017,IMO,award,2013,2016,2017,0,0.06256682556868062,0.022889341516454293
3089,Vietnam,IWYMIC,2017,IMO,award,2013,2016,2017,0,0.06256682556868062,0.05741868778577371
3091,Vietnam,EMIC,2017,IMO,award,2013,2016,2017,0,0.03883862748958022,0.04610016431383368
3103,Vietnam,EMIC,2017,IMO,award,2013,2016,2017,0,0.03883862748958022,0.028864840833510017
3111,Vietnam,EMIC,2017,IMO,award,2013,2016,2017,0,0.03883862748958022,0.07714168981397328
41,Bulgaria,IWYMIC,2018,IMO,award,2013,2017,2018,0,0.03394456272444371,0.01909658727795665
51,Bulgaria,IWYMIC,2018,IMO,award,2013,2017,2018,0,0.03394456272444371,0.01694922142869326
60,Bulgaria,EMIC,2018,IMO,award,2013,2017,2018,0,0.018755958470745123,0.011506605980597873
62,Bulgaria,EMIC,2018,IMO,award,2013,2017,2018,0,0.018755958470745123,0.013585135196471521
64,Bulgaria,IWYMIC,2018,IMO,award,2013,2017,2018,0,0.03394456272444371,0.022648102692114817
67,Bulgaria,EMIC,2018,IMO,award,2013,2017,2018,0,0.018755958470745123,0.023706215860527374
104,Bulgaria,EMIC,2018,IMO,award,2013,2017,2018,0,0.018755958470745123,0.023706215860527374
107,Bulgaria,EMIC,2018,IMO,award,2013,2017,2018,0,0.018755958470745123,0.011506605980597873
121,Bulgaria,EMIC,2018,IMO,award,2013,2017,2018,0,0.018755958470745123,0.011506605980597873
122,Bulgaria,IWYMIC,2018,IMO,award,2013,2017,2018,0,0.03394456272444371,0.03409309689774747
123,Bulgaria,IWYMIC,2018,IMO,award,2013,2017,2018,0,0.03394456272444371,0.02599334738809874
129,Bulgaria,EMIC,2018,IMO,award,2013,2017,2018,0,0.018755958470745123,0.011506605980597873
134,Bulgaria,EMIC,2018,IMO,award,2013,2017,2018,0,0.018755958470745123,0.011506605980597873
135,Bulgaria,EMIC,2018,IMO,award,2013,2017,2018,0,0.018755958470745123,0.023706215860527374
136,Bulgaria,EMIC,2018,IMO,award,2013,2017,2018,1,0.018755958470745123,0.013585135196471521
137,Bulgaria,EMIC,2018,IMO,award,2013,2017,2018,0,0.018755958470745123,0.023706215860527374
141,Bulgaria,IWYMIC,2018,IMO,award,2013,2017,2018,0,0.03394456272444371,0.01628596853525451
143,Bulgaria,IWYMIC,2018,IMO,award,2013,2017,2018,0,0.03394456272444371,0.020535702951758605
148,Bulgaria,IWYMIC,2018,IMO,award,2013,2017,2018,0,0.03394456272444371,0.015413074187584178
166,Bulgaria,EMIC,2018,IMO,award,2013,2017,2018,0,0.018755958470745123,0.011506605980597873
170,Bulgaria,EMIC,2018,IMO,award,2013,2017,2018,0,0.018755958470745123,0.023706215860527374
183,Bulgaria,EMIC,2018,IMO,award,2013,2017,2018,0,0.018755958470745123,0.011506605980597873
191,Bulgaria,IWYMIC,2018,IMO,award,2013,2017,2018,0,0.03394456272444371,0.24778165379600645
192,Bulgaria,EMIC,2018,IMO,award,2013,2017,2018,0,0.018755958470745123,0.011506605980597873
196,Bulgaria,EMIC,2018,IMO,award,2013,2017,2018,0,0.018755958470745123,0.010192883356248208
201,Bulgaria,IWYMIC,2018,IMO,award,2013,2017,2018,0,0.03394456272444371,0.015783664965062075
209,Bulgaria,IWYMIC,2018,IMO,award,2013,2017,2018,0,0.03394456272444371,0.015586853637826345
222,Bulgaria,IWYMIC,2018,IMO,award,2013,2017,2018,0,0.03394456272444371,0.01758553111666741
227,Bulgaria,IWYMIC,2018,IMO,award,2013,2017,2018,0,0.03394456272444371,0.020535702951758605
231,Bulgaria,EMIC,2018,IMO,award,2013,2017,2018,0,0.018755958470745123,0.011506605980597873
236,Bulgaria,EMIC,2018,IMO,award,2013,2017,2018,0,0.018755958470745123,0.023706215860527374
239,Bulgaria,EMIC,2018,IMO,award,2013,2017,2018,0,0.018755958470745123,0.023706215860527374
250,Bulgaria,IWYMIC,2018,IMO,award,2013,2017,2018,0,0.03394456272444371,0.015387651698976304
264,Bulgaria,EMIC,2018,IMO,award,2013,2017,2018,0,0.018755958470745123,0.023706215860527374
268,Bulgaria,EMIC,2018,IMO,award,2013,2017,2018,0,0.018755958470745123,0.010192883356248208
277,Bulgaria,EMIC,2018,IMO,award,2013,2017,2018,0,0.018755958470745123,0.010192883356248208
281,Bulgaria,EMIC,2018,IMO,award,2013,2017,2018,0,0.018755958470745123,0.010192883356248208
282,Bulgaria,EMIC,2018,IMO,award,2013,2017,2018,0,0.018755958470745123,0.013585135196471521
283,Bulgaria,IWYMIC,2018,IMO,award,2013,2017,2018,0,0.03394456272444371,0.05432333004495076
284,Bulgaria,EMIC,2018,IMO,award,2013,2017,2018,0,0.018755958470745123,0.011506605980597873
295,Bulgaria,EMIC,2018,IMO,award,2013,2017,2018,0,0.018755958470745123,0.013585135196471521
297,Bulgaria,IWYMIC,2018,IMO,award,2013,2017,2018,0,0.03394456272444371,0.028458413690683027
319,Bulgaria,EMIC,2018,IMO,award,2013,2017,2018,0,0.018755958470745123,0.013585135196471521
320,Bulgaria,IWYMIC,2018,IMO,award,2013,2017,2018,0,0.03394456272444371,0.01628596853525451
335,Bulgaria,IWYMIC,2018,IMO,award,2013,2017,2018,0,0.03394456272444371,0.017697166613877158
337,Bulgaria,EMIC,2018,IMO,award,2013,2017,2018,0,0.018755958470745123,0.010192883356248208
338,Bulgaria,EMIC,2018,IMO,award,2013,2017,2018,0,0.018755958470745123,0.10670024741894012
342,Bulgaria,EMIC,2018,IMO,award,2013,2017,2018,0,0.018755958470745123,0.045482319983238775
354,Bulgaria,EMIC,2018,IMO,award,2013,2017,2018,0,0.018755958470745123,0.010192883356248208
358,Bulgaria,EMIC,2018,IMO,award,2013,2017,2018,0,0.018755958470745123,0.013585135196471521
359,Bulgaria,IWYMIC,2018,IMO,award,2013,2017,2018,0,0.03394456272444371,0.20405226882399646
362,Bulgaria,IWYMIC,2018,IMO,award,2013,2017,2018,0,0.03394456272444371,0.015783664965062075
384,Canada,IWYMIC,2018,IMO,award,2013,2017,2018,0,0.03153490694583659,0.017134466749440747
385,Canada,EMIC,2018,IMO,award,2013,2017,2018,0,0.017405085251251656,0.012496014772294613
388,Canada,IWYMIC,2018,IMO,award,2013,2017,2018,0,0.03153490694583659,0.024571711859549705
397,Canada,EMIC,2018,IMO,award,2013,2017,2018,0,0.017405085251251656,0.011070595305557498
422,Cyprus,EMIC,2018,IMO,award,2013,2017,2018,0,0.21085617511843055,0.18421672106470197
424,Cyprus,EMIC,2018,IMO,award,2013,2017,2018,1,0.21085617511843055,0.48034571624643796
460,Hong Kong,EMIC,2018,IMO,award,2013,2017,2018,0,0.05919680673573122,0.01829489914711754
468,Hong Kong,EMIC,2018,IMO,award,2013,2017,2018,0,0.05919680673573122,0.024317305367766003
473,Hong Kong,IWYMIC,2018,IMO,award,2013,2017,2018,0,0.10367433720899413,0.09416613636139236
478,Hong Kong,IWYMIC,2018,IMO,award,2013,2017,2018,0,0.10367433720899413,0.028203001355212816
488,Hong Kong,EMIC,2018,IMO,award,2013,2017,2018,0,0.05919680673573122,0.024317305367766003
499,Hong Kong,EMIC,2018,IMO,award,2013,2017,2018,0,0.05919680673573122,0.020631094654723882
501,Hong Kong,EMIC,2018,IMO,award,2013,2017,2018,1,0.05919680673573122,0.21618488114114573
505,Hong Kong,EMIC,2018,IMO,award,2013,2017,2018,0,0.05919680673573122,0.01829489914711754
509,Hong Kong,EMIC,2018,IMO,award,2013,2017,2018,0,0.05919680673573122,0.07938512112773836
511,Hong Kong,EMIC,2018,IMO,award,2013,2017,2018,0,0.05919680673573122,0.0420927834731019
518,Hong Kong,EMIC,2018,IMO,award,2013,2017,2018,0,0.05919680673573122,0.024317305367766003
533,Hong Kong,EMIC,2018,IMO,award,2013,2017,2018,0,0.05919680673573122,0.12437881796266434
567,Hong Kong,EMIC,2018,IMO,award,2013,2017,2018,0,0.05919680673573122,0.07938512112773836
584,Hong Kong,EMIC,2018,IMO,award,2013,2017,2018,0,0.05919680673573122,0.020631094654723882
588,Hong Kong,EMIC,2018,IMO,award,2013,2017,2018,0,0.05919680673573122,0.01829489914711754
635,Indonesia,EMIC,2018,IMO,award,2013,2017,2018,0,0.03708402233202651,0.02056896718352018
636,Indonesia,EMIC,2018,IMO,award,2013,2017,2018,0,0.03708402233202651,0.02056896718352018
638,Indonesia,EMIC,2018,IMO,award,2013,2017,2018,0,0.03708402233202651,0.018239675759863495
640,Indonesia,EMIC,2018,IMO,award,2013,2017,2018,0,0.03708402233202651,0.04196879684636363
650,Indonesia,EMIC,2018,IMO,award,2013,2017,2018,0,0.03708402233202651,0.024244352214694776
672,Indonesia,EMIC,2018,IMO,award,2013,2017,2018,0,0.03708402233202651,0.024244352214694776
677,Indonesia,EMIC,2018,IMO,award,2013,2017,2018,0,0.03708402233202651,0.1772886241461429
695,Indonesia,EMIC,2018,IMO,award,2013,2017,2018,0,0.03708402233202651,0.024244352214694776
706,Indonesia,EMIC,2018,IMO,award,2013,2017,2018,0,0.03708402233202651,0.02056896718352018
709,Indonesia,EMIC,2018,IMO,award,2013,2017,2018,0,0.03708402233202651,0.07916036545579745
715,Indonesia,EMIC,2018,IMO,award,2013,2017,2018,0,0.03708402233202651,0.018239675759863495
717,Indonesia,EMIC,2018,IMO,award,2013,2017,2018,0,0.03708402233202651,0.04196879684636363
719,Indonesia,EMIC,2018,IMO,award,2013,2017,2018,0,0.03708402233202651,0.018239675759863495
734,Indonesia,IWYMIC,2018,IMO,award,2013,2017,2018,0,0.06611468407663922,0.03246934309750039
748,Indonesia,EMIC,2018,IMO,award,2013,2017,2018,0,0.03708402233202651,0.018239675759863495
780,Indonesia,EMIC,2018,IMO,award,2013,2017,2018,0,0.03708402233202651,0.018239675759863495
790,Indonesia,EMIC,2018,IMO,award,2013,2017,2018,0,0.03708402233202651,0.04196879684636363
825,Islamic Republic of Iran,EMIC,2018,IMO,award,2013,2017,2018,0,0.06812445395963308,0.09829624541970822
828,Islamic Republic of Iran,EMIC,2018,IMO,award,2013,2017,2018,0,0.06812445395963308,0.058229212009402585
829,Islamic Republic of Iran,IWYMIC,2018,IMO,award,2013,2017,2018,0,0.11846513455422335,0.07006935218340372
830,Islamic Republic of Iran,IWYMIC,2018,IMO,award,2013,2017,2018,0,0.11846513455422335,0.09423018622505568
834,Islamic Republic of Iran,IWYMIC,2018,IMO,award,2013,2017,2018,0,0.11846513455422335,0.0748292795686872
849,Islamic Republic of Iran,EMIC,2018,IMO,award,2013,2017,2018,0,0.06812445395963308,0.04418857931055684
850,Islamic Republic of Iran,IWYMIC,2018,IMO,award,2013,2017,2018,0,0.11846513455422335,0.0748292795686872
870,Islamic Republic of Iran,EMIC,2018,IMO,award,2013,2017,2018,0,0.06812445395963308,0.09829624541970822
882,Islamic Republic of Iran,IWYMIC,2018,IMO,award,2013,2017,2018,0,0.11846513455422335,0.06918314567122481
907,Islamic Republic of Iran,EMIC,2018,IMO,award,2013,2017,2018,0,0.06812445395963308,0.04418857931055684
916,Islamic Republic of Iran,IWYMIC,2018,IMO,award,2013,2017,2018,0,0.11846513455422335,0.0748292795686872
918,Islamic Republic of Iran,IWYMIC,2018,IMO,award,2013,2017,2018,0,0.11846513455422335,0.0748292795686872
924,Islamic Republic of Iran,EMIC,2018,IMO,award,2013,2017,2018,0,0.06812445395963308,0.04418857931055684
934,Islamic Republic of Iran,EMIC,2018,IMO,award,2013,2017,2018,0,0.06812445395963308,0.04418857931055684
953,Islamic Republic of Iran,IWYMIC,2018,IMO,award,2013,2017,2018,0,0.11846513455422335,0.08020216061579755
954,Islamic Republic of Iran,EMIC,2018,IMO,award,2013,2017,2018,0,0.06812445395963308,0.04418857931055684
997,Kazakhstan,EMIC,2018,IMO,award,2013,2017,2018,0,0.05237522655968498,0.041007275607492844
999,Kazakhstan,EMIC,2018,IMO,award,2013,2017,2018,0,0.05237522655968498,0.03644962311920488
1009,Kazakhstan,EMIC,2018,IMO,award,2013,2017,2018,0,0.05237522655968498,0.03644962311920488
1010,Kazakhstan,EMIC,2018,IMO,award,2013,2017,2018,0,0.05237522655968498,0.08189306271724714
1012,Kazakhstan,EMIC,2018,IMO,award,2013,2017,2018,0,0.05237522655968498,0.03644962311920488
1016,Kazakhstan,EMIC,2018,IMO,award,2013,2017,2018,0,0.05237522655968498,0.041007275607492844
1019,Kazakhstan,EMIC,2018,IMO,award,2013,2017,2018,0,0.05237522655968498,0.14896323308485054
1025,Kazakhstan,EMIC,2018,IMO,award,2013,2017,2018,0,0.05237522655968498,0.03644962311920488
1029,Kazakhstan,EMIC,2018,IMO,award,2013,2017,2018,0,0.05237522655968498,0.03644962311920488
1034,Kazakhstan,EMIC,2018,IMO,award,2013,2017,2018,0,0.05237522655968498,0.14896323308485054
1054,Macau,IWYMIC,2018,IMO,award,2013,2017,2018,0,0.18943689789629542,0.3043365407080873
1056,Macau,EMIC,2018,IMO,award,2013,2017,2018,0,0.11279636779109858,0.30180784581815073
1081,Macau,IWYMIC,2018,IMO,award,2013,2017,2018,0,0.18943689789629542,0.38954374382670875
1083,Macau,EMIC,2018,IMO,award,2013,2017,2018,1,0.11279636779109858,0.18051716373471008
1085,Macau,IWYMIC,2018,IMO,award,2013,2017,2018,0,0.18943689789629542,0.13970309533776362
1093,Macau,IWYMIC,2018,IMO,award,2013,2017,2018,0,0.18943689789629542,0.12417178654276728
1108,Macau,EMIC,2018,IMO,award,2013,2017,2018,0,0.11279636779109858,0.30180784581815073
1109,Macau,EMIC,2018,IMO,award,2013,2017,2018,0,0.11279636779109858,0.0955150374953429
1113,Macau,EMIC,2018,IMO,award,2013,2017,2018,0,0.11279636779109858,0.0955150374953429
1114,Macau,IWYMIC,2018,IMO,award,2013,2017,2018,0,0.18943689789629542,0.1255996184308818
1117,Macau,IWYMIC,2018,IMO,award,2013,2017,2018,0,0.18943689789629542,0.14438410526825937
1127,Macau,IWYMIC,2018,IMO,award,2013,2017,2018,0,0.18943689789629542,0.38954374382670875
1135,Macau,EMIC,2018,IMO,award,2013,2017,2018,0,0.11279636779109858,0.18051716373471008
1140,Macau,EMIC,2018,IMO,award,2013,2017,2018,0,0.11279636779109858,0.0955150374953429
1152,Macau,IWYMIC,2018,IMO,award,2013,2017,2018,0,0.18943689789629542,0.14593892803602962
1156,Macau,EMIC,2018,IMO,award,2013,2017,2018,0,0.11279636779109858,0.0955150374953429
1157,Macau,EMIC,2018,IMO,award,2013,2017,2018,0,0.11279636779109858,0.08543898783572662
1162,Macau,IWYMIC,2018,IMO,award,2013,2017,2018,0,0.18943689789629542,0.13057859270759303
1168,Macau,EMIC,2018,IMO,award,2013,2017,2018,0,0.11279636779109858,0.18051716373471008
1169,Macau,IWYMIC,2018,IMO,award,2013,2017,2018,0,0.18943689789629542,0.15438445101939985
1187,Malaysia,EMIC,2018,IMO,award,2013,2017,2018,0,0.051841036618079026,0.03211071560138108
1250,Mexico,IWYMIC,2018,IMO,award,2013,2017,2018,1,0.23522878086115087,0.3512810078348825
1262,Mexico,IWYMIC,2018,IMO,award,2013,2017,2018,0,0.23522878086115087,0.19343578064602612
1270,Mexico,IWYMIC,2018,IMO,award,2013,2017,2018,0,0.23522878086115087,0.2559945195652552
1277,Mexico,EMIC,2018,IMO,award,2013,2017,2018,1,0.14333832376083241,0.13049654878389633
1280,Mexico,EMIC,2018,IMO,award,2013,2017,2018,0,0.14333832376083241,0.13049654878389633
1290,Mexico,IWYMIC,2018,IMO,award,2013,2017,2018,0,0.23522878086115087,0.17590435435793977
1296,Mexico,IWYMIC,2018,IMO,award,2013,2017,2018,1,0.23522878086115087,0.23003996555654524
1383,Nepal,EMIC,2018,IMO,award,2013,2017,2018,0,0.033394737142127026,0.027033353270459966
1387,Nepal,EMIC,2018,IMO,award,2013,2017,2018,0,0.033394737142127026,0.027033353270459966
1404,People's Republic of China,EMIC,2018,IMO,award,2013,2017,2018,0,0.006458163676380502,0.004346127146984219
1433,People's Republic of China,IWYMIC,2018,IMO,award,2013,2017,2018,0,0.011807833876408779,0.003207582201275643
1437,People's Republic of China,IWYMIC,2018,IMO,award,2013,2017,2018,0,0.011807833876408779,0.060618729415235544
1441,People's Republic of China,IWYMIC,2018,IMO,award,2013,2017,2018,0,0.011807833876408779,0.04672677570546179
1449,People's Republic of China,IWYMIC,2018,IMO,award,2013,2017,2018,0,0.011807833876408779,0.004148468441164383
1455,People's Republic of China,IWYMIC,2018,IMO,award,2013,2017,2018,0,0.011807833876408779,0.08433372722815344
1492,People's Republic of China,IWYMIC,2018,IMO,award,2013,2017,2018,0,0.011807833876408779,0.035654071619179495
1496,People's Republic of China,EMIC,2018,IMO,award,2013,2017,2018,0,0.006458163676380502,0.002088228151199597
1517,People's Republic of China,EMIC,2018,IMO,award,2013,2017,2018,0,0.006458163676380502,0.021021025884840113
1532,People's Republic of China,EMIC,2018,IMO,award,2013,2017,2018,0,0.006458163676380502,0.008493109022598045
1544,People's Republic of China,IWYMIC,2018,IMO,award,2013,2017,2018,0,0.011807833876408779,0.00523818375806437
1546,People's Republic of China,IWYMIC,2018,IMO,award,2013,2017,2018,0,0.011807833876408779,0.029060311879087312
1554,People's Republic of China,EMIC,2018,IMO,award,2013,2017,2018,0,0.006458163676380502,0.004346127146984219
1558,People's Republic of China,EMIC,2018,IMO,award,2013,2017,2018,0,0.006458163676380502,0.008493109022598045
1578,People's Republic of China,EMIC,2018,IMO,award,2013,2017,2018,0,0.006458163676380502,0.021021025884840113
1591,People's Republic of China,IWYMIC,2018,IMO,award,2013,2017,2018,0,0.011807833876408779,0.07443239392696357
1592,People's Republic of China,EMIC,2018,IMO,award,2013,2017,2018,0,0.006458163676380502,0.026667526487859097
1598,People's Republic of China,EMIC,2018,IMO,award,2013,2017,2018,0,0.006458163676380502,0.013914088459929856
1607,People's Republic of China,IWYMIC,2018,IMO,award,2013,2017,2018,0,0.011807833876408779,0.016486614487917346
1609,People's Republic of China,EMIC,2018,IMO,award,2013,2017,2018,0,0.006458163676380502,0.004346127146984219
1623,People's Republic of China,EMIC,2018,IMO,award,2013,2017,2018,0,0.006458163676380502,0.021021025884840113
1643,People's Republic of China,EMIC,2018,IMO,award,2013,2017,2018,0,0.006458163676380502,0.021021025884840113
1661,Philippines,IWYMIC,2018,IMO,award,2013,2017,2018,0,0.06655088848061626,0.17615225880508806
1678,Philippines,IWYMIC,2018,IMO,award,2013,2017,2018,0,0.06655088848061626,0.03703008490504091
1696,Philippines,EMIC,2018,IMO,award,2013,2017,2018,0,0.037336348841487954,0.017656411968194372
1698,Philippines,EMIC,2018,IMO,award,2013,2017,2018,0,0.037336348841487954,0.10809638461996042
1701,Philippines,IWYMIC,2018,IMO,award,2013,2017,2018,0,0.06655088848061626,0.05168329028986288
1722,Philippines,EMIC,2018,IMO,award,2013,2017,2018,0,0.037336348841487954,0.020822428613593038
1724,Philippines,EMIC,2018,IMO,award,2013,2017,2018,0,0.037336348841487954,0.06853181388409486
1735,Philippines,EMIC,2018,IMO,award,2013,2017,2018,0,0.037336348841487954,0.017656411968194372
1748,Philippines,EMIC,2018,IMO,award,2013,2017,2018,0,0.037336348841487954,0.017656411968194372
1764,Philippines,EMIC,2018,IMO,award,2013,2017,2018,0,0.037336348841487954,0.015651676265715207
1769,Philippines,EMIC,2018,IMO,award,2013,2017,2018,0,0.037336348841487954,0.017656411968194372
1772,Philippines,IWYMIC,2018,IMO,award,2013,2017,2018,0,0.06655088848061626,0.04327165466600104
1861,Philippines,EMIC,2018,IMO,award,2013,2017,2018,0,0.037336348841487954,0.0361378414879837
1917,Republic of Korea,EMIC,2018,IMO,award,2013,2017,2018,0,0.008604315362522864,0.0067614640862966174
1950,Republic of Korea,IWYMIC,2018,IMO,award,2013,2017,2018,0,0.015703667874740534,0.00909516366835178
1982,Romania,IWYMIC,2018,IMO,award,2013,2017,2018,0,0.028781198424178246,0.013914685356100038
1991,Romania,EMIC,2018,IMO,award,2013,2017,2018,0,0.0158650163237843,0.04124926113831519
2001,Romania,IWYMIC,2018,IMO,award,2013,2017,2018,0,0.028781198424178246,0.018066369590101838
2006,Romania,IWYMIC,2018,IMO,award,2013,2017,2018,0,0.028781198424178246,0.014406132253028685
2008,Romania,IWYMIC,2018,IMO,award,2013,2017,2018,0,0.028781198424178246,0.013992283592716521
2035,Romania,IWYMIC,2018,IMO,award,2013,2017,2018,0,0.028781198424178246,0.016006718451324266
2036,Romania,IWYMIC,2018,IMO,award,2013,2017,2018,0,0.028781198424178246,0.015329102707551643
2042,Romania,IWYMIC,2018,IMO,award,2013,2017,2018,0,0.028781198424178246,0.014728298068539276
2048,Russian Federation,EMIC,2018,IMO,award,2013,2017,2018,1,0.028805761405347276,0.017978173013667314
2049,Russian Federation,IWYMIC,2018,IMO,award,2013,2017,2018,0,0.051703884493219346,0.041697696075712026
2050,Russian Federation,IWYMIC,2018,IMO,award,2013,2017,2018,0,0.051703884493219346,0.021823454797108264
2051,Russian Federation,IWYMIC,2018,IMO,award,2013,2017,2018,0,0.051703884493219346,0.023241700877466263
2055,Russian Federation,IWYMIC,2018,IMO,award,2013,2017,2018,0,0.051703884493219346,0.022405397603093857
2067,Russian Federation,EMIC,2018,IMO,award,2013,2017,2018,0,0.028805761405347276,0.017978173013667314
2070,Russian Federation,IWYMIC,2018,IMO,award,2013,2017,2018,0,0.051703884493219346,0.024426725300351337
2071,Russian Federation,EMIC,2018,IMO,award,2013,2017,2018,0,0.028805761405347276,0.015237890858208404
2072,Russian Federation,EMIC,2018,IMO,award,2013,2017,2018,0,0.028805761405347276,0.017978173013667314
2073,Russian Federation,IWYMIC,2018,IMO,award,2013,2017,2018,0,0.051703884493219346,0.060241307382486564
2142,South Africa,EMIC,2018,IMO,award,2013,2017,2018,0,0.07190909410533404,0.06690016416180346
2201,South Africa,IWYMIC,2018,IMO,award,2013,2017,2018,0,0.12467228500327078,0.08825798788614014
2213,Sri Lanka,EMIC,2018,IMO,award,2013,2017,2018,0,0.18720130211649502,0.1721187886516769
2237,Sri Lanka,EMIC,2018,IMO,award,2013,2017,2018,1,0.18720130211649502,0.13453945231666709
2240,Sri Lanka,EMIC,2018,IMO,award,2013,2017,2018,0,0.18720130211649502,0.13453945231666709
2262,Sri Lanka,EMIC,2018,IMO,award,2013,2017,2018,0,0.18720130211649502,0.14945974633305315
2272,Taiwan,IWYMIC,2018,IMO,award,2013,2017,2018,0,0.04616712974553991,0.07055974068966689
2280,Taiwan,EMIC,2018,IMO,award,2013,2017,2018,0,0.025654734818522536,0.08217682279504819
2325,Taiwan,IWYMIC,2018,IMO,award,2013,2017,2018,0,0.04616712974553991,0.0127791431034211
2347,Taiwan,EMIC,2018,IMO,award,2013,2017,2018,0,0.025654734818522536,0.0555674824421408
2375,Taiwan,EMIC,2018,IMO,award,2013,2017,2018,0,0.025654734818522536,0.00865012808458449
2377,Taiwan,EMIC,2018,IMO,award,2013,2017,2018,0,0.025654734818522536,0.010218002855243982
2381,Taiwan,IWYMIC,2018,IMO,award,2013,2017,2018,0,0.04616712974553991,0.1505160015734744
2401,Taiwan,IWYMIC,2018,IMO,award,2013,2017,2018,0,0.04616712974553991,0.011729486589848903
2416,Taiwan,EMIC,2018,IMO,award,2013,2017,2018,0,0.025654734818522536,0.00865012808458449
2441,Taiwan,IWYMIC,2018,IMO,award,2013,2017,2018,0,0.04616712974553991,0.10380603324217066
2450,Taiwan,IWYMIC,2018,IMO,award,2013,2017,2018,0,0.04616712974553991,0.022999085963267534
2469,Taiwan,EMIC,2018,IMO,award,2013,2017,2018,0,0.025654734818522536,0.010218002855243982
2495,Taiwan,IWYMIC,2018,IMO,award,2013,2017,2018,0,0.04616712974553991,0.059670801334473604
2541,Tajikistan,EMIC,2018,IMO,award,2013,2017,2018,0,0.19464534962666372,0.1321762895102229
2543,Tajikistan,EMIC,2018,IMO,award,2013,2017,2018,1,0.19464534962666372,0.1468789879003841
2550,Tajikistan,IWYMIC,2018,IMO,award,2013,2017,2018,1,0.3076164431269041,0.19171545404144927
2553,Tajikistan,EMIC,2018,IMO,award,2013,2017,2018,1,0.19464534962666372,0.6927010425221732
2556,Tajikistan,EMIC,2018,IMO,award,2013,2017,2018,0,0.19464534962666372,0.1468789879003841
2557,Tajikistan,EMIC,2018,IMO,award,2013,2017,2018,0,0.19464534962666372,0.16922461639438108
2560,Tajikistan,EMIC,2018,IMO,award,2013,2017,2018,0,0.19464534962666372,0.1468789879003841
2563,Tajikistan,IWYMIC,2018,IMO,award,2013,2017,2018,1,0.3076164431269041,0.18974782983446034
2569,Tajikistan,IWYMIC,2018,IMO,award,2013,2017,2018,0,0.3076164431269041,0.22356754560316777
2580,Tajikistan,EMIC,2018,IMO,award,2013,2017,2018,1,0.19464534962666372,0.26423771033693483
2609,Thailand,IWYMIC,2018,IMO,award,2013,2017,2018,0,0.09227033862027802,0.3725261971634134
2624,Thailand,IWYMIC,2018,IMO,award,2013,2017,2018,0,0.09227033862027802,0.055339403859348074
2630,Thailand,EMIC,2018,IMO,award,2013,2017,2018,0,0.052399246922350914,0.020449996806513247
2633,Thailand,EMIC,2018,IMO,award,2013,2017,2018,0,0.052399246922350914,0.015370277252516032
2637,Thailand,IWYMIC,2018,IMO,award,2013,2017,2018,0,0.09227033862027802,0.0801023905757253
2641,Thailand,IWYMIC,2018,IMO,award,2013,2017,2018,0,0.09227033862027802,0.3099731445828955
2646,Thailand,EMIC,2018,IMO,award,2013,2017,2018,0,0.052399246922350914,0.035501408652144316
2649,Thailand,IWYMIC,2018,IMO,award,2013,2017,2018,0,0.09227033862027802,0.13902147864302888
2652,Thailand,EMIC,2018,IMO,award,2013,2017,2018,0,0.052399246922350914,0.015370277252516032
2654,Thailand,IWYMIC,2018,IMO,award,2013,2017,2018,1,0.09227033862027802,0.4040935258174673
2657,Thailand,IWYMIC,2018,IMO,award,2013,2017,2018,0,0.09227033862027802,0.02481061017512679
2659,Thailand,EMIC,2018,IMO,award,2013,2017,2018,0,0.052399246922350914,0.015370277252516032
2661,Thailand,IWYMIC,2018,IMO,award,2013,2017,2018,0,0.09227033862027802,0.12384590490925476
2662,Thailand,EMIC,2018,IMO,award,2013,2017,2018,0,0.052399246922350914,0.0173396050344405
2668,Thailand,EMIC,2018,IMO,award,2013,2017,2018,1,0.052399246922350914,0.015370277252516032
2669,Thailand,EMIC,2018,IMO,award,2013,2017,2018,0,0.052399246922350914,0.0173396050344405
2673,Thailand,EMIC,2018,IMO,award,2013,2017,2018,0,0.052399246922350914,0.020449996806513247
2701,Thailand,IWYMIC,2018,IMO,award,2013,2017,2018,0,0.09227033862027802,0.16346421189274585
2710,Thailand,EMIC,2018,IMO,award,2013,2017,2018,0,0.052399246922350914,0.035501408652144316
2711,Thailand,EMIC,2018,IMO,award,2013,2017,2018,0,0.052399246922350914,0.035501408652144316
2734,Thailand,EMIC,2018,IMO,award,2013,2017,2018,0,0.052399246922350914,0.020449996806513247
2744,Thailand,IWYMIC,2018,IMO,award,2013,2017,2018,0,0.09227033862027802,0.3330353426981494
2760,Thailand,IWYMIC,2018,IMO,award,2013,2017,2018,0,0.09227033862027802,0.12384590490925476
2774,Thailand,EMIC,2018,IMO,award,2013,2017,2018,1,0.052399246922350914,0.10633247667466016
2792,Thailand,EMIC,2018,IMO,award,2013,2017,2018,0,0.052399246922350914,0.015370277252516032
2812,Thailand,EMIC,2018,IMO,award,2013,2017,2018,0,0.052399246922350914,0.035501408652144316
2849,Ukraine,EMIC,2018,IMO,award,2013,2017,2018,0,0.04953211273891345,0.028823055283266348
2850,Ukraine,EMIC,2018,IMO,award,2013,2017,2018,0,0.04953211273891345,0.028823055283266348
2851,Ukraine,EMIC,2018,IMO,award,2013,2017,2018,0,0.04953211273891345,0.028823055283266348
2852,Ukraine,EMIC,2018,IMO,award,2013,2017,2018,0,0.04953211273891345,0.028823055283266348
2853,Ukraine,EMIC,2018,IMO,award,2013,2017,2018,0,0.04953211273891345,0.028823055283266348
2913,Uzbekistan,EMIC,2018,IMO,award,2013,2017,2018,1,0.334793145144857,0.37241772019934116
2929,Uzbekistan,EMIC,2018,IMO,award,2013,2017,2018,1,0.334793145144857,0.2518192130179184
2946,Uzbekistan,EMIC,2018,IMO,award,2013,2017,2018,1,0.334793145144857,0.5379978746785737
2963,Vietnam,IWYMIC,2018,IMO,award,2013,2017,2018,0,0.057595777963947034,0.023461917801884634
2966,Vietnam,IWYMIC,2018,IMO,award,2013,2017,2018,0,0.057595777963947034,0.019374493083419344
2970,Vietnam,EMIC,2018,IMO,award,2013,2017,2018,0,0.032176847594990114,0.011662857254943957
2977,Vietnam,EMIC,2018,IMO,award,2013,2017,2018,0,0.032176847594990114,0.011662857254943957
2987,Vietnam,EMIC,2018,IMO,award,2013,2017,2018,0,0.032176847594990114,0.1486808268888523
2999,Vietnam,IWYMIC,2018,IMO,award,2013,2017,2018,0,0.057595777963947034,0.017691222351205724
3000,Vietnam,EMIC,2018,IMO,award,2013,2017,2018,0,0.032176847594990114,0.013163519683417228
3013,Vietnam,EMIC,2018,IMO,award,2013,2017,2018,0,0.032176847594990114,0.027071722971915606
3018,Vietnam,IWYMIC,2018,IMO,award,2013,2017,2018,0,0.057595777963947034,0.017691222351205724
3025,Vietnam,EMIC,2018,IMO,award,2013,2017,2018,0,0.032176847594990114,0.011662857254943957
3035,Vietnam,IWYMIC,2018,IMO,award,2013,2017,2018,0,0.057595777963947034,0.01861813245919764
3055,Vietnam,EMIC,2018,IMO,award,2013,2017,2018,0,0.032176847594990114,0.015536646051455901
3059,Vietnam,EMIC,2018,IMO,award,2013,2017,2018,0,0.032176847594990114,0.0825232118931856
3061,Vietnam,IWYMIC,2018,IMO,award,2013,2017,2018,0,0.057595777963947034,0.017691222351205724
3073,Vietnam,IWYMIC,2018,IMO,award,2013,2017,2018,0,0.057595777963947034,0.03887448516441922
3092,Vietnam,EMIC,2018,IMO,award,2013,2017,2018,0,0.032176847594990114,0.0825232118931856
3095,Vietnam,EMIC,2018,IMO,award,2013,2017,2018,0,0.032176847594990114,0.027071722971915606
3096,Vietnam,IWYMIC,2018,IMO,award,2013,2017,2018,0,0.057595777963947034,0.02177187577115592
3097,Vietnam,EMIC,2018,IMO,award,2013,2017,2018,0,0.032176847594990114,0.027071722971915606
3100,Vietnam,EMIC,2018,IMO,award,2013,2017,2018,0,0.032176847594990114,0.027071722971915606
3107,Vietnam,EMIC,2018,IMO,award,2013,2017,2018,0,0.032176847594990114,0.0825232118931856
5,Australia,IWYMIC,2019,IMO,award,2013,2018,2019,0,0.06666645939920074,0.029893913628585653
7,Australia,IWYMIC,2019,IMO,award,2013,2018,2019,0,0.06666645939920074,0.03458974252348261
10,Australia,IWYMIC,2019,IMO,award,2013,2018,2019,0,0.06666645939920074,0.03129362163846619
43,Bulgaria,EMIC,2019,IMO,award,2013,2018,2019,0,0.014884638092672422,0.09726584825433059
49,Bulgaria,EMIC,2019,IMO,award,2013,2018,2019,0,0.014884638092672422,0.007862475191819991
76,Bulgaria,EMIC,2019,IMO,award,2013,2018,2019,0,0.014884638092672422,0.06403143416671035
114,Bulgaria,EMIC,2019,IMO,award,2013,2018,2019,0,0.014884638092672422,0.00784179538365414
139,Bulgaria,EMIC,2019,IMO,award,2013,2018,2019,1,0.014884638092672422,0.03646533573951324
144,Bulgaria,EMIC,2019,IMO,award,2013,2018,2019,0,0.014884638092672422,0.03646533573951324
162,Bulgaria,IWYMIC,2019,IMO,award,2013,2018,2019,0,0.024584994444877918,0.03152539200817569
167,Bulgaria,IWYMIC,2019,IMO,award,2013,2018,2019,0,0.024584994444877918,0.010921257997853748
186,Bulgaria,IWYMIC,2019,IMO,award,2013,2018,2019,0,0.024584994444877918,0.046792509839544125
208,Bulgaria,EMIC,2019,IMO,award,2013,2018,2019,1,0.014884638092672422,0.06403143416671035
211,Bulgaria,EMIC,2019,IMO,award,2013,2018,2019,0,0.014884638092672422,0.013403447788048927
256,Bulgaria,EMIC,2019,IMO,award,2013,2018,2019,0,0.014884638092672422,0.021244086360344805
276,Bulgaria,IWYMIC,2019,IMO,award,2013,2018,2019,0,0.024584994444877918,0.046792509839544125
289,Bulgaria,EMIC,2019,IMO,award,2013,2018,2019,0,0.014884638092672422,0.021244086360344805
299,Bulgaria,EMIC,2019,IMO,award,2013,2018,2019,0,0.014884638092672422,0.00784179538365414
336,Bulgaria,EMIC,2019,IMO,award,2013,2018,2019,0,0.014884638092672422,0.013403447788048927
343,Bulgaria,EMIC,2019,IMO,award,2013,2018,2019,0,0.014884638092672422,0.007862475191819991
348,Bulgaria,EMIC,2019,IMO,award,2013,2018,2019,0,0.014884638092672422,0.03646533573951324
355,Bulgaria,EMIC,2019,IMO,award,2013,2018,2019,0,0.014884638092672422,0.013403447788048927
374,Canada,IWYMIC,2019,IMO,award,2013,2018,2019,0,0.022923566817692295,0.013209847896813152
381,Canada,IWYMIC,2019,IMO,award,2013,2018,2019,0,0.022923566817692295,0.014368398008532964
382,Canada,IWYMIC,2019,IMO,award,2013,2018,2019,0,0.022923566817692295,0.012282554255204043
390,Canada,EMIC,2019,IMO,award,2013,2018,2019,0,0.013869429050601154,0.010673280529279489
393,Canada,IWYMIC,2019,IMO,award,2013,2018,2019,0,0.022923566817692295,0.012282554255204043
400,Canada,IWYMIC,2019,IMO,award,2013,2018,2019,0,0.022923566817692295,0.044175813305823826
403,Canada,EMIC,2019,IMO,award,2013,2018,2019,0,0.013869429050601154,0.010673280529279489
405,Cyprus,EMIC,2019,IMO,award,2013,2018,2019,0,0.1940059584646382,0.17094759884385372
423,Cyprus,IWYMIC,2019,IMO,award,2013,2018,2019,0,0.28649156648957397,0.19991049145385753
429,Cyprus,EMIC,2019,IMO,award,2013,2018,2019,1,0.1940059584646382,0.17116711306903576
434,Cyprus,IWYMIC,2019,IMO,award,2013,2018,2019,0,0.28649156648957397,0.19203177132825455
443,Ghana,IWYMIC,2019,IMO,award,2013,2018,2019,1,0.06024613841461367,0.03879258842098447
448,Ghana,IWYMIC,2019,IMO,award,2013,2018,2019,0,0.06024613841461367,0.03285446552745414
450,Hong Kong,EMIC,2019,IMO,award,2013,2018,2019,0,0.048419073026782486,0.025655382046903437
463,Hong Kong,EMIC,2019,IMO,award,2013,2018,2019,0,0.048419073026782486,0.11707037680977601
475,Hong Kong,EMIC,2019,IMO,award,2013,2018,2019,0,0.048419073026782486,0.06833769990165076
476,Hong Kong,EMIC,2019,IMO,award,2013,2018,2019,0,0.048419073026782486,0.018255914840519243
480,Hong Kong,EMIC,2019,IMO,award,2013,2018,2019,0,0.048419073026782486,0.06833769990165076
485,Hong Kong,EMIC,2019,IMO,award,2013,2018,2019,0,0.048419073026782486,0.018255914840519243
504,Hong Kong,IWYMIC,2019,IMO,award,2013,2018,2019,1,0.07823821524285547,0.4220905994445813
513,Hong Kong,EMIC,2019,IMO,award,2013,2018,2019,0,0.048419073026782486,0.06833769990165076
523,Hong Kong,EMIC,2019,IMO,award,2013,2018,2019,0,0.048419073026782486,0.015087633663318705
534,Hong Kong,EMIC,2019,IMO,award,2013,2018,2019,0,0.048419073026782486,0.018255914840519243
535,Hong Kong,EMIC,2019,IMO,award,2013,2018,2019,0,0.048419073026782486,0.11707037680977601
536,Hong Kong,EMIC,2019,IMO,award,2013,2018,2019,0,0.048419073026782486,0.018255914840519243
543,Hong Kong,EMIC,2019,IMO,award,2013,2018,2019,0,0.048419073026782486,0.015127130328504991
556,Hong Kong,EMIC,2019,IMO,award,2013,2018,2019,0,0.048419073026782486,0.015127130328504991
558,Hong Kong,EMIC,2019,IMO,award,2013,2018,2019,0,0.048419073026782486,0.11707037680977601
561,Hong Kong,EMIC,2019,IMO,award,2013,2018,2019,0,0.048419073026782486,0.025655382046903437
573,Hong Kong,EMIC,2019,IMO,award,2013,2018,2019,0,0.048419073026782486,0.025655382046903437
593,India,EMIC,2019,IMO,award,2013,2018,2019,0,0.020149131457449343,0.014276594989165245
605,India,EMIC,2019,IMO,award,2013,2018,2019,0,0.020149131457449343,0.020126692588534636
624,India,EMIC,2019,IMO,award,2013,2018,2019,0,0.020149131457449343,0.014276594989165245
671,Indonesia,EMIC,2019,IMO,award,2013,2018,2019,0,0.02826341208412208,0.016417382507162306
714,Indonesia,EMIC,2019,IMO,award,2013,2018,2019,0,0.02826341208412208,0.10635846002308944
740,Indonesia,IWYMIC,2019,IMO,award,2013,2018,2019,0,0.0462731981869911,0.0188475548491133
751,Indonesia,IWYMIC,2019,IMO,award,2013,2018,2019,0,0.0462731981869911,0.030963554534554034
818,Indonesia,EMIC,2019,IMO,award,2013,2018,2019,0,0.02826341208412208,0.03638674044644688
824,Islamic Republic of Iran,IWYMIC,2019,IMO,award,2013,2018,2019,0,0.0828484755825971,0.05246626433453512
838,Islamic Republic of Iran,EMIC,2019,IMO,award,2013,2018,2019,0,0.05137013742060293,0.03349171007782566
840,Islamic Republic of Iran,IWYMIC,2019,IMO,award,2013,2018,2019,0,0.0828484755825971,0.04724504699737262
842,Islamic Republic of Iran,EMIC,2019,IMO,award,2013,2018,2019,1,0.05137013742060293,0.03357774274168233
843,Islamic Republic of Iran,EMIC,2019,IMO,award,2013,2018,2019,0,0.05137013742060293,0.03357774274168233
862,Islamic Republic of Iran,EMIC,2019,IMO,award,2013,2018,2019,0,0.05137013742060293,0.03349171007782566
865,Islamic Republic of Iran,IWYMIC,2019,IMO,award,2013,2018,2019,0,0.0828484755825971,0.049983910801239304
875,Islamic Republic of Iran,EMIC,2019,IMO,award,2013,2018,2019,0,0.05137013742060293,0.040306379332961016
885,Islamic Republic of Iran,IWYMIC,2019,IMO,award,2013,2018,2019,0,0.0828484755825971,0.05370365996971899
892,Islamic Republic of Iran,IWYMIC,2019,IMO,award,2013,2018,2019,0,0.0828484755825971,0.04617507685130969
895,Islamic Republic of Iran,IWYMIC,2019,IMO,award,2013,2018,2019,0,0.0828484755825971,0.04586714180589544
904,Islamic Republic of Iran,EMIC,2019,IMO,award,2013,2018,2019,0,0.05137013742060293,0.03357774274168233
911,Islamic Republic of Iran,IWYMIC,2019,IMO,award,2013,2018,2019,0,0.0828484755825971,0.04678533459200939
914,Islamic Republic of Iran,EMIC,2019,IMO,award,2013,2018,2019,0,0.05137013742060293,0.04036630487426441
917,Islamic Republic of Iran,IWYMIC,2019,IMO,award,2013,2018,2019,0,0.0828484755825971,0.04617507685130969
919,Islamic Republic of Iran,EMIC,2019,IMO,award,2013,2018,2019,0,0.05137013742060293,0.03349171007782566
925,Islamic Republic of Iran,IWYMIC,2019,IMO,award,2013,2018,2019,0,0.0828484755825971,0.04777342214437522
928,Islamic Republic of Iran,EMIC,2019,IMO,award,2013,2018,2019,0,0.05137013742060293,0.03349171007782566
930,Islamic Republic of Iran,EMIC,2019,IMO,award,2013,2018,2019,0,0.05137013742060293,0.03357774274168233
932,Islamic Republic of Iran,EMIC,2019,IMO,award,2013,2018,2019,0,0.05137013742060293,0.03357774274168233
933,Islamic Republic of Iran,IWYMIC,2019,IMO,award,2013,2018,2019,0,0.0828484755825971,0.04586714180589544
935,Islamic Republic of Iran,IWYMIC,2019,IMO,award,2013,2018,2019,0,0.0828484755825971,0.04617507685130969
940,Islamic Republic of Iran,EMIC,2019,IMO,award,2013,2018,2019,0,0.05137013742060293,0.03349171007782566
948,Islamic Republic of Iran,IWYMIC,2019,IMO,award,2013,2018,2019,0,0.0828484755825971,0.07028450429632994
955,Islamic Republic of Iran,EMIC,2019,IMO,award,2013,2018,2019,0,0.05137013742060293,0.03349171007782566
983,Kazakhstan,EMIC,2019,IMO,award,2013,2018,2019,0,0.03803353086144571,0.030981373306771223
1003,Kazakhstan,EMIC,2019,IMO,award,2013,2018,2019,0,0.03803353086144571,0.03102788312410855
1021,Kazakhstan,EMIC,2019,IMO,award,2013,2018,2019,0,0.03803353086144571,0.025701076943348545
1035,Kazakhstan,EMIC,2019,IMO,award,2013,2018,2019,0,0.03803353086144571,0.043375352878932225
1036,Kazakhstan,EMIC,2019,IMO,award,2013,2018,2019,0,0.03803353086144571,0.030981373306771223
1057,Macau,IWYMIC,2019,IMO,award,2013,2018,2019,1,0.1322610479356844,0.10037464144321585
1066,Macau,EMIC,2019,IMO,award,2013,2018,2019,0,0.08372218319395992,0.058320129568906795
1076,Macau,IWYMIC,2019,IMO,award,2013,2018,2019,0,0.1322610479356844,0.08499799286822955
1096,Macau,EMIC,2019,IMO,award,2013,2018,2019,0,0.08372218319395992,0.14502556583570983
1100,Macau,EMIC,2019,IMO,award,2013,2018,2019,0,0.08372218319395992,0.06964955840825361
1118,Macau,EMIC,2019,IMO,award,2013,2018,2019,0,0.08372218319395992,0.0959804010915003
1123,Macau,IWYMIC,2019,IMO,award,2013,2018,2019,1,0.1322610479356844,0.09186647488954794
1134,Macau,EMIC,2019,IMO,award,2013,2018,2019,0,0.08372218319395992,0.22825263885338393
1148,Macau,EMIC,2019,IMO,award,2013,2018,2019,0,0.08372218319395992,0.06974993923388956
1153,Macau,IWYMIC,2019,IMO,award,2013,2018,2019,0,0.1322610479356844,0.10330964838044475
1160,Macau,IWYMIC,2019,IMO,award,2013,2018,2019,0,0.1322610479356844,0.07892564433154325
1165,Macau,EMIC,2019,IMO,award,2013,2018,2019,0,0.08372218319395992,0.06974993923388956
1167,Macau,IWYMIC,2019,IMO,award,2013,2018,2019,1,0.1322610479356844,0.15094757516739365
1170,Macau,IWYMIC,2019,IMO,award,2013,2018,2019,0,0.1322610479356844,0.09186647488954794
1183,Malaysia,IWYMIC,2019,IMO,award,2013,2018,2019,1,0.06817963789225823,0.03369390900881037
1197,Malaysia,EMIC,2019,IMO,award,2013,2018,2019,0,0.04201938771286417,0.03832507934993251
1198,Malaysia,IWYMIC,2019,IMO,award,2013,2018,2019,0,0.06817963789225823,0.031161954414674106
1211,Malaysia,EMIC,2019,IMO,award,2013,2018,2019,0,0.04201938771286417,0.05985965226588321
1222,Malaysia,IWYMIC,2019,IMO,award,2013,2018,2019,1,0.06817963789225823,0.25263213191163
1225,Malaysia,EMIC,2019,IMO,award,2013,2018,2019,0,0.04201938771286417,0.02271876968923083
1251,Mexico,EMIC,2019,IMO,award,2013,2018,2019,0,0.14257720572710453,0.13725189589460848
1254,Mexico,IWYMIC,2019,IMO,award,2013,2018,2019,1,0.21715128794735572,0.5623892766625339
1272,Mexico,EMIC,2019,IMO,award,2013,2018,2019,0,0.14257720572710453,0.11630067987113737
1288,Mexico,EMIC,2019,IMO,award,2013,2018,2019,0,0.14257720572710453,0.26495311107417974
1289,Mexico,IWYMIC,2019,IMO,award,2013,2018,2019,0,0.21715128794735572,0.3508951846062869
1384,Nepal,EMIC,2019,IMO,award,2013,2018,2019,0,0.026434455431193937,0.01936243964708017
1385,Nepal,IWYMIC,2019,IMO,award,2013,2018,2019,0,0.04333077627283526,0.02645419320192088
1388,Nepal,EMIC,2019,IMO,award,2013,2018,2019,0,0.026434455431193937,0.01936243964708017
1396,People's Republic of China,EMIC,2019,IMO,award,2013,2018,2019,0,0.00508881137184618,0.018623363086975722
1397,People's Republic of China,EMIC,2019,IMO,award,2013,2018,2019,0,0.00508881137184618,0.001393809935234258
1406,People's Republic of China,EMIC,2019,IMO,award,2013,2018,2019,0,0.00508881137184618,0.011905627262438169
1434,People's Republic of China,IWYMIC,2019,IMO,award,2013,2018,2019,0,0.008460027196393879,0.03801359059689122
1446,People's Republic of China,EMIC,2019,IMO,award,2013,2018,2019,0,0.00508881137184618,0.018623363086975722
1503,People's Republic of China,EMIC,2019,IMO,award,2013,2018,2019,0,0.00508881137184618,0.011905627262438169
1567,People's Republic of China,IWYMIC,2019,IMO,award,2013,2018,2019,0,0.008460027196393879,0.013446256572921589
1568,People's Republic of China,IWYMIC,2019,IMO,award,2013,2018,2019,0,0.008460027196393879,0.019891717155632177
1612,People's Republic of China,EMIC,2019,IMO,award,2013,2018,2019,0,0.00508881137184618,0.006621396036290582
1617,People's Republic of China,IWYMIC,2019,IMO,award,2013,2018,2019,0,0.008460027196393879,0.005700479351279986
1644,People's Republic of China,EMIC,2019,IMO,award,2013,2018,2019,0,0.00508881137184618,0.0016843556004998955
1676,Philippines,EMIC,2019,IMO,award,2013,2018,2019,1,0.02894368403315818,0.02011604147212118
1680,Philippines,EMIC,2019,IMO,award,2013,2018,2019,0,0.02894368403315818,0.014268994682316394
1691,Philippines,EMIC,2019,IMO,award,2013,2018,2019,1,0.02894368403315818,0.05409431780341296
1692,Philippines,EMIC,2019,IMO,award,2013,2018,2019,0,0.02894368403315818,0.011802372719224357
1693,Philippines,EMIC,2019,IMO,award,2013,2018,2019,0,0.02894368403315818,0.01429078556796175
1706,Philippines,IWYMIC,2019,IMO,award,2013,2018,2019,0,0.0473658184053083,0.019184817966612082
1715,Philippines,EMIC,2019,IMO,award,2013,2018,2019,0,0.02894368403315818,0.01429078556796175
1716,Philippines,IWYMIC,2019,IMO,award,2013,2018,2019,0,0.0473658184053083,0.02700447611344909
1731,Philippines,EMIC,2019,IMO,award,2013,2018,2019,0,0.02894368403315818,0.011833372500677704
1732,Philippines,IWYMIC,2019,IMO,award,2013,2018,2019,0,0.0473658184053083,0.06905629212009796
1734,Philippines,EMIC,2019,IMO,award,2013,2018,2019,0,0.02894368403315818,0.03175696437532136
1757,Philippines,EMIC,2019,IMO,award,2013,2018,2019,0,0.02894368403315818,0.01429078556796175
1758,Philippines,EMIC,2019,IMO,award,2013,2018,2019,0,0.02894368403315818,0.01429078556796175
1817,Philippines,EMIC,2019,IMO,award,2013,2018,2019,0,0.02894368403315818,0.03175696437532136
1821,Philippines,EMIC,2019,IMO,award,2013,2018,2019,1,0.02894368403315818,0.05409431780341296
1827,Philippines,EMIC,2019,IMO,award,2013,2018,2019,0,0.02894368403315818,0.02011604147212118
1832,Philippines,EMIC,2019,IMO,award,2013,2018,2019,0,0.02894368403315818,0.011833372500677704
1835,Philippines,IWYMIC,2019,IMO,award,2013,2018,2019,0,0.0473658184053083,0.04688238467227913
1858,Philippines,IWYMIC,2019,IMO,award,2013,2018,2019,1,0.0473658184053083,0.25319112476931066
1862,Philippines,IWYMIC,2019,IMO,award,2013,2018,2019,0,0.0473658184053083,0.019184817966612082
1870,Republic of Korea,EMIC,2019,IMO,award,2013,2018,2019,0,0.0069504732395266776,0.004739390837774696
1965,Republic of Korea,IWYMIC,2019,IMO,award,2013,2018,2019,0,0.011540689518441411,0.007110674770270526
1967,Republic of Korea,IWYMIC,2019,IMO,award,2013,2018,2019,0,0.011540689518441411,0.11907923717069759
1973,Romania,EMIC,2019,IMO,award,2013,2018,2019,0,0.011869560985686887,0.006980125726370575
1974,Romania,EMIC,2019,IMO,award,2013,2018,2019,0,0.011869560985686887,0.008447543555742483
1989,Romania,EMIC,2019,IMO,award,2013,2018,2019,0,0.011869560985686887,0.006980125726370575
1996,Romania,EMIC,2019,IMO,award,2013,2018,2019,0,0.011869560985686887,0.006980125726370575
2009,Romania,EMIC,2019,IMO,award,2013,2018,2019,0,0.011869560985686887,0.008460520520934116
2022,Romania,IWYMIC,2019,IMO,award,2013,2018,2019,0,0.019644166648422244,0.013737974492629463
2033,Romania,EMIC,2019,IMO,award,2013,2018,2019,0,0.011869560985686887,0.008447543555742483
2130,South Africa,EMIC,2019,IMO,award,2013,2018,2019,0,0.05726949394990603,0.05802479803063575
2132,South Africa,IWYMIC,2019,IMO,award,2013,2018,2019,0,0.0920121764024204,0.066295122278009
2137,South Africa,IWYMIC,2019,IMO,award,2013,2018,2019,0,0.0920121764024204,0.07100704091208267
2140,South Africa,IWYMIC,2019,IMO,award,2013,2018,2019,0,0.0920121764024204,0.07814867661464368
2150,South Africa,IWYMIC,2019,IMO,award,2013,2018,2019,0,0.0920121764024204,0.06795563212679653
2151,South Africa,IWYMIC,2019,IMO,award,2013,2018,2019,0,0.0920121764024204,0.066295122278009
2152,South Africa,IWYMIC,2019,IMO,award,2013,2018,2019,1,0.0920121764024204,0.06945857462957161
2159,South Africa,EMIC,2019,IMO,award,2013,2018,2019,0,0.05726949394990603,0.05802479803063575
2161,South Africa,IWYMIC,2019,IMO,award,2013,2018,2019,1,0.0920121764024204,0.09149878538813751
2169,South Africa,IWYMIC,2019,IMO,award,2013,2018,2019,0,0.0920121764024204,0.06586227456603341
2182,South Africa,IWYMIC,2019,IMO,award,2013,2018,2019,0,0.0920121764024204,0.06715256901170615
2183,South Africa,EMIC,2019,IMO,award,2013,2018,2019,0,0.05726949394990603,0.05802479803063575
2190,South Africa,EMIC,2019,IMO,award,2013,2018,2019,0,0.05726949394990603,0.058109471383348835
2199,South Africa,IWYMIC,2019,IMO,award,2013,2018,2019,0,0.0920121764024204,0.06586227456603341
2202,South Africa,IWYMIC,2019,IMO,award,2013,2018,2019,0,0.0920121764024204,0.07814867661464368
2203,South Africa,EMIC,2019,IMO,award,2013,2018,2019,0,0.05726949394990603,0.058109471383348835
2218,Sri Lanka,IWYMIC,2019,IMO,award,2013,2018,2019,1,0.23998571019766282,0.34636054780847164
2230,Sri Lanka,EMIC,2019,IMO,award,2013,2018,2019,0,0.15916417972674943,0.13508514822964754
2231,Sri Lanka,IWYMIC,2019,IMO,award,2013,2018,2019,0,0.23998571019766282,0.1740424516481478
2238,Sri Lanka,EMIC,2019,IMO,award,2013,2018,2019,0,0.15916417972674943,0.11426404408431375
2242,Sri Lanka,EMIC,2019,IMO,award,2013,2018,2019,0,0.15916417972674943,0.13490437584763668
2249,Sri Lanka,EMIC,2019,IMO,award,2013,2018,2019,1,0.15916417972674943,0.13490437584763668
2254,Sri Lanka,EMIC,2019,IMO,award,2013,2018,2019,1,0.15916417972674943,0.11426404408431375
2278,Taiwan,IWYMIC,2019,IMO,award,2013,2018,2019,1,0.033123327808302294,0.20209188931257024
2284,Taiwan,EMIC,2019,IMO,award,2013,2018,2019,0,0.020123554971016235,0.010115656799988946
2290,Taiwan,EMIC,2019,IMO,award,2013,2018,2019,0,0.020123554971016235,0.0059256904412892065
2298,Taiwan,EMIC,2019,IMO,award,2013,2018,2019,0,0.020123554971016235,0.0059256904412892065
2305,Taiwan,IWYMIC,2019,IMO,award,2013,2018,2019,0,0.033123327808302294,0.055007249509803416
2314,Taiwan,EMIC,2019,IMO,award,2013,2018,2019,0,0.020123554971016235,0.005910074400949938
2316,Taiwan,IWYMIC,2019,IMO,award,2013,2018,2019,0,0.033123327808302294,0.1057329286669111
2330,Taiwan,EMIC,2019,IMO,award,2013,2018,2019,0,0.020123554971016235,0.007165162608292838
2356,Taiwan,IWYMIC,2019,IMO,award,2013,2018,2019,0,0.033123327808302294,0.042763654006110326
2372,Taiwan,IWYMIC,2019,IMO,award,2013,2018,2019,0,0.033123327808302294,0.0096428211991772
2389,Taiwan,IWYMIC,2019,IMO,award,2013,2018,2019,0,0.033123327808302294,0.023900073402862047
2409,Taiwan,EMIC,2019,IMO,award,2013,2018,2019,0,0.020123554971016235,0.005910074400949938
2414,Taiwan,IWYMIC,2019,IMO,award,2013,2018,2019,0,0.033123327808302294,0.20209188931257024
2425,Taiwan,EMIC,2019,IMO,award,2013,2018,2019,0,0.020123554971016235,0.005910074400949938
2426,Taiwan,IWYMIC,2019,IMO,award,2013,2018,2019,0,0.033123327808302294,0.013627234934391462
2430,Taiwan,IWYMIC,2019,IMO,award,2013,2018,2019,0,0.033123327808302294,0.1057329286669111
2461,Taiwan,EMIC,2019,IMO,award,2013,2018,2019,0,0.020123554971016235,0.0059256904412892065
2465,Taiwan,IWYMIC,2019,IMO,award,2013,2018,2019,0,0.033123327808302294,0.07976422274493132
2489,Taiwan,IWYMIC,2019,IMO,award,2013,2018,2019,0,0.033123327808302294,0.008655996802456482
2504,Taiwan,EMIC,2019,IMO,award,2013,2018,2019,0,0.020123554971016235,0.005910074400949938
2513,Taiwan,EMIC,2019,IMO,award,2013,2018,2019,0,0.020123554971016235,0.0059256904412892065
2514,Taiwan,IWYMIC,2019,IMO,award,2013,2018,2019,0,0.033123327808302294,0.055007249509803416
2536,Tajikistan,EMIC,2019,IMO,award,2013,2018,2019,0,0.21930324658655093,0.18421761440978374
2572,Tajikistan,EMIC,2019,IMO,award,2013,2018,2019,0,0.21930324658655093,0.18421761440978374
2595,Thailand,IWYMIC,2019,IMO,award,2013,2018,2019,0,0.07482371897821873,0.21027746444509468
2597,Thailand,EMIC,2019,IMO,award,2013,2018,2019,0,0.04624066871634163,0.03546417787388583
2610,Thailand,IWYMIC,2019,IMO,award,2013,2018,2019,0,0.07482371897821873,0.05225999293208223
2621,Thailand,EMIC,2019,IMO,award,2013,2018,2019,0,0.04624066871634163,0.015992727213364376
2626,Thailand,IWYMIC,2019,IMO,award,2013,2018,2019,0,0.07482371897821873,0.07677247045193249
2629,Thailand,EMIC,2019,IMO,award,2013,2018,2019,0,0.04624066871634163,0.060246875299208955
2642,Thailand,EMIC,2019,IMO,award,2013,2018,2019,0,0.04624066871634163,0.10385301078704737
2644,Thailand,EMIC,2019,IMO,award,2013,2018,2019,0,0.04624066871634163,0.022495901220829603
2648,Thailand,EMIC,2019,IMO,award,2013,2018,2019,0,0.04624066871634163,0.060246875299208955
2658,Thailand,EMIC,2019,IMO,award,2013,2018,2019,0,0.04624066871634163,0.03546417787388583
2666,Thailand,EMIC,2019,IMO,award,2013,2018,2019,0,0.04624066871634163,0.03546417787388583
2674,Thailand,EMIC,2019,IMO,award,2013,2018,2019,0,0.04624066871634163,0.03546417787388583
2677,Thailand,IWYMIC,2019,IMO,award,2013,2018,2019,0,0.07482371897821873,0.05225999293208223
2682,Thailand,EMIC,2019,IMO,award,2013,2018,2019,0,0.04624066871634163,0.022495901220829603
2714,Thailand,EMIC,2019,IMO,award,2013,2018,2019,1,0.04624066871634163,0.15434771615363
2722,Thailand,EMIC,2019,IMO,award,2013,2018,2019,0,0.04624066871634163,0.013211932401612952
2745,Thailand,IWYMIC,2019,IMO,award,2013,2018,2019,1,0.07482371897821873,0.07677247045193249
2758,Thailand,IWYMIC,2019,IMO,award,2013,2018,2019,0,0.07482371897821873,0.037106499319685
2766,Thailand,IWYMIC,2019,IMO,award,2013,2018,2019,0,0.07482371897821873,0.037106499319685
2772,Thailand,EMIC,2019,IMO,award,2013,2018,2019,0,0.04624066871634163,0.013246584864329277
2790,Thailand,EMIC,2019,IMO,award,2013,2018,2019,0,0.04624066871634163,0.022495901220829603
2791,Thailand,IWYMIC,2019,IMO,award,2013,2018,2019,0,0.07482371897821873,0.01823521920414347
2797,Thailand,IWYMIC,2019,IMO,award,2013,2018,2019,0,0.07482371897821873,0.11589636318255572
2798,Thailand,EMIC,2019,IMO,award,2013,2018,2019,0,0.04624066871634163,0.013246584864329277
2803,Thailand,IWYMIC,2019,IMO,award,2013,2018,2019,1,0.07482371897821873,0.11589636318255572
2814,Thailand,IWYMIC,2019,IMO,award,2013,2018,2019,0,0.07482371897821873,0.030174187715731233
2826,Thailand,EMIC,2019,IMO,award,2013,2018,2019,0,0.04624066871634163,0.022495901220829603
2829,Thailand,IWYMIC,2019,IMO,award,2013,2018,2019,0,0.07482371897821873,0.11589636318255572
2846,Tunisia,IWYMIC,2019,IMO,award,2013,2018,2019,0,0.06666645939920074,0.032825837636842076
2847,Tunisia,EMIC,2019,IMO,award,2013,2018,2019,0,0.041061225154528834,0.021028554850812668
2915,Uzbekistan,IWYMIC,2019,IMO,award,2013,2018,2019,0,0.4911335172103891,0.30157002664870236
2916,Uzbekistan,EMIC,2019,IMO,award,2013,2018,2019,0,0.36652078222811935,0.25814755373133347
2927,Uzbekistan,EMIC,2019,IMO,award,2013,2018,2019,0,0.36652078222811935,0.330429955519947
2932,Uzbekistan,EMIC,2019,IMO,award,2013,2018,2019,1,0.36652078222811935,0.25844413558607765
2948,Uzbekistan,EMIC,2019,IMO,award,2013,2018,2019,1,0.36652078222811935,0.7130616242506227
2974,Vietnam,EMIC,2019,IMO,award,2013,2018,2019,0,0.02312797629128026,0.022642356172193335
2984,Vietnam,EMIC,2019,IMO,award,2013,2018,2019,0,0.02312797629128026,0.03882571488680107
2997,Vietnam,EMIC,2019,IMO,award,2013,2018,2019,0,0.02312797629128026,0.03882571488680107
3046,Vietnam,EMIC,2019,IMO,award,2013,2018,2019,0,0.02312797629128026,0.022642356172193335
3071,Vietnam,EMIC,2019,IMO,award,2013,2018,2019,0,0.02312797629128026,0.10314052787772303
3101,Vietnam,EMIC,2019,IMO,award,2013,2018,2019,0,0.02312797629128026,0.06805013049817402
13,Bangladesh,IWYMIC,2021,IMO,award,2013,2020,2021,0,0.05982330007075071,0.2234686845372696
14,Bangladesh,EMIC,2021,IMO,award,2013,2020,2021,0,0.034395338280437025,0.01977820647488832
19,Bangladesh,EMIC,2021,IMO,award,2013,2020,2021,0,0.034395338280437025,0.01977820647488832
22,Bangladesh,IWYMIC,2021,IMO,award,2013,2020,2021,0,0.05982330007075071,0.029791354985821267
24,Bangladesh,IWYMIC,2021,IMO,award,2013,2020,2021,0,0.05982330007075071,0.03869227281307356
25,Bangladesh,IWYMIC,2021,IMO,award,2013,2020,2021,0,0.05982330007075071,0.028348521923575294
30,Bolivia,IWYMIC,2021,IMO,award,2013,2020,2021,0,0.06987935580856217,0.030896983639985543
31,Bolivia,EMIC,2021,IMO,award,2013,2020,2021,0,0.040360547779930034,0.025150481827253997
42,Bulgaria,EMIC,2021,IMO,award,2013,2020,2021,0,0.017058687669299716,0.019049520116778632
45,Bulgaria,EMIC,2021,IMO,award,2013,2020,2021,0,0.017058687669299716,0.019049520116778632
50,Bulgaria,EMIC,2021,IMO,award,2013,2020,2021,0,0.017058687669299716,0.008817474021817193
65,Bulgaria,EMIC,2021,IMO,award,2013,2020,2021,0,0.017058687669299716,0.00858351193298278
66,Bulgaria,EMIC,2021,IMO,award,2013,2020,2021,0,0.017058687669299716,0.01339445908170957
77,Bulgaria,EMIC,2021,IMO,award,2013,2020,2021,0,0.017058687669299716,0.01339445908170957
79,Bulgaria,IWYMIC,2021,IMO,award,2013,2020,2021,0,0.0300690359530368,0.03835599730045127
90,Bulgaria,IWYMIC,2021,IMO,award,2013,2020,2021,0,0.0300690359530368,0.07989493729546225
92,Bulgaria,IWYMIC,2021,IMO,award,2013,2020,2021,0,0.0300690359530368,0.01284083396555397
100,Bulgaria,IWYMIC,2021,IMO,award,2013,2020,2021,0,0.0300690359530368,0.019714633041181175
102,Bulgaria,IWYMIC,2021,IMO,award,2013,2020,2021,0,0.0300690359530368,0.1274586278964271
103,Bulgaria,EMIC,2021,IMO,award,2013,2020,2021,0,0.017058687669299716,0.008817474021817193
108,Bulgaria,IWYMIC,2021,IMO,award,2013,2020,2021,0,0.0300690359530368,0.2215682243885368
150,Bulgaria,IWYMIC,2021,IMO,award,2013,2020,2021,0,0.0300690359530368,0.06755223748208705
174,Bulgaria,EMIC,2021,IMO,award,2013,2020,2021,0,0.017058687669299716,0.01045645274501142
185,Bulgaria,IWYMIC,2021,IMO,award,2013,2020,2021,0,0.0300690359530368,0.044203802400884736
202,Bulgaria,EMIC,2021,IMO,award,2013,2020,2021,0,0.017058687669299716,0.01045645274501142
207,Bulgaria,IWYMIC,2021,IMO,award,2013,2020,2021,0,0.0300690359530368,0.14084556339553866
215,Bulgaria,EMIC,2021,IMO,award,2013,2020,2021,0,0.017058687669299716,0.05749415990132541
223,Bulgaria,EMIC,2021,IMO,award,2013,2020,2021,0,0.017058687669299716,0.05749415990132541
224,Bulgaria,EMIC,2021,IMO,award,2013,2020,2021,0,0.017058687669299716,0.00858351193298278
229,Bulgaria,EMIC,2021,IMO,award,2013,2020,2021,0,0.017058687669299716,0.01339445908170957
262,Bulgaria,EMIC,2021,IMO,award,2013,2020,2021,0,0.017058687669299716,0.0422010713935553
271,Bulgaria,EMIC,2021,IMO,award,2013,2020,2021,0,0.017058687669299716,0.05749415990132541
272,Bulgaria,EMIC,2021,IMO,award,2013,2020,2021,0,0.017058687669299716,0.00858351193298278
278,Bulgaria,EMIC,2021,IMO,award,2013,2020,2021,0,0.017058687669299716,0.0422010713935553
286,Bulgaria,EMIC,2021,IMO,award,2013,2020,2021,0,0.017058687669299716,0.02879478298343403
304,Bulgaria,EMIC,2021,IMO,award,2013,2020,2021,0,0.017058687669299716,0.02879478298343403
310,Bulgaria,EMIC,2021,IMO,award,2013,2020,2021,0,0.017058687669299716,0.11887642401721883
328,Bulgaria,IWYMIC,2021,IMO,award,2013,2020,2021,0,0.0300690359530368,0.027995612218810983
339,Bulgaria,EMIC,2021,IMO,award,2013,2020,2021,0,0.017058687669299716,0.010215061908540624
345,Bulgaria,EMIC,2021,IMO,award,2013,2020,2021,0,0.017058687669299716,0.019049520116778632
352,Bulgaria,EMIC,2021,IMO,award,2013,2020,2021,0,0.017058687669299716,0.008817474021817193
365,Bulgaria,IWYMIC,2021,IMO,award,2013,2020,2021,0,0.0300690359530368,0.20040144264638932
372,Bulgaria,EMIC,2021,IMO,award,2013,2020,2021,0,0.017058687669299716,0.05749415990132541
409,Cyprus,IWYMIC,2021,IMO,award,2013,2020,2021,1,0.29510743287225244,0.2809521082107131
412,Cyprus,EMIC,2021,IMO,award,2013,2020,2021,0,0.1898682044261193,0.17730281112581997
421,Cyprus,IWYMIC,2021,IMO,award,2013,2020,2021,1,0.29510743287225244,0.6867883244756537
439,Cyprus,EMIC,2021,IMO,award,2013,2020,2021,1,0.1898682044261193,0.17730281112581997
440,Cyprus,IWYMIC,2021,IMO,award,2013,2020,2021,0,0.29510743287225244,0.35319129966497537
455,Hong Kong,EMIC,2021,IMO,award,2013,2020,2021,0,0.04694507539885159,0.014018452328899186
506,Hong Kong,EMIC,2021,IMO,award,2013,2020,2021,0,0.04694507539885159,0.014018452328899186
512,Hong Kong,EMIC,2021,IMO,award,2013,2020,2021,0,0.04694507539885159,0.01622691013449506
519,Hong Kong,EMIC,2021,IMO,award,2013,2020,2021,0,0.04694507539885159,0.01660798242922076
522,Hong Kong,EMIC,2021,IMO,award,2013,2020,2021,0,0.04694507539885159,0.01622691013449506
549,Hong Kong,IWYMIC,2021,IMO,award,2013,2020,2021,0,0.08087381004619937,0.021748770451827694
576,Hong Kong,EMIC,2021,IMO,award,2013,2020,2021,0,0.04694507539885159,0.014018452328899186
590,Hong Kong,EMIC,2021,IMO,award,2013,2020,2021,0,0.04694507539885159,0.030102564575268005
594,India,EMIC,2021,IMO,award,2013,2020,2021,0,0.0178920361313874,0.013090577055457738
608,India,EMIC,2021,IMO,award,2013,2020,2021,0,0.0178920361313874,0.0243507315252078
609,India,EMIC,2021,IMO,award,2013,2020,2021,0,0.0178920361313874,0.011004856163625613
617,India,EMIC,2021,IMO,award,2013,2020,2021,0,0.0178920361313874,0.011304064684426006
618,India,IWYMIC,2021,IMO,award,2013,2020,2021,0,0.031517584423869274,0.017289799816417678
622,India,IWYMIC,2021,IMO,award,2013,2020,2021,0,0.031517584423869274,0.017289799816417678
629,Indonesia,EMIC,2021,IMO,award,2013,2020,2021,0,0.027453805141919932,0.043142878874183985
631,Indonesia,EMIC,2021,IMO,award,2013,2020,2021,0,0.027453805141919932,0.015452405733892937
632,Indonesia,EMIC,2021,IMO,award,2013,2020,2021,0,0.027453805141919932,0.01334792660245875
633,Indonesia,IWYMIC,2021,IMO,award,2013,2020,2021,1,0.04800512127992989,0.041962696581327924
634,Indonesia,IWYMIC,2021,IMO,award,2013,2020,2021,0,0.04800512127992989,0.09923933910725313
637,Indonesia,EMIC,2021,IMO,award,2013,2020,2021,0,0.027453805141919932,0.043142878874183985
642,Indonesia,IWYMIC,2021,IMO,award,2013,2020,2021,0,0.04800512127992989,0.021117724040038477
648,Indonesia,EMIC,2021,IMO,award,2013,2020,2021,0,0.027453805141919932,0.015815581994959246
649,Indonesia,EMIC,2021,IMO,award,2013,2020,2021,0,0.027453805141919932,0.043142878874183985
652,Indonesia,EMIC,2021,IMO,award,2013,2020,2021,0,0.027453805141919932,0.012995329952718288
659,Indonesia,EMIC,2021,IMO,award,2013,2020,2021,0,0.027453805141919932,0.020228590244090353
663,Indonesia,IWYMIC,2021,IMO,award,2013,2020,2021,0,0.04800512127992989,0.07602399532120649
667,Indonesia,IWYMIC,2021,IMO,award,2013,2020,2021,0,0.04800512127992989,0.019320518776871857
673,Indonesia,EMIC,2021,IMO,award,2013,2020,2021,0,0.027453805141919932,0.01334792660245875
680,Indonesia,IWYMIC,2021,IMO,award,2013,2020,2021,0,0.04800512127992989,0.04955528397499466
681,Indonesia,IWYMIC,2021,IMO,award,2013,2020,2021,0,0.04800512127992989,0.021913828843484365
686,Indonesia,EMIC,2021,IMO,award,2013,2020,2021,0,0.027453805141919932,0.015815581994959246
691,Indonesia,IWYMIC,2021,IMO,award,2013,2020,2021,0,0.04800512127992989,0.036060221845531946
696,Indonesia,EMIC,2021,IMO,award,2013,2020,2021,0,0.027453805141919932,0.028685091250090822
699,Indonesia,IWYMIC,2021,IMO,award,2013,2020,2021,0,0.04800512127992989,0.018883227835285885
703,Indonesia,EMIC,2021,IMO,award,2013,2020,2021,0,0.027453805141919932,0.012995329952718288
713,Indonesia,EMIC,2021,IMO,award,2013,2020,2021,0,0.027453805141919932,0.012995329952718288
718,Indonesia,IWYMIC,2021,IMO,award,2013,2020,2021,0,0.04800512127992989,0.01964331503692206
723,Indonesia,EMIC,2021,IMO,award,2013,2020,2021,0,0.027453805141919932,0.043142878874183985
730,Indonesia,IWYMIC,2021,IMO,award,2013,2020,2021,0,0.04800512127992989,0.25962180199850865
731,Indonesia,EMIC,2021,IMO,award,2013,2020,2021,0,0.027453805141919932,0.028685091250090822
738,Indonesia,EMIC,2021,IMO,award,2013,2020,2021,0,0.027453805141919932,0.012995329952718288
742,Indonesia,EMIC,2021,IMO,award,2013,2020,2021,0,0.027453805141919932,0.012995329952718288
743,Indonesia,EMIC,2021,IMO,award,2013,2020,2021,0,0.027453805141919932,0.015815581994959246
747,Indonesia,IWYMIC,2021,IMO,award,2013,2020,2021,0,0.04800512127992989,0.021117724040038477
759,Indonesia,IWYMIC,2021,IMO,award,2013,2020,2021,0,0.04800512127992989,0.018883227835285885
767,Indonesia,EMIC,2021,IMO,award,2013,2020,2021,0,0.027453805141919932,0.015452405733892937
774,Indonesia,EMIC,2021,IMO,award,2013,2020,2021,0,0.027453805141919932,0.043142878874183985
779,Indonesia,IWYMIC,2021,IMO,award,2013,2020,2021,0,0.04800512127992989,0.019320518776871857
791,Indonesia,EMIC,2021,IMO,award,2013,2020,2021,0,0.027453805141919932,0.043142878874183985
792,Indonesia,IWYMIC,2021,IMO,award,2013,2020,2021,0,0.04800512127992989,0.0382456530753789
793,Indonesia,IWYMIC,2021,IMO,award,2013,2020,2021,0,0.04800512127992989,0.019153185018628623
795,Indonesia,EMIC,2021,IMO,award,2013,2020,2021,0,0.027453805141919932,0.1398053881255287
800,Indonesia,IWYMIC,2021,IMO,award,2013,2020,2021,0,0.04800512127992989,0.018883227835285885
801,Indonesia,IWYMIC,2021,IMO,award,2013,2020,2021,0,0.04800512127992989,0.019989091995547468
806,Indonesia,EMIC,2021,IMO,award,2013,2020,2021,0,0.027453805141919932,0.015452405733892937
809,Indonesia,IWYMIC,2021,IMO,award,2013,2020,2021,1,0.04800512127992989,0.07602399532120649
814,Indonesia,IWYMIC,2021,IMO,award,2013,2020,2021,0,0.04800512127992989,0.020003843046348366
836,Islamic Republic of Iran,IWYMIC,2021,IMO,award,2013,2020,2021,0,0.07724667042434265,0.045193772836398596
839,Islamic Republic of Iran,IWYMIC,2021,IMO,award,2013,2020,2021,0,0.07724667042434265,0.044410108580081244
841,Islamic Republic of Iran,IWYMIC,2021,IMO,award,2013,2020,2021,0,0.07724667042434265,0.04439855263679274
847,Islamic Republic of Iran,EMIC,2021,IMO,award,2013,2020,2021,0,0.04476550557392174,0.0991270401163169
861,Islamic Republic of Iran,EMIC,2021,IMO,award,2013,2020,2021,0,0.04476550557392174,0.036889442324644195
887,Islamic Republic of Iran,IWYMIC,2021,IMO,award,2013,2020,2021,0,0.07724667042434265,0.045193772836398596
889,Islamic Republic of Iran,EMIC,2021,IMO,award,2013,2020,2021,0,0.04476550557392174,0.03196020431228805
896,Islamic Republic of Iran,IWYMIC,2021,IMO,award,2013,2020,2021,0,0.07724667042434265,0.048388338114239746
906,Islamic Republic of Iran,IWYMIC,2021,IMO,award,2013,2020,2021,0,0.07724667042434265,0.04677263815329482
921,Islamic Republic of Iran,IWYMIC,2021,IMO,award,2013,2020,2021,0,0.07724667042434265,0.06493329053315376
949,Islamic Republic of Iran,IWYMIC,2021,IMO,award,2013,2020,2021,0,0.07724667042434265,0.04450558530424346
1049,Macau,IWYMIC,2021,IMO,award,2013,2020,2021,0,0.1430702827170805,0.14281189336495703
1050,Macau,EMIC,2021,IMO,award,2013,2020,2021,0,0.08547500951125284,0.06273284712568131
1051,Macau,IWYMIC,2021,IMO,award,2013,2020,2021,0,0.1430702827170805,0.08809869572564992
1052,Macau,EMIC,2021,IMO,award,2013,2020,2021,0,0.08547500951125284,0.06115656723486225
1055,Macau,EMIC,2021,IMO,award,2013,2020,2021,0,0.08547500951125284,0.07364888025299424
1059,Macau,IWYMIC,2021,IMO,award,2013,2020,2021,0,0.1430702827170805,0.28930459348915105
1068,Macau,IWYMIC,2021,IMO,award,2013,2020,2021,0,0.1430702827170805,0.08608239159107063
1070,Macau,IWYMIC,2021,IMO,award,2013,2020,2021,0,0.1430702827170805,0.08809869572564992
1071,Macau,EMIC,2021,IMO,award,2013,2020,2021,0,0.08547500951125284,0.18238623114050004
1079,Macau,EMIC,2021,IMO,award,2013,2020,2021,1,0.08547500951125284,0.18238623114050004
1087,Macau,EMIC,2021,IMO,award,2013,2020,2021,0,0.08547500951125284,0.07364888025299424
1103,Macau,IWYMIC,2021,IMO,award,2013,2020,2021,0,0.1430702827170805,0.14281189336495703
1111,Macau,IWYMIC,2021,IMO,award,2013,2020,2021,1,0.1430702827170805,0.08809869572564992
1120,Macau,IWYMIC,2021,IMO,award,2013,2020,2021,0,0.1430702827170805,0.09172510167918842
1122,Macau,IWYMIC,2021,IMO,award,2013,2020,2021,0,0.1430702827170805,0.0933791506244026
1131,Macau,EMIC,2021,IMO,award,2013,2020,2021,0,0.08547500951125284,0.07205489612458352
1143,Macau,EMIC,2021,IMO,award,2013,2020,2021,0,0.08547500951125284,0.06273284712568131
1147,Macau,IWYMIC,2021,IMO,award,2013,2020,2021,0,0.1430702827170805,0.10307239626529482
1174,Malaysia,IWYMIC,2021,IMO,award,2013,2020,2021,1,0.0898473397781799,0.4075736408029881
1180,Malaysia,EMIC,2021,IMO,award,2013,2020,2021,0,0.05236846377245302,0.2689542127685428
1182,Malaysia,EMIC,2021,IMO,award,2013,2020,2021,0,0.05236846377245302,0.2689542127685428
1184,Malaysia,EMIC,2021,IMO,award,2013,2020,2021,0,0.05236846377245302,0.21881570135495676
1190,Malaysia,EMIC,2021,IMO,award,2013,2020,2021,0,0.05236846377245302,0.03509925635436222
1215,Malaysia,EMIC,2021,IMO,award,2013,2020,2021,0,0.05236846377245302,0.03430870189462952
1216,Malaysia,EMIC,2021,IMO,award,2013,2020,2021,0,0.05236846377245302,0.03430870189462952
1218,Malaysia,IWYMIC,2021,IMO,award,2013,2020,2021,0,0.0898473397781799,0.04285954223151138
1226,Malaysia,IWYMIC,2021,IMO,award,2013,2020,2021,0,0.0898473397781799,0.05276593832816441
1237,Malaysia,EMIC,2021,IMO,award,2013,2020,2021,0,0.05236846377245302,0.03430870189462952
1242,Mexico,IWYMIC,2021,IMO,award,2013,2020,2021,0,0.21200504991331492,0.1844139281089335
1249,Mexico,IWYMIC,2021,IMO,award,2013,2020,2021,0,0.21200504991331492,0.3771388963750602
1255,Mexico,EMIC,2021,IMO,award,2013,2020,2021,0,0.13089796297449185,0.3658253476547184
1265,Mexico,EMIC,2021,IMO,award,2013,2020,2021,0,0.13089796297449185,0.12153213608592263
1267,Mexico,IWYMIC,2021,IMO,award,2013,2020,2021,1,0.21200504991331492,0.41463910696708917
1269,Mexico,EMIC,2021,IMO,award,2013,2020,2021,1,0.13089796297449185,0.15091977247399674
1281,Mexico,EMIC,2021,IMO,award,2013,2020,2021,0,0.13089796297449185,0.12153213608592263
1287,Mexico,IWYMIC,2021,IMO,award,2013,2020,2021,0,0.21200504991331492,0.45153316564845536
1292,Mexico,EMIC,2021,IMO,award,2013,2020,2021,0,0.13089796297449185,0.3658253476547184
1294,Mexico,IWYMIC,2021,IMO,award,2013,2020,2021,0,0.21200504991331492,0.14112566184967879
1295,Mexico,EMIC,2021,IMO,award,2013,2020,2021,0,0.13089796297449185,0.15091977247399674
1298,Mexico,EMIC,2021,IMO,award,2013,2020,2021,0,0.13089796297449185,0.5158105825271596
1420,People's Republic of China,EMIC,2021,IMO,award,2013,2020,2021,0,0.004847308602330885,0.01923577688629186
1422,People's Republic of China,EMIC,2021,IMO,award,2013,2020,2021,0,0.004847308602330885,0.011690639921859668
1432,People's Republic of China,IWYMIC,2021,IMO,award,2013,2020,2021,0,0.008625993505534432,0.060552979960195596
1439,People's Republic of China,EMIC,2021,IMO,award,2013,2020,2021,0,0.004847308602330885,0.0028151324989523405
1483,People's Republic of China,EMIC,2021,IMO,award,2013,2020,2021,0,0.004847308602330885,0.0015338010850427417
1500,People's Republic of China,EMIC,2021,IMO,award,2013,2020,2021,0,0.004847308602330885,0.015298844115622136
1559,People's Republic of China,EMIC,2021,IMO,award,2013,2020,2021,0,0.004847308602330885,0.004291619116283882
1563,People's Republic of China,EMIC,2021,IMO,award,2013,2020,2021,0,0.004847308602330885,0.01923577688629186
1594,People's Republic of China,EMIC,2021,IMO,award,2013,2020,2021,0,0.004847308602330885,0.015298844115622136
1663,Philippines,EMIC,2021,IMO,award,2013,2020,2021,0,0.036072834710817646,0.02314034474977414
1668,Philippines,EMIC,2021,IMO,award,2013,2020,2021,0,0.036072834710817646,0.09619859246831795
1677,Philippines,EMIC,2021,IMO,award,2013,2020,2021,0,0.036072834710817646,0.015284711794434332
1683,Philippines,EMIC,2021,IMO,award,2013,2020,2021,0,0.036072834710817646,0.015284711794434332
1688,Philippines,EMIC,2021,IMO,award,2013,2020,2021,0,0.036072834710817646,0.015284711794434332
1709,Philippines,EMIC,2021,IMO,award,2013,2020,2021,0,0.036072834710817646,0.015284711794434332
1710,Philippines,EMIC,2021,IMO,award,2013,2020,2021,0,0.036072834710817646,0.015284711794434332
1712,Philippines,EMIC,2021,IMO,award,2013,2020,2021,0,0.036072834710817646,0.03277337887592424
1713,Philippines,EMIC,2021,IMO,award,2013,2020,2021,0,0.036072834710817646,0.014881725019428688
1714,Philippines,EMIC,2021,IMO,award,2013,2020,2021,0,0.036072834710817646,0.017689076399495855
1720,Philippines,IWYMIC,2021,IMO,award,2013,2020,2021,0,0.062660468378521,0.03390109978807701
1723,Philippines,EMIC,2021,IMO,award,2013,2020,2021,0,0.036072834710817646,0.015284711794434332
1759,Philippines,IWYMIC,2021,IMO,award,2013,2020,2021,0,0.062660468378521,0.03390109978807701
1766,Philippines,EMIC,2021,IMO,award,2013,2020,2021,0,0.036072834710817646,0.015284711794434332
1767,Philippines,EMIC,2021,IMO,award,2013,2020,2021,0,0.036072834710817646,0.014881725019428688
1770,Philippines,EMIC,2021,IMO,award,2013,2020,2021,0,0.036072834710817646,0.04918738776948584
1771,Philippines,IWYMIC,2021,IMO,award,2013,2020,2021,0,0.062660468378521,0.25854967265089795
1780,Philippines,EMIC,2021,IMO,award,2013,2020,2021,0,0.036072834710817646,0.015284711794434332
1784,Philippines,EMIC,2021,IMO,award,2013,2020,2021,0,0.036072834710817646,0.02314034474977414
1794,Philippines,IWYMIC,2021,IMO,award,2013,2020,2021,1,0.062660468378521,0.07467013419322831
1795,Philippines,IWYMIC,2021,IMO,award,2013,2020,2021,0,0.062660468378521,0.043635327999178276
1800,Philippines,EMIC,2021,IMO,award,2013,2020,2021,0,0.036072834710817646,0.03277337887592424
1801,Philippines,EMIC,2021,IMO,award,2013,2020,2021,0,0.036072834710817646,0.02314034474977414
1815,Philippines,EMIC,2021,IMO,award,2013,2020,2021,0,0.036072834710817646,0.07139017188006815
1824,Philippines,EMIC,2021,IMO,award,2013,2020,2021,0,0.036072834710817646,0.01810385427082071
1829,Philippines,EMIC,2021,IMO,award,2013,2020,2021,0,0.036072834710817646,0.15716826770714154
1844,Philippines,IWYMIC,2021,IMO,award,2013,2020,2021,0,0.062660468378521,0.02138226019544559
1851,Philippines,EMIC,2021,IMO,award,2013,2020,2021,1,0.036072834710817646,0.02314034474977414
1853,Philippines,IWYMIC,2021,IMO,award,2013,2020,2021,1,0.062660468378521,0.02595837323014661
1871,Republic of Korea,EMIC,2021,IMO,award,2013,2020,2021,0,0.006867589088847307,0.004702201506958199
1886,Republic of Korea,EMIC,2021,IMO,award,2013,2020,2021,0,0.006867589088847307,0.010207950556479679
1899,Republic of Korea,EMIC,2021,IMO,award,2013,2020,2021,0,0.006867589088847307,0.004702201506958199
1900,Republic of Korea,EMIC,2021,IMO,award,2013,2020,2021,0,0.006867589088847307,0.0054510974486840225
1922,Republic of Korea,EMIC,2021,IMO,award,2013,2020,2021,0,0.006867589088847307,0.0054510974486840225
1926,Republic of Korea,EMIC,2021,IMO,award,2013,2020,2021,0,0.006867589088847307,0.004702201506958199
1956,Republic of Korea,EMIC,2021,IMO,award,2013,2020,2021,0,0.006867589088847307,0.022864492500121847
1958,Republic of Korea,EMIC,2021,IMO,award,2013,2020,2021,0,0.006867589088847307,0.007158453581277615
1968,Republic of Korea,EMIC,2021,IMO,award,2013,2020,2021,0,0.006867589088847307,0.007158453581277615
1979,Romania,EMIC,2021,IMO,award,2013,2020,2021,0,0.010939027481415483,0.014883963197231214
1983,Romania,IWYMIC,2021,IMO,award,2013,2020,2021,0,0.01937401783605497,0.009825251168114108
1992,Romania,EMIC,2021,IMO,award,2013,2020,2021,0,0.010939027481415483,0.00815432123546722
1998,Romania,IWYMIC,2021,IMO,award,2013,2020,2021,0,0.01937401783605497,0.014348830864779425
2004,Romania,EMIC,2021,IMO,award,2013,2020,2021,0,0.010939027481415483,0.00815432123546722
2005,Romania,IWYMIC,2021,IMO,award,2013,2020,2021,0,0.01937401783605497,0.009719354498773784
2010,Romania,IWYMIC,2021,IMO,award,2013,2020,2021,0,0.01937401783605497,0.016066545545347352
2013,Romania,EMIC,2021,IMO,award,2013,2020,2021,0,0.010939027481415483,0.007965648091179401
2014,Romania,EMIC,2021,IMO,award,2013,2020,2021,0,0.010939027481415483,0.006690945845244937
2017,Romania,EMIC,2021,IMO,award,2013,2020,2021,0,0.010939027481415483,0.07676683021448742
2027,Romania,EMIC,2021,IMO,award,2013,2020,2021,0,0.010939027481415483,0.014883963197231214
2030,Romania,IWYMIC,2021,IMO,award,2013,2020,2021,0,0.01937401783605497,0.009825251168114108
2032,Romania,EMIC,2021,IMO,award,2013,2020,2021,0,0.010939027481415483,0.007965648091179401
2041,Romania,EMIC,2021,IMO,award,2013,2020,2021,0,0.010939027481415483,0.006873679628002311
2047,Russian Federation,EMIC,2021,IMO,award,2013,2020,2021,0,0.028412296498105498,0.014827206006125433
2060,Russian Federation,EMIC,2021,IMO,award,2013,2020,2021,0,0.028412296498105498,0.014436104695814172
2061,Russian Federation,EMIC,2021,IMO,award,2013,2020,2021,1,0.028412296498105498,0.02245306369483446
2077,Russian Federation,EMIC,2021,IMO,award,2013,2020,2021,0,0.028412296498105498,0.01716085677620871
2085,Singapore,IWYMIC,2021,IMO,award,2013,2020,2021,0,0.24886021442757225,0.2107488151983669
2101,Singapore,IWYMIC,2021,IMO,award,2013,2020,2021,0,0.24886021442757225,0.39921528032391684
2103,Singapore,IWYMIC,2021,IMO,award,2013,2020,2021,0,0.24886021442757225,0.24459256138842544
2104,Singapore,IWYMIC,2021,IMO,award,2013,2020,2021,0,0.24886021442757225,0.11453943477888576
2107,Singapore,IWYMIC,2021,IMO,award,2013,2020,2021,0,0.24886021442757225,0.06302366235275308
2111,Singapore,IWYMIC,2021,IMO,award,2013,2020,2021,0,0.24886021442757225,0.22699402327400933
2125,Singapore,IWYMIC,2021,IMO,award,2013,2020,2021,0,0.24886021442757225,0.5356887189790425
2126,Singapore,IWYMIC,2021,IMO,award,2013,2020,2021,1,0.24886021442757225,0.6424980323413034
2133,South Africa,IWYMIC,2021,IMO,award,2013,2020,2021,0,0.09848483298227821,0.07926612448563701
2138,South Africa,EMIC,2021,IMO,award,2013,2020,2021,0,0.057631062478057354,0.05606694272212852
2139,South Africa,EMIC,2021,IMO,award,2013,2020,2021,0,0.057631062478057354,0.06612216024898206
2145,South Africa,EMIC,2021,IMO,award,2013,2020,2021,1,0.057631062478057354,0.06612216024898206
2146,South Africa,EMIC,2021,IMO,award,2013,2020,2021,0,0.057631062478057354,0.06612216024898206
2149,South Africa,EMIC,2021,IMO,award,2013,2020,2021,0,0.057631062478057354,0.05752007724378236
2153,South Africa,IWYMIC,2021,IMO,award,2013,2020,2021,1,0.09848483298227821,0.10932502514691149
2163,South Africa,EMIC,2021,IMO,award,2013,2020,2021,0,0.057631062478057354,0.06759446171234117
2167,South Africa,EMIC,2021,IMO,award,2013,2020,2021,0,0.057631062478057354,0.06612216024898206
2171,South Africa,EMIC,2021,IMO,award,2013,2020,2021,0,0.057631062478057354,0.06612216024898206
2176,South Africa,EMIC,2021,IMO,award,2013,2020,2021,0,0.057631062478057354,0.06612216024898206
2180,South Africa,EMIC,2021,IMO,award,2013,2020,2021,0,0.057631062478057354,0.05606694272212852
2186,South Africa,EMIC,2021,IMO,award,2013,2020,2021,0,0.057631062478057354,0.06612216024898206
2192,South Africa,IWYMIC,2021,IMO,award,2013,2020,2021,0,0.09848483298227821,0.07926612448563701
2193,South Africa,EMIC,2021,IMO,award,2013,2020,2021,0,0.057631062478057354,0.06612216024898206
2204,South Africa,EMIC,2021,IMO,award,2013,2020,2021,0,0.057631062478057354,0.06612216024898206
2211,South Africa,IWYMIC,2021,IMO,award,2013,2020,2021,0,0.09848483298227821,0.08768287436126777
2267,Taiwan,EMIC,2021,IMO,award,2013,2020,2021,0,0.019940003715588458,0.026917937175002873
2269,Taiwan,IWYMIC,2021,IMO,award,2013,2020,2021,1,0.035069475335657095,0.15160934634346726
2270,Taiwan,IWYMIC,2021,IMO,award,2013,2020,2021,0,0.035069475335657095,0.022112130521716258
2301,Taiwan,IWYMIC,2021,IMO,award,2013,2020,2021,0,0.035069475335657095,0.21775298408561602
2303,Taiwan,IWYMIC,2021,IMO,award,2013,2020,2021,0,0.035069475335657095,0.019642515958905024
2304,Taiwan,IWYMIC,2021,IMO,award,2013,2020,2021,0,0.035069475335657095,0.010310995406024686
2311,Taiwan,EMIC,2021,IMO,award,2013,2020,2021,0,0.019940003715588458,0.00845159597422421
2323,Taiwan,IWYMIC,2021,IMO,award,2013,2020,2021,0,0.035069475335657095,0.015209201949429863
2333,Taiwan,EMIC,2021,IMO,award,2013,2020,2021,0,0.019940003715588458,0.005554115217248936
2338,Taiwan,IWYMIC,2021,IMO,award,2013,2020,2021,0,0.035069475335657095,0.051697767712095874
2339,Taiwan,EMIC,2021,IMO,award,2013,2020,2021,0,0.019940003715588458,0.026917937175002873
2348,Taiwan,IWYMIC,2021,IMO,award,2013,2020,2021,1,0.035069475335657095,0.07704489637907687
2349,Taiwan,IWYMIC,2021,IMO,award,2013,2020,2021,1,0.035069475335657095,0.07704489637907687
2354,Taiwan,EMIC,2021,IMO,award,2013,2020,2021,0,0.019940003715588458,0.0628791612302829
2358,Taiwan,EMIC,2021,IMO,award,2013,2020,2021,1,0.019940003715588458,0.08500243856345581
2359,Taiwan,EMIC,2021,IMO,award,2013,2020,2021,0,0.019940003715588458,0.036885917757379164
2371,Taiwan,EMIC,2021,IMO,award,2013,2020,2021,0,0.019940003715588458,0.026917937175002873
2386,Taiwan,EMIC,2021,IMO,award,2013,2020,2021,0,0.019940003715588458,0.018274109615945746
2400,Taiwan,IWYMIC,2021,IMO,award,2013,2020,2021,1,0.035069475335657095,0.15160934634346726
2408,Taiwan,EMIC,2021,IMO,award,2013,2020,2021,0,0.019940003715588458,0.005406270515472613
2417,Taiwan,IWYMIC,2021,IMO,award,2013,2020,2021,0,0.035069475335657095,0.007857818283548267
2418,Taiwan,EMIC,2021,IMO,award,2013,2020,2021,0,0.019940003715588458,0.036885917757379164
2423,Taiwan,IWYMIC,2021,IMO,award,2013,2020,2021,0,0.035069475335657095,0.007883195404146453
2427,Taiwan,EMIC,2021,IMO,award,2013,2020,2021,0,0.019940003715588458,0.036885917757379164
2433,Taiwan,EMIC,2021,IMO,award,2013,2020,2021,0,0.019940003715588458,0.018274109615945746
2435,Taiwan,EMIC,2021,IMO,award,2013,2020,2021,0,0.019940003715588458,0.012045287516140781
2440,Taiwan,EMIC,2021,IMO,award,2013,2020,2021,0,0.019940003715588458,0.012045287516140781
2445,Taiwan,EMIC,2021,IMO,award,2013,2020,2021,0,0.019940003715588458,0.006590539052717792
2446,Taiwan,EMIC,2021,IMO,award,2013,2020,2021,1,0.019940003715588458,0.036885917757379164
2448,Taiwan,EMIC,2021,IMO,award,2013,2020,2021,0,0.019940003715588458,0.04860311172016394
2451,Taiwan,EMIC,2021,IMO,award,2013,2020,2021,0,0.019940003715588458,0.00845159597422421
2453,Taiwan,EMIC,2021,IMO,award,2013,2020,2021,0,0.019940003715588458,0.04860311172016394
2455,Taiwan,EMIC,2021,IMO,award,2013,2020,2021,0,0.019940003715588458,0.012045287516140781
2459,Taiwan,EMIC,2021,IMO,award,2013,2020,2021,0,0.019940003715588458,0.00643781355393531
2474,Taiwan,EMIC,2021,IMO,award,2013,2020,2021,0,0.019940003715588458,0.005406270515472613
2501,Taiwan,IWYMIC,2021,IMO,award,2013,2020,2021,0,0.035069475335657095,0.008356579577283762
2503,Taiwan,IWYMIC,2021,IMO,award,2013,2020,2021,0,0.035069475335657095,0.1885245399958933
2507,Taiwan,EMIC,2021,IMO,award,2013,2020,2021,0,0.019940003715588458,0.012045287516140781
2515,Taiwan,EMIC,2021,IMO,award,2013,2020,2021,0,0.019940003715588458,0.018274109615945746
2520,Taiwan,EMIC,2021,IMO,award,2013,2020,2021,0,0.019940003715588458,0.00845159597422421
2523,Taiwan,IWYMIC,2021,IMO,award,2013,2020,2021,0,0.035069475335657095,0.019642515958905024
2529,Tajikistan,EMIC,2021,IMO,award,2013,2020,2021,0,0.18575425922950026,0.15796739900713125
2539,Tajikistan,IWYMIC,2021,IMO,award,2013,2020,2021,1,0.28952815769545603,0.21730702563028645
2542,Tajikistan,IWYMIC,2021,IMO,award,2013,2020,2021,1,0.28952815769545603,0.39565776717864665
2544,Tajikistan,IWYMIC,2021,IMO,award,2013,2020,2021,0,0.28952815769545603,0.1992574150405902
2546,Tajikistan,EMIC,2021,IMO,award,2013,2020,2021,0,0.18575425922950026,0.13597892741867018
2548,Tajikistan,EMIC,2021,IMO,award,2013,2020,2021,0,0.18575425922950026,0.15796739900713125
2561,Tajikistan,IWYMIC,2021,IMO,award,2013,2020,2021,0,0.28952815769545603,0.2869968066428743
2577,Tajikistan,EMIC,2021,IMO,award,2013,2020,2021,1,0.18575425922950026,0.15796739900713125
2625,Thailand,IWYMIC,2021,IMO,award,2013,2020,2021,0,0.07882823129882945,0.13286921114154018
2635,Thailand,IWYMIC,2021,IMO,award,2013,2020,2021,0,0.07882823129882945,0.12311007755466295
2675,Thailand,IWYMIC,2021,IMO,award,2013,2020,2021,0,0.07882823129882945,0.20554320627665898
2696,Thailand,IWYMIC,2021,IMO,award,2013,2020,2021,1,0.07882823129882945,0.052380266787102656
2721,Thailand,EMIC,2021,IMO,award,2013,2020,2021,0,0.04571498841438515,0.04147043132714034
2761,Thailand,IWYMIC,2021,IMO,award,2013,2020,2021,1,0.07882823129882945,0.08404783449790666
2813,Thailand,EMIC,2021,IMO,award,2013,2020,2021,0,0.04571498841438515,0.019426388339638678
2835,Thailand,EMIC,2021,IMO,award,2013,2020,2021,0,0.04571498841438515,0.019426388339638678
2839,Thailand,EMIC,2021,IMO,award,2013,2020,2021,0,0.04571498841438515,0.10613559271725799
2848,Uganda,EMIC,2021,IMO,award,2013,2020,2021,0,0.040360547779930034,0.025150481827253997
2857,United Arab Emirates,EMIC,2021,IMO,award,2013,2020,2021,0,0.040360547779930034,0.025150481827253997
2858,United Arab Emirates,EMIC,2021,IMO,award,2013,2020,2021,0,0.040360547779930034,0.03282430722271851
2862,United Arab Emirates,IWYMIC,2021,IMO,award,2013,2020,2021,0,0.06987935580856217,0.07388290053110298
2863,United Arab Emirates,EMIC,2021,IMO,award,2013,2020,2021,0,0.040360547779930034,0.025735632884394642
2865,United States of America,EMIC,2021,IMO,award,2013,2020,2021,0,0.021488099594819083,0.020824933728544676
2866,United States of America,EMIC,2021,IMO,award,2013,2020,2021,0,0.021488099594819083,0.11305678664371739
2873,United States of America,IWYMIC,2021,IMO,award,2013,2020,2021,0,0.03774694817293375,0.021853895511997824
2874,United States of America,EMIC,2021,IMO,award,2013,2020,2021,0,0.021488099594819083,0.17447419934602665
2876,United States of America,EMIC,2021,IMO,award,2013,2020,2021,0,0.021488099594819083,0.020824933728544676
2879,United States of America,IWYMIC,2021,IMO,award,2013,2020,2021,0,0.03774694817293375,0.01923415951154617
2883,United States of America,IWYMIC,2021,IMO,award,2013,2020,2021,0,0.03774694817293375,0.3416622419398353
2892,United States of America,IWYMIC,2021,IMO,award,2013,2020,2021,0,0.03774694817293375,0.07813402706880382
2893,United States of America,IWYMIC,2021,IMO,award,2013,2020,2021,0,0.03774694817293375,0.40988127018927445
2901,United States of America,IWYMIC,2021,IMO,award,2013,2020,2021,0,0.03774694817293375,0.043171534268184056
2904,United States of America,IWYMIC,2021,IMO,award,2013,2020,2021,0,0.03774694817293375,0.021326666822910557
2905,United States of America,IWYMIC,2021,IMO,award,2013,2020,2021,0,0.03774694817293375,0.3669618180039201
2907,Uzbekistan,EMIC,2021,IMO,award,2013,2020,2021,1,0.34318826354193527,0.3757200982730498
2912,Uzbekistan,EMIC,2021,IMO,award,2013,2020,2021,0,0.34318826354193527,0.21155696084903333
2922,Uzbekistan,EMIC,2021,IMO,award,2013,2020,2021,0,0.34318826354193527,0.4788581432819809
2925,Uzbekistan,EMIC,2021,IMO,award,2013,2020,2021,0,0.34318826354193527,0.21155696084903333
2926,Uzbekistan,IWYMIC,2021,IMO,award,2013,2020,2021,0,0.48276747361478894,0.2889698242003562
2928,Uzbekistan,EMIC,2021,IMO,award,2013,2020,2021,0,0.34318826354193527,0.21611738451051674
2953,Uzbekistan,EMIC,2021,IMO,award,2013,2020,2021,0,0.34318826354193527,0.21611738451051674
2954,Uzbekistan,IWYMIC,2021,IMO,award,2013,2020,2021,1,0.48276747361478894,0.44764008550225254
2956,Uzbekistan,EMIC,2021,IMO,award,2013,2020,2021,0,0.34318826354193527,0.21611738451051674
2960,Uzbekistan,EMIC,2021,IMO,award,2013,2020,2021,0,0.34318826354193527,0.2423389585372267
2971,Vietnam,IWYMIC,2021,IMO,award,2013,2020,2021,0,0.037849241738677326,0.012241783902039415
2979,Vietnam,EMIC,2021,IMO,award,2013,2020,2021,0,0.02154731861019369,0.03687584515536015
2991,Vietnam,EMIC,2021,IMO,award,2013,2020,2021,1,0.02154731861019369,0.050340571834583035
3011,Vietnam,EMIC,2021,IMO,award,2013,2020,2021,0,0.02154731861019369,0.02511689357890542
3019,Vietnam,EMIC,2021,IMO,award,2013,2020,2021,0,0.02154731861019369,0.08497863999767002
3021,Vietnam,IWYMIC,2021,IMO,award,2013,2020,2021,0,0.037849241738677326,0.015999446290324012
3024,Vietnam,IWYMIC,2021,IMO,award,2013,2020,2021,0,0.037849241738677326,0.14796933221964279
3042,Vietnam,EMIC,2021,IMO,award,2013,2020,2021,0,0.02154731861019369,0.016595101036308967
3043,Vietnam,IWYMIC,2021,IMO,award,2013,2020,2021,0,0.037849241738677326,0.070161661706127
3048,Vietnam,EMIC,2021,IMO,award,2013,2020,2021,0,0.02154731861019369,0.011660000780411229
3052,Vietnam,IWYMIC,2021,IMO,award,2013,2020,2021,0,0.037849241738677326,0.09072069403503329
3057,Vietnam,EMIC,2021,IMO,award,2013,2020,2021,0,0.02154731861019369,0.050340571834583035
3065,Vietnam,EMIC,2021,IMO,award,2013,2020,2021,0,0.02154731861019369,0.03687584515536015
3098,Vietnam,IWYMIC,2021,IMO,award,2013,2020,2021,0,0.037849241738677326,0.08361744720595397
3099,Vietnam,IWYMIC,2021,IMO,award,2013,2020,2021,0,0.037849241738677326,0.013098701085942131
3110,Vietnam,IWYMIC,2021,IMO,award,2013,2020,2021,0,0.037849241738677326,0.018879057730231283
4,Australia,IWYMIC,2016,IMO,medal,2013,2015,2016,0,0.1008903780745645,0.04372850101481935
9,Australia,IWYMIC,2016,IMO,medal,2013,2015,2016,0,0.1008903780745645,0.049735267173664915
46,Bulgaria,IWYMIC,2016,IMO,medal,2013,2015,2016,0,0.05323160599613587,0.24257231214548397
63,Bulgaria,EMIC,2016,IMO,medal,2013,2015,2016,0,0.02981224604840762,0.016553903421708677
72,Bulgaria,EMIC,2016,IMO,medal,2013,2015,2016,0,0.02981224604840762,0.05754436383958582
89,Bulgaria,EMIC,2016,IMO,medal,2013,2015,2016,0,0.02981224604840762,0.030471972457245543
105,Bulgaria,EMIC,2016,IMO,medal,2013,2015,2016,0,0.02981224604840762,0.016553903421708677
153,Bulgaria,EMIC,2016,IMO,medal,2013,2015,2016,0,0.02981224604840762,0.05754436383958582
156,Bulgaria,IWYMIC,2016,IMO,medal,2013,2015,2016,0,0.05323160599613587,0.031191920218976463
172,Bulgaria,EMIC,2016,IMO,medal,2013,2015,2016,0,0.02981224604840762,0.016553903421708677
181,Bulgaria,EMIC,2016,IMO,medal,2013,2015,2016,0,0.02981224604840762,0.03474520624359069
235,Bulgaria,EMIC,2016,IMO,medal,2013,2015,2016,0,0.02981224604840762,0.019633120284794137
240,Bulgaria,EMIC,2016,IMO,medal,2013,2015,2016,0,0.02981224604840762,0.030471972457245543
259,Bulgaria,EMIC,2016,IMO,medal,2013,2015,2016,0,0.02981224604840762,0.015799112494636797
260,Bulgaria,EMIC,2016,IMO,medal,2013,2015,2016,0,0.02981224604840762,0.015799112494636797
279,Bulgaria,EMIC,2016,IMO,medal,2013,2015,2016,0,0.02981224604840762,0.03474520624359069
312,Bulgaria,EMIC,2016,IMO,medal,2013,2015,2016,0,0.02981224604840762,0.05754436383958582
313,Bulgaria,EMIC,2016,IMO,medal,2013,2015,2016,0,0.02981224604840762,0.23110331359680295
387,Canada,IWYMIC,2016,IMO,medal,2013,2015,2016,0,0.04842528663247907,0.026407848775756804
394,Canada,IWYMIC,2016,IMO,medal,2013,2015,2016,0,0.04842528663247907,0.030266363062062693
399,Canada,IWYMIC,2016,IMO,medal,2013,2015,2016,0,0.04842528663247907,0.027908295037971976
408,Cyprus,IWYMIC,2016,IMO,medal,2013,2015,2016,0,0.2992894699569836,0.2875456185470189
437,Cyprus,EMIC,2016,IMO,medal,2013,2015,2016,0,0.18925598954759026,0.1536846353068292
447,Ghana,IWYMIC,2016,IMO,medal,2013,2015,2016,0,0.1008903780745645,0.06747286137493343
452,Hong Kong,EMIC,2016,IMO,medal,2013,2015,2016,0,0.06947982968518815,0.14869248381800754
458,Hong Kong,EMIC,2016,IMO,medal,2013,2015,2016,0,0.06947982968518815,0.020002915197066828
466,Hong Kong,EMIC,2016,IMO,medal,2013,2015,2016,0,0.06947982968518815,0.07834103098385464
483,Hong Kong,EMIC,2016,IMO,medal,2013,2015,2016,0,0.06947982968518815,0.04376598295490015
486,Hong Kong,EMIC,2016,IMO,medal,2013,2015,2016,0,0.06947982968518815,0.07834103098385464
490,Hong Kong,IWYMIC,2016,IMO,medal,2013,2015,2016,0,0.12019984241569835,0.03453227760433282
500,Hong Kong,EMIC,2016,IMO,medal,2013,2015,2016,0,0.06947982968518815,0.07204261685606213
531,Hong Kong,EMIC,2016,IMO,medal,2013,2015,2016,0,0.06947982968518815,0.07834103098385464
540,Hong Kong,IWYMIC,2016,IMO,medal,2013,2015,2016,0,0.12019984241569835,0.36081380367129484
542,Hong Kong,EMIC,2016,IMO,medal,2013,2015,2016,0,0.06947982968518815,0.2220910181113113
545,Hong Kong,EMIC,2016,IMO,medal,2013,2015,2016,0,0.06947982968518815,0.020954263817886103
550,Hong Kong,EMIC,2016,IMO,medal,2013,2015,2016,0,0.06947982968518815,0.020002915197066828
551,Hong Kong,IWYMIC,2016,IMO,medal,2013,2015,2016,0,0.12019984241569835,0.14738091947408333
553,Hong Kong,EMIC,2016,IMO,medal,2013,2015,2016,0,0.06947982968518815,0.14869248381800754
560,Hong Kong,IWYMIC,2016,IMO,medal,2013,2015,2016,0,0.12019984241569835,0.03932775656471065
569,Hong Kong,IWYMIC,2016,IMO,medal,2013,2015,2016,0,0.12019984241569835,0.04260840239843243
571,Hong Kong,EMIC,2016,IMO,medal,2013,2015,2016,0,0.06947982968518815,0.020954263817886103
572,Hong Kong,EMIC,2016,IMO,medal,2013,2015,2016,1,0.06947982968518815,0.14869248381800754
581,Hong Kong,EMIC,2016,IMO,medal,2013,2015,2016,0,0.06947982968518815,0.07834103098385464
630,Indonesia,EMIC,2016,IMO,medal,2013,2015,2016,0,0.06208456455368181,0.04183885663128503
644,Indonesia,EMIC,2016,IMO,medal,2013,2015,2016,0,0.06208456455368181,0.055760702919953026
688,Indonesia,EMIC,2016,IMO,medal,2013,2015,2016,0,0.06208456455368181,0.030657249831419566
694,Indonesia,EMIC,2016,IMO,medal,2013,2015,2016,0,0.06208456455368181,0.10291558761106595
710,Indonesia,EMIC,2016,IMO,medal,2013,2015,2016,0,0.06208456455368181,0.04183885663128503
720,Indonesia,EMIC,2016,IMO,medal,2013,2015,2016,0,0.06208456455368181,0.055760702919953026
724,Indonesia,IWYMIC,2016,IMO,medal,2013,2015,2016,0,0.10803282609947432,0.20346043409904574
765,Indonesia,EMIC,2016,IMO,medal,2013,2015,2016,0,0.06208456455368181,0.10291558761106595
766,Indonesia,IWYMIC,2016,IMO,medal,2013,2015,2016,0,0.10803282609947432,0.20346043409904574
776,Indonesia,EMIC,2016,IMO,medal,2013,2015,2016,0,0.06208456455368181,0.10291558761106595
777,Indonesia,EMIC,2016,IMO,medal,2013,2015,2016,0,0.06208456455368181,0.06334858117912745
789,Indonesia,EMIC,2016,IMO,medal,2013,2015,2016,0,0.06208456455368181,0.029278548097230753
807,Indonesia,IWYMIC,2016,IMO,medal,2013,2015,2016,0,0.10803282609947432,0.061706477646168344
815,Indonesia,EMIC,2016,IMO,medal,2013,2015,2016,0,0.06208456455368181,0.03626311826749317
819,Indonesia,IWYMIC,2016,IMO,medal,2013,2015,2016,0,0.10803282609947432,0.05704298272717587
820,Indonesia,EMIC,2016,IMO,medal,2013,2015,2016,0,0.06208456455368181,0.029278548097230753
822,Islamic Republic of Iran,IWYMIC,2016,IMO,medal,2013,2015,2016,0,0.18280844951764771,0.27895711624279745
864,Islamic Republic of Iran,EMIC,2016,IMO,medal,2013,2015,2016,0,0.10894113235586435,0.2199395316100253
866,Islamic Republic of Iran,EMIC,2016,IMO,medal,2013,2015,2016,0,0.10894113235586435,0.08464894184765538
869,Islamic Republic of Iran,EMIC,2016,IMO,medal,2013,2015,2016,0,0.10894113235586435,0.12674081872844342
877,Islamic Republic of Iran,EMIC,2016,IMO,medal,2013,2015,2016,0,0.10894113235586435,0.08464894184765538
880,Islamic Republic of Iran,EMIC,2016,IMO,medal,2013,2015,2016,0,0.10894113235586435,0.2199395316100253
881,Islamic Republic of Iran,IWYMIC,2016,IMO,medal,2013,2015,2016,0,0.18280844951764771,0.13033841974512506
890,Islamic Republic of Iran,EMIC,2016,IMO,medal,2013,2015,2016,0,0.10894113235586435,0.09691622135278705
893,Islamic Republic of Iran,IWYMIC,2016,IMO,medal,2013,2015,2016,0,0.18280844951764771,0.11557193140846869
903,Islamic Republic of Iran,IWYMIC,2016,IMO,medal,2013,2015,2016,0,0.18280844951764771,0.11557193140846869
908,Islamic Republic of Iran,IWYMIC,2016,IMO,medal,2013,2015,2016,0,0.18280844951764771,0.11496402655844423
913,Islamic Republic of Iran,EMIC,2016,IMO,medal,2013,2015,2016,0,0.10894113235586435,0.23588126792694072
922,Islamic Republic of Iran,IWYMIC,2016,IMO,medal,2013,2015,2016,1,0.18280844951764771,0.4798753808317796
923,Islamic Republic of Iran,IWYMIC,2016,IMO,medal,2013,2015,2016,0,0.18280844951764771,0.1196851504139825
937,Islamic Republic of Iran,IWYMIC,2016,IMO,medal,2013,2015,2016,0,0.18280844951764771,0.27895711624279745
941,Islamic Republic of Iran,EMIC,2016,IMO,medal,2013,2015,2016,0,0.10894113235586435,0.12674081872844342
943,Islamic Republic of Iran,IWYMIC,2016,IMO,medal,2013,2015,2016,1,0.18280844951764771,0.11496402655844423
945,Islamic Republic of Iran,IWYMIC,2016,IMO,medal,2013,2015,2016,1,0.18280844951764771,0.20263770287110502
989,Kazakhstan,EMIC,2016,IMO,medal,2013,2015,2016,0,0.0836201031716587,0.06818594219029053
991,Kazakhstan,EMIC,2016,IMO,medal,2013,2015,2016,0,0.0836201031716587,0.057941862708338725
993,Kazakhstan,EMIC,2016,IMO,medal,2013,2015,2016,0,0.0836201031716587,0.1030128305892749
995,Kazakhstan,EMIC,2016,IMO,medal,2013,2015,2016,0,0.0836201031716587,0.11623918577538775
1000,Kazakhstan,EMIC,2016,IMO,medal,2013,2015,2016,0,0.0836201031716587,0.18240783525487553
1001,Kazakhstan,EMIC,2016,IMO,medal,2013,2015,2016,0,0.0836201031716587,0.06818594219029053
1011,Kazakhstan,EMIC,2016,IMO,medal,2013,2015,2016,0,0.0836201031716587,0.1030128305892749
1020,Kazakhstan,EMIC,2016,IMO,medal,2013,2015,2016,0,0.0836201031716587,0.18240783525487553
1031,Kazakhstan,EMIC,2016,IMO,medal,2013,2015,2016,0,0.0836201031716587,0.07827142246175042
1033,Kazakhstan,EMIC,2016,IMO,medal,2013,2015,2016,0,0.0836201031716587,0.05540626696338242
1040,Lebanon,EMIC,2016,IMO,medal,2013,2015,2016,0,0.057783130975749115,0.0902939107753431
1041,Lebanon,IWYMIC,2016,IMO,medal,2013,2015,2016,0,0.1008903780745645,0.06747286137493343
1042,Lebanon,EMIC,2016,IMO,medal,2013,2015,2016,0,0.057783130975749115,0.0902939107753431
1047,Macau,IWYMIC,2016,IMO,medal,2013,2015,2016,0,0.09835742347764555,0.051893425616340444
1077,Macau,IWYMIC,2016,IMO,medal,2013,2015,2016,0,0.09835742347764555,0.051893425616340444
1089,Macau,IWYMIC,2016,IMO,medal,2013,2015,2016,0,0.09835742347764555,0.051893425616340444
1097,Macau,EMIC,2016,IMO,medal,2013,2015,2016,0,0.05626470189146717,0.031530740754831255
1110,Macau,IWYMIC,2016,IMO,medal,2013,2015,2016,0,0.09835742347764555,0.07926564359747053
1149,Macau,IWYMIC,2016,IMO,medal,2013,2015,2016,1,0.09835742347764555,0.07355147697868966
1150,Macau,EMIC,2016,IMO,medal,2013,2015,2016,0,0.05626470189146717,0.031530740754831255
1164,Macau,EMIC,2016,IMO,medal,2013,2015,2016,0,0.05626470189146717,0.031530740754831255
1175,Malaysia,EMIC,2016,IMO,medal,2013,2015,2016,0,0.06583292313907994,0.041673968637843055
1181,Malaysia,EMIC,2016,IMO,medal,2013,2015,2016,0,0.06583292313907994,0.041673968637843055
1199,Malaysia,EMIC,2016,IMO,medal,2013,2015,2016,0,0.06583292313907994,0.03611937605123971
1203,Malaysia,IWYMIC,2016,IMO,medal,2013,2015,2016,0,0.1142174853170171,0.050004133077594555
1205,Malaysia,IWYMIC,2016,IMO,medal,2013,2015,2016,0,0.1142174853170171,0.056821728308032816
1206,Malaysia,IWYMIC,2016,IMO,medal,2013,2015,2016,0,0.1142174853170171,0.07688216401466315
1208,Malaysia,EMIC,2016,IMO,medal,2013,2015,2016,0,0.06583292313907994,0.041673968637843055
1214,Malaysia,EMIC,2016,IMO,medal,2013,2015,2016,0,0.06583292313907994,0.03611937605123971
1228,Malaysia,EMIC,2016,IMO,medal,2013,2015,2016,0,0.06583292313907994,0.06310450579421652
1245,Mexico,IWYMIC,2016,IMO,medal,2013,2015,2016,0,0.3407094742161276,0.282013751154952
1259,Mexico,IWYMIC,2016,IMO,medal,2013,2015,2016,0,0.3407094742161276,0.282013751154952
1263,Mexico,IWYMIC,2016,IMO,medal,2013,2015,2016,0,0.3407094742161276,0.2832223046889997
1264,Mexico,IWYMIC,2016,IMO,medal,2013,2015,2016,1,0.3407094742161276,0.43453423014139975
1268,Mexico,IWYMIC,2016,IMO,medal,2013,2015,2016,1,0.3407094742161276,0.43453423014139975
1301,Mexico,IWYMIC,2016,IMO,medal,2013,2015,2016,0,0.3407094742161276,0.5391382418439129
1303,Mexico,IWYMIC,2016,IMO,medal,2013,2015,2016,0,0.3407094742161276,0.3643271600214762
1310,Mongolia,EMIC,2016,IMO,medal,2013,2015,2016,0,0.14037374369791278,0.1079515091579359
1335,Mongolia,EMIC,2016,IMO,medal,2013,2015,2016,1,0.14037374369791278,0.17865598929923535
1336,Mongolia,IWYMIC,2016,IMO,medal,2013,2015,2016,0,0.23005138886479307,0.1440010238456075
1339,Mongolia,EMIC,2016,IMO,medal,2013,2015,2016,0,0.14037374369791278,0.09232509118366039
1347,Mongolia,EMIC,2016,IMO,medal,2013,2015,2016,0,0.14037374369791278,0.15961016551720958
1374,Mongolia,EMIC,2016,IMO,medal,2013,2015,2016,1,0.14037374369791278,0.26951944141972867
1380,Nepal,EMIC,2016,IMO,medal,2013,2015,2016,0,0.04808050633174603,0.044452881229687824
1393,Netherlands,IWYMIC,2016,IMO,medal,2013,2015,2016,0,0.07176995356256599,0.03985873447706732
1395,Netherlands,IWYMIC,2016,IMO,medal,2013,2015,2016,0,0.07176995356256599,0.0542751432979568
1410,People's Republic of China,IWYMIC,2016,IMO,medal,2013,2015,2016,0,0.01923191748853924,0.007309615358320424
1421,People's Republic of China,IWYMIC,2016,IMO,medal,2013,2015,2016,0,0.01923191748853924,0.007309615358320424
1424,People's Republic of China,EMIC,2016,IMO,medal,2013,2015,2016,0,0.010603270101218218,0.03581552468752624
1440,People's Republic of China,EMIC,2016,IMO,medal,2013,2015,2016,0,0.010603270101218218,0.002648656635751886
1452,People's Republic of China,EMIC,2016,IMO,medal,2013,2015,2016,0,0.010603270101218218,0.002648656635751886
1456,People's Republic of China,IWYMIC,2016,IMO,medal,2013,2015,2016,0,0.01923191748853924,0.005298169176824593
1482,People's Republic of China,IWYMIC,2016,IMO,medal,2013,2015,2016,0,0.01923191748853924,0.005298169176824593
1487,People's Republic of China,EMIC,2016,IMO,medal,2013,2015,2016,0,0.010603270101218218,0.03581552468752624
1489,People's Republic of China,EMIC,2016,IMO,medal,2013,2015,2016,0,0.010603270101218218,0.022220431124310606
1490,People's Republic of China,EMIC,2016,IMO,medal,2013,2015,2016,0,0.010603270101218218,0.005919743919909366
1491,People's Republic of China,IWYMIC,2016,IMO,medal,2013,2015,2016,0,0.01923191748853924,0.00465968805672059
1499,People's Republic of China,EMIC,2016,IMO,medal,2013,2015,2016,0,0.010603270101218218,0.022220431124310606
1507,People's Republic of China,IWYMIC,2016,IMO,medal,2013,2015,2016,0,0.01923191748853924,0.0136707908913278
1509,People's Republic of China,EMIC,2016,IMO,medal,2013,2015,2016,0,0.010603270101218218,0.0051726898942688814
1510,People's Republic of China,IWYMIC,2016,IMO,medal,2013,2015,2016,0,0.01923191748853924,0.006744675726703747
1512,People's Republic of China,EMIC,2016,IMO,medal,2013,2015,2016,0,0.010603270101218218,0.0051726898942688814
1518,People's Republic of China,EMIC,2016,IMO,medal,2013,2015,2016,0,0.010603270101218218,0.022220431124310606
1531,People's Republic of China,IWYMIC,2016,IMO,medal,2013,2015,2016,0,0.01923191748853924,0.005298169176824593
1550,People's Republic of China,IWYMIC,2016,IMO,medal,2013,2015,2016,0,0.01923191748853924,0.004632122753228806
1556,People's Republic of China,EMIC,2016,IMO,medal,2013,2015,2016,0,0.010603270101218218,0.002648656635751886
1586,People's Republic of China,IWYMIC,2016,IMO,medal,2013,2015,2016,0,0.01923191748853924,0.006744675726703747
1588,People's Republic of China,EMIC,2016,IMO,medal,2013,2015,2016,0,0.010603270101218218,0.0051726898942688814
1593,People's Republic of China,EMIC,2016,IMO,medal,2013,2015,2016,0,0.010603270101218218,0.010000128044689938
1606,People's Republic of China,IWYMIC,2016,IMO,medal,2013,2015,2016,0,0.01923191748853924,0.007309615358320424
1610,People's Republic of China,EMIC,2016,IMO,medal,2013,2015,2016,0,0.010603270101218218,0.056905224688916935
1622,People's Republic of China,IWYMIC,2016,IMO,medal,2013,2015,2016,0,0.01923191748853924,0.006744675726703747
1628,People's Republic of China,EMIC,2016,IMO,medal,2013,2015,2016,0,0.010603270101218218,0.01093833880127392
1629,People's Republic of China,IWYMIC,2016,IMO,medal,2013,2015,2016,0,0.01923191748853924,0.004632122753228806
1631,People's Republic of China,EMIC,2016,IMO,medal,2013,2015,2016,0,0.010603270101218218,0.022220431124310606
1639,People's Republic of China,IWYMIC,2016,IMO,medal,2013,2015,2016,0,0.01923191748853924,0.005007059999294985
1669,Philippines,EMIC,2016,IMO,medal,2013,2015,2016,0,0.05489269801259229,0.019892710904916625
1679,Philippines,EMIC,2016,IMO,medal,2013,2015,2016,0,0.05489269801259229,0.1420988949609033
1682,Philippines,EMIC,2016,IMO,medal,2013,2015,2016,1,0.05489269801259229,0.023578094630505492
1695,Philippines,EMIC,2016,IMO,medal,2013,2015,2016,0,0.05489269801259229,0.019892710904916625
1725,Philippines,EMIC,2016,IMO,medal,2013,2015,2016,0,0.05489269801259229,0.03651373202360796
1726,Philippines,IWYMIC,2016,IMO,medal,2013,2015,2016,0,0.09606347702377661,0.03299557215182004
1749,Philippines,EMIC,2016,IMO,medal,2013,2015,2016,0,0.05489269801259229,0.07459374071581859
1751,Philippines,EMIC,2016,IMO,medal,2013,2015,2016,0,0.05489269801259229,0.019892710904916625
1760,Philippines,IWYMIC,2016,IMO,medal,2013,2015,2016,0,0.09606347702377661,0.03299557215182004
1776,Philippines,IWYMIC,2016,IMO,medal,2013,2015,2016,0,0.09606347702377661,0.03538024994527379
1777,Philippines,IWYMIC,2016,IMO,medal,2013,2015,2016,0,0.09606347702377661,0.037370923543687026
1779,Philippines,EMIC,2016,IMO,medal,2013,2015,2016,0,0.05489269801259229,0.03651373202360796
1793,Philippines,EMIC,2016,IMO,medal,2013,2015,2016,0,0.05489269801259229,0.018988623296545205
1803,Philippines,EMIC,2016,IMO,medal,2013,2015,2016,0,0.05489269801259229,0.019892710904916625
1806,Philippines,IWYMIC,2016,IMO,medal,2013,2015,2016,0,0.09606347702377661,0.037370923543687026
1808,Philippines,IWYMIC,2016,IMO,medal,2013,2015,2016,0,0.09606347702377661,0.03280590522234572
1822,Philippines,IWYMIC,2016,IMO,medal,2013,2015,2016,0,0.09606347702377661,0.03538024994527379
1825,Philippines,EMIC,2016,IMO,medal,2013,2015,2016,0,0.05489269801259229,0.07459374071581859
1863,Philippines,IWYMIC,2016,IMO,medal,2013,2015,2016,0,0.09606347702377661,0.03538024994527379
1975,Romania,IWYMIC,2016,IMO,medal,2013,2015,2016,0,0.044769615802517405,0.022800735993630836
2029,Romania,IWYMIC,2016,IMO,medal,2013,2015,2016,0,0.044769615802517405,0.025086164709061106
2154,South Africa,IWYMIC,2016,IMO,medal,2013,2015,2016,0,0.09141503386428383,0.08119158832507432
2166,South Africa,EMIC,2016,IMO,medal,2013,2015,2016,0,0.052121606440850586,0.05873360568790692
2175,South Africa,EMIC,2016,IMO,medal,2013,2015,2016,0,0.052121606440850586,0.05873360568790692
2184,South Africa,EMIC,2016,IMO,medal,2013,2015,2016,1,0.052121606440850586,0.10811471035921068
2188,South Africa,IWYMIC,2016,IMO,medal,2013,2015,2016,0,0.09141503386428383,0.08119158832507432
2189,South Africa,EMIC,2016,IMO,medal,2013,2015,2016,0,0.052121606440850586,0.10811471035921068
2205,South Africa,IWYMIC,2016,IMO,medal,2013,2015,2016,0,0.09141503386428383,0.08119158832507432
2206,South Africa,IWYMIC,2016,IMO,medal,2013,2015,2016,1,0.09141503386428383,0.0531927207002944
2217,Sri Lanka,EMIC,2016,IMO,medal,2013,2015,2016,0,0.0766370936016102,0.05092987416380195
2219,Sri Lanka,EMIC,2016,IMO,medal,2013,2015,2016,0,0.0766370936016102,0.04419848940280914
2227,Sri Lanka,IWYMIC,2016,IMO,medal,2013,2015,2016,0,0.13184160478042856,0.08657336821485062
2235,Sri Lanka,EMIC,2016,IMO,medal,2013,2015,2016,0,0.0766370936016102,0.03574218701957824
2243,Sri Lanka,EMIC,2016,IMO,medal,2013,2015,2016,0,0.0766370936016102,0.05092987416380195
2258,Sri Lanka,EMIC,2016,IMO,medal,2013,2015,2016,1,0.0766370936016102,0.06766312875351027
2259,Sri Lanka,EMIC,2016,IMO,medal,2013,2015,2016,0,0.0766370936016102,0.03574218701957824
2266,Sri Lanka,IWYMIC,2016,IMO,medal,2013,2015,2016,0,0.13184160478042856,0.06919905922304183
2275,Taiwan,IWYMIC,2016,IMO,medal,2013,2015,2016,0,0.07279351700970893,0.23704496008847323
2294,Taiwan,EMIC,2016,IMO,medal,2013,2015,2016,0,0.04114183924343629,0.0446928530072315
2322,Taiwan,EMIC,2016,IMO,medal,2013,2015,2016,0,0.04114183924343629,0.04097938299413787
2327,Taiwan,EMIC,2016,IMO,medal,2013,2015,2016,0,0.04114183924343629,0.01600384288446031
2341,Taiwan,EMIC,2016,IMO,medal,2013,2015,2016,1,0.04114183924343629,0.024572178389991782
2346,Taiwan,IWYMIC,2016,IMO,medal,2013,2015,2016,0,0.07279351700970893,0.12267201195353498
2365,Taiwan,EMIC,2016,IMO,medal,2013,2015,2016,0,0.04114183924343629,0.024572178389991782
2374,Taiwan,IWYMIC,2016,IMO,medal,2013,2015,2016,0,0.07279351700970893,0.020844031502282548
2382,Taiwan,EMIC,2016,IMO,medal,2013,2015,2016,0,0.04114183924343629,0.011642851497444416
2383,Taiwan,EMIC,2016,IMO,medal,2013,2015,2016,0,0.04114183924343629,0.08770306800987424
2384,Taiwan,EMIC,2016,IMO,medal,2013,2015,2016,0,0.04114183924343629,0.011642851497444416
2394,Taiwan,EMIC,2016,IMO,medal,2013,2015,2016,0,0.04114183924343629,0.011642851497444416
2402,Taiwan,IWYMIC,2016,IMO,medal,2013,2015,2016,0,0.07279351700970893,0.12267201195353498
2404,Taiwan,EMIC,2016,IMO,medal,2013,2015,2016,0,0.04114183924343629,0.013821394631581772
2420,Taiwan,EMIC,2016,IMO,medal,2013,2015,2016,0,0.04114183924343629,0.01600384288446031
2421,Taiwan,IWYMIC,2016,IMO,medal,2013,2015,2016,0,0.07279351700970893,0.023909567391326814
2422,Taiwan,IWYMIC,2016,IMO,medal,2013,2015,2016,0,0.07279351700970893,0.03708637078633882
2428,Taiwan,EMIC,2016,IMO,medal,2013,2015,2016,0,0.04114183924343629,0.01600384288446031
2438,Taiwan,IWYMIC,2016,IMO,medal,2013,2015,2016,0,0.07279351700970893,0.02203550666222972
2470,Taiwan,IWYMIC,2016,IMO,medal,2013,2015,2016,0,0.07279351700970893,0.05538517738505775
2483,Taiwan,EMIC,2016,IMO,medal,2013,2015,2016,0,0.04114183924343629,0.02152220517661733
2494,Taiwan,EMIC,2016,IMO,medal,2013,2015,2016,0,0.04114183924343629,0.024572178389991782
2497,Taiwan,EMIC,2016,IMO,medal,2013,2015,2016,0,0.04114183924343629,0.0446928530072315
2527,Tajikistan,EMIC,2016,IMO,medal,2013,2015,2016,0,0.057783130975749115,0.04860879077862574
2530,Tajikistan,IWYMIC,2016,IMO,medal,2013,2015,2016,0,0.1008903780745645,0.04711820789422325
2537,Tajikistan,IWYMIC,2016,IMO,medal,2013,2015,2016,1,0.1008903780745645,0.04397844540812098
2538,Tajikistan,IWYMIC,2016,IMO,medal,2013,2015,2016,1,0.1008903780745645,0.08211719856449111
2545,Tajikistan,EMIC,2016,IMO,medal,2013,2015,2016,0,0.057783130975749115,0.025431774906786275
2549,Tajikistan,EMIC,2016,IMO,medal,2013,2015,2016,0,0.057783130975749115,0.02663430547706837
2552,Tajikistan,EMIC,2016,IMO,medal,2013,2015,2016,0,0.057783130975749115,0.0902939107753431
2554,Tajikistan,IWYMIC,2016,IMO,medal,2013,2015,2016,1,0.1008903780745645,0.05011585465800824
2555,Tajikistan,EMIC,2016,IMO,medal,2013,2015,2016,0,0.057783130975749115,0.03152848007813047
2562,Tajikistan,IWYMIC,2016,IMO,medal,2013,2015,2016,0,0.1008903780745645,0.06747286137493343
2567,Tajikistan,IWYMIC,2016,IMO,medal,2013,2015,2016,0,0.1008903780745645,0.04397844540812098
2576,Tajikistan,IWYMIC,2016,IMO,medal,2013,2015,2016,0,0.1008903780745645,0.05672496968392709
2586,Thailand,EMIC,2016,IMO,medal,2013,2015,2016,0,0.07688892411396242,0.1063319936419989
2589,Thailand,IWYMIC,2016,IMO,medal,2013,2015,2016,0,0.13224885660274585,0.30455106031024687
2598,Thailand,EMIC,2016,IMO,medal,2013,2015,2016,0,0.07688892411396242,0.06021044395358308
2600,Thailand,EMIC,2016,IMO,medal,2013,2015,2016,0,0.07688892411396242,0.19646168179856885
2601,Thailand,EMIC,2016,IMO,medal,2013,2015,2016,0,0.07688892411396242,0.039721072790842415
2607,Thailand,IWYMIC,2016,IMO,medal,2013,2015,2016,0,0.13224885660274585,0.058644593163549426
2619,Thailand,IWYMIC,2016,IMO,medal,2013,2015,2016,0,0.13224885660274585,0.08921456704777155
2620,Thailand,EMIC,2016,IMO,medal,2013,2015,2016,0,0.07688892411396242,0.06021044395358308
2632,Thailand,IWYMIC,2016,IMO,medal,2013,2015,2016,0,0.13224885660274585,0.08921456704777155
2645,Thailand,EMIC,2016,IMO,medal,2013,2015,2016,0,0.07688892411396242,0.2855314932626258
2655,Thailand,EMIC,2016,IMO,medal,2013,2015,2016,0,0.07688892411396242,0.029088269985670368
2660,Thailand,IWYMIC,2016,IMO,medal,2013,2015,2016,0,0.13224885660274585,0.08921456704777155
2664,Thailand,EMIC,2016,IMO,medal,2013,2015,2016,0,0.07688892411396242,0.34851992357396994
2680,Thailand,EMIC,2016,IMO,medal,2013,2015,2016,0,0.07688892411396242,0.06021044395358308
2685,Thailand,EMIC,2016,IMO,medal,2013,2015,2016,0,0.07688892411396242,0.05297719088844581
2686,Thailand,EMIC,2016,IMO,medal,2013,2015,2016,0,0.07688892411396242,0.034417427290724854
2687,Thailand,EMIC,2016,IMO,medal,2013,2015,2016,0,0.07688892411396242,0.029088269985670368
2689,Thailand,IWYMIC,2016,IMO,medal,2013,2015,2016,1,0.13224885660274585,0.08921456704777155
2697,Thailand,IWYMIC,2016,IMO,medal,2013,2015,2016,0,0.13224885660274585,0.19482519097509773
2703,Thailand,IWYMIC,2016,IMO,medal,2013,2015,2016,0,0.13224885660274585,0.12976772091615496
2708,Thailand,EMIC,2016,IMO,medal,2013,2015,2016,0,0.07688892411396242,0.027778105595385395
2715,Thailand,EMIC,2016,IMO,medal,2013,2015,2016,0,0.07688892411396242,0.1063319936419989
2719,Thailand,EMIC,2016,IMO,medal,2013,2015,2016,0,0.07688892411396242,0.034417427290724854
2728,Thailand,IWYMIC,2016,IMO,medal,2013,2015,2016,0,0.13224885660274585,0.6365818105177331
2732,Thailand,IWYMIC,2016,IMO,medal,2013,2015,2016,0,0.13224885660274585,0.05135988302927941
2733,Thailand,IWYMIC,2016,IMO,medal,2013,2015,2016,0,0.13224885660274585,0.3630645044476496
2738,Thailand,IWYMIC,2016,IMO,medal,2013,2015,2016,0,0.13224885660274585,0.3630645044476496
2742,Thailand,EMIC,2016,IMO,medal,2013,2015,2016,0,0.07688892411396242,0.1063319936419989
2751,Thailand,EMIC,2016,IMO,medal,2013,2015,2016,0,0.07688892411396242,0.034417427290724854
2752,Thailand,IWYMIC,2016,IMO,medal,2013,2015,2016,0,0.13224885660274585,0.3630645044476496
2771,Thailand,EMIC,2016,IMO,medal,2013,2015,2016,0,0.07688892411396242,0.3936333321879124
2783,Thailand,EMIC,2016,IMO,medal,2013,2015,2016,0,0.07688892411396242,0.19646168179856885
2788,Thailand,IWYMIC,2016,IMO,medal,2013,2015,2016,0,0.13224885660274585,0.6678242059406803
2789,Thailand,IWYMIC,2016,IMO,medal,2013,2015,2016,0,0.13224885660274585,0.5534206061927277
2796,Thailand,EMIC,2016,IMO,medal,2013,2015,2016,0,0.07688892411396242,0.039721072790842415
2801,Thailand,IWYMIC,2016,IMO,medal,2013,2015,2016,1,0.13224885660274585,0.591948285639578
2805,Thailand,IWYMIC,2016,IMO,medal,2013,2015,2016,0,0.13224885660274585,0.4413960692260903
2815,Thailand,EMIC,2016,IMO,medal,2013,2015,2016,0,0.07688892411396242,0.039721072790842415
2833,Thailand,IWYMIC,2016,IMO,medal,2013,2015,2016,0,0.13224885660274585,0.08921456704777155
2840,Thailand,EMIC,2016,IMO,medal,2013,2015,2016,0,0.07688892411396242,0.1063319936419989
2923,Uzbekistan,EMIC,2016,IMO,medal,2013,2015,2016,0,0.07825877802981739,0.03898845514509143
2931,Uzbekistan,EMIC,2016,IMO,medal,2013,2015,2016,0,0.07825877802981739,0.07041826894560689
2936,Uzbekistan,EMIC,2016,IMO,medal,2013,2015,2016,0,0.07825877802981739,0.03898845514509143
2938,Uzbekistan,EMIC,2016,IMO,medal,2013,2015,2016,0,0.07825877802981739,0.03724948434796055
2973,Vietnam,EMIC,2016,IMO,medal,2013,2015,2016,0,0.05229440597912977,0.03853967418970272
2986,Vietnam,EMIC,2016,IMO,medal,2013,2015,2016,0,0.05229440597912977,0.017562153455540262
3030,Vietnam,EMIC,2016,IMO,medal,2013,2015,2016,0,0.05229440597912977,0.0218145195675985
3033,Vietnam,EMIC,2016,IMO,medal,2013,2015,2016,0,0.05229440597912977,0.0218145195675985
3034,Vietnam,EMIC,2016,IMO,medal,2013,2015,2016,0,0.05229440597912977,0.017562153455540262
3038,Vietnam,EMIC,2016,IMO,medal,2013,2015,2016,0,0.05229440597912977,0.018399597723153815
3049,Vietnam,EMIC,2016,IMO,medal,2013,2015,2016,0,0.05229440597912977,0.2507706515280929
3060,Vietnam,EMIC,2016,IMO,medal,2013,2015,2016,0,0.05229440597912977,0.132674864878182
3070,Vietnam,IWYMIC,2016,IMO,medal,2013,2015,2016,0,0.0917055000954711,0.2150627760378735
3084,Vietnam,EMIC,2016,IMO,medal,2013,2015,2016,0,0.05229440597912977,0.018399597723153815
3104,Vietnam,EMIC,2016,IMO,medal,2013,2015,2016,0,0.05229440597912977,0.018399597723153815
3112,Vietnam,EMIC,2016,IMO,medal,2013,2015,2016,0,0.05229440597912977,0.03381611655344562
2,Australia,IWYMIC,2017,IMO,medal,2013,2016,2017,0,0.0708777765881568,0.050569833029220995
86,Bulgaria,EMIC,2017,IMO,medal,2013,2016,2017,0,0.018346260973120428,0.0525071215711683
117,Bulgaria,IWYMIC,2017,IMO,medal,2013,2016,2017,0,0.03385024338963164,0.024257815533759622
128,Bulgaria,IWYMIC,2017,IMO,medal,2013,2016,2017,0,0.03385024338963164,0.024257815533759622
130,Bulgaria,IWYMIC,2017,IMO,medal,2013,2016,2017,0,0.03385024338963164,0.024257815533759622
138,Bulgaria,IWYMIC,2017,IMO,medal,2013,2016,2017,0,0.03385024338963164,0.018145704708904538
140,Bulgaria,EMIC,2017,IMO,medal,2013,2016,2017,0,0.018346260973120428,0.029834356911317503
145,Bulgaria,EMIC,2017,IMO,medal,2013,2016,2017,0,0.018346260973120428,0.029834356911317503
175,Bulgaria,IWYMIC,2017,IMO,medal,2013,2016,2017,0,0.03385024338963164,0.020954054753066328
214,Bulgaria,EMIC,2017,IMO,medal,2013,2016,2017,0,0.018346260973120428,0.010418258664077931
241,Bulgaria,EMIC,2017,IMO,medal,2013,2016,2017,0,0.018346260973120428,0.01164089979514607
243,Bulgaria,EMIC,2017,IMO,medal,2013,2016,2017,0,0.018346260973120428,0.029834356911317503
265,Bulgaria,EMIC,2017,IMO,medal,2013,2016,2017,0,0.018346260973120428,0.0525071215711683
270,Bulgaria,EMIC,2017,IMO,medal,2013,2016,2017,0,0.018346260973120428,0.029834356911317503
273,Bulgaria,EMIC,2017,IMO,medal,2013,2016,2017,0,0.018346260973120428,0.010418258664077931
288,Bulgaria,EMIC,2017,IMO,medal,2013,2016,2017,0,0.018346260973120428,0.029834356911317503
302,Bulgaria,EMIC,2017,IMO,medal,2013,2016,2017,0,0.018346260973120428,0.07612811716834807
316,Bulgaria,EMIC,2017,IMO,medal,2013,2016,2017,0,0.018346260973120428,0.010418258664077931
341,Bulgaria,IWYMIC,2017,IMO,medal,2013,2016,2017,0,0.03385024338963164,0.08069858267319419
347,Bulgaria,EMIC,2017,IMO,medal,2013,2016,2017,0,0.018346260973120428,0.010418258664077931
364,Bulgaria,EMIC,2017,IMO,medal,2013,2016,2017,0,0.018346260973120428,0.010418258664077931
367,Bulgaria,IWYMIC,2017,IMO,medal,2013,2016,2017,0,0.03385024338963164,0.07163654925390467
375,Canada,IWYMIC,2017,IMO,medal,2013,2016,2017,0,0.031092590508050008,0.01769529332598578
379,Canada,IWYMIC,2017,IMO,medal,2013,2016,2017,0,0.031092590508050008,0.024800329972650016
398,Canada,IWYMIC,2017,IMO,medal,2013,2016,2017,0,0.031092590508050008,0.017596501662792693
430,Cyprus,EMIC,2017,IMO,medal,2013,2016,2017,0,0.1188056672974852,0.1411744517554464
454,Hong Kong,EMIC,2017,IMO,medal,2013,2016,2017,0,0.045459406909293704,0.014303052659923475
481,Hong Kong,EMIC,2017,IMO,medal,2013,2016,2017,1,0.045459406909293704,0.20727120224926424
559,Hong Kong,EMIC,2017,IMO,medal,2013,2016,2017,0,0.045459406909293704,0.014303052659923475
564,Hong Kong,EMIC,2017,IMO,medal,2013,2016,2017,0,0.045459406909293704,0.15498833451711005
592,India,IWYMIC,2017,IMO,medal,2013,2016,2017,0,0.06324558787147035,0.03844468161919833
600,India,IWYMIC,2017,IMO,medal,2013,2016,2017,0,0.06324558787147035,0.03348956687062471
601,India,EMIC,2017,IMO,medal,2013,2016,2017,0,0.03476246644449568,0.018515446273730033
603,India,IWYMIC,2017,IMO,medal,2013,2016,2017,0,0.06324558787147035,0.03205421035202336
604,India,IWYMIC,2017,IMO,medal,2013,2016,2017,0,0.06324558787147035,0.03844468161919833
606,India,EMIC,2017,IMO,medal,2013,2016,2017,0,0.03476246644449568,0.020668490806365257
607,India,EMIC,2017,IMO,medal,2013,2016,2017,0,0.03476246644449568,0.032052938700173485
610,India,IWYMIC,2017,IMO,medal,2013,2016,2017,0,0.06324558787147035,0.03348956687062471
612,India,EMIC,2017,IMO,medal,2013,2016,2017,0,0.03476246644449568,0.020668490806365257
613,India,IWYMIC,2017,IMO,medal,2013,2016,2017,0,0.06324558787147035,0.03453645258416813
614,India,EMIC,2017,IMO,medal,2013,2016,2017,0,0.03476246644449568,0.23784237836430602
615,India,EMIC,2017,IMO,medal,2013,2016,2017,0,0.03476246644449568,0.020668490806365257
619,India,IWYMIC,2017,IMO,medal,2013,2016,2017,0,0.06324558787147035,0.03844468161919833
620,India,IWYMIC,2017,IMO,medal,2013,2016,2017,0,0.06324558787147035,0.03844468161919833
626,India,IWYMIC,2017,IMO,medal,2013,2016,2017,0,0.06324558787147035,0.03844468161919833
684,Indonesia,EMIC,2017,IMO,medal,2013,2016,2017,0,0.03724942588054674,0.16122031074052154
685,Indonesia,EMIC,2017,IMO,medal,2013,2016,2017,0,0.03724942588054674,0.01889594997702298
721,Indonesia,IWYMIC,2017,IMO,medal,2013,2016,2017,0,0.06762750359374496,0.09693559449663287
728,Indonesia,EMIC,2017,IMO,medal,2013,2016,2017,0,0.03724942588054674,0.01889594997702298
732,Indonesia,EMIC,2017,IMO,medal,2013,2016,2017,0,0.03724942588054674,0.021092290023686847
741,Indonesia,EMIC,2017,IMO,medal,2013,2016,2017,0,0.03724942588054674,0.021092290023686847
746,Indonesia,EMIC,2017,IMO,medal,2013,2016,2017,0,0.03724942588054674,0.03270237656921955
749,Indonesia,IWYMIC,2017,IMO,medal,2013,2016,2017,0,0.06762750359374496,0.03921837804585267
762,Indonesia,EMIC,2017,IMO,medal,2013,2016,2017,0,0.03724942588054674,0.05326122542934394
775,Indonesia,EMIC,2017,IMO,medal,2013,2016,2017,1,0.03724942588054674,0.022458951595603342
783,Indonesia,EMIC,2017,IMO,medal,2013,2016,2017,0,0.03724942588054674,0.022458951595603342
787,Indonesia,EMIC,2017,IMO,medal,2013,2016,2017,0,0.03724942588054674,0.01889594997702298
794,Indonesia,EMIC,2017,IMO,medal,2013,2016,2017,0,0.03724942588054674,0.09204819038444804
833,Islamic Republic of Iran,IWYMIC,2017,IMO,medal,2013,2016,2017,0,0.14058791210071475,0.08916731493076416
835,Islamic Republic of Iran,IWYMIC,2017,IMO,medal,2013,2016,2017,0,0.14058791210071475,0.14343696515167065
844,Islamic Republic of Iran,EMIC,2017,IMO,medal,2013,2016,2017,0,0.08025733784013102,0.1410612339155662
848,Islamic Republic of Iran,IWYMIC,2017,IMO,medal,2013,2016,2017,0,0.14058791210071475,0.0898304887359416
851,Islamic Republic of Iran,EMIC,2017,IMO,medal,2013,2016,2017,0,0.08025733784013102,0.06285309062054173
853,Islamic Republic of Iran,EMIC,2017,IMO,medal,2013,2016,2017,0,0.08025733784013102,0.22836472241908826
857,Islamic Republic of Iran,IWYMIC,2017,IMO,medal,2013,2016,2017,0,0.14058791210071475,0.09932518072863018
858,Islamic Republic of Iran,EMIC,2017,IMO,medal,2013,2016,2017,0,0.08025733784013102,0.06285309062054173
860,Islamic Republic of Iran,EMIC,2017,IMO,medal,2013,2016,2017,0,0.08025733784013102,0.05323071581022266
876,Islamic Republic of Iran,IWYMIC,2017,IMO,medal,2013,2016,2017,0,0.14058791210071475,0.0898304887359416
878,Islamic Republic of Iran,IWYMIC,2017,IMO,medal,2013,2016,2017,0,0.14058791210071475,0.09208829842711187
879,Islamic Republic of Iran,IWYMIC,2017,IMO,medal,2013,2016,2017,0,0.14058791210071475,0.0898304887359416
883,Islamic Republic of Iran,IWYMIC,2017,IMO,medal,2013,2016,2017,0,0.14058791210071475,0.10257422074838395
926,Islamic Republic of Iran,EMIC,2017,IMO,medal,2013,2016,2017,1,0.08025733784013102,0.4557202115974934
936,Islamic Republic of Iran,EMIC,2017,IMO,medal,2013,2016,2017,0,0.08025733784013102,0.06285309062054173
939,Islamic Republic of Iran,IWYMIC,2017,IMO,medal,2013,2016,2017,0,0.14058791210071475,0.1294890771655518
942,Islamic Republic of Iran,IWYMIC,2017,IMO,medal,2013,2016,2017,0,0.14058791210071475,0.1632616480867801
944,Islamic Republic of Iran,EMIC,2017,IMO,medal,2013,2016,2017,0,0.08025733784013102,0.1410612339155662
956,Islamic Republic of Iran,EMIC,2017,IMO,medal,2013,2016,2017,0,0.08025733784013102,0.06285309062054173
972,Kazakhstan,EMIC,2017,IMO,medal,2013,2016,2017,0,0.048364345997327765,0.05857101116109444
977,Kazakhstan,EMIC,2017,IMO,medal,2013,2016,2017,0,0.048364345997327765,0.03422972853899161
982,Kazakhstan,EMIC,2017,IMO,medal,2013,2016,2017,0,0.048364345997327765,0.03813908106770102
984,Kazakhstan,EMIC,2017,IMO,medal,2013,2016,2017,0,0.048364345997327765,0.03813908106770102
990,Kazakhstan,EMIC,2017,IMO,medal,2013,2016,2017,0,0.048364345997327765,0.2171649611965181
996,Kazakhstan,EMIC,2017,IMO,medal,2013,2016,2017,0,0.048364345997327765,0.1572306315201907
1017,Kazakhstan,EMIC,2017,IMO,medal,2013,2016,2017,0,0.048364345997327765,0.03813908106770102
1018,Kazakhstan,EMIC,2017,IMO,medal,2013,2016,2017,0,0.048364345997327765,0.03422972853899161
1022,Kazakhstan,EMIC,2017,IMO,medal,2013,2016,2017,0,0.048364345997327765,0.04056450830498031
1026,Kazakhstan,EMIC,2017,IMO,medal,2013,2016,2017,0,0.048364345997327765,0.04056450830498031
1171,Malaysia,EMIC,2017,IMO,medal,2013,2016,2017,0,0.038378641303792864,0.035334430055405534
1173,Malaysia,EMIC,2017,IMO,medal,2013,2016,2017,0,0.038378641303792864,0.024287262588667133
1188,Malaysia,EMIC,2017,IMO,medal,2013,2016,2017,0,0.038378641303792864,0.14039304040711353
1204,Malaysia,EMIC,2017,IMO,medal,2013,2016,2017,0,0.038378641303792864,0.02044027343657038
1209,Malaysia,EMIC,2017,IMO,medal,2013,2016,2017,0,0.038378641303792864,0.024287262588667133
1213,Malaysia,EMIC,2017,IMO,medal,2013,2016,2017,0,0.038378641303792864,0.20870968819906008
1217,Malaysia,EMIC,2017,IMO,medal,2013,2016,2017,0,0.038378641303792864,0.035334430055405534
1232,Malaysia,EMIC,2017,IMO,medal,2013,2016,2017,0,0.038378641303792864,0.02044027343657038
1233,Malaysia,IWYMIC,2017,IMO,medal,2013,2016,2017,1,0.06961104385317327,0.04235191046411629
1239,Mexico,IWYMIC,2017,IMO,medal,2013,2016,2017,0,0.2555155597943646,0.2617281532989012
1240,Mexico,EMIC,2017,IMO,medal,2013,2016,2017,0,0.15474642898628638,0.30555988292770675
1243,Mexico,EMIC,2017,IMO,medal,2013,2016,2017,0,0.15474642898628638,0.13091684686281585
1246,Mexico,IWYMIC,2017,IMO,medal,2013,2016,2017,0,0.2555155597943646,0.24199971463161116
1248,Mexico,IWYMIC,2017,IMO,medal,2013,2016,2017,0,0.2555155597943646,0.22249500008605103
1256,Mexico,EMIC,2017,IMO,medal,2013,2016,2017,0,0.15474642898628638,0.5410797629869082
1274,Mexico,IWYMIC,2017,IMO,medal,2013,2016,2017,0,0.2555155597943646,0.21368477444141987
1284,Mexico,EMIC,2017,IMO,medal,2013,2016,2017,0,0.15474642898628638,0.15232298049728293
1304,Mexico,IWYMIC,2017,IMO,medal,2013,2016,2017,1,0.2555155597943646,0.26238414753374245
1305,Mexico,IWYMIC,2017,IMO,medal,2013,2016,2017,0,0.2555155597943646,0.32967198671367975
1332,Mongolia,EMIC,2017,IMO,medal,2013,2016,2017,0,0.11311116226516782,0.19442476755344895
1344,Mongolia,EMIC,2017,IMO,medal,2013,2016,2017,0,0.11311116226516782,0.0763202164780335
1351,Mongolia,EMIC,2017,IMO,medal,2013,2016,2017,0,0.11311116226516782,0.084615519200069
1372,Mongolia,EMIC,2017,IMO,medal,2013,2016,2017,0,0.11311116226516782,0.1266670187389908
1382,Nepal,IWYMIC,2017,IMO,medal,2013,2016,2017,0,0.05695520174186809,0.030832814882858085
1389,Nepal,IWYMIC,2017,IMO,medal,2013,2016,2017,0,0.05695520174186809,0.03002718913601178
1690,Philippines,EMIC,2017,IMO,medal,2013,2016,2017,0,0.03618280593817405,0.014993495060147218
1697,Philippines,EMIC,2017,IMO,medal,2013,2016,2017,0,0.03618280593817405,0.01783402943816516
1699,Philippines,EMIC,2017,IMO,medal,2013,2016,2017,0,0.03618280593817405,0.10645588127002782
1718,Philippines,EMIC,2017,IMO,medal,2013,2016,2017,0,0.03618280593817405,0.014993495060147218
1719,Philippines,IWYMIC,2017,IMO,medal,2013,2016,2017,0,0.06575042822930992,0.037658757259557245
1721,Philippines,EMIC,2017,IMO,medal,2013,2016,2017,0,0.03618280593817405,0.04256948304785547
1727,Philippines,EMIC,2017,IMO,medal,2013,2016,2017,0,0.03618280593817405,0.016743980872799095
1744,Philippines,IWYMIC,2017,IMO,medal,2013,2016,2017,0,0.06575042822930992,0.026025244331033384
1755,Philippines,EMIC,2017,IMO,medal,2013,2016,2017,0,0.03618280593817405,0.01783402943816516
1774,Philippines,IWYMIC,2017,IMO,medal,2013,2016,2017,0,0.06575042822930992,0.026726456896953115
1775,Philippines,EMIC,2017,IMO,medal,2013,2016,2017,0,0.03618280593817405,0.016743980872799095
1787,Philippines,EMIC,2017,IMO,medal,2013,2016,2017,0,0.03618280593817405,0.04256948304785547
1791,Philippines,EMIC,2017,IMO,medal,2013,2016,2017,0,0.03618280593817405,0.02602420542918624
1799,Philippines,IWYMIC,2017,IMO,medal,2013,2016,2017,0,0.06575042822930992,0.04337018813562567
1804,Philippines,IWYMIC,2017,IMO,medal,2013,2016,2017,0,0.06575042822930992,0.03125256222315519
1813,Philippines,IWYMIC,2017,IMO,medal,2013,2016,2017,0,0.06575042822930992,0.04337018813562567
1828,Philippines,EMIC,2017,IMO,medal,2013,2016,2017,0,0.03618280593817405,0.01783402943816516
1833,Philippines,EMIC,2017,IMO,medal,2013,2016,2017,0,0.03618280593817405,0.016743980872799095
1834,Philippines,EMIC,2017,IMO,medal,2013,2016,2017,0,0.03618280593817405,0.01783402943816516
1838,Philippines,EMIC,2017,IMO,medal,2013,2016,2017,0,0.03618280593817405,0.07418036466790988
1842,Philippines,EMIC,2017,IMO,medal,2013,2016,2017,0,0.03618280593817405,0.016743980872799095
1860,Philippines,EMIC,2017,IMO,medal,2013,2016,2017,0,0.03618280593817405,0.014993495060147218
1865,Philippines,IWYMIC,2017,IMO,medal,2013,2016,2017,0,0.06575042822930992,0.16479011641165509
1868,Republic of Korea,EMIC,2017,IMO,medal,2013,2016,2017,0,0.008553169202084413,0.005693346737789322
1879,Republic of Korea,EMIC,2017,IMO,medal,2013,2016,2017,0,0.008553169202084413,0.006365059484252274
1884,Republic of Korea,EMIC,2017,IMO,medal,2013,2016,2017,0,0.008553169202084413,0.006365059484252274
1912,Republic of Korea,IWYMIC,2017,IMO,medal,2013,2016,2017,0,0.015915422251620733,0.009857701073907479
1919,Republic of Korea,EMIC,2017,IMO,medal,2013,2016,2017,0,0.008553169202084413,0.006784092631516458
1933,Republic of Korea,IWYMIC,2017,IMO,medal,2013,2016,2017,0,0.015915422251620733,0.009951466968911046
1966,Republic of Korea,IWYMIC,2017,IMO,medal,2013,2016,2017,0,0.015915422251620733,0.009990379387741739
1980,Romania,EMIC,2017,IMO,medal,2013,2016,2017,0,0.01595497042538084,0.015992696671465776
1990,Romania,EMIC,2017,IMO,medal,2013,2016,2017,0,0.01595497042538084,0.010924165005324595
1997,Romania,EMIC,2017,IMO,medal,2013,2016,2017,0,0.01595497042538084,0.010252051508841748
2007,Romania,EMIC,2017,IMO,medal,2013,2016,2017,0,0.01595497042538084,0.010924165005324595
2020,Romania,EMIC,2017,IMO,medal,2013,2016,2017,0,0.01595497042538084,0.015992696671465776
2023,Romania,IWYMIC,2017,IMO,medal,2013,2016,2017,0,0.02949885693942305,0.021325347392047042
2034,Romania,IWYMIC,2017,IMO,medal,2013,2016,2017,0,0.02949885693942305,0.04226063762752456
2039,Romania,EMIC,2017,IMO,medal,2013,2016,2017,0,0.01595497042538084,0.010252051508841748
2084,Singapore,IWYMIC,2017,IMO,medal,2013,2016,2017,0,0.2013944753103135,0.1350414069761726
2108,Singapore,IWYMIC,2017,IMO,medal,2013,2016,2017,1,0.2013944753103135,0.5280884558058306
2114,Singapore,IWYMIC,2017,IMO,medal,2013,2016,2017,1,0.2013944753103135,0.050527299524825674
2115,Singapore,IWYMIC,2017,IMO,medal,2013,2016,2017,1,0.2013944753103135,0.2663809208907074
2118,Singapore,IWYMIC,2017,IMO,medal,2013,2016,2017,1,0.2013944753103135,0.43810359235407603
2179,South Africa,EMIC,2017,IMO,medal,2013,2016,2017,0,0.0592766351858551,0.07490232909355324
2187,South Africa,EMIC,2017,IMO,medal,2013,2016,2017,0,0.0592766351858551,0.04907032409848523
2195,South Africa,EMIC,2017,IMO,medal,2013,2016,2017,0,0.0592766351858551,0.04907032409848523
2236,Sri Lanka,IWYMIC,2017,IMO,medal,2013,2016,2017,1,0.09971036213345498,0.052880431134831006
2256,Sri Lanka,EMIC,2017,IMO,medal,2013,2016,2017,0,0.05578298611616953,0.03641543876244547
2257,Sri Lanka,EMIC,2017,IMO,medal,2013,2016,2017,0,0.05578298611616953,0.03422924146240206
2265,Sri Lanka,EMIC,2017,IMO,medal,2013,2016,2017,0,0.05578298611616953,0.03422924146240206
2268,Taiwan,EMIC,2017,IMO,medal,2013,2016,2017,0,0.02746030554267818,0.010209047019704955
2297,Taiwan,IWYMIC,2017,IMO,medal,2013,2016,2017,0,0.05027191345272292,0.11767827132371436
2299,Taiwan,EMIC,2017,IMO,medal,2013,2016,2017,0,0.02746030554267818,0.010209047019704955
2302,Taiwan,EMIC,2017,IMO,medal,2013,2016,2017,0,0.02746030554267818,0.010209047019704955
2328,Taiwan,EMIC,2017,IMO,medal,2013,2016,2017,0,0.02746030554267818,0.043532146559907565
2335,Taiwan,EMIC,2017,IMO,medal,2013,2016,2017,0,0.02746030554267818,0.014950797737949405
2342,Taiwan,IWYMIC,2017,IMO,medal,2013,2016,2017,0,0.05027191345272292,0.06724687946265924
2357,Taiwan,IWYMIC,2017,IMO,medal,2013,2016,2017,0,0.05027191345272292,0.01841500027421603
2364,Taiwan,EMIC,2017,IMO,medal,2013,2016,2017,0,0.02746030554267818,0.014950797737949405
2368,Taiwan,EMIC,2017,IMO,medal,2013,2016,2017,0,0.02746030554267818,0.014950797737949405
2369,Taiwan,EMIC,2017,IMO,medal,2013,2016,2017,0,0.02746030554267818,0.024634050546284224
2370,Taiwan,EMIC,2017,IMO,medal,2013,2016,2017,0,0.02746030554267818,0.010209047019704955
2373,Taiwan,EMIC,2017,IMO,medal,2013,2016,2017,0,0.02746030554267818,0.014950797737949405
2380,Taiwan,EMIC,2017,IMO,medal,2013,2016,2017,0,0.02746030554267818,0.008572389970567217
2392,Taiwan,EMIC,2017,IMO,medal,2013,2016,2017,0,0.02746030554267818,0.010209047019704955
2395,Taiwan,EMIC,2017,IMO,medal,2013,2016,2017,0,0.02746030554267818,0.043532146559907565
2405,Taiwan,IWYMIC,2017,IMO,medal,2013,2016,2017,0,0.05027191345272292,0.014951401368709972
2407,Taiwan,IWYMIC,2017,IMO,medal,2013,2016,2017,0,0.05027191345272292,0.04597397178750721
2452,Taiwan,IWYMIC,2017,IMO,medal,2013,2016,2017,0,0.05027191345272292,0.03957625199815267
2456,Taiwan,EMIC,2017,IMO,medal,2013,2016,2017,0,0.02746030554267818,0.010209047019704955
2462,Taiwan,IWYMIC,2017,IMO,medal,2013,2016,2017,0,0.05027191345272292,0.02182745677274587
2473,Taiwan,IWYMIC,2017,IMO,medal,2013,2016,2017,0,0.05027191345272292,0.14344384310227204
2481,Taiwan,EMIC,2017,IMO,medal,2013,2016,2017,0,0.02746030554267818,0.009580505257279139
2484,Taiwan,IWYMIC,2017,IMO,medal,2013,2016,2017,0,0.05027191345272292,0.015633279841262424
2502,Taiwan,IWYMIC,2017,IMO,medal,2013,2016,2017,1,0.05027191345272292,0.14344384310227204
2512,Taiwan,IWYMIC,2017,IMO,medal,2013,2016,2017,0,0.05027191345272292,0.03957625199815267
2522,Taiwan,IWYMIC,2017,IMO,medal,2013,2016,2017,0,0.05027191345272292,0.06724687946265924
2525,Taiwan,IWYMIC,2017,IMO,medal,2013,2016,2017,0,0.05027191345272292,0.014951401368709972
2528,Tajikistan,IWYMIC,2017,IMO,medal,2013,2016,2017,0,0.1682437900056343,0.14914131572041195
2531,Tajikistan,EMIC,2017,IMO,medal,2013,2016,2017,0,0.09739013378284495,0.06909887014258183
2533,Tajikistan,IWYMIC,2017,IMO,medal,2013,2016,2017,0,0.1682437900056343,0.11528061023707631
2534,Tajikistan,EMIC,2017,IMO,medal,2013,2016,2017,0,0.09739013378284495,0.06909887014258183
2540,Tajikistan,EMIC,2017,IMO,medal,2013,2016,2017,1,0.09739013378284495,0.17818420396771967
2565,Tajikistan,EMIC,2017,IMO,medal,2013,2016,2017,0,0.09739013378284495,0.07667443303703138
2566,Tajikistan,IWYMIC,2017,IMO,medal,2013,2016,2017,0,0.1682437900056343,0.4289798510773893
2568,Tajikistan,EMIC,2017,IMO,medal,2013,2016,2017,1,0.09739013378284495,0.17818420396771967
2570,Tajikistan,EMIC,2017,IMO,medal,2013,2016,2017,0,0.09739013378284495,0.07667443303703138
2578,Tajikistan,IWYMIC,2017,IMO,medal,2013,2016,2017,1,0.1682437900056343,0.4289798510773893
2579,Tajikistan,IWYMIC,2017,IMO,medal,2013,2016,2017,1,0.1682437900056343,0.6738405632196593
2582,Tajikistan,EMIC,2017,IMO,medal,2013,2016,2017,0,0.09739013378284495,0.06909887014258183
2584,Thailand,IWYMIC,2017,IMO,medal,2013,2016,2017,0,0.08473171038053084,0.4436259525026126
2593,Thailand,EMIC,2017,IMO,medal,2013,2016,2017,0,0.047058253506909876,0.07413768496484135
2622,Thailand,EMIC,2017,IMO,medal,2013,2016,2017,0,0.047058253506909876,0.016733749924982368
2631,Thailand,EMIC,2017,IMO,medal,2013,2016,2017,0,0.047058253506909876,0.026008454046479022
2643,Thailand,IWYMIC,2017,IMO,medal,2013,2016,2017,0,0.08473171038053084,0.37798794395271224
2663,Thailand,EMIC,2017,IMO,medal,2013,2016,2017,0,0.047058253506909876,0.017823144519382612
2667,Thailand,IWYMIC,2017,IMO,medal,2013,2016,2017,0,0.08473171038053084,0.043344405165845756
2678,Thailand,EMIC,2017,IMO,medal,2013,2016,2017,0,0.047058253506909876,0.042544154916561466
2684,Thailand,IWYMIC,2017,IMO,medal,2013,2016,2017,0,0.08473171038053084,0.03958443708026453
2693,Thailand,EMIC,2017,IMO,medal,2013,2016,2017,0,0.047058253506909876,0.017823144519382612
2694,Thailand,EMIC,2017,IMO,medal,2013,2016,2017,0,0.047058253506909876,0.014984317398475349
2706,Thailand,IWYMIC,2017,IMO,medal,2013,2016,2017,0,0.08473171038053084,0.02600949233631341
2707,Thailand,EMIC,2017,IMO,medal,2013,2016,2017,0,0.047058253506909876,0.10639676590043678
2718,Thailand,IWYMIC,2017,IMO,medal,2013,2016,2017,1,0.08473171038053084,0.16470457876865155
2724,Thailand,EMIC,2017,IMO,medal,2013,2016,2017,0,0.047058253506909876,0.042544154916561466
2731,Thailand,EMIC,2017,IMO,medal,2013,2016,2017,0,0.047058253506909876,0.026008454046479022
2740,Thailand,EMIC,2017,IMO,medal,2013,2016,2017,0,0.047058253506909876,0.07413768496484135
2741,Thailand,EMIC,2017,IMO,medal,2013,2016,2017,1,0.047058253506909876,0.16127417068442185
2746,Thailand,IWYMIC,2017,IMO,medal,2013,2016,2017,1,0.08473171038053084,0.37798794395271224
2748,Thailand,IWYMIC,2017,IMO,medal,2013,2016,2017,1,0.08473171038053084,0.37798794395271224
2756,Thailand,IWYMIC,2017,IMO,medal,2013,2016,2017,0,0.08473171038053084,0.03467685352743003
2786,Thailand,EMIC,2017,IMO,medal,2013,2016,2017,0,0.047058253506909876,0.016733749924982368
2799,Thailand,IWYMIC,2017,IMO,medal,2013,2016,2017,0,0.08473171038053084,0.028037197079426483
2824,Thailand,IWYMIC,2017,IMO,medal,2013,2016,2017,0,0.08473171038053084,0.037776066310505715
2827,Thailand,EMIC,2017,IMO,medal,2013,2016,2017,0,0.047058253506909876,0.07413768496484135
2831,Thailand,IWYMIC,2017,IMO,medal,2013,2016,2017,0,0.08473171038053084,0.057478986231017416
2834,Thailand,IWYMIC,2017,IMO,medal,2013,2016,2017,0,0.08473171038053084,0.05014498361746097
2836,Thailand,EMIC,2017,IMO,medal,2013,2016,2017,0,0.047058253506909876,0.026008454046479022
2921,Uzbekistan,EMIC,2017,IMO,medal,2013,2016,2017,0,0.0472485689570779,0.21306182634657578
2939,Uzbekistan,EMIC,2017,IMO,medal,2013,2016,2017,1,0.0472485689570779,0.12496063700034801
2942,Uzbekistan,EMIC,2017,IMO,medal,2013,2016,2017,0,0.0472485689570779,0.21306182634657578
2944,Uzbekistan,EMIC,2017,IMO,medal,2013,2016,2017,0,0.0472485689570779,0.07342669144315296
2967,Vietnam,EMIC,2017,IMO,medal,2013,2016,2017,0,0.031847705412725406,0.10786859122213434
2972,Vietnam,EMIC,2017,IMO,medal,2013,2016,2017,0,0.031847705412725406,0.03417995857588702
2983,Vietnam,IWYMIC,2017,IMO,medal,2013,2016,2017,1,0.05808629666036414,0.1900583251058413
2998,Vietnam,EMIC,2017,IMO,medal,2013,2016,2017,0,0.031847705412725406,0.02082447554250662
3003,Vietnam,EMIC,2017,IMO,medal,2013,2016,2017,0,0.031847705412725406,0.03417995857588702
3012,Vietnam,EMIC,2017,IMO,medal,2013,2016,2017,0,0.031847705412725406,0.014246789424061056
3036,Vietnam,IWYMIC,2017,IMO,medal,2013,2016,2017,0,0.05808629666036414,0.025614260196285116
3037,Vietnam,IWYMIC,2017,IMO,medal,2013,2016,2017,0,0.05808629666036414,0.06325300885637027
3039,Vietnam,EMIC,2017,IMO,medal,2013,2016,2017,0,0.031847705412725406,0.03417995857588702
3045,Vietnam,EMIC,2017,IMO,medal,2013,2016,2017,0,0.031847705412725406,0.014246789424061056
3063,Vietnam,EMIC,2017,IMO,medal,2013,2016,2017,0,0.031847705412725406,0.10786859122213434
3064,Vietnam,EMIC,2017,IMO,medal,2013,2016,2017,0,0.031847705412725406,0.03417995857588702
3078,Vietnam,IWYMIC,2017,IMO,medal,2013,2016,2017,0,0.05808629666036414,0.020660004784800266
3089,Vietnam,IWYMIC,2017,IMO,medal,2013,2016,2017,0,0.05808629666036414,0.04632064637545721
3091,Vietnam,EMIC,2017,IMO,medal,2013,2016,2017,0,0.031847705412725406,0.03417995857588702
3103,Vietnam,EMIC,2017,IMO,medal,2013,2016,2017,0,0.031847705412725406,0.02082447554250662
3111,Vietnam,EMIC,2017,IMO,medal,2013,2016,2017,0,0.031847705412725406,0.059951109714364494
41,Bulgaria,IWYMIC,2018,IMO,medal,2013,2017,2018,0,0.03169483847092363,0.01687296382157432
51,Bulgaria,IWYMIC,2018,IMO,medal,2013,2017,2018,0,0.03169483847092363,0.01822563236781386
60,Bulgaria,EMIC,2018,IMO,medal,2013,2017,2018,0,0.01559169896678011,0.009366278696089114
62,Bulgaria,EMIC,2018,IMO,medal,2013,2017,2018,0,0.01559169896678011,0.010256330642769132
64,Bulgaria,IWYMIC,2018,IMO,medal,2013,2017,2018,0,0.03169483847092363,0.019611448867612118
67,Bulgaria,EMIC,2018,IMO,medal,2013,2017,2018,0,0.01559169896678011,0.01856711741723679
104,Bulgaria,EMIC,2018,IMO,medal,2013,2017,2018,0,0.01559169896678011,0.01856711741723679
107,Bulgaria,EMIC,2018,IMO,medal,2013,2017,2018,0,0.01559169896678011,0.009366278696089114
121,Bulgaria,EMIC,2018,IMO,medal,2013,2017,2018,0,0.01559169896678011,0.009366278696089114
122,Bulgaria,IWYMIC,2018,IMO,medal,2013,2017,2018,0,0.03169483847092363,0.02898010728330754
123,Bulgaria,IWYMIC,2018,IMO,medal,2013,2017,2018,0,0.03169483847092363,0.02229612071177702
129,Bulgaria,EMIC,2018,IMO,medal,2013,2017,2018,0,0.01559169896678011,0.009366278696089114
134,Bulgaria,EMIC,2018,IMO,medal,2013,2017,2018,0,0.01559169896678011,0.009366278696089114
135,Bulgaria,EMIC,2018,IMO,medal,2013,2017,2018,0,0.01559169896678011,0.01856711741723679
136,Bulgaria,EMIC,2018,IMO,medal,2013,2017,2018,1,0.01559169896678011,0.010256330642769132
137,Bulgaria,EMIC,2018,IMO,medal,2013,2017,2018,0,0.01559169896678011,0.01856711741723679
141,Bulgaria,IWYMIC,2018,IMO,medal,2013,2017,2018,0,0.03169483847092363,0.017078797003617797
143,Bulgaria,IWYMIC,2018,IMO,medal,2013,2017,2018,0,0.03169483847092363,0.017961162072769436
148,Bulgaria,IWYMIC,2018,IMO,medal,2013,2017,2018,0,0.03169483847092363,0.014867484770536916
166,Bulgaria,EMIC,2018,IMO,medal,2013,2017,2018,0,0.01559169896678011,0.009366278696089114
170,Bulgaria,EMIC,2018,IMO,medal,2013,2017,2018,0,0.01559169896678011,0.01856711741723679
183,Bulgaria,EMIC,2018,IMO,medal,2013,2017,2018,0,0.01559169896678011,0.009366278696089114
191,Bulgaria,IWYMIC,2018,IMO,medal,2013,2017,2018,0,0.03169483847092363,0.2282873223941984
192,Bulgaria,EMIC,2018,IMO,medal,2013,2017,2018,0,0.01559169896678011,0.009366278696089114
196,Bulgaria,EMIC,2018,IMO,medal,2013,2017,2018,0,0.01559169896678011,0.00772277122023448
201,Bulgaria,IWYMIC,2018,IMO,medal,2013,2017,2018,0,0.03169483847092363,0.016132828580667787
209,Bulgaria,IWYMIC,2018,IMO,medal,2013,2017,2018,0,0.03169483847092363,0.014760089272715427
222,Bulgaria,IWYMIC,2018,IMO,medal,2013,2017,2018,0,0.03169483847092363,0.019285461043026066
227,Bulgaria,IWYMIC,2018,IMO,medal,2013,2017,2018,0,0.03169483847092363,0.017961162072769436
231,Bulgaria,EMIC,2018,IMO,medal,2013,2017,2018,0,0.01559169896678011,0.009366278696089114
236,Bulgaria,EMIC,2018,IMO,medal,2013,2017,2018,0,0.01559169896678011,0.01856711741723679
239,Bulgaria,EMIC,2018,IMO,medal,2013,2017,2018,0,0.01559169896678011,0.01856711741723679
250,Bulgaria,IWYMIC,2018,IMO,medal,2013,2017,2018,0,0.03169483847092363,0.015013341284116034
264,Bulgaria,EMIC,2018,IMO,medal,2013,2017,2018,0,0.01559169896678011,0.01856711741723679
268,Bulgaria,EMIC,2018,IMO,medal,2013,2017,2018,0,0.01559169896678011,0.00772277122023448
277,Bulgaria,EMIC,2018,IMO,medal,2013,2017,2018,0,0.01559169896678011,0.00772277122023448
281,Bulgaria,EMIC,2018,IMO,medal,2013,2017,2018,0,0.01559169896678011,0.00772277122023448
282,Bulgaria,EMIC,2018,IMO,medal,2013,2017,2018,0,0.01559169896678011,0.010256330642769132
283,Bulgaria,IWYMIC,2018,IMO,medal,2013,2017,2018,0,0.03169483847092363,0.046238404654854584
284,Bulgaria,EMIC,2018,IMO,medal,2013,2017,2018,0,0.01559169896678011,0.009366278696089114
295,Bulgaria,EMIC,2018,IMO,medal,2013,2017,2018,0,0.01559169896678011,0.010256330642769132
297,Bulgaria,IWYMIC,2018,IMO,medal,2013,2017,2018,0,0.03169483847092363,0.024308844200490554
319,Bulgaria,EMIC,2018,IMO,medal,2013,2017,2018,0,0.01559169896678011,0.010256330642769132
320,Bulgaria,IWYMIC,2018,IMO,medal,2013,2017,2018,0,0.03169483847092363,0.017078797003617797
335,Bulgaria,IWYMIC,2018,IMO,medal,2013,2017,2018,0,0.03169483847092363,0.015868454974953174
337,Bulgaria,EMIC,2018,IMO,medal,2013,2017,2018,0,0.01559169896678011,0.00772277122023448
338,Bulgaria,EMIC,2018,IMO,medal,2013,2017,2018,0,0.01559169896678011,0.09693114377251358
342,Bulgaria,EMIC,2018,IMO,medal,2013,2017,2018,0,0.01559169896678011,0.037786760083023445
354,Bulgaria,EMIC,2018,IMO,medal,2013,2017,2018,0,0.01559169896678011,0.00772277122023448
358,Bulgaria,EMIC,2018,IMO,medal,2013,2017,2018,0,0.01559169896678011,0.010256330642769132
359,Bulgaria,IWYMIC,2018,IMO,medal,2013,2017,2018,0,0.03169483847092363,0.18522647152381755
362,Bulgaria,IWYMIC,2018,IMO,medal,2013,2017,2018,0,0.03169483847092363,0.016132828580667787
384,Canada,IWYMIC,2018,IMO,medal,2013,2017,2018,0,0.028660365574179877,0.016188523424960605
385,Canada,EMIC,2018,IMO,medal,2013,2017,2018,0,0.014076532831399324,0.009398836754667725
388,Canada,IWYMIC,2018,IMO,medal,2013,2017,2018,0,0.028660365574179877,0.01967891263890836
397,Canada,EMIC,2018,IMO,medal,2013,2017,2018,0,0.014076532831399324,0.007749660985795249
422,Cyprus,EMIC,2018,IMO,medal,2013,2017,2018,0,0.10658382446633165,0.08267748982165131
424,Cyprus,EMIC,2018,IMO,medal,2013,2017,2018,0,0.10658382446633165,0.272384108524591
460,Hong Kong,EMIC,2018,IMO,medal,2013,2017,2018,0,0.045161349558679696,0.012325376597931405
468,Hong Kong,EMIC,2018,IMO,medal,2013,2017,2018,0,0.045161349558679696,0.016344012228809927
473,Hong Kong,IWYMIC,2018,IMO,medal,2013,2017,2018,0,0.0890417181852745,0.07212697490075475
478,Hong Kong,IWYMIC,2018,IMO,medal,2013,2017,2018,0,0.0890417181852745,0.025618243628431698
488,Hong Kong,EMIC,2018,IMO,medal,2013,2017,2018,0,0.045161349558679696,0.016344012228809927
499,Hong Kong,EMIC,2018,IMO,medal,2013,2017,2018,0,0.045161349558679696,0.014933637876903893
501,Hong Kong,EMIC,2018,IMO,medal,2013,2017,2018,1,0.045161349558679696,0.18363821453603343
505,Hong Kong,EMIC,2018,IMO,medal,2013,2017,2018,0,0.045161349558679696,0.012325376597931405
509,Hong Kong,EMIC,2018,IMO,medal,2013,2017,2018,0,0.045161349558679696,0.05923721277253379
511,Hong Kong,EMIC,2018,IMO,medal,2013,2017,2018,0,0.045161349558679696,0.02944096190649523
518,Hong Kong,EMIC,2018,IMO,medal,2013,2017,2018,0,0.045161349558679696,0.016344012228809927
533,Hong Kong,EMIC,2018,IMO,medal,2013,2017,2018,0,0.045161349558679696,0.09796904118202103
567,Hong Kong,EMIC,2018,IMO,medal,2013,2017,2018,0,0.045161349558679696,0.05923721277253379
584,Hong Kong,EMIC,2018,IMO,medal,2013,2017,2018,0,0.045161349558679696,0.014933637876903893
588,Hong Kong,EMIC,2018,IMO,medal,2013,2017,2018,0,0.045161349558679696,0.012325376597931405
635,Indonesia,EMIC,2018,IMO,medal,2013,2017,2018,0,0.0352048879560295,0.019491205842728784
636,Indonesia,EMIC,2018,IMO,medal,2013,2017,2018,0,0.0352048879560295,0.019491205842728784
638,Indonesia,EMIC,2018,IMO,medal,2013,2017,2018,0,0.0352048879560295,0.01609994437184522
640,Indonesia,EMIC,2018,IMO,medal,2013,2017,2018,0,0.0352048879560295,0.038254055930525936
650,Indonesia,EMIC,2018,IMO,medal,2013,2017,2018,0,0.0352048879560295,0.021322692554860852
672,Indonesia,EMIC,2018,IMO,medal,2013,2017,2018,0,0.0352048879560295,0.021322692554860852
677,Indonesia,EMIC,2018,IMO,medal,2013,2017,2018,0,0.0352048879560295,0.18412035943352786
695,Indonesia,EMIC,2018,IMO,medal,2013,2017,2018,0,0.0352048879560295,0.021322692554860852
706,Indonesia,EMIC,2018,IMO,medal,2013,2017,2018,0,0.0352048879560295,0.019491205842728784
709,Indonesia,EMIC,2018,IMO,medal,2013,2017,2018,0,0.0352048879560295,0.07626884428775288
715,Indonesia,EMIC,2018,IMO,medal,2013,2017,2018,0,0.0352048879560295,0.01609994437184522
717,Indonesia,EMIC,2018,IMO,medal,2013,2017,2018,0,0.0352048879560295,0.038254055930525936
719,Indonesia,EMIC,2018,IMO,medal,2013,2017,2018,0,0.0352048879560295,0.01609994437184522
734,Indonesia,IWYMIC,2018,IMO,medal,2013,2017,2018,0,0.07012165053179456,0.0419323000894697
748,Indonesia,EMIC,2018,IMO,medal,2013,2017,2018,0,0.0352048879560295,0.01609994437184522
780,Indonesia,EMIC,2018,IMO,medal,2013,2017,2018,0,0.0352048879560295,0.01609994437184522
790,Indonesia,EMIC,2018,IMO,medal,2013,2017,2018,0,0.0352048879560295,0.038254055930525936
825,Islamic Republic of Iran,EMIC,2018,IMO,medal,2013,2017,2018,0,0.06378047623950885,0.08849585391387171
828,Islamic Republic of Iran,EMIC,2018,IMO,medal,2013,2017,2018,0,0.06378047623950885,0.05049484066794755
829,Islamic Republic of Iran,IWYMIC,2018,IMO,medal,2013,2017,2018,0,0.12341357349910351,0.07298371896187285
830,Islamic Republic of Iran,IWYMIC,2018,IMO,medal,2013,2017,2018,0,0.12341357349910351,0.09310030456307425
834,Islamic Republic of Iran,IWYMIC,2018,IMO,medal,2013,2017,2018,0,0.12341357349910351,0.07642477393468049
849,Islamic Republic of Iran,EMIC,2018,IMO,medal,2013,2017,2018,0,0.06378047623950885,0.0384071232069415
850,Islamic Republic of Iran,IWYMIC,2018,IMO,medal,2013,2017,2018,0,0.12341357349910351,0.07642477393468049
870,Islamic Republic of Iran,EMIC,2018,IMO,medal,2013,2017,2018,0,0.06378047623950885,0.08849585391387171
882,Islamic Republic of Iran,IWYMIC,2018,IMO,medal,2013,2017,2018,0,0.12341357349910351,0.08186971573792991
907,Islamic Republic of Iran,EMIC,2018,IMO,medal,2013,2017,2018,0,0.06378047623950885,0.0384071232069415
916,Islamic Republic of Iran,IWYMIC,2018,IMO,medal,2013,2017,2018,0,0.12341357349910351,0.07642477393468049
918,Islamic Republic of Iran,IWYMIC,2018,IMO,medal,2013,2017,2018,0,0.12341357349910351,0.07642477393468049
924,Islamic Republic of Iran,EMIC,2018,IMO,medal,2013,2017,2018,0,0.06378047623950885,0.0384071232069415
934,Islamic Republic of Iran,EMIC,2018,IMO,medal,2013,2017,2018,0,0.06378047623950885,0.0384071232069415
953,Islamic Republic of Iran,IWYMIC,2018,IMO,medal,2013,2017,2018,0,0.12341357349910351,0.10209617457000374
954,Islamic Republic of Iran,EMIC,2018,IMO,medal,2013,2017,2018,0,0.06378047623950885,0.0384071232069415
997,Kazakhstan,EMIC,2018,IMO,medal,2013,2017,2018,0,0.03855087936780198,0.02867210083886802
999,Kazakhstan,EMIC,2018,IMO,medal,2013,2017,2018,0,0.03855087936780198,0.02372210820485928
1009,Kazakhstan,EMIC,2018,IMO,medal,2013,2017,2018,0,0.03855087936780198,0.02372210820485928
1010,Kazakhstan,EMIC,2018,IMO,medal,2013,2017,2018,0,0.03855087936780198,0.05577008642910724
1012,Kazakhstan,EMIC,2018,IMO,medal,2013,2017,2018,0,0.03855087936780198,0.02372210820485928
1016,Kazakhstan,EMIC,2018,IMO,medal,2013,2017,2018,0,0.03855087936780198,0.02867210083886802
1019,Kazakhstan,EMIC,2018,IMO,medal,2013,2017,2018,0,0.03855087936780198,0.10921469007023474
1025,Kazakhstan,EMIC,2018,IMO,medal,2013,2017,2018,0,0.03855087936780198,0.02372210820485928
1029,Kazakhstan,EMIC,2018,IMO,medal,2013,2017,2018,0,0.03855087936780198,0.02372210820485928
1034,Kazakhstan,EMIC,2018,IMO,medal,2013,2017,2018,0,0.03855087936780198,0.10921469007023474
1054,Macau,IWYMIC,2018,IMO,medal,2013,2017,2018,0,0.07059714103255359,0.0966614604239174
1056,Macau,EMIC,2018,IMO,medal,2013,2017,2018,0,0.035452637141572624,0.09367489064095552
1081,Macau,IWYMIC,2018,IMO,medal,2013,2017,2018,0,0.07059714103255359,0.13547421832611783
1083,Macau,EMIC,2018,IMO,medal,2013,2017,2018,0,0.035452637141572624,0.04742984490692199
1085,Macau,IWYMIC,2018,IMO,medal,2013,2017,2018,0,0.07059714103255359,0.04920886957905461
1093,Macau,IWYMIC,2018,IMO,medal,2013,2017,2018,0,0.07059714103255359,0.03856879561596463
1108,Macau,EMIC,2018,IMO,medal,2013,2017,2018,0,0.035452637141572624,0.09367489064095552
1109,Macau,EMIC,2018,IMO,medal,2013,2017,2018,0,0.035452637141572624,0.0242800735576399
1113,Macau,EMIC,2018,IMO,medal,2013,2017,2018,0,0.035452637141572624,0.0242800735576399
1114,Macau,IWYMIC,2018,IMO,medal,2013,2017,2018,0,0.07059714103255359,0.037933501666599784
1117,Macau,IWYMIC,2018,IMO,medal,2013,2017,2018,0,0.07059714103255359,0.05194271829817634
1127,Macau,IWYMIC,2018,IMO,medal,2013,2017,2018,0,0.07059714103255359,0.13547421832611783
1135,Macau,EMIC,2018,IMO,medal,2013,2017,2018,0,0.035452637141572624,0.04742984490692199
1140,Macau,EMIC,2018,IMO,medal,2013,2017,2018,0,0.035452637141572624,0.0242800735576399
1152,Macau,IWYMIC,2018,IMO,medal,2013,2017,2018,0,0.07059714103255359,0.042105565391112064
1156,Macau,EMIC,2018,IMO,medal,2013,2017,2018,0,0.035452637141572624,0.0242800735576399
1157,Macau,EMIC,2018,IMO,medal,2013,2017,2018,0,0.035452637141572624,0.02007265753479008
1162,Macau,IWYMIC,2018,IMO,medal,2013,2017,2018,0,0.07059714103255359,0.043731009309188
1168,Macau,EMIC,2018,IMO,medal,2013,2017,2018,0,0.035452637141572624,0.04742984490692199
1169,Macau,IWYMIC,2018,IMO,medal,2013,2017,2018,0,0.07059714103255359,0.05777948482311218
1187,Malaysia,EMIC,2018,IMO,medal,2013,2017,2018,0,0.03923342047527137,0.02261055520751538
1250,Mexico,IWYMIC,2018,IMO,medal,2013,2017,2018,1,0.21551584865613688,0.30546321721260566
1262,Mexico,IWYMIC,2018,IMO,medal,2013,2017,2018,0,0.21551584865613688,0.2053730846878698
1270,Mexico,IWYMIC,2018,IMO,medal,2013,2017,2018,0,0.21551584865613688,0.22065458964542234
1277,Mexico,EMIC,2018,IMO,medal,2013,2017,2018,1,0.11733625082673778,0.10505383146958236
1280,Mexico,EMIC,2018,IMO,medal,2013,2017,2018,0,0.11733625082673778,0.10505383146958236
1290,Mexico,IWYMIC,2018,IMO,medal,2013,2017,2018,0,0.21551584865613688,0.17744525803289
1296,Mexico,IWYMIC,2018,IMO,medal,2013,2017,2018,1,0.21551584865613688,0.19894564962449873
1383,Nepal,EMIC,2018,IMO,medal,2013,2017,2018,0,0.025441071357567527,0.01746574005634187
1387,Nepal,EMIC,2018,IMO,medal,2013,2017,2018,0,0.025441071357567527,0.01746574005634187
1404,People's Republic of China,EMIC,2018,IMO,medal,2013,2017,2018,0,0.005711560742731285,0.0036448644797217778
1433,People's Republic of China,IWYMIC,2018,IMO,medal,2013,2017,2018,0,0.01173208572330723,0.0037881090772231467
1437,People's Republic of China,IWYMIC,2018,IMO,medal,2013,2017,2018,0,0.01173208572330723,0.05892860641269003
1441,People's Republic of China,IWYMIC,2018,IMO,medal,2013,2017,2018,0,0.01173208572330723,0.04479610508889821
1449,People's Republic of China,IWYMIC,2018,IMO,medal,2013,2017,2018,0,0.01173208572330723,0.00385316981088694
1455,People's Republic of China,IWYMIC,2018,IMO,medal,2013,2017,2018,0,0.01173208572330723,0.08353462068676229
1492,People's Republic of China,IWYMIC,2018,IMO,medal,2013,2017,2018,0,0.01173208572330723,0.033725719224842354
1496,People's Republic of China,EMIC,2018,IMO,medal,2013,2017,2018,0,0.005711560742731285,0.001824920855475829
1517,People's Republic of China,EMIC,2018,IMO,medal,2013,2017,2018,0,0.005711560742731285,0.02033312995450771
1532,People's Republic of China,EMIC,2018,IMO,medal,2013,2017,2018,0,0.005711560742731285,0.007536439902312795
1544,People's Republic of China,IWYMIC,2018,IMO,medal,2013,2017,2018,0,0.01173208572330723,0.004794551957177969
1546,People's Republic of China,IWYMIC,2018,IMO,medal,2013,2017,2018,0,0.01173208572330723,0.027234524334762384
1554,People's Republic of China,EMIC,2018,IMO,medal,2013,2017,2018,0,0.005711560742731285,0.0036448644797217778
1558,People's Republic of China,EMIC,2018,IMO,medal,2013,2017,2018,0,0.005711560742731285,0.007536439902312795
1578,People's Republic of China,EMIC,2018,IMO,medal,2013,2017,2018,0,0.005711560742731285,0.02033312995450771
1591,People's Republic of China,IWYMIC,2018,IMO,medal,2013,2017,2018,0,0.01173208572330723,0.07319720529491235
1592,People's Republic of China,EMIC,2018,IMO,medal,2013,2017,2018,0,0.005711560742731285,0.026411496906459518
1598,People's Republic of China,EMIC,2018,IMO,medal,2013,2017,2018,0,0.005711560742731285,0.012928649030196195
1607,People's Republic of China,IWYMIC,2018,IMO,medal,2013,2017,2018,0,0.01173208572330723,0.015131419106335876
1609,People's Republic of China,EMIC,2018,IMO,medal,2013,2017,2018,0,0.005711560742731285,0.0036448644797217778
1623,People's Republic of China,EMIC,2018,IMO,medal,2013,2017,2018,0,0.005711560742731285,0.02033312995450771
1643,People's Republic of China,EMIC,2018,IMO,medal,2013,2017,2018,0,0.005711560742731285,0.02033312995450771
1661,Philippines,IWYMIC,2018,IMO,medal,2013,2017,2018,0,0.05749532295830988,0.14395963979904822
1678,Philippines,IWYMIC,2018,IMO,medal,2013,2017,2018,0,0.05749532295830988,0.029191973698353253
1696,Philippines,EMIC,2018,IMO,medal,2013,2017,2018,0,0.02867192317038685,0.01312581154951526
1698,Philippines,EMIC,2018,IMO,medal,2013,2017,2018,0,0.02867192317038685,0.08699692497968597
1701,Philippines,IWYMIC,2018,IMO,medal,2013,2017,2018,0,0.05749532295830988,0.040292227682469775
1722,Philippines,EMIC,2018,IMO,medal,2013,2017,2018,0,0.02867192317038685,0.014367940064488407
1724,Philippines,EMIC,2018,IMO,medal,2013,2017,2018,0,0.02867192317038685,0.05235114394665874
1735,Philippines,EMIC,2018,IMO,medal,2013,2017,2018,0,0.02867192317038685,0.01312581154951526
1748,Philippines,EMIC,2018,IMO,medal,2013,2017,2018,0,0.02867192317038685,0.01312581154951526
1764,Philippines,EMIC,2018,IMO,medal,2013,2017,2018,0,0.02867192317038685,0.010829828067880139
1769,Philippines,EMIC,2018,IMO,medal,2013,2017,2018,0,0.02867192317038685,0.01312581154951526
1772,Philippines,IWYMIC,2018,IMO,medal,2013,2017,2018,0,0.05749532295830988,0.03386116431167881
1861,Philippines,EMIC,2018,IMO,medal,2013,2017,2018,0,0.02867192317038685,0.025923134526791954
1917,Republic of Korea,EMIC,2018,IMO,medal,2013,2017,2018,0,0.007423963488574828,0.005509833742220325
1950,Republic of Korea,IWYMIC,2018,IMO,medal,2013,2017,2018,0,0.015221888984405943,0.008733034621669874
1982,Romania,IWYMIC,2018,IMO,medal,2013,2017,2018,0,0.026943263000490394,0.013302758725975127
1991,Romania,EMIC,2018,IMO,medal,2013,2017,2018,0,0.013221285317976113,0.033569864099961225
2001,Romania,IWYMIC,2018,IMO,medal,2013,2017,2018,0,0.026943263000490394,0.02054113502882486
2006,Romania,IWYMIC,2018,IMO,medal,2013,2017,2018,0,0.026943263000490394,0.013140164519280672
2008,Romania,IWYMIC,2018,IMO,medal,2013,2017,2018,0,0.026943263000490394,0.01365674311776909
2035,Romania,IWYMIC,2018,IMO,medal,2013,2017,2018,0,0.026943263000490394,0.0140618338214944
2036,Romania,IWYMIC,2018,IMO,medal,2013,2017,2018,0,0.026943263000490394,0.016155052276474496
2042,Romania,IWYMIC,2018,IMO,medal,2013,2017,2018,0,0.026943263000490394,0.015136497996162974
2048,Russian Federation,EMIC,2018,IMO,medal,2013,2017,2018,1,0.024498280020618844,0.013539853360534487
2049,Russian Federation,IWYMIC,2018,IMO,medal,2013,2017,2018,0,0.04933910926751429,0.035429243143321305
2050,Russian Federation,IWYMIC,2018,IMO,medal,2013,2017,2018,0,0.04933910926751429,0.019915305564488082
2051,Russian Federation,IWYMIC,2018,IMO,medal,2013,2017,2018,0,0.04933910926751429,0.025385482600065477
2055,Russian Federation,IWYMIC,2018,IMO,medal,2013,2017,2018,0,0.04933910926751429,0.02399863160784761
2067,Russian Federation,EMIC,2018,IMO,medal,2013,2017,2018,0,0.024498280020618844,0.013539853360534487
2070,Russian Federation,IWYMIC,2018,IMO,medal,2013,2017,2018,0,0.04933910926751429,0.021642806523486623
2071,Russian Federation,EMIC,2018,IMO,medal,2013,2017,2018,0,0.024498280020618844,0.01236841574622275
2072,Russian Federation,EMIC,2018,IMO,medal,2013,2017,2018,0,0.024498280020618844,0.013539853360534487
2073,Russian Federation,IWYMIC,2018,IMO,medal,2013,2017,2018,0,0.04933910926751429,0.051099624961871364
2142,South Africa,EMIC,2018,IMO,medal,2013,2017,2018,0,0.04932723332210492,0.040825714144437066
2201,South Africa,IWYMIC,2018,IMO,medal,2013,2017,2018,0,0.09684478114417892,0.06582895561867964
2213,Sri Lanka,EMIC,2018,IMO,medal,2013,2017,2018,0,0.057229655682011216,0.039807965775214456
2237,Sri Lanka,EMIC,2018,IMO,medal,2013,2017,2018,0,0.057229655682011216,0.03019716686813778
2240,Sri Lanka,EMIC,2018,IMO,medal,2013,2017,2018,0,0.057229655682011216,0.03019716686813778
2262,Sri Lanka,EMIC,2018,IMO,medal,2013,2017,2018,0,0.057229655682011216,0.03644784066439739
2272,Taiwan,IWYMIC,2018,IMO,medal,2013,2017,2018,0,0.048250814777940645,0.06913740027227745
2280,Taiwan,EMIC,2018,IMO,medal,2013,2017,2018,0,0.023944110172409626,0.08438170248816039
2325,Taiwan,IWYMIC,2018,IMO,medal,2013,2017,2018,0,0.048250814777940645,0.01324348565825652
2347,Taiwan,EMIC,2018,IMO,medal,2013,2017,2018,0,0.023944110172409626,0.05496192210812419
2375,Taiwan,EMIC,2018,IMO,medal,2013,2017,2018,0,0.023944110172409626,0.00805256015996646
2377,Taiwan,EMIC,2018,IMO,medal,2013,2017,2018,0,0.023944110172409626,0.008818884364047552
2381,Taiwan,IWYMIC,2018,IMO,medal,2013,2017,2018,0,0.048250814777940645,0.1520189487519965
2401,Taiwan,IWYMIC,2018,IMO,medal,2013,2017,2018,0,0.048250814777940645,0.012699530917880536
2416,Taiwan,EMIC,2018,IMO,medal,2013,2017,2018,0,0.023944110172409626,0.00805256015996646
2441,Taiwan,IWYMIC,2018,IMO,medal,2013,2017,2018,0,0.048250814777940645,0.10316130470301334
2450,Taiwan,IWYMIC,2018,IMO,medal,2013,2017,2018,0,0.048250814777940645,0.022361737129385984
2469,Taiwan,EMIC,2018,IMO,medal,2013,2017,2018,0,0.023944110172409626,0.008818884364047552
2495,Taiwan,IWYMIC,2018,IMO,medal,2013,2017,2018,0,0.048250814777940645,0.058181597427728514
2541,Tajikistan,EMIC,2018,IMO,medal,2013,2017,2018,0,0.13201728982328206,0.07671267144291942
2543,Tajikistan,EMIC,2018,IMO,medal,2013,2017,2018,0,0.13201728982328206,0.09168159695651214
2550,Tajikistan,IWYMIC,2018,IMO,medal,2013,2017,2018,0,0.23915273185344124,0.14897297431712508
2553,Tajikistan,EMIC,2018,IMO,medal,2013,2017,2018,0,0.13201728982328206,0.599631381518444
2556,Tajikistan,EMIC,2018,IMO,medal,2013,2017,2018,0,0.13201728982328206,0.09168159695651214
2557,Tajikistan,EMIC,2018,IMO,medal,2013,2017,2018,0,0.13201728982328206,0.09960733408211213
2560,Tajikistan,EMIC,2018,IMO,medal,2013,2017,2018,0,0.13201728982328206,0.09168159695651214
2563,Tajikistan,IWYMIC,2018,IMO,medal,2013,2017,2018,1,0.23915273185344124,0.13788096366814395
2569,Tajikistan,IWYMIC,2018,IMO,medal,2013,2017,2018,0,0.23915273185344124,0.1548483152776744
2580,Tajikistan,EMIC,2018,IMO,medal,2013,2017,2018,0,0.13201728982328206,0.16802832788394376
2609,Thailand,IWYMIC,2018,IMO,medal,2013,2017,2018,0,0.09237579489901825,0.36812784903141993
2624,Thailand,IWYMIC,2018,IMO,medal,2013,2017,2018,0,0.09237579489901825,0.05082254734920259
2630,Thailand,EMIC,2018,IMO,medal,2013,2017,2018,0,0.04693702870834437,0.01672296334171158
2633,Thailand,EMIC,2018,IMO,medal,2013,2017,2018,0,0.04693702870834437,0.012612346600556225
2637,Thailand,IWYMIC,2018,IMO,medal,2013,2017,2018,0,0.09237579489901825,0.07370239676867589
2641,Thailand,IWYMIC,2018,IMO,medal,2013,2017,2018,0,0.09237579489901825,0.3028503819115667
2646,Thailand,EMIC,2018,IMO,medal,2013,2017,2018,0,0.04693702870834437,0.03011428137396309
2649,Thailand,IWYMIC,2018,IMO,medal,2013,2017,2018,0,0.09237579489901825,0.13009670141259996
2652,Thailand,EMIC,2018,IMO,medal,2013,2017,2018,0,0.04693702870834437,0.012612346600556225
2654,Thailand,IWYMIC,2018,IMO,medal,2013,2017,2018,1,0.09237579489901825,0.40131769262017036
2657,Thailand,IWYMIC,2018,IMO,medal,2013,2017,2018,0,0.09237579489901825,0.02455991669771949
2659,Thailand,EMIC,2018,IMO,medal,2013,2017,2018,0,0.04693702870834437,0.012612346600556225
2661,Thailand,IWYMIC,2018,IMO,medal,2013,2017,2018,0,0.09237579489901825,0.115359393851163
2662,Thailand,EMIC,2018,IMO,medal,2013,2017,2018,0,0.04693702870834437,0.015280396134011161
2668,Thailand,EMIC,2018,IMO,medal,2013,2017,2018,1,0.04693702870834437,0.012612346600556225
2669,Thailand,EMIC,2018,IMO,medal,2013,2017,2018,0,0.04693702870834437,0.015280396134011161
2673,Thailand,EMIC,2018,IMO,medal,2013,2017,2018,0,0.04693702870834437,0.01672296334171158
2701,Thailand,IWYMIC,2018,IMO,medal,2013,2017,2018,0,0.09237579489901825,0.15409129634500704
2710,Thailand,EMIC,2018,IMO,medal,2013,2017,2018,0,0.04693702870834437,0.03011428137396309
2711,Thailand,EMIC,2018,IMO,medal,2013,2017,2018,0,0.04693702870834437,0.03011428137396309
2734,Thailand,EMIC,2018,IMO,medal,2013,2017,2018,0,0.04693702870834437,0.01672296334171158
2744,Thailand,IWYMIC,2018,IMO,medal,2013,2017,2018,0,0.09237579489901825,0.3268285101523533
2760,Thailand,IWYMIC,2018,IMO,medal,2013,2017,2018,0,0.09237579489901825,0.115359393851163
2774,Thailand,EMIC,2018,IMO,medal,2013,2017,2018,1,0.04693702870834437,0.10004805219726493
2792,Thailand,EMIC,2018,IMO,medal,2013,2017,2018,0,0.04693702870834437,0.012612346600556225
2812,Thailand,EMIC,2018,IMO,medal,2013,2017,2018,0,0.04693702870834437,0.03011428137396309
2849,Ukraine,EMIC,2018,IMO,medal,2013,2017,2018,0,0.035157121708465286,0.01905992514780833
2850,Ukraine,EMIC,2018,IMO,medal,2013,2017,2018,0,0.035157121708465286,0.01905992514780833
2851,Ukraine,EMIC,2018,IMO,medal,2013,2017,2018,0,0.035157121708465286,0.01905992514780833
2852,Ukraine,EMIC,2018,IMO,medal,2013,2017,2018,0,0.035157121708465286,0.01905992514780833
2853,Ukraine,EMIC,2018,IMO,medal,2013,2017,2018,0,0.035157121708465286,0.01905992514780833
2913,Uzbekistan,EMIC,2018,IMO,medal,2013,2017,2018,0,0.0612320334958238,0.06037328018053866
2929,Uzbekistan,EMIC,2018,IMO,medal,2013,2017,2018,0,0.0612320334958238,0.03399796005517048
2946,Uzbekistan,EMIC,2018,IMO,medal,2013,2017,2018,1,0.0612320334958238,0.11767936092233865
2963,Vietnam,IWYMIC,2018,IMO,medal,2013,2017,2018,0,0.05986199303725933,0.022875150426487884
2966,Vietnam,IWYMIC,2018,IMO,medal,2013,2017,2018,0,0.05986199303725933,0.023210266935720647
2970,Vietnam,EMIC,2018,IMO,medal,2013,2017,2018,0,0.02988976672544994,0.009863776565841774
2977,Vietnam,EMIC,2018,IMO,medal,2013,2017,2018,0,0.02988976672544994,0.009863776565841774
2987,Vietnam,EMIC,2018,IMO,medal,2013,2017,2018,0,0.02988976672544994,0.1522359926719259
2999,Vietnam,IWYMIC,2018,IMO,medal,2013,2017,2018,0,0.05986199303725933,0.01964268248390336
3000,Vietnam,EMIC,2018,IMO,medal,2013,2017,2018,0,0.02988976672544994,0.011957427575402302
3013,Vietnam,EMIC,2018,IMO,medal,2013,2017,2018,0,0.02988976672544994,0.02364289761056803
3018,Vietnam,IWYMIC,2018,IMO,medal,2013,2017,2018,0,0.05986199303725933,0.01964268248390336
3025,Vietnam,EMIC,2018,IMO,medal,2013,2017,2018,0,0.02988976672544994,0.009863776565841774
3035,Vietnam,IWYMIC,2018,IMO,medal,2013,2017,2018,0,0.05986199303725933,0.02175672765663371
3055,Vietnam,EMIC,2018,IMO,medal,2013,2017,2018,0,0.02988976672544994,0.013090455604762933
3059,Vietnam,EMIC,2018,IMO,medal,2013,2017,2018,0,0.02988976672544994,0.0797845685175889
3061,Vietnam,IWYMIC,2018,IMO,medal,2013,2017,2018,0,0.05986199303725933,0.01964268248390336
3073,Vietnam,IWYMIC,2018,IMO,medal,2013,2017,2018,0,0.05986199303725933,0.036795809162825266
3092,Vietnam,EMIC,2018,IMO,medal,2013,2017,2018,0,0.02988976672544994,0.0797845685175889
3095,Vietnam,EMIC,2018,IMO,medal,2013,2017,2018,0,0.02988976672544994,0.02364289761056803
3096,Vietnam,IWYMIC,2018,IMO,medal,2013,2017,2018,0,0.05986199303725933,0.027577962477304152
3097,Vietnam,EMIC,2018,IMO,medal,2013,2017,2018,0,0.02988976672544994,0.02364289761056803
3100,Vietnam,EMIC,2018,IMO,medal,2013,2017,2018,0,0.02988976672544994,0.02364289761056803
3107,Vietnam,EMIC,2018,IMO,medal,2013,2017,2018,0,0.02988976672544994,0.0797845685175889
5,Australia,IWYMIC,2019,IMO,medal,2013,2018,2019,0,0.04976077350975336,0.023403128149619198
7,Australia,IWYMIC,2019,IMO,medal,2013,2018,2019,0,0.04976077350975336,0.02946892186092535
10,Australia,IWYMIC,2019,IMO,medal,2013,2018,2019,0,0.04976077350975336,0.025309075767773
43,Bulgaria,EMIC,2019,IMO,medal,2013,2018,2019,0,0.01155139196805037,0.08141825209904299
49,Bulgaria,EMIC,2019,IMO,medal,2013,2018,2019,0,0.01155139196805037,0.005918360793112422
76,Bulgaria,EMIC,2019,IMO,medal,2013,2018,2019,0,0.01155139196805037,0.051549913014070026
114,Bulgaria,EMIC,2019,IMO,medal,2013,2018,2019,0,0.01155139196805037,0.00622501165571086
139,Bulgaria,EMIC,2019,IMO,medal,2013,2018,2019,1,0.01155139196805037,0.028051480385321122
144,Bulgaria,EMIC,2019,IMO,medal,2013,2018,2019,0,0.01155139196805037,0.028051480385321122
162,Bulgaria,IWYMIC,2019,IMO,medal,2013,2018,2019,0,0.022086029168732695,0.026180926369772855
167,Bulgaria,IWYMIC,2019,IMO,medal,2013,2018,2019,0,0.022086029168732695,0.010681241347336272
186,Bulgaria,IWYMIC,2019,IMO,medal,2013,2018,2019,0,0.022086029168732695,0.03916423493119289
208,Bulgaria,EMIC,2019,IMO,medal,2013,2018,2019,1,0.01155139196805037,0.051549913014070026
211,Bulgaria,EMIC,2019,IMO,medal,2013,2018,2019,0,0.01155139196805037,0.009786312612492177
256,Bulgaria,EMIC,2019,IMO,medal,2013,2018,2019,0,0.01155139196805037,0.015790001278435682
276,Bulgaria,IWYMIC,2019,IMO,medal,2013,2018,2019,0,0.022086029168732695,0.03916423493119289
289,Bulgaria,EMIC,2019,IMO,medal,2013,2018,2019,0,0.01155139196805037,0.015790001278435682
299,Bulgaria,EMIC,2019,IMO,medal,2013,2018,2019,0,0.01155139196805037,0.00622501165571086
336,Bulgaria,EMIC,2019,IMO,medal,2013,2018,2019,0,0.01155139196805037,0.009786312612492177
343,Bulgaria,EMIC,2019,IMO,medal,2013,2018,2019,0,0.01155139196805037,0.005918360793112422
348,Bulgaria,EMIC,2019,IMO,medal,2013,2018,2019,0,0.01155139196805037,0.028051480385321122
355,Bulgaria,EMIC,2019,IMO,medal,2013,2018,2019,0,0.01155139196805037,0.009786312612492177
374,Canada,IWYMIC,2019,IMO,medal,2013,2018,2019,0,0.019607201197826427,0.012266427933952844
381,Canada,IWYMIC,2019,IMO,medal,2013,2018,2019,0,0.019607201197826427,0.011169348345285596
382,Canada,IWYMIC,2019,IMO,medal,2013,2018,2019,0,0.019607201197826427,0.010734048599737584
390,Canada,EMIC,2019,IMO,medal,2013,2018,2019,0,0.010242536353640714,0.008203230022741845
393,Canada,IWYMIC,2019,IMO,medal,2013,2018,2019,0,0.019607201197826427,0.010734048599737584
400,Canada,IWYMIC,2019,IMO,medal,2013,2018,2019,0,0.019607201197826427,0.03300702512088203
403,Canada,EMIC,2019,IMO,medal,2013,2018,2019,0,0.010242536353640714,0.008203230022741845
405,Cyprus,EMIC,2019,IMO,medal,2013,2018,2019,0,0.07676459033835634,0.06629871356266274
423,Cyprus,IWYMIC,2019,IMO,medal,2013,2018,2019,0,0.13844252248358702,0.08229691362067186
429,Cyprus,EMIC,2019,IMO,medal,2013,2018,2019,0,0.07676459033835634,0.057003356578973846
434,Cyprus,IWYMIC,2019,IMO,medal,2013,2018,2019,0,0.13844252248358702,0.08521292261730674
443,Ghana,IWYMIC,2019,IMO,medal,2013,2018,2019,1,0.045901067115320326,0.025919609584647077
448,Ghana,IWYMIC,2019,IMO,medal,2013,2018,2019,0,0.045901067115320326,0.028201046901771228
450,Hong Kong,EMIC,2019,IMO,medal,2013,2018,2019,0,0.03520243749954231,0.017058097264356958
463,Hong Kong,EMIC,2019,IMO,medal,2013,2018,2019,0,0.03520243749954231,0.08712400303877436
475,Hong Kong,EMIC,2019,IMO,medal,2013,2018,2019,0,0.03520243749954231,0.04823421223702702
476,Hong Kong,EMIC,2019,IMO,medal,2013,2018,2019,0,0.03520243749954231,0.012153251327884279
480,Hong Kong,EMIC,2019,IMO,medal,2013,2018,2019,0,0.03520243749954231,0.04823421223702702
485,Hong Kong,EMIC,2019,IMO,medal,2013,2018,2019,0,0.03520243749954231,0.012153251327884279
504,Hong Kong,IWYMIC,2019,IMO,medal,2013,2018,2019,1,0.06586900243451023,0.3760422457360154
513,Hong Kong,EMIC,2019,IMO,medal,2013,2018,2019,0,0.03520243749954231,0.04823421223702702
523,Hong Kong,EMIC,2019,IMO,medal,2013,2018,2019,0,0.03520243749954231,0.010879622671880316
534,Hong Kong,EMIC,2019,IMO,medal,2013,2018,2019,0,0.03520243749954231,0.012153251327884279
535,Hong Kong,EMIC,2019,IMO,medal,2013,2018,2019,0,0.03520243749954231,0.08712400303877436
536,Hong Kong,EMIC,2019,IMO,medal,2013,2018,2019,0,0.03520243749954231,0.012153251327884279
543,Hong Kong,EMIC,2019,IMO,medal,2013,2018,2019,0,0.03520243749954231,0.010346067717021862
556,Hong Kong,EMIC,2019,IMO,medal,2013,2018,2019,0,0.03520243749954231,0.010346067717021862
558,Hong Kong,EMIC,2019,IMO,medal,2013,2018,2019,0,0.03520243749954231,0.08712400303877436
561,Hong Kong,EMIC,2019,IMO,medal,2013,2018,2019,0,0.03520243749954231,0.017058097264356958
573,Hong Kong,EMIC,2019,IMO,medal,2013,2018,2019,0,0.03520243749954231,0.017058097264356958
593,India,EMIC,2019,IMO,medal,2013,2018,2019,0,0.014697492261063481,0.010749056565037482
605,India,EMIC,2019,IMO,medal,2013,2018,2019,0,0.014697492261063481,0.012880320102333299
624,India,EMIC,2019,IMO,medal,2013,2018,2019,0,0.014697492261063481,0.010749056565037482
671,Indonesia,EMIC,2019,IMO,medal,2013,2018,2019,0,0.024828923899992257,0.013737392163952745
714,Indonesia,EMIC,2019,IMO,medal,2013,2018,2019,0,0.024828923899992257,0.09751569398303862
740,Indonesia,IWYMIC,2019,IMO,medal,2013,2018,2019,0,0.046897887666417726,0.02101279869071342
751,Indonesia,IWYMIC,2019,IMO,medal,2013,2018,2019,0,0.046897887666417726,0.029624660463263616
818,Indonesia,EMIC,2019,IMO,medal,2013,2018,2019,0,0.024828923899992257,0.030908682700510202
824,Islamic Republic of Iran,IWYMIC,2019,IMO,medal,2013,2018,2019,0,0.08298712085535494,0.06256478501623342
838,Islamic Republic of Iran,EMIC,2019,IMO,medal,2013,2018,2019,0,0.044732532475087475,0.0298939858945037
840,Islamic Republic of Iran,IWYMIC,2019,IMO,medal,2013,2018,2019,0,0.08298712085535494,0.04804790454619968
842,Islamic Republic of Iran,EMIC,2019,IMO,medal,2013,2018,2019,0,0.044732532475087475,0.02845476046894262
843,Islamic Republic of Iran,EMIC,2019,IMO,medal,2013,2018,2019,0,0.044732532475087475,0.02845476046894262
862,Islamic Republic of Iran,EMIC,2019,IMO,medal,2013,2018,2019,0,0.044732532475087475,0.0298939858945037
865,Islamic Republic of Iran,IWYMIC,2019,IMO,medal,2013,2018,2019,0,0.08298712085535494,0.04963629016006641
875,Islamic Republic of Iran,EMIC,2019,IMO,medal,2013,2018,2019,0,0.044732532475087475,0.03891107962723774
885,Islamic Republic of Iran,IWYMIC,2019,IMO,medal,2013,2018,2019,0,0.08298712085535494,0.052393962504436335
892,Islamic Republic of Iran,IWYMIC,2019,IMO,medal,2013,2018,2019,0,0.08298712085535494,0.05043397217117743
895,Islamic Republic of Iran,IWYMIC,2019,IMO,medal,2013,2018,2019,0,0.08298712085535494,0.04803911552641508
904,Islamic Republic of Iran,EMIC,2019,IMO,medal,2013,2018,2019,0,0.044732532475087475,0.02845476046894262
911,Islamic Republic of Iran,IWYMIC,2019,IMO,medal,2013,2018,2019,0,0.08298712085535494,0.04789285946867454
914,Islamic Republic of Iran,EMIC,2019,IMO,medal,2013,2018,2019,0,0.044732532475087475,0.03331856039969645
917,Islamic Republic of Iran,IWYMIC,2019,IMO,medal,2013,2018,2019,0,0.08298712085535494,0.05043397217117743
919,Islamic Republic of Iran,EMIC,2019,IMO,medal,2013,2018,2019,0,0.044732532475087475,0.0298939858945037
925,Islamic Republic of Iran,IWYMIC,2019,IMO,medal,2013,2018,2019,0,0.08298712085535494,0.0539618546215449
928,Islamic Republic of Iran,EMIC,2019,IMO,medal,2013,2018,2019,0,0.044732532475087475,0.0298939858945037
930,Islamic Republic of Iran,EMIC,2019,IMO,medal,2013,2018,2019,0,0.044732532475087475,0.02845476046894262
932,Islamic Republic of Iran,EMIC,2019,IMO,medal,2013,2018,2019,0,0.044732532475087475,0.02845476046894262
933,Islamic Republic of Iran,IWYMIC,2019,IMO,medal,2013,2018,2019,0,0.08298712085535494,0.04803911552641508
935,Islamic Republic of Iran,IWYMIC,2019,IMO,medal,2013,2018,2019,0,0.08298712085535494,0.05043397217117743
940,Islamic Republic of Iran,EMIC,2019,IMO,medal,2013,2018,2019,0,0.044732532475087475,0.0298939858945037
948,Islamic Republic of Iran,IWYMIC,2019,IMO,medal,2013,2018,2019,0,0.08298712085535494,0.06646935962011791
955,Islamic Republic of Iran,EMIC,2019,IMO,medal,2013,2018,2019,0,0.044732532475087475,0.0298939858945037
983,Kazakhstan,EMIC,2019,IMO,medal,2013,2018,2019,0,0.026435614678593768,0.02261103742823126
1003,Kazakhstan,EMIC,2019,IMO,medal,2013,2018,2019,0,0.026435614678593768,0.019314172056412213
1021,Kazakhstan,EMIC,2019,IMO,medal,2013,2018,2019,0,0.026435614678593768,0.017303242707420702
1035,Kazakhstan,EMIC,2019,IMO,medal,2013,2018,2019,0,0.026435614678593768,0.027029965679262215
1036,Kazakhstan,EMIC,2019,IMO,medal,2013,2018,2019,0,0.026435614678593768,0.02261103742823126
1057,Macau,IWYMIC,2019,IMO,medal,2013,2018,2019,0,0.0444546088935079,0.027192760478711057
1066,Macau,EMIC,2019,IMO,medal,2013,2018,2019,0,0.02350703354263985,0.013454616705426308
1076,Macau,IWYMIC,2019,IMO,medal,2013,2018,2019,0,0.0444546088935079,0.027527421099867916
1096,Macau,EMIC,2019,IMO,medal,2013,2018,2019,0,0.02350703354263985,0.03544825022086849
1100,Macau,EMIC,2019,IMO,medal,2013,2018,2019,0,0.02350703354263985,0.01850379007548513
1118,Macau,EMIC,2019,IMO,medal,2013,2018,2019,0,0.02350703354263985,0.022138210505575805
1123,Macau,IWYMIC,2019,IMO,medal,2013,2018,2019,1,0.0444546088935079,0.025100120033872166
1134,Macau,EMIC,2019,IMO,medal,2013,2018,2019,0,0.02350703354263985,0.062013197905494484
1148,Macau,EMIC,2019,IMO,medal,2013,2018,2019,0,0.02350703354263985,0.015796114716463965
1153,Macau,IWYMIC,2019,IMO,medal,2013,2018,2019,0,0.0444546088935079,0.02794691373573915
1160,Macau,IWYMIC,2019,IMO,medal,2013,2018,2019,0,0.0444546088935079,0.022958900574493984
1165,Macau,EMIC,2019,IMO,medal,2013,2018,2019,0,0.02350703354263985,0.015796114716463965
1167,Macau,IWYMIC,2019,IMO,medal,2013,2018,2019,1,0.0444546088935079,0.041411470841153084
1170,Macau,IWYMIC,2019,IMO,medal,2013,2018,2019,0,0.0444546088935079,0.025100120033872166
1183,Malaysia,IWYMIC,2019,IMO,medal,2013,2018,2019,0,0.05538696818133897,0.030031091613961305
1197,Malaysia,EMIC,2019,IMO,medal,2013,2018,2019,0,0.02944667729190661,0.02416390163785185
1198,Malaysia,IWYMIC,2019,IMO,medal,2013,2018,2019,0,0.05538696818133897,0.025057762202992155
1211,Malaysia,EMIC,2019,IMO,medal,2013,2018,2019,0,0.02944667729190661,0.038643707461863554
1222,Malaysia,IWYMIC,2019,IMO,medal,2013,2018,2019,1,0.05538696818133897,0.19798552334653868
1225,Malaysia,EMIC,2019,IMO,medal,2013,2018,2019,0,0.02944667729190661,0.01469768408046231
1251,Mexico,EMIC,2019,IMO,medal,2013,2018,2019,0,0.1110679920229472,0.11724157141551435
1254,Mexico,IWYMIC,2019,IMO,medal,2013,2018,2019,1,0.19450111086735744,0.5123904208431669
1272,Mexico,EMIC,2019,IMO,medal,2013,2018,2019,0,0.1110679920229472,0.0876558020803804
1288,Mexico,EMIC,2019,IMO,medal,2013,2018,2019,0,0.1110679920229472,0.20565757848127403
1289,Mexico,IWYMIC,2019,IMO,medal,2013,2018,2019,0,0.19450111086735744,0.3025816913053734
1384,Nepal,EMIC,2019,IMO,medal,2013,2018,2019,0,0.018542972651413414,0.013897188708411253
1385,Nepal,IWYMIC,2019,IMO,medal,2013,2018,2019,0,0.03522655506875188,0.024146322346899583
1388,Nepal,EMIC,2019,IMO,medal,2013,2018,2019,0,0.018542972651413414,0.013897188708411253
1396,People's Republic of China,EMIC,2019,IMO,medal,2013,2018,2019,0,0.004130573367670032,0.01606253182618338
1397,People's Republic of China,EMIC,2019,IMO,medal,2013,2018,2019,0,0.004130573367670032,0.0010953324813410847
1406,People's Republic of China,EMIC,2019,IMO,medal,2013,2018,2019,0,0.004130573367670032,0.009911288200614547
1434,People's Republic of China,IWYMIC,2019,IMO,medal,2013,2018,2019,0,0.007952018518313442,0.03523734037177164
1446,People's Republic of China,EMIC,2019,IMO,medal,2013,2018,2019,0,0.004130573367670032,0.01606253182618338
1503,People's Republic of China,EMIC,2019,IMO,medal,2013,2018,2019,0,0.004130573367670032,0.009911288200614547
1567,People's Republic of China,IWYMIC,2019,IMO,medal,2013,2018,2019,0,0.007952018518313442,0.011850897026272579
1568,People's Republic of China,IWYMIC,2019,IMO,medal,2013,2018,2019,0,0.007952018518313442,0.017823108858682237
1612,People's Republic of China,EMIC,2019,IMO,medal,2013,2018,2019,0,0.004130573367670032,0.00528752734208873
1617,People's Republic of China,IWYMIC,2019,IMO,medal,2013,2018,2019,0,0.007952018518313442,0.004927244439103479
1644,People's Republic of China,EMIC,2019,IMO,medal,2013,2018,2019,0,0.004130573367670032,0.0015134982619751697
1676,Philippines,EMIC,2019,IMO,medal,2013,2018,2019,0,0.02059188325658934,0.013301924273803615
1680,Philippines,EMIC,2019,IMO,medal,2013,2018,2019,0,0.02059188325658934,0.011101683877693547
1691,Philippines,EMIC,2019,IMO,medal,2013,2018,2019,1,0.02059188325658934,0.03787763573261961
1692,Philippines,EMIC,2019,IMO,medal,2013,2018,2019,0,0.02059188325658934,0.008472216112884626
1693,Philippines,EMIC,2019,IMO,medal,2013,2018,2019,0,0.02059188325658934,0.009466717771355744
1706,Philippines,IWYMIC,2019,IMO,medal,2013,2018,2019,0,0.03904558370431107,0.015099867303088736
1715,Philippines,EMIC,2019,IMO,medal,2013,2018,2019,0,0.02059188325658934,0.009466717771355744
1716,Philippines,IWYMIC,2019,IMO,medal,2013,2018,2019,0,0.03904558370431107,0.020517708153863005
1731,Philippines,EMIC,2019,IMO,medal,2013,2018,2019,0,0.02059188325658934,0.008055762865056042
1732,Philippines,IWYMIC,2019,IMO,medal,2013,2018,2019,0,0.03904558370431107,0.05267212427942707
1734,Philippines,EMIC,2019,IMO,medal,2013,2018,2019,0,0.02059188325658934,0.021415718922618777
1757,Philippines,EMIC,2019,IMO,medal,2013,2018,2019,0,0.02059188325658934,0.009466717771355744
1758,Philippines,EMIC,2019,IMO,medal,2013,2018,2019,0,0.02059188325658934,0.009466717771355744
1817,Philippines,EMIC,2019,IMO,medal,2013,2018,2019,0,0.02059188325658934,0.021415718922618777
1821,Philippines,EMIC,2019,IMO,medal,2013,2018,2019,1,0.02059188325658934,0.03787763573261961
1827,Philippines,EMIC,2019,IMO,medal,2013,2018,2019,0,0.02059188325658934,0.013301924273803615
1832,Philippines,EMIC,2019,IMO,medal,2013,2018,2019,0,0.02059188325658934,0.008055762865056042
1835,Philippines,IWYMIC,2019,IMO,medal,2013,2018,2019,0,0.03904558370431107,0.03537569362881631
1858,Philippines,IWYMIC,2019,IMO,medal,2013,2018,2019,1,0.03904558370431107,0.2129132647899055
1862,Philippines,IWYMIC,2019,IMO,medal,2013,2018,2019,0,0.03904558370431107,0.015099867303088736
1870,Republic of Korea,EMIC,2019,IMO,medal,2013,2018,2019,0,0.005485847305620868,0.003664082538194043
1965,Republic of Korea,IWYMIC,2019,IMO,medal,2013,2018,2019,0,0.010547858719352285,0.007202467856727683
1967,Republic of Korea,IWYMIC,2019,IMO,medal,2013,2018,2019,0,0.010547858719352285,0.1042840218109425
1973,Romania,EMIC,2019,IMO,medal,2013,2018,2019,0,0.009084519929551355,0.005245781125731619
1974,Romania,EMIC,2019,IMO,medal,2013,2018,2019,0,0.009084519929551355,0.0068808299270544495
1989,Romania,EMIC,2019,IMO,medal,2013,2018,2019,0,0.009084519929551355,0.005245781125731619
1996,Romania,EMIC,2019,IMO,medal,2013,2018,2019,0,0.009084519929551355,0.005245781125731619
2009,Romania,EMIC,2019,IMO,medal,2013,2018,2019,0,0.009084519929551355,0.005863791082554856
2022,Romania,IWYMIC,2019,IMO,medal,2013,2018,2019,0,0.01740904292125376,0.01103134255166489
2033,Romania,EMIC,2019,IMO,medal,2013,2018,2019,0,0.009084519929551355,0.0068808299270544495
2130,South Africa,EMIC,2019,IMO,medal,2013,2018,2019,0,0.03642196260250927,0.03610692834398029
2132,South Africa,IWYMIC,2019,IMO,medal,2013,2018,2019,0,0.06807595358181932,0.04683988724598956
2137,South Africa,IWYMIC,2019,IMO,medal,2013,2018,2019,0,0.06807595358181932,0.053249243556227614
2140,South Africa,IWYMIC,2019,IMO,medal,2013,2018,2019,0,0.06807595358181932,0.061710634605524006
2150,South Africa,IWYMIC,2019,IMO,medal,2013,2018,2019,0,0.06807595358181932,0.04934573270965339
2151,South Africa,IWYMIC,2019,IMO,medal,2013,2018,2019,0,0.06807595358181932,0.04683988724598956
2152,South Africa,IWYMIC,2019,IMO,medal,2013,2018,2019,1,0.06807595358181932,0.045172171168749976
2159,South Africa,EMIC,2019,IMO,medal,2013,2018,2019,0,0.03642196260250927,0.03610692834398029
2161,South Africa,IWYMIC,2019,IMO,medal,2013,2018,2019,1,0.06807595358181932,0.05687696597829624
2169,South Africa,IWYMIC,2019,IMO,medal,2013,2018,2019,0,0.06807595358181932,0.04460767836812166
2182,South Africa,IWYMIC,2019,IMO,medal,2013,2018,2019,0,0.06807595358181932,0.04447138134900188
2183,South Africa,EMIC,2019,IMO,medal,2013,2018,2019,0,0.03642196260250927,0.03610692834398029
2190,South Africa,EMIC,2019,IMO,medal,2013,2018,2019,0,0.03642196260250927,0.030904477855078345
2199,South Africa,IWYMIC,2019,IMO,medal,2013,2018,2019,0,0.06807595358181932,0.04460767836812166
2202,South Africa,IWYMIC,2019,IMO,medal,2013,2018,2019,0,0.06807595358181932,0.061710634605524006
2203,South Africa,EMIC,2019,IMO,medal,2013,2018,2019,0,0.03642196260250927,0.030904477855078345
2218,Sri Lanka,IWYMIC,2019,IMO,medal,2013,2018,2019,1,0.0773890184841759,0.09500639061330449
2230,Sri Lanka,EMIC,2019,IMO,medal,2013,2018,2019,0,0.04159792800306577,0.02662986220330926
2231,Sri Lanka,IWYMIC,2019,IMO,medal,2013,2018,2019,0,0.0773890184841759,0.04204242464979631
2238,Sri Lanka,EMIC,2019,IMO,medal,2013,2018,2019,0,0.04159792800306577,0.022719521591829578
2242,Sri Lanka,EMIC,2019,IMO,medal,2013,2018,2019,0,0.04159792800306577,0.031135844641339276
2249,Sri Lanka,EMIC,2019,IMO,medal,2013,2018,2019,0,0.04159792800306577,0.031135844641339276
2254,Sri Lanka,EMIC,2019,IMO,medal,2013,2018,2019,1,0.04159792800306577,0.022719521591829578
2278,Taiwan,IWYMIC,2019,IMO,medal,2013,2018,2019,1,0.032955855913103224,0.20409643097499391
2284,Taiwan,EMIC,2019,IMO,medal,2013,2018,2019,0,0.01732837930780417,0.008251441697639625
2290,Taiwan,EMIC,2019,IMO,medal,2013,2018,2019,0,0.01732837930780417,0.00498707848718991
2298,Taiwan,EMIC,2019,IMO,medal,2013,2018,2019,0,0.01732837930780417,0.00498707848718991
2305,Taiwan,IWYMIC,2019,IMO,medal,2013,2018,2019,0,0.032955855913103224,0.05196928143887423
2314,Taiwan,EMIC,2019,IMO,medal,2013,2018,2019,0,0.01732837930780417,0.005245731002718537
2316,Taiwan,IWYMIC,2019,IMO,medal,2013,2018,2019,0,0.032955855913103224,0.1029833087463799
2330,Taiwan,EMIC,2019,IMO,medal,2013,2018,2019,0,0.01732837930780417,0.0058637350893149314
2356,Taiwan,IWYMIC,2019,IMO,medal,2013,2018,2019,0,0.032955855913103224,0.04004490117058073
2372,Taiwan,IWYMIC,2019,IMO,medal,2013,2018,2019,0,0.032955855913103224,0.009373225478356863
2389,Taiwan,IWYMIC,2019,IMO,medal,2013,2018,2019,0,0.032955855913103224,0.022132219447473754
2409,Taiwan,EMIC,2019,IMO,medal,2013,2018,2019,0,0.01732837930780417,0.005245731002718537
2414,Taiwan,IWYMIC,2019,IMO,medal,2013,2018,2019,0,0.032955855913103224,0.20409643097499391
2425,Taiwan,EMIC,2019,IMO,medal,2013,2018,2019,0,0.01732837930780417,0.005245731002718537
2426,Taiwan,IWYMIC,2019,IMO,medal,2013,2018,2019,0,0.032955855913103224,0.012762970448314764
2430,Taiwan,IWYMIC,2019,IMO,medal,2013,2018,2019,0,0.032955855913103224,0.1029833087463799
2461,Taiwan,EMIC,2019,IMO,medal,2013,2018,2019,0,0.01732837930780417,0.00498707848718991
2465,Taiwan,IWYMIC,2019,IMO,medal,2013,2018,2019,0,0.032955855913103224,0.07659192329701817
2489,Taiwan,IWYMIC,2019,IMO,medal,2013,2018,2019,0,0.032955855913103224,0.008674328226892722
2504,Taiwan,EMIC,2019,IMO,medal,2013,2018,2019,0,0.01732837930780417,0.005245731002718537
2513,Taiwan,EMIC,2019,IMO,medal,2013,2018,2019,0,0.01732837930780417,0.00498707848718991
2514,Taiwan,IWYMIC,2019,IMO,medal,2013,2018,2019,0,0.032955855913103224,0.05196928143887423
2536,Tajikistan,EMIC,2019,IMO,medal,2013,2018,2019,0,0.09859661431820628,0.07895125603245468
2572,Tajikistan,EMIC,2019,IMO,medal,2013,2018,2019,0,0.09859661431820628,0.07895125603245468
2595,Thailand,IWYMIC,2019,IMO,medal,2013,2018,2019,0,0.07251429477080287,0.20064891847333155
2597,Thailand,EMIC,2019,IMO,medal,2013,2018,2019,0,0.03888266719578085,0.028683118470534234
2610,Thailand,IWYMIC,2019,IMO,medal,2013,2018,2019,0,0.07251429477080287,0.04715213225345341
2621,Thailand,EMIC,2019,IMO,medal,2013,2018,2019,0,0.03888266719578085,0.012731994066633487
2626,Thailand,IWYMIC,2019,IMO,medal,2013,2018,2019,0,0.07251429477080287,0.06978989981375498
2629,Thailand,EMIC,2019,IMO,medal,2013,2018,2019,0,0.03888266719578085,0.05044340726028094
2642,Thailand,EMIC,2019,IMO,medal,2013,2018,2019,0,0.03888266719578085,0.09094420544451587
2644,Thailand,EMIC,2019,IMO,medal,2013,2018,2019,0,0.03888266719578085,0.017866186390244492
2648,Thailand,EMIC,2019,IMO,medal,2013,2018,2019,0,0.03888266719578085,0.05044340726028094
2658,Thailand,EMIC,2019,IMO,medal,2013,2018,2019,0,0.03888266719578085,0.028683118470534234
2666,Thailand,EMIC,2019,IMO,medal,2013,2018,2019,0,0.03888266719578085,0.028683118470534234
2674,Thailand,EMIC,2019,IMO,medal,2013,2018,2019,0,0.03888266719578085,0.028683118470534234
2677,Thailand,IWYMIC,2019,IMO,medal,2013,2018,2019,0,0.07251429477080287,0.04715213225345341
2682,Thailand,EMIC,2019,IMO,medal,2013,2018,2019,0,0.03888266719578085,0.017866186390244492
2714,Thailand,EMIC,2019,IMO,medal,2013,2018,2019,1,0.03888266719578085,0.14026230427283123
2722,Thailand,EMIC,2019,IMO,medal,2013,2018,2019,0,0.03888266719578085,0.011398414526544151
2745,Thailand,IWYMIC,2019,IMO,medal,2013,2018,2019,1,0.07251429477080287,0.06978989981375498
2758,Thailand,IWYMIC,2019,IMO,medal,2013,2018,2019,0,0.07251429477080287,0.03354786886059085
2766,Thailand,IWYMIC,2019,IMO,medal,2013,2018,2019,0,0.07251429477080287,0.03354786886059085
2772,Thailand,EMIC,2019,IMO,medal,2013,2018,2019,0,0.03888266719578085,0.010839695970062539
2790,Thailand,EMIC,2019,IMO,medal,2013,2018,2019,0,0.03888266719578085,0.017866186390244492
2791,Thailand,IWYMIC,2019,IMO,medal,2013,2018,2019,0,0.07251429477080287,0.018531508651418473
2797,Thailand,IWYMIC,2019,IMO,medal,2013,2018,2019,0,0.07251429477080287,0.1070274879153136
2798,Thailand,EMIC,2019,IMO,medal,2013,2018,2019,0,0.03888266719578085,0.010839695970062539
2803,Thailand,IWYMIC,2019,IMO,medal,2013,2018,2019,1,0.07251429477080287,0.1070274879153136
2814,Thailand,IWYMIC,2019,IMO,medal,2013,2018,2019,0,0.07251429477080287,0.027488929052713877
2826,Thailand,EMIC,2019,IMO,medal,2013,2018,2019,0,0.03888266719578085,0.017866186390244492
2829,Thailand,IWYMIC,2019,IMO,medal,2013,2018,2019,0,0.07251429477080287,0.1070274879153136
2846,Tunisia,IWYMIC,2019,IMO,medal,2013,2018,2019,0,0.04976077350975336,0.027267521029001873
2847,Tunisia,EMIC,2019,IMO,medal,2013,2018,2019,0,0.026381898425192677,0.012991788776133209
2915,Uzbekistan,IWYMIC,2019,IMO,medal,2013,2018,2019,0,0.11386387963276202,0.055483047571745325
2916,Uzbekistan,EMIC,2019,IMO,medal,2013,2018,2019,0,0.06234368334169911,0.037650210615123476
2927,Uzbekistan,EMIC,2019,IMO,medal,2013,2018,2019,0,0.06234368334169911,0.044873339660236156
2932,Uzbekistan,EMIC,2019,IMO,medal,2013,2018,2019,0,0.06234368334169911,0.03223283287650212
2948,Uzbekistan,EMIC,2019,IMO,medal,2013,2018,2019,1,0.06234368334169911,0.20532441417217573
2974,Vietnam,EMIC,2019,IMO,medal,2013,2018,2019,0,0.019938368651940874,0.018761482225232523
2984,Vietnam,EMIC,2019,IMO,medal,2013,2018,2019,0,0.019938368651940874,0.033252458887887214
2997,Vietnam,EMIC,2019,IMO,medal,2013,2018,2019,0,0.019938368651940874,0.033252458887887214
3046,Vietnam,EMIC,2019,IMO,medal,2013,2018,2019,0,0.019938368651940874,0.018761482225232523
3071,Vietnam,EMIC,2019,IMO,medal,2013,2018,2019,0,0.019938368651940874,0.09554124492929196
3101,Vietnam,EMIC,2019,IMO,medal,2013,2018,2019,0,0.019938368651940874,0.060835001192207694
13,Bangladesh,IWYMIC,2021,IMO,medal,2013,2020,2021,0,0.04949987707281244,0.1753154608392701
14,Bangladesh,EMIC,2021,IMO,medal,2013,2020,2021,0,0.02405264340715062,0.01258675507748177
19,Bangladesh,EMIC,2021,IMO,medal,2013,2020,2021,0,0.02405264340715062,0.01258675507748177
22,Bangladesh,IWYMIC,2021,IMO,medal,2013,2020,2021,0,0.04949987707281244,0.026004411773193892
24,Bangladesh,IWYMIC,2021,IMO,medal,2013,2020,2021,0,0.04949987707281244,0.02848900215065311
25,Bangladesh,IWYMIC,2021,IMO,medal,2013,2020,2021,0,0.04949987707281244,0.023240217042663287
30,Bolivia,IWYMIC,2021,IMO,medal,2013,2020,2021,0,0.05632700780541271,0.024104177903057737
31,Bolivia,EMIC,2021,IMO,medal,2013,2020,2021,0,0.0274714752004454,0.016913188182913944
42,Bulgaria,EMIC,2021,IMO,medal,2013,2020,2021,0,0.014154319385694197,0.015242739051385764
45,Bulgaria,EMIC,2021,IMO,medal,2013,2020,2021,0,0.014154319385694197,0.015242739051385764
50,Bulgaria,EMIC,2021,IMO,medal,2013,2020,2021,0,0.014154319385694197,0.006945284645019229
65,Bulgaria,EMIC,2021,IMO,medal,2013,2020,2021,0,0.014154319385694197,0.0069956995431052086
66,Bulgaria,EMIC,2021,IMO,medal,2013,2020,2021,0,0.014154319385694197,0.010502389612645388
77,Bulgaria,EMIC,2021,IMO,medal,2013,2020,2021,0,0.014154319385694197,0.010502389612645388
79,Bulgaria,IWYMIC,2021,IMO,medal,2013,2020,2021,0,0.02944527427963444,0.03529155316538076
90,Bulgaria,IWYMIC,2021,IMO,medal,2013,2020,2021,0,0.02944527427963444,0.07523432407912345
92,Bulgaria,IWYMIC,2021,IMO,medal,2013,2020,2021,0,0.02944527427963444,0.014218956247646323
100,Bulgaria,IWYMIC,2021,IMO,medal,2013,2020,2021,0,0.02944527427963444,0.018308260525608817
102,Bulgaria,IWYMIC,2021,IMO,medal,2013,2020,2021,0,0.02944527427963444,0.1229131765974666
103,Bulgaria,EMIC,2021,IMO,medal,2013,2020,2021,0,0.014154319385694197,0.006945284645019229
108,Bulgaria,IWYMIC,2021,IMO,medal,2013,2020,2021,0,0.02944527427963444,0.22081978213333747
150,Bulgaria,IWYMIC,2021,IMO,medal,2013,2020,2021,0,0.02944527427963444,0.06316044007491471
174,Bulgaria,EMIC,2021,IMO,medal,2013,2020,2021,0,0.014154319385694197,0.008149502176952771
185,Bulgaria,IWYMIC,2021,IMO,medal,2013,2020,2021,0,0.02944527427963444,0.04077958330187061
202,Bulgaria,EMIC,2021,IMO,medal,2013,2020,2021,0,0.014154319385694197,0.008149502176952771
207,Bulgaria,IWYMIC,2021,IMO,medal,2013,2020,2021,0,0.02944527427963444,0.13659671857055725
215,Bulgaria,EMIC,2021,IMO,medal,2013,2020,2021,0,0.014154319385694197,0.05058344916932232
223,Bulgaria,EMIC,2021,IMO,medal,2013,2020,2021,0,0.014154319385694197,0.05058344916932232
224,Bulgaria,EMIC,2021,IMO,medal,2013,2020,2021,0,0.014154319385694197,0.0069956995431052086
229,Bulgaria,EMIC,2021,IMO,medal,2013,2020,2021,0,0.014154319385694197,0.010502389612645388
262,Bulgaria,EMIC,2021,IMO,medal,2013,2020,2021,0,0.014154319385694197,0.03605031685400921
271,Bulgaria,EMIC,2021,IMO,medal,2013,2020,2021,0,0.014154319385694197,0.05058344916932232
272,Bulgaria,EMIC,2021,IMO,medal,2013,2020,2021,0,0.014154319385694197,0.0069956995431052086
278,Bulgaria,EMIC,2021,IMO,medal,2013,2020,2021,0,0.014154319385694197,0.03605031685400921
286,Bulgaria,EMIC,2021,IMO,medal,2013,2020,2021,0,0.014154319385694197,0.02378214559133434
304,Bulgaria,EMIC,2021,IMO,medal,2013,2020,2021,0,0.014154319385694197,0.02378214559133434
310,Bulgaria,EMIC,2021,IMO,medal,2013,2020,2021,0,0.014154319385694197,0.11264731136592945
328,Bulgaria,IWYMIC,2021,IMO,medal,2013,2020,2021,0,0.02944527427963444,0.02572763172076554
339,Bulgaria,EMIC,2021,IMO,medal,2013,2020,2021,0,0.014154319385694197,0.008900935687859301
345,Bulgaria,EMIC,2021,IMO,medal,2013,2020,2021,0,0.014154319385694197,0.015242739051385764
352,Bulgaria,EMIC,2021,IMO,medal,2013,2020,2021,0,0.014154319385694197,0.006945284645019229
365,Bulgaria,IWYMIC,2021,IMO,medal,2013,2020,2021,0,0.02944527427963444,0.19849916349710253
372,Bulgaria,EMIC,2021,IMO,medal,2013,2020,2021,0,0.014154319385694197,0.05058344916932232
409,Cyprus,IWYMIC,2021,IMO,medal,2013,2020,2021,1,0.14036924882037746,0.11424422039743591
412,Cyprus,EMIC,2021,IMO,medal,2013,2020,2021,0,0.07173275894202111,0.062296980554328425
421,Cyprus,IWYMIC,2021,IMO,medal,2013,2020,2021,1,0.14036924882037746,0.4231658529652118
439,Cyprus,EMIC,2021,IMO,medal,2013,2020,2021,0,0.07173275894202111,0.062296980554328425
440,Cyprus,IWYMIC,2021,IMO,medal,2013,2020,2021,0,0.14036924882037746,0.15082969840722468
455,Hong Kong,EMIC,2021,IMO,medal,2013,2020,2021,0,0.036443152490228906,0.00983829551935234
506,Hong Kong,EMIC,2021,IMO,medal,2013,2020,2021,0,0.036443152490228906,0.00983829551935234
512,Hong Kong,EMIC,2021,IMO,medal,2013,2020,2021,0,0.036443152490228906,0.012598225189880465
519,Hong Kong,EMIC,2021,IMO,medal,2013,2020,2021,0,0.036443152490228906,0.011538293452497036
522,Hong Kong,EMIC,2021,IMO,medal,2013,2020,2021,0,0.036443152490228906,0.012598225189880465
549,Hong Kong,IWYMIC,2021,IMO,medal,2013,2020,2021,0,0.07400526783325388,0.018857539598775837
576,Hong Kong,EMIC,2021,IMO,medal,2013,2020,2021,0,0.036443152490228906,0.00983829551935234
590,Hong Kong,EMIC,2021,IMO,medal,2013,2020,2021,0,0.036443152490228906,0.021517109289753086
594,India,EMIC,2021,IMO,medal,2013,2020,2021,0,0.01378166684862832,0.009920109032378267
608,India,EMIC,2021,IMO,medal,2013,2020,2021,0,0.01378166684862832,0.0169756229084453
609,India,EMIC,2021,IMO,medal,2013,2020,2021,0,0.01378166684862832,0.007798436410781687
617,India,EMIC,2021,IMO,medal,2013,2020,2021,0,0.01378166684862832,0.007742281649172081
618,India,IWYMIC,2021,IMO,medal,2013,2020,2021,0,0.028681756473676122,0.017231226055536425
622,India,IWYMIC,2021,IMO,medal,2013,2020,2021,0,0.028681756473676122,0.017231226055536425
629,Indonesia,EMIC,2021,IMO,medal,2013,2020,2021,0,0.0251890306577826,0.03964791372435242
631,Indonesia,EMIC,2021,IMO,medal,2013,2020,2021,0,0.0251890306577826,0.014991467850416844
632,Indonesia,EMIC,2021,IMO,medal,2013,2020,2021,0,0.0251890306577826,0.011713463242829477
633,Indonesia,IWYMIC,2021,IMO,medal,2013,2020,2021,1,0.051774758498581736,0.04283434214938127
634,Indonesia,IWYMIC,2021,IMO,medal,2013,2020,2021,0,0.051774758498581736,0.1025373051827833
637,Indonesia,EMIC,2021,IMO,medal,2013,2020,2021,0,0.0251890306577826,0.03964791372435242
642,Indonesia,IWYMIC,2021,IMO,medal,2013,2020,2021,0,0.051774758498581736,0.02737361815905578
648,Indonesia,EMIC,2021,IMO,medal,2013,2020,2021,0,0.0251890306577826,0.013732984869727358
649,Indonesia,EMIC,2021,IMO,medal,2013,2020,2021,0,0.0251890306577826,0.03964791372435242
652,Indonesia,EMIC,2021,IMO,medal,2013,2020,2021,0,0.0251890306577826,0.011798078509562883
659,Indonesia,EMIC,2021,IMO,medal,2013,2020,2021,0,0.0251890306577826,0.017669192752121896
663,Indonesia,IWYMIC,2021,IMO,medal,2013,2020,2021,0,0.051774758498581736,0.07798075796062026
667,Indonesia,IWYMIC,2021,IMO,medal,2013,2020,2021,0,0.051774758498581736,0.021482303689812035
673,Indonesia,EMIC,2021,IMO,medal,2013,2020,2021,0,0.0251890306577826,0.011713463242829477
680,Indonesia,IWYMIC,2021,IMO,medal,2013,2020,2021,0,0.051774758498581736,0.05054271287123878
681,Indonesia,IWYMIC,2021,IMO,medal,2013,2020,2021,0,0.051774758498581736,0.02339846745060565
686,Indonesia,EMIC,2021,IMO,medal,2013,2020,2021,0,0.0251890306577826,0.013732984869727358
691,Indonesia,IWYMIC,2021,IMO,medal,2013,2020,2021,0,0.051774758498581736,0.036918916682900225
696,Indonesia,EMIC,2021,IMO,medal,2013,2020,2021,0,0.0251890306577826,0.02556078255246159
699,Indonesia,IWYMIC,2021,IMO,medal,2013,2020,2021,0,0.051774758498581736,0.022598589955012193
703,Indonesia,EMIC,2021,IMO,medal,2013,2020,2021,0,0.0251890306577826,0.011798078509562883
713,Indonesia,EMIC,2021,IMO,medal,2013,2020,2021,0,0.0251890306577826,0.011798078509562883
718,Indonesia,IWYMIC,2021,IMO,medal,2013,2020,2021,0,0.051774758498581736,0.024395766923774858
723,Indonesia,EMIC,2021,IMO,medal,2013,2020,2021,0,0.0251890306577826,0.03964791372435242
730,Indonesia,IWYMIC,2021,IMO,medal,2013,2020,2021,0,0.051774758498581736,0.27759703090994436
731,Indonesia,EMIC,2021,IMO,medal,2013,2020,2021,0,0.0251890306577826,0.02556078255246159
738,Indonesia,EMIC,2021,IMO,medal,2013,2020,2021,0,0.0251890306577826,0.011798078509562883
742,Indonesia,EMIC,2021,IMO,medal,2013,2020,2021,0,0.0251890306577826,0.011798078509562883
743,Indonesia,EMIC,2021,IMO,medal,2013,2020,2021,0,0.0251890306577826,0.013732984869727358
747,Indonesia,IWYMIC,2021,IMO,medal,2013,2020,2021,0,0.051774758498581736,0.02737361815905578
759,Indonesia,IWYMIC,2021,IMO,medal,2013,2020,2021,0,0.051774758498581736,0.022598589955012193
767,Indonesia,EMIC,2021,IMO,medal,2013,2020,2021,0,0.0251890306577826,0.014991467850416844
774,Indonesia,EMIC,2021,IMO,medal,2013,2020,2021,0,0.0251890306577826,0.03964791372435242
779,Indonesia,IWYMIC,2021,IMO,medal,2013,2020,2021,0,0.051774758498581736,0.021482303689812035
791,Indonesia,EMIC,2021,IMO,medal,2013,2020,2021,0,0.0251890306577826,0.03964791372435242
792,Indonesia,IWYMIC,2021,IMO,medal,2013,2020,2021,0,0.051774758498581736,0.0390996525685135
793,Indonesia,IWYMIC,2021,IMO,medal,2013,2020,2021,0,0.051774758498581736,0.023296500239268856
795,Indonesia,EMIC,2021,IMO,medal,2013,2020,2021,0,0.0251890306577826,0.14283581092697248
800,Indonesia,IWYMIC,2021,IMO,medal,2013,2020,2021,0,0.051774758498581736,0.022598589955012193
801,Indonesia,IWYMIC,2021,IMO,medal,2013,2020,2021,0,0.051774758498581736,0.025120596744999342
806,Indonesia,EMIC,2021,IMO,medal,2013,2020,2021,0,0.0251890306577826,0.014991467850416844
809,Indonesia,IWYMIC,2021,IMO,medal,2013,2020,2021,0,0.051774758498581736,0.07798075796062026
814,Indonesia,IWYMIC,2021,IMO,medal,2013,2020,2021,0,0.051774758498581736,0.021887029924608954
836,Islamic Republic of Iran,IWYMIC,2021,IMO,medal,2013,2020,2021,0,0.07587205239487071,0.04610398047301473
839,Islamic Republic of Iran,IWYMIC,2021,IMO,medal,2013,2020,2021,0,0.07587205239487071,0.0465542787212871
841,Islamic Republic of Iran,IWYMIC,2021,IMO,medal,2013,2020,2021,0,0.07587205239487071,0.04697692106446702
847,Islamic Republic of Iran,EMIC,2021,IMO,medal,2013,2020,2021,0,0.03740070134374852,0.08367881992805228
861,Islamic Republic of Iran,EMIC,2021,IMO,medal,2013,2020,2021,0,0.03740070134374852,0.03256883366164267
887,Islamic Republic of Iran,IWYMIC,2021,IMO,medal,2013,2020,2021,0,0.07587205239487071,0.04610398047301473
889,Islamic Republic of Iran,EMIC,2021,IMO,medal,2013,2020,2021,0,0.03740070134374852,0.025547079985509112
896,Islamic Republic of Iran,IWYMIC,2021,IMO,medal,2013,2020,2021,0,0.07587205239487071,0.047775608868480875
906,Islamic Republic of Iran,IWYMIC,2021,IMO,medal,2013,2020,2021,0,0.07587205239487071,0.04675912599160682
921,Islamic Republic of Iran,IWYMIC,2021,IMO,medal,2013,2020,2021,0,0.07587205239487071,0.06134864881245234
949,Islamic Republic of Iran,IWYMIC,2021,IMO,medal,2013,2020,2021,0,0.07587205239487071,0.04630614211249256
1049,Macau,IWYMIC,2021,IMO,medal,2013,2020,2021,0,0.05728033424076262,0.04812953266461583
1050,Macau,EMIC,2021,IMO,medal,2013,2020,2021,0,0.02795089125735403,0.017010120802440326
1051,Macau,IWYMIC,2021,IMO,medal,2013,2020,2021,0,0.05728033424076262,0.033652488421929576
1052,Macau,EMIC,2021,IMO,medal,2013,2020,2021,0,0.02795089125735403,0.017132334577841336
1055,Macau,EMIC,2021,IMO,medal,2013,2020,2021,0,0.02795089125735403,0.01992443010254479
1059,Macau,IWYMIC,2021,IMO,medal,2013,2020,2021,0,0.05728033424076262,0.10991002095572296
1068,Macau,IWYMIC,2021,IMO,medal,2013,2020,2021,0,0.05728033424076262,0.03151040854065684
1070,Macau,IWYMIC,2021,IMO,medal,2013,2020,2021,0,0.05728033424076262,0.033652488421929576
1071,Macau,EMIC,2021,IMO,medal,2013,2020,2021,0,0.02795089125735403,0.05684951444215916
1079,Macau,EMIC,2021,IMO,medal,2013,2020,2021,0,0.02795089125735403,0.05684951444215916
1087,Macau,EMIC,2021,IMO,medal,2013,2020,2021,0,0.02795089125735403,0.01992443010254479
1103,Macau,IWYMIC,2021,IMO,medal,2013,2020,2021,0,0.05728033424076262,0.04812953266461583
1111,Macau,IWYMIC,2021,IMO,medal,2013,2020,2021,0,0.05728033424076262,0.033652488421929576
1120,Macau,IWYMIC,2021,IMO,medal,2013,2020,2021,0,0.05728033424076262,0.03163676143553651
1122,Macau,IWYMIC,2021,IMO,medal,2013,2020,2021,0,0.05728033424076262,0.03742926972901125
1131,Macau,EMIC,2021,IMO,medal,2013,2020,2021,0,0.02795089125735403,0.021737788295324884
1143,Macau,EMIC,2021,IMO,medal,2013,2020,2021,0,0.02795089125735403,0.017010120802440326
1147,Macau,IWYMIC,2021,IMO,medal,2013,2020,2021,0,0.05728033424076262,0.03477698281515576
1174,Malaysia,IWYMIC,2021,IMO,medal,2013,2020,2021,1,0.06962306682711993,0.3282737218869537
1180,Malaysia,EMIC,2021,IMO,medal,2013,2020,2021,0,0.03420302619652905,0.19775452113631667
1182,Malaysia,EMIC,2021,IMO,medal,2013,2020,2021,0,0.03420302619652905,0.19775452113631667
1184,Malaysia,EMIC,2021,IMO,medal,2013,2020,2021,0,0.03420302619652905,0.15463153794722398
1190,Malaysia,EMIC,2021,IMO,medal,2013,2020,2021,0,0.03420302619652905,0.0201818953374588
1215,Malaysia,EMIC,2021,IMO,medal,2013,2020,2021,0,0.03420302619652905,0.022018159477507213
1216,Malaysia,EMIC,2021,IMO,medal,2013,2020,2021,0,0.03420302619652905,0.022018159477507213
1218,Malaysia,IWYMIC,2021,IMO,medal,2013,2020,2021,0,0.06962306682711993,0.034897345307241825
1226,Malaysia,IWYMIC,2021,IMO,medal,2013,2020,2021,0,0.06962306682711993,0.0369345648725713
1237,Malaysia,EMIC,2021,IMO,medal,2013,2020,2021,0,0.03420302619652905,0.022018159477507213
1242,Mexico,IWYMIC,2021,IMO,medal,2013,2020,2021,0,0.19981903853510227,0.16911718939631779
1249,Mexico,IWYMIC,2021,IMO,medal,2013,2020,2021,0,0.19981903853510227,0.34807627933047713
1255,Mexico,EMIC,2021,IMO,medal,2013,2020,2021,0,0.10568723981590772,0.3195827409912763
1265,Mexico,EMIC,2021,IMO,medal,2013,2020,2021,0,0.10568723981590772,0.09353793407114008
1267,Mexico,IWYMIC,2021,IMO,medal,2013,2020,2021,0,0.19981903853510227,0.3852887538793553
1269,Mexico,EMIC,2021,IMO,medal,2013,2020,2021,1,0.10568723981590772,0.11762027038877129
1281,Mexico,EMIC,2021,IMO,medal,2013,2020,2021,0,0.10568723981590772,0.09353793407114008
1287,Mexico,IWYMIC,2021,IMO,medal,2013,2020,2021,0,0.19981903853510227,0.4224746812165338
1292,Mexico,EMIC,2021,IMO,medal,2013,2020,2021,0,0.10568723981590772,0.3195827409912763
1294,Mexico,IWYMIC,2021,IMO,medal,2013,2020,2021,0,0.19981903853510227,0.13991401675643303
1295,Mexico,EMIC,2021,IMO,medal,2013,2020,2021,0,0.10568723981590772,0.11762027038877129
1298,Mexico,EMIC,2021,IMO,medal,2013,2020,2021,0,0.10568723981590772,0.4781817214177557
1420,People's Republic of China,EMIC,2021,IMO,medal,2013,2020,2021,0,0.0041032285355997325,0.018198445959926427
1422,People's Republic of China,EMIC,2021,IMO,medal,2013,2020,2021,0,0.0041032285355997325,0.01054153857536263
1432,People's Republic of China,IWYMIC,2021,IMO,medal,2013,2020,2021,0,0.008631022108945657,0.06215778083605691
1439,People's Republic of China,EMIC,2021,IMO,medal,2013,2020,2021,0,0.0041032285355997325,0.0022549630319440165
1483,People's Republic of China,EMIC,2021,IMO,medal,2013,2020,2021,0,0.0041032285355997325,0.001198257574425728
1500,People's Republic of China,EMIC,2021,IMO,medal,2013,2020,2021,0,0.0041032285355997325,0.014154110279311186
1559,People's Republic of China,EMIC,2021,IMO,medal,2013,2020,2021,0,0.0041032285355997325,0.003544445042091466
1563,People's Republic of China,EMIC,2021,IMO,medal,2013,2020,2021,0,0.0041032285355997325,0.018198445959926427
1594,People's Republic of China,EMIC,2021,IMO,medal,2013,2020,2021,0,0.0041032285355997325,0.014154110279311186
1663,Philippines,EMIC,2021,IMO,medal,2013,2020,2021,0,0.02613072950728062,0.015435597340010418
1668,Philippines,EMIC,2021,IMO,medal,2013,2020,2021,0,0.02613072950728062,0.07295551870143263
1677,Philippines,EMIC,2021,IMO,medal,2013,2020,2021,0,0.02613072950728062,0.010224906099563759
1683,Philippines,EMIC,2021,IMO,medal,2013,2020,2021,0,0.02613072950728062,0.010224906099563759
1688,Philippines,EMIC,2021,IMO,medal,2013,2020,2021,0,0.02613072950728062,0.010224906099563759
1709,Philippines,EMIC,2021,IMO,medal,2013,2020,2021,0,0.02613072950728062,0.010224906099563759
1710,Philippines,EMIC,2021,IMO,medal,2013,2020,2021,0,0.02613072950728062,0.010224906099563759
1712,Philippines,EMIC,2021,IMO,medal,2013,2020,2021,0,0.02613072950728062,0.02235229616417184
1713,Philippines,EMIC,2021,IMO,medal,2013,2020,2021,0,0.02613072950728062,0.010298880440513017
1714,Philippines,EMIC,2021,IMO,medal,2013,2020,2021,0,0.02613072950728062,0.01309185735350178
1720,Philippines,IWYMIC,2021,IMO,medal,2013,2020,2021,0,0.053655664928458045,0.026808720765640132
1723,Philippines,EMIC,2021,IMO,medal,2013,2020,2021,0,0.02613072950728062,0.010224906099563759
1759,Philippines,IWYMIC,2021,IMO,medal,2013,2020,2021,0,0.053655664928458045,0.026808720765640132
1766,Philippines,EMIC,2021,IMO,medal,2013,2020,2021,0,0.02613072950728062,0.010224906099563759
1767,Philippines,EMIC,2021,IMO,medal,2013,2020,2021,0,0.02613072950728062,0.010298880440513017
1770,Philippines,EMIC,2021,IMO,medal,2013,2020,2021,0,0.02613072950728062,0.03473418773017383
1771,Philippines,IWYMIC,2021,IMO,medal,2013,2020,2021,0,0.053655664928458045,0.22357274658921397
1780,Philippines,EMIC,2021,IMO,medal,2013,2020,2021,0,0.02613072950728062,0.010224906099563759
1784,Philippines,EMIC,2021,IMO,medal,2013,2020,2021,0,0.02613072950728062,0.015435597340010418
1794,Philippines,IWYMIC,2021,IMO,medal,2013,2020,2021,1,0.053655664928458045,0.05908544257969028
1795,Philippines,IWYMIC,2021,IMO,medal,2013,2020,2021,0,0.053655664928458045,0.0342514513843676
1800,Philippines,EMIC,2021,IMO,medal,2013,2020,2021,0,0.02613072950728062,0.02235229616417184
1801,Philippines,EMIC,2021,IMO,medal,2013,2020,2021,0,0.02613072950728062,0.015435597340010418
1815,Philippines,EMIC,2021,IMO,medal,2013,2020,2021,0,0.02613072950728062,0.05234907904476513
1824,Philippines,EMIC,2021,IMO,medal,2013,2020,2021,0,0.02613072950728062,0.011990899002733486
1829,Philippines,EMIC,2021,IMO,medal,2013,2020,2021,0,0.02613072950728062,0.1268224182846443
1844,Philippines,IWYMIC,2021,IMO,medal,2013,2020,2021,0,0.053655664928458045,0.018876851163724215
1851,Philippines,EMIC,2021,IMO,medal,2013,2020,2021,0,0.02613072950728062,0.015435597340010418
1853,Philippines,IWYMIC,2021,IMO,medal,2013,2020,2021,0,0.053655664928458045,0.021056506121605558
1871,Republic of Korea,EMIC,2021,IMO,medal,2013,2020,2021,0,0.005683274111899137,0.0035631658177424867
1886,Republic of Korea,EMIC,2021,IMO,medal,2013,2020,2021,0,0.005683274111899137,0.007851988913995233
1899,Republic of Korea,EMIC,2021,IMO,medal,2013,2020,2021,0,0.005683274111899137,0.0035631658177424867
1900,Republic of Korea,EMIC,2021,IMO,medal,2013,2020,2021,0,0.005683274111899137,0.004570864358861108
1922,Republic of Korea,EMIC,2021,IMO,medal,2013,2020,2021,0,0.005683274111899137,0.004570864358861108
1926,Republic of Korea,EMIC,2021,IMO,medal,2013,2020,2021,0,0.005683274111899137,0.0035631658177424867
1956,Republic of Korea,EMIC,2021,IMO,medal,2013,2020,2021,0,0.005683274111899137,0.018762819715856315
1958,Republic of Korea,EMIC,2021,IMO,medal,2013,2020,2021,0,0.005683274111899137,0.005397495795452098
1968,Republic of Korea,EMIC,2021,IMO,medal,2013,2020,2021,0,0.005683274111899137,0.005397495795452098
1979,Romania,EMIC,2021,IMO,medal,2013,2020,2021,0,0.008810247748690152,0.011179705926468027
1983,Romania,IWYMIC,2021,IMO,medal,2013,2020,2021,0,0.01843594844172697,0.009330008618628354
1992,Romania,EMIC,2021,IMO,medal,2013,2020,2021,0,0.008810247748690152,0.005965754762903923
1998,Romania,IWYMIC,2021,IMO,medal,2013,2020,2021,0,0.01843594844172697,0.012575356481588801
2004,Romania,EMIC,2021,IMO,medal,2013,2020,2021,0,0.008810247748690152,0.005965754762903923
2005,Romania,IWYMIC,2021,IMO,medal,2013,2020,2021,0,0.01843594844172697,0.009335716213651039
2010,Romania,IWYMIC,2021,IMO,medal,2013,2020,2021,0,0.01843594844172697,0.013984458552778866
2013,Romania,EMIC,2021,IMO,medal,2013,2020,2021,0,0.008810247748690152,0.00651715656481839
2014,Romania,EMIC,2021,IMO,medal,2013,2020,2021,0,0.008810247748690152,0.0051195302166404345
2017,Romania,EMIC,2021,IMO,medal,2013,2020,2021,0,0.008810247748690152,0.06701058655389344
2027,Romania,EMIC,2021,IMO,medal,2013,2020,2021,0,0.008810247748690152,0.011179705926468027
2030,Romania,IWYMIC,2021,IMO,medal,2013,2020,2021,0,0.01843594844172697,0.009330008618628354
2032,Romania,EMIC,2021,IMO,medal,2013,2020,2021,0,0.008810247748690152,0.00651715656481839
2041,Romania,EMIC,2021,IMO,medal,2013,2020,2021,0,0.008810247748690152,0.005082566833132008
2047,Russian Federation,EMIC,2021,IMO,medal,2013,2020,2021,0,0.02367591948615675,0.011445613506134744
2060,Russian Federation,EMIC,2021,IMO,medal,2013,2020,2021,0,0.02367591948615675,0.011528316460524537
2061,Russian Federation,EMIC,2021,IMO,medal,2013,2020,2021,1,0.02367591948615675,0.017267533893750724
2077,Russian Federation,EMIC,2021,IMO,medal,2013,2020,2021,0,0.02367591948615675,0.014649771676028978
2085,Singapore,IWYMIC,2021,IMO,medal,2013,2020,2021,0,0.2270803928248208,0.18117033045387781
2101,Singapore,IWYMIC,2021,IMO,medal,2013,2020,2021,0,0.2270803928248208,0.36419082805321734
2103,Singapore,IWYMIC,2021,IMO,medal,2013,2020,2021,0,0.2270803928248208,0.21265985208586988
2104,Singapore,IWYMIC,2021,IMO,medal,2013,2020,2021,0,0.2270803928248208,0.09572858474108331
2107,Singapore,IWYMIC,2021,IMO,medal,2013,2020,2021,0,0.2270803928248208,0.05359014823587637
2111,Singapore,IWYMIC,2021,IMO,medal,2013,2020,2021,0,0.2270803928248208,0.19620165901630932
2125,Singapore,IWYMIC,2021,IMO,medal,2013,2020,2021,0,0.2270803928248208,0.5064328967991251
2126,Singapore,IWYMIC,2021,IMO,medal,2013,2020,2021,0,0.2270803928248208,0.6217058550819603
2133,South Africa,IWYMIC,2021,IMO,medal,2013,2020,2021,0,0.0846793111849033,0.06873711579028563
2138,South Africa,EMIC,2021,IMO,medal,2013,2020,2021,0,0.041944885120051754,0.03758552333719378
2139,South Africa,EMIC,2021,IMO,medal,2013,2020,2021,0,0.041944885120051754,0.04742384247005816
2145,South Africa,EMIC,2021,IMO,medal,2013,2020,2021,0,0.041944885120051754,0.04742384247005816
2146,South Africa,EMIC,2021,IMO,medal,2013,2020,2021,0,0.041944885120051754,0.04742384247005816
2149,South Africa,EMIC,2021,IMO,medal,2013,2020,2021,0,0.041944885120051754,0.037322946877500075
2153,South Africa,IWYMIC,2021,IMO,medal,2013,2020,2021,1,0.0846793111849033,0.08488541126402425
2163,South Africa,EMIC,2021,IMO,medal,2013,2020,2021,0,0.041944885120051754,0.04356318113750295
2167,South Africa,EMIC,2021,IMO,medal,2013,2020,2021,0,0.041944885120051754,0.04742384247005816
2171,South Africa,EMIC,2021,IMO,medal,2013,2020,2021,0,0.041944885120051754,0.04742384247005816
2176,South Africa,EMIC,2021,IMO,medal,2013,2020,2021,0,0.041944885120051754,0.04742384247005816
2180,South Africa,EMIC,2021,IMO,medal,2013,2020,2021,0,0.041944885120051754,0.03758552333719378
2186,South Africa,EMIC,2021,IMO,medal,2013,2020,2021,0,0.041944885120051754,0.04742384247005816
2192,South Africa,IWYMIC,2021,IMO,medal,2013,2020,2021,0,0.0846793111849033,0.06873711579028563
2193,South Africa,EMIC,2021,IMO,medal,2013,2020,2021,0,0.041944885120051754,0.04742384247005816
2204,South Africa,EMIC,2021,IMO,medal,2013,2020,2021,0,0.041944885120051754,0.04742384247005816
2211,South Africa,IWYMIC,2021,IMO,medal,2013,2020,2021,0,0.0846793111849033,0.08283473135025554
2267,Taiwan,EMIC,2021,IMO,medal,2013,2020,2021,0,0.01784920828996868,0.024463089791448896
2269,Taiwan,IWYMIC,2021,IMO,medal,2013,2020,2021,1,0.03698202618987025,0.15968219905640973
2270,Taiwan,IWYMIC,2021,IMO,medal,2013,2020,2021,0,0.03698202618987025,0.021651249320340533
2301,Taiwan,IWYMIC,2021,IMO,medal,2013,2020,2021,0,0.03698202618987025,0.23334254875210814
2303,Taiwan,IWYMIC,2021,IMO,medal,2013,2020,2021,0,0.03698202618987025,0.01922860876279921
2304,Taiwan,IWYMIC,2021,IMO,medal,2013,2020,2021,0,0.03698202618987025,0.010377967346975676
2311,Taiwan,EMIC,2021,IMO,medal,2013,2020,2021,0,0.01784920828996868,0.007066533250146884
2323,Taiwan,IWYMIC,2021,IMO,medal,2013,2020,2021,0,0.03698202618987025,0.014940864030611102
2333,Taiwan,EMIC,2021,IMO,medal,2013,2020,2021,0,0.01784920828996868,0.004667645614657836
2338,Taiwan,IWYMIC,2021,IMO,medal,2013,2020,2021,0,0.03698202618987025,0.05172850191160402
2339,Taiwan,EMIC,2021,IMO,medal,2013,2020,2021,0,0.01784920828996868,0.024463089791448896
2348,Taiwan,IWYMIC,2021,IMO,medal,2013,2020,2021,1,0.03698202618987025,0.07844994507682218
2349,Taiwan,IWYMIC,2021,IMO,medal,2013,2020,2021,1,0.03698202618987025,0.07844994507682218
2354,Taiwan,EMIC,2021,IMO,medal,2013,2020,2021,0,0.01784920828996868,0.06185440634639394
2358,Taiwan,EMIC,2021,IMO,medal,2013,2020,2021,1,0.01784920828996868,0.08609151290438623
2359,Taiwan,EMIC,2021,IMO,medal,2013,2020,2021,0,0.01784920828996868,0.03449215509646301
2371,Taiwan,EMIC,2021,IMO,medal,2013,2020,2021,0,0.01784920828996868,0.024463089791448896
2386,Taiwan,EMIC,2021,IMO,medal,2013,2020,2021,0,0.01784920828996868,0.01607238470884473
2400,Taiwan,IWYMIC,2021,IMO,medal,2013,2020,2021,1,0.03698202618987025,0.15968219905640973
2408,Taiwan,EMIC,2021,IMO,medal,2013,2020,2021,0,0.01784920828996868,0.004701605709426593
2417,Taiwan,IWYMIC,2021,IMO,medal,2013,2020,2021,0,0.03698202618987025,0.008576577321763227
2418,Taiwan,EMIC,2021,IMO,medal,2013,2020,2021,0,0.01784920828996868,0.03449215509646301
2423,Taiwan,IWYMIC,2021,IMO,medal,2013,2020,2021,0,0.03698202618987025,0.009065270015655462
2427,Taiwan,EMIC,2021,IMO,medal,2013,2020,2021,0,0.01784920828996868,0.03449215509646301
2433,Taiwan,EMIC,2021,IMO,medal,2013,2020,2021,0,0.01784920828996868,0.01607238470884473
2435,Taiwan,EMIC,2021,IMO,medal,2013,2020,2021,0,0.01784920828996868,0.010272176775081325
2440,Taiwan,EMIC,2021,IMO,medal,2013,2020,2021,0,0.01784920828996868,0.010272176775081325
2445,Taiwan,EMIC,2021,IMO,medal,2013,2020,2021,0,0.01784920828996868,0.005479130540671645
2446,Taiwan,EMIC,2021,IMO,medal,2013,2020,2021,1,0.01784920828996868,0.03449215509646301
2448,Taiwan,EMIC,2021,IMO,medal,2013,2020,2021,0,0.01784920828996868,0.04664324313625028
2451,Taiwan,EMIC,2021,IMO,medal,2013,2020,2021,0,0.01784920828996868,0.007066533250146884
2453,Taiwan,EMIC,2021,IMO,medal,2013,2020,2021,0,0.01784920828996868,0.04664324313625028
2455,Taiwan,EMIC,2021,IMO,medal,2013,2020,2021,0,0.01784920828996868,0.010272176775081325
2459,Taiwan,EMIC,2021,IMO,medal,2013,2020,2021,0,0.01784920828996868,0.005985825562854401
2474,Taiwan,EMIC,2021,IMO,medal,2013,2020,2021,0,0.01784920828996868,0.004701605709426593
2501,Taiwan,IWYMIC,2021,IMO,medal,2013,2020,2021,0,0.03698202618987025,0.008776006449851114
2503,Taiwan,IWYMIC,2021,IMO,medal,2013,2020,2021,0,0.03698202618987025,0.2006935462609532
2507,Taiwan,EMIC,2021,IMO,medal,2013,2020,2021,0,0.01784920828996868,0.010272176775081325
2515,Taiwan,EMIC,2021,IMO,medal,2013,2020,2021,0,0.01784920828996868,0.01607238470884473
2520,Taiwan,EMIC,2021,IMO,medal,2013,2020,2021,0,0.01784920828996868,0.007066533250146884
2523,Taiwan,IWYMIC,2021,IMO,medal,2013,2020,2021,0,0.03698202618987025,0.01922860876279921
2529,Tajikistan,EMIC,2021,IMO,medal,2013,2020,2021,0,0.08540115547530547,0.06624102885105485
2539,Tajikistan,IWYMIC,2021,IMO,medal,2013,2020,2021,0,0.16479426336215655,0.10316001544797977
2542,Tajikistan,IWYMIC,2021,IMO,medal,2013,2020,2021,0,0.16479426336215655,0.20679329213895772
2544,Tajikistan,IWYMIC,2021,IMO,medal,2013,2020,2021,0,0.16479426336215655,0.1104308964908003
2546,Tajikistan,EMIC,2021,IMO,medal,2013,2020,2021,0,0.08540115547530547,0.05271501769913215
2548,Tajikistan,EMIC,2021,IMO,medal,2013,2020,2021,0,0.08540115547530547,0.06624102885105485
2561,Tajikistan,IWYMIC,2021,IMO,medal,2013,2020,2021,0,0.16479426336215655,0.13898742018284074
2577,Tajikistan,EMIC,2021,IMO,medal,2013,2020,2021,1,0.08540115547530547,0.06624102885105485
2625,Thailand,IWYMIC,2021,IMO,medal,2013,2020,2021,0,0.08096436816592417,0.13085346635736592
2635,Thailand,IWYMIC,2021,IMO,medal,2013,2020,2021,0,0.08096436816592417,0.12081996690783575
2675,Thailand,IWYMIC,2021,IMO,medal,2013,2020,2021,0,0.08096436816592417,0.20688064298769712
2696,Thailand,IWYMIC,2021,IMO,medal,2013,2020,2021,1,0.08096436816592417,0.050077130676095885
2721,Thailand,EMIC,2021,IMO,medal,2013,2020,2021,0,0.04002275653311646,0.035665447427554973
2761,Thailand,IWYMIC,2021,IMO,medal,2013,2020,2021,1,0.08096436816592417,0.08124416084579375
2813,Thailand,EMIC,2021,IMO,medal,2013,2020,2021,0,0.04002275653311646,0.015857942153980648
2835,Thailand,EMIC,2021,IMO,medal,2013,2020,2021,0,0.04002275653311646,0.015857942153980648
2839,Thailand,EMIC,2021,IMO,medal,2013,2020,2021,0,0.04002275653311646,0.09972649158680925
2848,Uganda,EMIC,2021,IMO,medal,2013,2020,2021,0,0.0274714752004454,0.016913188182913944
2857,United Arab Emirates,EMIC,2021,IMO,medal,2013,2020,2021,0,0.0274714752004454,0.016913188182913944
2858,United Arab Emirates,EMIC,2021,IMO,medal,2013,2020,2021,0,0.0274714752004454,0.0199272200779884
2862,United Arab Emirates,IWYMIC,2021,IMO,medal,2013,2020,2021,0,0.05632700780541271,0.053041194105455707
2863,United Arab Emirates,EMIC,2021,IMO,medal,2013,2020,2021,0,0.0274714752004454,0.015495921163463927
2865,United States of America,EMIC,2021,IMO,medal,2013,2020,2021,0,0.016365937190062248,0.014211667674040137
2866,United States of America,EMIC,2021,IMO,medal,2013,2020,2021,0,0.016365937190062248,0.09017124404165085
2873,United States of America,IWYMIC,2021,IMO,medal,2013,2020,2021,0,0.03396379764933452,0.018376216533561557
2874,United States of America,EMIC,2021,IMO,medal,2013,2020,2021,0,0.016365937190062248,0.1470705351309115
2876,United States of America,EMIC,2021,IMO,medal,2013,2020,2021,0,0.016365937190062248,0.014211667674040137
2879,United States of America,IWYMIC,2021,IMO,medal,2013,2020,2021,0,0.03396379764933452,0.017547575480219495
2883,United States of America,IWYMIC,2021,IMO,medal,2013,2020,2021,0,0.03396379764933452,0.31139474597829675
2892,United States of America,IWYMIC,2021,IMO,medal,2013,2020,2021,0,0.03396379764933452,0.06348411112312988
2893,United States of America,IWYMIC,2021,IMO,medal,2013,2020,2021,0,0.03396379764933452,0.3813983240711542
2901,United States of America,IWYMIC,2021,IMO,medal,2013,2020,2021,0,0.03396379764933452,0.03462605327520129
2904,United States of America,IWYMIC,2021,IMO,medal,2013,2020,2021,0,0.03396379764933452,0.018044134420738617
2905,United States of America,IWYMIC,2021,IMO,medal,2013,2020,2021,0,0.03396379764933452,0.3371434627332803
2907,Uzbekistan,EMIC,2021,IMO,medal,2013,2020,2021,1,0.0719150054545287,0.06704936331233914
2912,Uzbekistan,EMIC,2021,IMO,medal,2013,2020,2021,0,0.0719150054545287,0.031674061428885285
2922,Uzbekistan,EMIC,2021,IMO,medal,2013,2020,2021,0,0.0719150054545287,0.1016173390241646
2925,Uzbekistan,EMIC,2021,IMO,medal,2013,2020,2021,0,0.0719150054545287,0.031674061428885285
2926,Uzbekistan,IWYMIC,2021,IMO,medal,2013,2020,2021,0,0.14069944421308236,0.05704050097795548
2928,Uzbekistan,EMIC,2021,IMO,medal,2013,2020,2021,0,0.0719150054545287,0.031451433459922074
2953,Uzbekistan,EMIC,2021,IMO,medal,2013,2020,2021,0,0.0719150054545287,0.031451433459922074
2954,Uzbekistan,IWYMIC,2021,IMO,medal,2013,2020,2021,1,0.14069944421308236,0.10030164915733875
2956,Uzbekistan,EMIC,2021,IMO,medal,2013,2020,2021,0,0.0719150054545287,0.031451433459922074
2960,Uzbekistan,EMIC,2021,IMO,medal,2013,2020,2021,0,0.0719150054545287,0.04002936626959718
2971,Vietnam,IWYMIC,2021,IMO,medal,2013,2020,2021,0,0.040013031830113066,0.012678829030863509
2979,Vietnam,EMIC,2021,IMO,medal,2013,2020,2021,0,0.019343607146371802,0.0336726019868487
2991,Vietnam,EMIC,2021,IMO,medal,2013,2020,2021,1,0.019343607146371802,0.04729422379526549
3011,Vietnam,EMIC,2021,IMO,medal,2013,2020,2021,0,0.019343607146371802,0.022194952727610805
3019,Vietnam,EMIC,2021,IMO,medal,2013,2020,2021,0,0.019343607146371802,0.08392940127861975
3021,Vietnam,IWYMIC,2021,IMO,medal,2013,2020,2021,0,0.040013031830113066,0.015985865578701405
3024,Vietnam,IWYMIC,2021,IMO,medal,2013,2020,2021,0,0.040013031830113066,0.1537180588696678
3042,Vietnam,EMIC,2021,IMO,medal,2013,2020,2021,0,0.019343607146371802,0.01421715640358875
3043,Vietnam,IWYMIC,2021,IMO,medal,2013,2020,2021,0,0.040013031830113066,0.07046112028471671
3048,Vietnam,EMIC,2021,IMO,medal,2013,2020,2021,0,0.019343607146371802,0.009792581931097447
3052,Vietnam,IWYMIC,2021,IMO,medal,2013,2020,2021,0,0.040013031830113066,0.09209817673321907
3057,Vietnam,EMIC,2021,IMO,medal,2013,2020,2021,0,0.019343607146371802,0.04729422379526549
3065,Vietnam,EMIC,2021,IMO,medal,2013,2020,2021,0,0.019343607146371802,0.0336726019868487
3098,Vietnam,IWYMIC,2021,IMO,medal,2013,2020,2021,0,0.040013031830113066,0.08458480409519299
3099,Vietnam,IWYMIC,2021,IMO,medal,2013,2020,2021,0,0.040013031830113066,0.013386512924672004
3110,Vietnam,IWYMIC,2021,IMO,medal,2013,2020,2021,0,0.040013031830113066,0.018685224185152362
