country_clean,country_code,given_names,surname,name_clean,name_last_first,name_token_key,source_url
Australia,AUS,Timothy,Adam,Timothy Adam,"Adam, Timothy",adam timothy,https://www.imo-official.org/results/individual/country/AUS/
Australia,AUS,Ross,Atkins,Ross Atkins,"Atkins, Ross",atkins ross,https://www.imo-official.org/results/individual/country/AUS/
Australia,AUS,Geoffrey,Bailey,Geoffrey Bailey,"Bailey, Geoffrey",bailey geoffrey,https://www.imo-official.org/results/individual/country/AUS/
Australia,AUS,David,Baldwin,David Baldwin,"Baldwin, David",baldwin david,https://www.imo-official.org/results/individual/country/AUS/
Australia,AUS,James,Bang,James Bang,"Bang, James",bang james,https://www.imo-official.org/results/individual/country/AUS/
Australia,AUS,Adrian,Banner,Adrian Banner,"Banner, Adrian",adrian banner,https://www.imo-official.org/results/individual/country/AUS/
Australia,AUS,Christopher,Barber,Christopher Barber,"Barber, Christopher",barber christopher,https://www.imo-official.org/results/individual/country/AUS/
Australia,AUS,Alan,Blair,Alan Blair,"Blair, Alan",alan blair,https://www.imo-official.org/results/individual/country/AUS/
Australia,AUS,Shane,Booth,Shane Booth,"Booth, Shane",booth shane,https://www.imo-official.org/results/individual/country/AUS/
Australia,AUS,Andres David,Buritica Monroy,Andres David Buritica Monroy,"Buritica Monroy, Andres David",andres buritica david monroy,https://www.imo-official.org/results/individual/country/AUS/
Australia,AUS,Benjamin,Burton,Benjamin Burton,"Burton, Benjamin",benjamin burton,https://www.imo-official.org/results/individual/country/AUS/
Australia,AUS,Martin,Bush,Martin Bush,"Bush, Martin",bush martin,https://www.imo-official.org/results/individual/country/AUS/
Australia,AUS,Frank,Calegari,Frank Calegari,"Calegari, Frank",calegari frank,https://www.imo-official.org/results/individual/country/AUS/
Australia,AUS,Liam,Celinski,Liam Celinski,"Celinski, Liam",celinski liam,https://www.imo-official.org/results/individual/country/AUS/
Australia,AUS,David,Chalmers,David Chalmers,"Chalmers, David",chalmers david,https://www.imo-official.org/results/individual/country/AUS/
Australia,AUS,David,Chan,David Chan,"Chan, David",chan david,https://www.imo-official.org/results/individual/country/AUS/
Australia,AUS,Kaimyn,Chapman,Kaimyn Chapman,"Chapman, Kaimyn",chapman kaimyn,https://www.imo-official.org/results/individual/country/AUS/
Australia,AUS,Matthew,Cheah,Matthew Cheah,"Cheah, Matthew",cheah matthew,https://www.imo-official.org/results/individual/country/AUS/
Australia,AUS,William,Cheah,William Cheah,"Cheah, William",cheah william,https://www.imo-official.org/results/individual/country/AUS/
Australia,AUS,Andrew,Cheeseman,Andrew Cheeseman,"Cheeseman, Andrew",andrew cheeseman,https://www.imo-official.org/results/individual/country/AUS/
Australia,AUS,Adrian,Chen,Adrian Chen,"Chen, Adrian",adrian chen,https://www.imo-official.org/results/individual/country/AUS/
Australia,AUS,Michelle,Chen,Michelle Chen,"Chen, Michelle",chen michelle,https://www.imo-official.org/results/individual/country/AUS/
Australia,AUS,Zhihong,Chen,Zhihong Chen,"Chen, Zhihong",chen zhihong,https://www.imo-official.org/results/individual/country/AUS/
Australia,AUS,Paul,Cheung,Paul Cheung,"Cheung, Paul",cheung paul,https://www.imo-official.org/results/individual/country/AUS/
Australia,AUS,Jason,Chi,Jason Chi,"Chi, Jason",chi jason,https://www.imo-official.org/results/individual/country/AUS/
Australia,AUS,Aaron Wan Yau,Chong,Aaron Wan Yau Chong,"Chong, Aaron Wan Yau",aaron chong wan yau,https://www.imo-official.org/results/individual/country/AUS/
Australia,AUS,Samuel,Chow,Samuel Chow,"Chow, Samuel",chow samuel,https://www.imo-official.org/results/individual/country/AUS/
Australia,AUS,Geoffrey,Chu,Geoffrey Chu,"Chu, Geoffrey",chu geoffrey,https://www.imo-official.org/results/individual/country/AUS/
Australia,AUS,Alexander,Chua,Alexander Chua,"Chua, Alexander",alexander chua,https://www.imo-official.org/results/individual/country/AUS/
Australia,AUS,Kin Yan,Chung,Kin Yan Chung,"Chung, Kin Yan",chung kin yan,https://www.imo-official.org/results/individual/country/AUS/
Australia,AUS,Linus,Cooper,Linus Cooper,"Cooper, Linus",cooper linus,https://www.imo-official.org/results/individual/country/AUS/
Australia,AUS,Kevin,Davey,Kevin Davey,"Davey, Kevin",davey kevin,https://www.imo-official.org/results/individual/country/AUS/
Australia,AUS,Gordon,Deane,Gordon Deane,"Deane, Gordon",deane gordon,https://www.imo-official.org/results/individual/country/AUS/
Australia,AUS,John,Dethridge,John Dethridge,"Dethridge, John",dethridge john,https://www.imo-official.org/results/individual/country/AUS/
Australia,AUS,Angelo,Di Pasquale,Angelo Di Pasquale,"Di Pasquale, Angelo",angelo di pasquale,https://www.imo-official.org/results/individual/country/AUS/
Australia,AUS,Norman,Do,Norman Do,"Do, Norman",do norman,https://www.imo-official.org/results/individual/country/AUS/
Australia,AUS,Christopher,Eckett,Christopher Eckett,"Eckett, Christopher",christopher eckett,https://www.imo-official.org/results/individual/country/AUS/
Australia,AUS,Andrew,Elvey Price,Andrew Elvey Price,"Elvey Price, Andrew",andrew elvey price,https://www.imo-official.org/results/individual/country/AUS/
Australia,AUS,Jonathon,Ennis,Jonathon Ennis,"Ennis, Jonathon",ennis jonathon,https://www.imo-official.org/results/individual/country/AUS/
Australia,AUS,Jim,Farmer,Jim Farmer,"Farmer, Jim",farmer jim,https://www.imo-official.org/results/individual/country/AUS/
Australia,AUS,Stephen,Farrar,Stephen Farrar,"Farrar, Stephen",farrar stephen,https://www.imo-official.org/results/individual/country/AUS/
Australia,AUS,Laurence,Field,Laurence Field,"Field, Laurence",field laurence,https://www.imo-official.org/results/individual/country/AUS/
Australia,AUS,Daniel,Ford,Daniel Ford,"Ford, Daniel",daniel ford,https://www.imo-official.org/results/individual/country/AUS/
Australia,AUS,Nancy,Fu,Nancy Fu,"Fu, Nancy",fu nancy,https://www.imo-official.org/results/individual/country/AUS/
Australia,AUS,Ildar Maratovich,Gaisin,Ildar Maratovich Gaisin,"Gaisin, Ildar Maratovich",gaisin ildar maratovich,https://www.imo-official.org/results/individual/country/AUS/
Australia,AUS,Giles Samuel Vernon,Gardam,Giles Samuel Vernon Gardam,"Gardam, Giles Samuel Vernon",gardam giles samuel vernon,https://www.imo-official.org/results/individual/country/AUS/
Australia,AUS,Justin,Ghan,Justin Ghan,"Ghan, Justin",ghan justin,https://www.imo-official.org/results/individual/country/AUS/
Australia,AUS,Philip,Gleeson,Philip Gleeson,"Gleeson, Philip",gleeson philip,https://www.imo-official.org/results/individual/country/AUS/
Australia,AUS,Declan,Gorey,Declan Gorey,"Gorey, Declan",declan gorey,https://www.imo-official.org/results/individual/country/AUS/
Australia,AUS,John,Graham,John Graham,"Graham, John",graham john,https://www.imo-official.org/results/individual/country/AUS/
Australia,AUS,Alasdair,Grant,Alasdair Grant,"Grant, Alasdair",alasdair grant,https://www.imo-official.org/results/individual/country/AUS/
Australia,AUS,Alexander,Gunning,Alexander Gunning,"Gunning, Alexander",alexander gunning,https://www.imo-official.org/results/individual/country/AUS/
Australia,AUS,Ivan,Guo,Ivan Guo,"Guo, Ivan",guo ivan,https://www.imo-official.org/results/individual/country/AUS/
Australia,AUS,Matthew,Hardman,Matthew Hardman,"Hardman, Matthew",hardman matthew,https://www.imo-official.org/results/individual/country/AUS/
Australia,AUS,William,Hart,William Hart,"Hart, William",hart william,https://www.imo-official.org/results/individual/country/AUS/
Australia,AUS,Andrew,Hassell,Andrew Hassell,"Hassell, Andrew",andrew hassell,https://www.imo-official.org/results/individual/country/AUS/
Australia,AUS,William,Hawkins,William Hawkins,"Hawkins, William",hawkins william,https://www.imo-official.org/results/individual/country/AUS/
Australia,AUS,Jian,He,Jian He,"He, Jian",he jian,https://www.imo-official.org/results/individual/country/AUS/
Australia,AUS,Geoffrey,Heenan,Geoffrey Heenan,"Heenan, Geoffrey",geoffrey heenan,https://www.imo-official.org/results/individual/country/AUS/
Australia,AUS,Anthony,Henderson,Anthony Henderson,"Henderson, Anthony",anthony henderson,https://www.imo-official.org/results/individual/country/AUS/
Australia,AUS,David,Hogan,David Hogan,"Hogan, David",david hogan,https://www.imo-official.org/results/individual/country/AUS/
Australia,AUS,William,Hu,William Hu,"Hu, William",hu william,https://www.imo-official.org/results/individual/country/AUS/
Australia,AUS,Alex,Hua,Alex Hua,"Hua, Alex",alex hua,https://www.imo-official.org/results/individual/country/AUS/
Australia,AUS,P.H.Lawrence,Ip,P.H.Lawrence Ip,"Ip, P.H.Lawrence",h ip lawrence p,https://www.imo-official.org/results/individual/country/AUS/
Australia,AUS,David,Jackson,David Jackson,"Jackson, David",david jackson,https://www.imo-official.org/results/individual/country/AUS/
Australia,AUS,Yasiru,Jayasooriya,Yasiru Jayasooriya,"Jayasooriya, Yasiru",jayasooriya yasiru,https://www.imo-official.org/results/individual/country/AUS/
Australia,AUS,Yasiru Randiya,Jayasooriya,Yasiru Randiya Jayasooriya,"Jayasooriya, Yasiru Randiya",jayasooriya randiya yasiru,https://www.imo-official.org/results/individual/country/AUS/
Australia,AUS,Andrew,Jenkins,Andrew Jenkins,"Jenkins, Andrew",andrew jenkins,https://www.imo-official.org/results/individual/country/AUS/
Australia,AUS,Ross,Jones,Ross Jones,"Jones, Ross",jones ross,https://www.imo-official.org/results/individual/country/AUS/
Australia,AUS,Luke,Kameron,Luke Kameron,"Kameron, Luke",kameron luke,https://www.imo-official.org/results/individual/country/AUS/
Australia,AUS,Andrew,Kepert,Andrew Kepert,"Kepert, Andrew",andrew kepert,https://www.imo-official.org/results/individual/country/AUS/
Australia,AUS,Kamil,Khan,Kamil Khan,"Khan, Kamil",kamil khan,https://www.imo-official.org/results/individual/country/AUS/
Australia,AUS,Mark,Kisin,Mark Kisin,"Kisin, Mark",kisin mark,https://www.imo-official.org/results/individual/country/AUS/
Australia,AUS,Justin,Koonin,Justin Koonin,"Koonin, Justin",justin koonin,https://www.imo-official.org/results/individual/country/AUS/
Australia,AUS,John,Kramer,John Kramer,"Kramer, John",john kramer,https://www.imo-official.org/results/individual/country/AUS/
Australia,AUS,Ilia,Kucherov,Ilia Kucherov,"Kucherov, Ilia",ilia kucherov,https://www.imo-official.org/results/individual/country/AUS/
Australia,AUS,Jonathan,Kusilek,Jonathan Kusilek,"Kusilek, Jonathan",jonathan kusilek,https://www.imo-official.org/results/individual/country/AUS/
Australia,AUS,Andrew,Kwok,Andrew Kwok,"Kwok, Andrew",andrew kwok,https://www.imo-official.org/results/individual/country/AUS/
Australia,AUS,Jason,Kwong,Jason Kwong,"Kwong, Jason",jason kwong,https://www.imo-official.org/results/individual/country/AUS/
Australia,AUS,Thomas,Lam,Thomas Lam,"Lam, Thomas",lam thomas,https://www.imo-official.org/results/individual/country/AUS/
Australia,AUS,Timothy,Large,Timothy Large,"Large, Timothy",large timothy,https://www.imo-official.org/results/individual/country/AUS/
Australia,AUS,Joseph,Lau,Joseph Lau,"Lau, Joseph",joseph lau,https://www.imo-official.org/results/individual/country/AUS/
Australia,AUS,Stacey Wing Chee,Law,Stacey Wing Chee Law,"Law, Stacey Wing Chee",chee law stacey wing,https://www.imo-official.org/results/individual/country/AUS/
Australia,AUS,James,Lefevre,James Lefevre,"Lefevre, James",james lefevre,https://www.imo-official.org/results/individual/country/AUS/
Australia,AUS,Amber,Li,Amber Li,"Li, Amber",amber li,https://www.imo-official.org/results/individual/country/AUS/
Australia,AUS,Amber Yanfei,Li,Amber Yanfei Li,"Li, Amber Yanfei",amber li yanfei,https://www.imo-official.org/results/individual/country/AUS/
Australia,AUS,Charles,Li,Charles Li,"Li, Charles",charles li,https://www.imo-official.org/results/individual/country/AUS/
Australia,AUS,Charles Dacheng,Li,Charles Dacheng Li,"Li, Charles Dacheng",charles dacheng li,https://www.imo-official.org/results/individual/country/AUS/
Australia,AUS,Alfred,Liang,Alfred Liang,"Liang, Alfred",alfred liang,https://www.imo-official.org/results/individual/country/AUS/
Australia,AUS,Jeremy,Liew,Jeremy Liew,"Liew, Jeremy",jeremy liew,https://www.imo-official.org/results/individual/country/AUS/
Australia,AUS,Jongmin,Lim,Jongmin Lim,"Lim, Jongmin",jongmin lim,https://www.imo-official.org/results/individual/country/AUS/
Australia,AUS,Sen,Lin,Sen Lin,"Lin, Sen",lin sen,https://www.imo-official.org/results/individual/country/AUS/
Australia,AUS,William,Liu,William Liu,"Liu, William",liu william,https://www.imo-official.org/results/individual/country/AUS/
Australia,AUS,Irene Yuan,Lo,Irene Yuan Lo,"Lo, Irene Yuan",irene lo yuan,https://www.imo-official.org/results/individual/country/AUS/
Australia,AUS,Colin,Lu,Colin Lu,"Lu, Colin",colin lu,https://www.imo-official.org/results/individual/country/AUS/
Australia,AUS,Dana,Ma,Dana Ma,"Ma, Dana",dana ma,https://www.imo-official.org/results/individual/country/AUS/
Australia,AUS,Marshall,Ma,Marshall Ma,"Ma, Marshall",ma marshall,https://www.imo-official.org/results/individual/country/AUS/
Australia,AUS,Alexandre,Mah,Alexandre Mah,"Mah, Alexandre",alexandre mah,https://www.imo-official.org/results/individual/country/AUS/
Australia,AUS,Joanna,Masel,Joanna Masel,"Masel, Joanna",joanna masel,https://www.imo-official.org/results/individual/country/AUS/
Australia,AUS,Daniel Virgil,Mathews,Daniel Virgil Mathews,"Mathews, Daniel Virgil",daniel mathews virgil,https://www.imo-official.org/results/individual/country/AUS/
Australia,AUS,Rupert,McCallum,Rupert McCallum,"McCallum, Rupert",mccallum rupert,https://www.imo-official.org/results/individual/country/AUS/
Australia,AUS,Stephen,McKay,Stephen McKay,"McKay, Stephen",mckay stephen,https://www.imo-official.org/results/individual/country/AUS/
Australia,AUS,Peter,McNamara,Peter McNamara,"McNamara, Peter",mcnamara peter,https://www.imo-official.org/results/individual/country/AUS/
Australia,AUS,Matthew Cedric,Menzies,Matthew Cedric Menzies,"Menzies, Matthew Cedric",cedric matthew menzies,https://www.imo-official.org/results/individual/country/AUS/
Australia,AUS,Hugh,Miller,Hugh Miller,"Miller, Hugh",hugh miller,https://www.imo-official.org/results/individual/country/AUS/
Australia,AUS,Hiroshi,Miyazaki,Hiroshi Miyazaki,"Miyazaki, Hiroshi",hiroshi miyazaki,https://www.imo-official.org/results/individual/country/AUS/
Australia,AUS,Richard,Moore,Richard Moore,"Moore, Richard",moore richard,https://www.imo-official.org/results/individual/country/AUS/
Australia,AUS,Anthony David,Morris,Anthony David Morris,"Morris, Anthony David",anthony david morris,https://www.imo-official.org/results/individual/country/AUS/
Australia,AUS,Stephen,Muirhead,Stephen Muirhead,"Muirhead, Stephen",muirhead stephen,https://www.imo-official.org/results/individual/country/AUS/
Australia,AUS,Daniel,Nadasi,Daniel Nadasi,"Nadasi, Daniel",daniel nadasi,https://www.imo-official.org/results/individual/country/AUS/
Australia,AUS,Xiangyue,Nan,Xiangyue Nan,"Nan, Xiangyue",nan xiangyue,https://www.imo-official.org/results/individual/country/AUS/
Australia,AUS,Xiangyue (Laura),Nan,Xiangyue (Laura) Nan,"Nan, Xiangyue (Laura)",laura nan xiangyue,https://www.imo-official.org/results/individual/country/AUS/
Australia,AUS,Vinoth,Nandakumar,Vinoth Nandakumar,"Nandakumar, Vinoth",nandakumar vinoth,https://www.imo-official.org/results/individual/country/AUS/
Australia,AUS,Matthew,Ng,Matthew Ng,"Ng, Matthew",matthew ng,https://www.imo-official.org/results/individual/country/AUS/
Australia,AUS,Martin,O'Hely,Martin O'Hely,"O'Hely, Martin",hely martin o,https://www.imo-official.org/results/individual/country/AUS/
Australia,AUS,Alan,Offer,Alan Offer,"Offer, Alan",alan offer,https://www.imo-official.org/results/individual/country/AUS/
Australia,AUS,Wing,On Lam,Wing On Lam,"On Lam, Wing",lam on wing,https://www.imo-official.org/results/individual/country/AUS/
Australia,AUS,Jayden,Pan,Jayden Pan,"Pan, Jayden",jayden pan,https://www.imo-official.org/results/individual/country/AUS/
Australia,AUS,Jayden Lee,Pan,Jayden Lee Pan,"Pan, Jayden Lee",jayden lee pan,https://www.imo-official.org/results/individual/country/AUS/
Australia,AUS,Sizhe,Pan,Sizhe Pan,"Pan, Sizhe",pan sizhe,https://www.imo-official.org/results/individual/country/AUS/
Australia,AUS,John,Papantoniou,John Papantoniou,"Papantoniou, John",john papantoniou,https://www.imo-official.org/results/individual/country/AUS/
Australia,AUS,Kiho,Park,Kiho Park,"Park, Kiho",kiho park,https://www.imo-official.org/results/individual/country/AUS/
Australia,AUS,Brett Damien,Parker,Brett Damien Parker,"Parker, Brett Damien",brett damien parker,https://www.imo-official.org/results/individual/country/AUS/
Australia,AUS,Preet,Patel,Preet Patel,"Patel, Preet",patel preet,https://www.imo-official.org/results/individual/country/AUS/
Australia,AUS,Michael,Peake,Michael Peake,"Peake, Michael",michael peake,https://www.imo-official.org/results/individual/country/AUS/
Australia,AUS,Vinh,Pham,Vinh Pham,"Pham, Vinh",pham vinh,https://www.imo-official.org/results/individual/country/AUS/
Australia,AUS,Konrad,Pilch,Konrad Pilch,"Pilch, Konrad",konrad pilch,https://www.imo-official.org/results/individual/country/AUS/
Australia,AUS,Catherine,Playoust,Catherine Playoust,"Playoust, Catherine",catherine playoust,https://www.imo-official.org/results/individual/country/AUS/
Australia,AUS,Jonathan,Potts,Jonathan Potts,"Potts, Jonathan",jonathan potts,https://www.imo-official.org/results/individual/country/AUS/
Australia,AUS,Alex,Qiu,Alex Qiu,"Qiu, Alex",alex qiu,https://www.imo-official.org/results/individual/country/AUS/
Australia,AUS,Seyoon,Ragavan,Seyoon Ragavan,"Ragavan, Seyoon",ragavan seyoon,https://www.imo-official.org/results/individual/country/AUS/
Australia,AUS,Bobbi,Ramchen,Bobbi Ramchen,"Ramchen, Bobbi",bobbi ramchen,https://www.imo-official.org/results/individual/country/AUS/
Australia,AUS,Kim,Ramchen,Kim Ramchen,"Ramchen, Kim",kim ramchen,https://www.imo-official.org/results/individual/country/AUS/
Australia,AUS,Chaitanya,Rao,Chaitanya Rao,"Rao, Chaitanya",chaitanya rao,https://www.imo-official.org/results/individual/country/AUS/
Australia,AUS,Zhi,Ren (Herbert) Xu,Zhi Ren (Herbert) Xu,"Ren (Herbert) Xu, Zhi",herbert ren xu zhi,https://www.imo-official.org/results/individual/country/AUS/
Australia,AUS,Ben,Robinson,Ben Robinson,"Robinson, Ben",ben robinson,https://www.imo-official.org/results/individual/country/AUS/
Australia,AUS,Andrew,Rogers,Andrew Rogers,"Rogers, Andrew",andrew rogers,https://www.imo-official.org/results/individual/country/AUS/
Australia,AUS,Kenneth,Ross,Kenneth Ross,"Ross, Kenneth",kenneth ross,https://www.imo-official.org/results/individual/country/AUS/
Australia,AUS,Justin,Sawon,Justin Sawon,"Sawon, Justin",justin sawon,https://www.imo-official.org/results/individual/country/AUS/
Australia,AUS,Simon,Schwarz,Simon Schwarz,"Schwarz, Simon",schwarz simon,https://www.imo-official.org/results/individual/country/AUS/
Australia,AUS,Luke,Seberry,Luke Seberry,"Seberry, Luke",luke seberry,https://www.imo-official.org/results/individual/country/AUS/
Australia,AUS,Thomas,Sewell,Thomas Sewell,"Sewell, Thomas",sewell thomas,https://www.imo-official.org/results/individual/country/AUS/
Australia,AUS,Zian,Shang,Zian Shang,"Shang, Zian",shang zian,https://www.imo-official.org/results/individual/country/AUS/
Australia,AUS,Nicholas,Sheridan,Nicholas Sheridan,"Sheridan, Nicholas",nicholas sheridan,https://www.imo-official.org/results/individual/country/AUS/
Australia,AUS,Mel,Shu,Mel Shu,"Shu, Mel",mel shu,https://www.imo-official.org/results/individual/country/AUS/
Australia,AUS,Ken,Skinner,Ken Skinner,"Skinner, Ken",ken skinner,https://www.imo-official.org/results/individual/country/AUS/
Australia,AUS,Allan,Sly,Allan Sly,"Sly, Allan",allan sly,https://www.imo-official.org/results/individual/country/AUS/
Australia,AUS,Yang,Song,Yang Song,"Song, Yang",song yang,https://www.imo-official.org/results/individual/country/AUS/
Australia,AUS,William George,Steinberg,William George Steinberg,"Steinberg, William George",george steinberg william,https://www.imo-official.org/results/individual/country/AUS/
Australia,AUS,Kevin,Sun,Kevin Sun,"Sun, Kevin",kevin sun,https://www.imo-official.org/results/individual/country/AUS/
Australia,AUS,Ethan Yong-Ern,Tan,Ethan Yong-Ern Tan,"Tan, Ethan Yong-Ern",ern ethan tan yong,https://www.imo-official.org/results/individual/country/AUS/
Australia,AUS,Meng,Tan,Meng Tan,"Tan, Meng",meng tan,https://www.imo-official.org/results/individual/country/AUS/
Australia,AUS,Hadyn Ka Ming,Tang,Hadyn Ka Ming Tang,"Tang, Hadyn Ka Ming",hadyn ka ming tang,https://www.imo-official.org/results/individual/country/AUS/
Australia,AUS,Kevin,Tang,Kevin Tang,"Tang, Kevin",kevin tang,https://www.imo-official.org/results/individual/country/AUS/
Australia,AUS,Nigel,Tao,Nigel Tao,"Tao, Nigel",nigel tao,https://www.imo-official.org/results/individual/country/AUS/
Australia,AUS,Terence,Tao,Terence Tao,"Tao, Terence",tao terence,https://www.imo-official.org/results/individual/country/AUS/
Australia,AUS,Trevor,Tao,Trevor Tao,"Tao, Trevor",tao trevor,https://www.imo-official.org/results/individual/country/AUS/
Australia,AUS,Kester,Tong,Kester Tong,"Tong, Kester",kester tong,https://www.imo-official.org/results/individual/country/AUS/
Australia,AUS,Christopher,Tran,Christopher Tran,"Tran, Christopher",christopher tran,https://www.imo-official.org/results/individual/country/AUS/
Australia,AUS,Justin,Tran,Justin Tran,"Tran, Justin",justin tran,https://www.imo-official.org/results/individual/country/AUS/
Australia,AUS,Stephen,Tyler,Stephen Tyler,"Tyler, Stephen",stephen tyler,https://www.imo-official.org/results/individual/country/AUS/
Australia,AUS,David,Vasak,David Vasak,"Vasak, David",david vasak,https://www.imo-official.org/results/individual/country/AUS/
Australia,AUS,Akshay,Venkatesh,Akshay Venkatesh,"Venkatesh, Akshay",akshay venkatesh,https://www.imo-official.org/results/individual/country/AUS/
Australia,AUS,Dirk,Vertigan,Dirk Vertigan,"Vertigan, Dirk",dirk vertigan,https://www.imo-official.org/results/individual/country/AUS/
Australia,AUS,Cunmeng,Wang,Cunmeng Wang,"Wang, Cunmeng",cunmeng wang,https://www.imo-official.org/results/individual/country/AUS/
Australia,AUS,Haibing,Wang,Haibing Wang,"Wang, Haibing",haibing wang,https://www.imo-official.org/results/individual/country/AUS/
Australia,AUS,Ian,Wanless,Ian Wanless,"Wanless, Ian",ian wanless,https://www.imo-official.org/results/individual/country/AUS/
Australia,AUS,Christopher,Watson,Christopher Watson,"Watson, Christopher",christopher watson,https://www.imo-official.org/results/individual/country/AUS/
Australia,AUS,Brian,Weatherson,Brian Weatherson,"Weatherson, Brian",brian weatherson,https://www.imo-official.org/results/individual/country/AUS/
Australia,AUS,Gareth,White,Gareth White,"White, Gareth",gareth white,https://www.imo-official.org/results/individual/country/AUS/
Australia,AUS,Graham,White,Graham White,"White, Graham",graham white,https://www.imo-official.org/results/individual/country/AUS/
Australia,AUS,Praveen,Wijerathna,Praveen Wijerathna,"Wijerathna, Praveen",praveen wijerathna,https://www.imo-official.org/results/individual/country/AUS/
Australia,AUS,Stewart,Wilcox,Stewart Wilcox,"Wilcox, Stewart",stewart wilcox,https://www.imo-official.org/results/individual/country/AUS/
Australia,AUS,Richard,Wilson,Richard Wilson,"Wilson, Richard",richard wilson,https://www.imo-official.org/results/individual/country/AUS/
Australia,AUS,Keith Yu -Tao,Wong,Keith Yu -Tao Wong,"Wong, Keith Yu -Tao",keith tao wong yu,https://www.imo-official.org/results/individual/country/AUS/
Australia,AUS,Rachel,Wong,Rachel Wong,"Wong, Rachel",rachel wong,https://www.imo-official.org/results/individual/country/AUS/
Australia,AUS,Sampson,Wong,Sampson Wong,"Wong, Sampson",sampson wong,https://www.imo-official.org/results/individual/country/AUS/
Australia,AUS,Ruiying,Wu,Ruiying Wu,"Wu, Ruiying",ruiying wu,https://www.imo-official.org/results/individual/country/AUS/
Australia,AUS,Tony Yuzheng,Wu,Tony Yuzheng Wu,"Wu, Tony Yuzheng",tony wu yuzheng,https://www.imo-official.org/results/individual/country/AUS/
Australia,AUS,Thomas,Xia,Thomas Xia,"Xia, Thomas",thomas xia,https://www.imo-official.org/results/individual/country/AUS/
Australia,AUS,Kevin,Xian,Kevin Xian,"Xian, Kevin",kevin xian,https://www.imo-official.org/results/individual/country/AUS/
Australia,AUS,Cloris,Xu,Cloris Xu,"Xu, Cloris",cloris xu,https://www.imo-official.org/results/individual/country/AUS/
Australia,AUS,Iris,Xu,Iris Xu,"Xu, Iris",iris xu,https://www.imo-official.org/results/individual/country/AUS/
Australia,AUS,Yanning,Xu,Yanning Xu,"Xu, Yanning",xu yanning,https://www.imo-official.org/results/individual/country/AUS/
Australia,AUS,Dominic,Yip,Dominic Yip,"Yip, Dominic",dominic yip,https://www.imo-official.org/results/individual/country/AUS/
Australia,AUS,Fredy,Yip,Fredy Yip,"Yip, Fredy",fredy yip,https://www.imo-official.org/results/individual/country/AUS/
Australia,AUS,Jeremy,Yip,Jeremy Yip,"Yip, Jeremy",jeremy yip,https://www.imo-official.org/results/individual/country/AUS/
Australia,AUS,Angel,Yu,Angel Yu,"Yu, Angel",angel yu,https://www.imo-official.org/results/individual/country/AUS/
Australia,AUS,Grace,Yuan,Grace Yuan,"Yuan, Grace",grace yuan,https://www.imo-official.org/results/individual/country/AUS/
Australia,AUS,Guowen,Zhang,Guowen Zhang,"Zhang, Guowen",guowen zhang,https://www.imo-official.org/results/individual/country/AUS/
Australia,AUS,Zihui,Zhang,Zihui Zhang,"Zhang, Zihui",zhang zihui,https://www.imo-official.org/results/individual/country/AUS/
Australia,AUS,Wilson,Zhao,Wilson Zhao,"Zhao, Wilson",wilson zhao,https://www.imo-official.org/results/individual/country/AUS/
Australia,AUS,Yiying,Zhao,Yiying Zhao,"Zhao, Yiying",yiying zhao,https://www.imo-official.org/results/individual/country/AUS/
Australia,AUS,Jonathan,Zheng,Jonathan Zheng,"Zheng, Jonathan",jonathan zheng,https://www.imo-official.org/results/individual/country/AUS/
Australia,AUS,Damon,Zhong,Damon Zhong,"Zhong, Damon",damon zhong,https://www.imo-official.org/results/individual/country/AUS/
Australia,AUS,Elisabeth,le Strange,Elisabeth le Strange,"le Strange, Elisabeth",elisabeth le strange,https://www.imo-official.org/results/individual/country/AUS/
Bangladesh,BGD,Musahid,Ahmed,Musahid Ahmed,"Ahmed, Musahid",ahmed musahid,https://www.imo-official.org/results/individual/country/BGD/
Bangladesh,BGD,M Ahsan,Al Mahir,M Ahsan Al Mahir,"Al Mahir, M Ahsan",ahsan al m mahir,https://www.imo-official.org/results/individual/country/BGD/
Bangladesh,BGD,Md. Fuad Al,Alam,Md. Fuad Al Alam,"Alam, Md. Fuad Al",al alam fuad md,https://www.imo-official.org/results/individual/country/BGD/
Bangladesh,BGD,Nafiza,Anjum Promee,Nafiza Anjum Promee,"Anjum Promee, Nafiza",anjum nafiza promee,https://www.imo-official.org/results/individual/country/BGD/
Bangladesh,BGD,Md Sanzeed,Anwar,Md Sanzeed Anwar,"Anwar, Md Sanzeed",anwar md sanzeed,https://www.imo-official.org/results/individual/country/BGD/
Bangladesh,BGD,Jitendra,Barua,Jitendra Barua,"Barua, Jitendra",barua jitendra,https://www.imo-official.org/results/individual/country/BGD/
Bangladesh,BGD,Mashroor Hasan,Bhuiyan,Mashroor Hasan Bhuiyan,"Bhuiyan, Mashroor Hasan",bhuiyan hasan mashroor,https://www.imo-official.org/results/individual/country/BGD/
Bangladesh,BGD,Tanvir Ahamed,Bhuyain,Tanvir Ahamed Bhuyain,"Bhuyain, Tanvir Ahamed",ahamed bhuyain tanvir,https://www.imo-official.org/results/individual/country/BGD/
Bangladesh,BGD,Dhananjoy,Biswas,Dhananjoy Biswas,"Biswas, Dhananjoy",biswas dhananjoy,https://www.imo-official.org/results/individual/country/BGD/
Bangladesh,BGD,Ahmed Zawad,Chowdhury,Ahmed Zawad Chowdhury,"Chowdhury, Ahmed Zawad",ahmed chowdhury zawad,https://www.imo-official.org/results/individual/country/BGD/
Bangladesh,BGD,Jawad Hameem,Chowdhury,Jawad Hameem Chowdhury,"Chowdhury, Jawad Hameem",chowdhury hameem jawad,https://www.imo-official.org/results/individual/country/BGD/
Bangladesh,BGD,Nazia Naser,Chowdhury,Nazia Naser Chowdhury,"Chowdhury, Nazia Naser",chowdhury naser nazia,https://www.imo-official.org/results/individual/country/BGD/
Bangladesh,BGD,Tahmid Hameem,Chowdhury,Tahmid Hameem Chowdhury,"Chowdhury, Tahmid Hameem",chowdhury hameem tahmid,https://www.imo-official.org/results/individual/country/BGD/
Bangladesh,BGD,Shouman,Das,Shouman Das,"Das, Shouman",das shouman,https://www.imo-official.org/results/individual/country/BGD/
Bangladesh,BGD,Soumitra,Das,Soumitra Das,"Das, Soumitra",das soumitra,https://www.imo-official.org/results/individual/country/BGD/
Bangladesh,BGD,Sourav,Das,Sourav Das,"Das, Sourav",das sourav,https://www.imo-official.org/results/individual/country/BGD/
Bangladesh,BGD,Nujhat Ahmed,Disha,Nujhat Ahmed Disha,"Disha, Nujhat Ahmed",ahmed disha nujhat,https://www.imo-official.org/results/individual/country/BGD/
Bangladesh,BGD,Asif E,Elahi,Asif E Elahi,"Elahi, Asif E",asif e elahi,https://www.imo-official.org/results/individual/country/BGD/
Bangladesh,BGD,Md. Ashraful Islam,Fahim,Md. Ashraful Islam Fahim,"Fahim, Md. Ashraful Islam",ashraful fahim islam md,https://www.imo-official.org/results/individual/country/BGD/
Bangladesh,BGD,Rafatul,Faria,Rafatul Faria,"Faria, Rafatul",faria rafatul,https://www.imo-official.org/results/individual/country/BGD/
Bangladesh,BGD,Fahim,Ferdous,Fahim Ferdous,"Ferdous, Fahim",fahim ferdous,https://www.imo-official.org/results/individual/country/BGD/
Bangladesh,BGD,Adib,Hasan,Adib Hasan,"Hasan, Adib",adib hasan,https://www.imo-official.org/results/individual/country/BGD/
Bangladesh,BGD,Dewan Saadman,Hasan,Dewan Saadman Hasan,"Hasan, Dewan Saadman",dewan hasan saadman,https://www.imo-official.org/results/individual/country/BGD/
Bangladesh,BGD,Mohammad Zahidul,Hasan,Mohammad Zahidul Hasan,"Hasan, Mohammad Zahidul",hasan mohammad zahidul,https://www.imo-official.org/results/individual/country/BGD/
Bangladesh,BGD,Ahmed Ittihad,Hasib,Ahmed Ittihad Hasib,"Hasib, Ahmed Ittihad",ahmed hasib ittihad,https://www.imo-official.org/results/individual/country/BGD/
Bangladesh,BGD,Imad Uddin Ahmad,Hasin,Imad Uddin Ahmad Hasin,"Hasin, Imad Uddin Ahmad",ahmad hasin imad uddin,https://www.imo-official.org/results/individual/country/BGD/
Bangladesh,BGD,M. Zamiul,Hossain,M. Zamiul Hossain,"Hossain, M. Zamiul",hossain m zamiul,https://www.imo-official.org/results/individual/country/BGD/
Bangladesh,BGD,Md Shahriar,Hossain,Md Shahriar Hossain,"Hossain, Md Shahriar",hossain md shahriar,https://www.imo-official.org/results/individual/country/BGD/
Bangladesh,BGD,Md,Ishat-E-Rabban,Md Ishat-E-Rabban,"Ishat-E-Rabban, Md",e ishat md rabban,https://www.imo-official.org/results/individual/country/BGD/
Bangladesh,BGD,Haque Muhammad,Ishfaq,Haque Muhammad Ishfaq,"Ishfaq, Haque Muhammad",haque ishfaq muhammad,https://www.imo-official.org/results/individual/country/BGD/
Bangladesh,BGD,A. S. M. Sohidull,Islam,A. S. M. Sohidull Islam,"Islam, A. S. M. Sohidull",a islam m s sohidull,https://www.imo-official.org/results/individual/country/BGD/
Bangladesh,BGD,S M Nayeemul,Islam,S M Nayeemul Islam,"Islam, S M Nayeemul",islam m nayeemul s,https://www.imo-official.org/results/individual/country/BGD/
Bangladesh,BGD,Raiyan,Jamil,Raiyan Jamil,"Jamil, Raiyan",jamil raiyan,https://www.imo-official.org/results/individual/country/BGD/
Bangladesh,BGD,Pranon Rahman,Khan,Pranon Rahman Khan,"Khan, Pranon Rahman",khan pranon rahman,https://www.imo-official.org/results/individual/country/BGD/
Bangladesh,BGD,Tahjib Hossain,Khan,Tahjib Hossain Khan,"Khan, Tahjib Hossain",hossain khan tahjib,https://www.imo-official.org/results/individual/country/BGD/
Bangladesh,BGD,Tahsin,Khan,Tahsin Khan,"Khan, Tahsin",khan tahsin,https://www.imo-official.org/results/individual/country/BGD/
Bangladesh,BGD,Md.,Mahbubul Hasan,Md. Mahbubul Hasan,"Mahbubul Hasan, Md.",hasan mahbubul md,https://www.imo-official.org/results/individual/country/BGD/
Bangladesh,BGD,Mutasim,Mim,Mutasim Mim,"Mim, Mutasim",mim mutasim,https://www.imo-official.org/results/individual/country/BGD/
Bangladesh,BGD,Tarik Adnan,Moon,Tarik Adnan Moon,"Moon, Tarik Adnan",adnan moon tarik,https://www.imo-official.org/results/individual/country/BGD/
Bangladesh,BGD,Syed,Mostafa Tahsin,Syed Mostafa Tahsin,"Mostafa Tahsin, Syed",mostafa syed tahsin,https://www.imo-official.org/results/individual/country/BGD/
Bangladesh,BGD,Mirza Md. Tanjim Shorif,Mugdho,Mirza Md. Tanjim Shorif Mugdho,"Mugdho, Mirza Md. Tanjim Shorif",md mirza mugdho shorif tanjim,https://www.imo-official.org/results/individual/country/BGD/
Bangladesh,BGD,S M A,Nahian,S M A Nahian,"Nahian, S M A",a m nahian s,https://www.imo-official.org/results/individual/country/BGD/
Bangladesh,BGD,Md Sabbir,Rahman,Md Sabbir Rahman,"Rahman, Md Sabbir",md rahman sabbir,https://www.imo-official.org/results/individual/country/BGD/
Bangladesh,BGD,Mohammed Marzuq,Rahman,Mohammed Marzuq Rahman,"Rahman, Mohammed Marzuq",marzuq mohammed rahman,https://www.imo-official.org/results/individual/country/BGD/
Bangladesh,BGD,Samin,Riasat,Samin Riasat,"Riasat, Samin",riasat samin,https://www.imo-official.org/results/individual/country/BGD/
Bangladesh,BGD,Shahriar,Rouf,Shahriar Rouf,"Rouf, Shahriar",rouf shahriar,https://www.imo-official.org/results/individual/country/BGD/
Bangladesh,BGD,Debapriya Saha,Roy,Debapriya Saha Roy,"Roy, Debapriya Saha",debapriya roy saha,https://www.imo-official.org/results/individual/country/BGD/
Bangladesh,BGD,Md Maruf Hasan,Rubab,Md Maruf Hasan Rubab,"Rubab, Md Maruf Hasan",hasan maruf md rubab,https://www.imo-official.org/results/individual/country/BGD/
Bangladesh,BGD,Md. Maruf Hasan,Rubab,Md. Maruf Hasan Rubab,"Rubab, Md. Maruf Hasan",hasan maruf md rubab,https://www.imo-official.org/results/individual/country/BGD/
Bangladesh,BGD,Tamzid Morshed,Rubab,Tamzid Morshed Rubab,"Rubab, Tamzid Morshed",morshed rubab tamzid,https://www.imo-official.org/results/individual/country/BGD/
Bangladesh,BGD,Adnan,Sadik,Adnan Sadik,"Sadik, Adnan",adnan sadik,https://www.imo-official.org/results/individual/country/BGD/
Bangladesh,BGD,Joydip,Saha,Joydip Saha,"Saha, Joydip",joydip saha,https://www.imo-official.org/results/individual/country/BGD/
Bangladesh,BGD,Rahul,Saha,Rahul Saha,"Saha, Rahul",rahul saha,https://www.imo-official.org/results/individual/country/BGD/
Bangladesh,BGD,Thanic Nur,Samin,Thanic Nur Samin,"Samin, Thanic Nur",nur samin thanic,https://www.imo-official.org/results/individual/country/BGD/
Bangladesh,BGD,Nur Muhammad,Shafiullah,Nur Muhammad Shafiullah,"Shafiullah, Nur Muhammad",muhammad nur shafiullah,https://www.imo-official.org/results/individual/country/BGD/
Bangladesh,BGD,Md. Raihan,Siddiquee,Md. Raihan Siddiquee,"Siddiquee, Md. Raihan",md raihan siddiquee,https://www.imo-official.org/results/individual/country/BGD/
Bangladesh,BGD,Sabrina,Tabassum,Sabrina Tabassum,"Tabassum, Sabrina",sabrina tabassum,https://www.imo-official.org/results/individual/country/BGD/
Bangladesh,BGD,Md.,Tahmid-Ul-Islam Rafi,Md. Tahmid-Ul-Islam Rafi,"Tahmid-Ul-Islam Rafi, Md.",islam md rafi tahmid ul,https://www.imo-official.org/results/individual/country/BGD/
Bangladesh,BGD,Md Nafis Noor,Taseen,Md Nafis Noor Taseen,"Taseen, Md Nafis Noor",md nafis noor taseen,https://www.imo-official.org/results/individual/country/BGD/
Bangladesh,BGD,Sazid Akhter,Turzo,Sazid Akhter Turzo,"Turzo, Sazid Akhter",akhter sazid turzo,https://www.imo-official.org/results/individual/country/BGD/
Bangladesh,BGD,Monamy,Zaman,Monamy Zaman,"Zaman, Monamy",monamy zaman,https://www.imo-official.org/results/individual/country/BGD/
Bangladesh,BGD,Kazi Hasan,Zubaer,Kazi Hasan Zubaer,"Zubaer, Kazi Hasan",hasan kazi zubaer,https://www.imo-official.org/results/individual/country/BGD/
Bolivia,BOL,Raul Alberto,Abastoflor,Raul Alberto Abastoflor,"Abastoflor, Raul Alberto",abastoflor alberto raul,https://www.imo-official.org/results/individual/country/BOL/
Bolivia,BOL,Santiago Javier,Aguilera Salinas,Santiago Javier Aguilera Salinas,"Aguilera Salinas, Santiago Javier",aguilera javier salinas santiago,https://www.imo-official.org/results/individual/country/BOL/
Bolivia,BOL,Diego,Aguirre Moreira,Diego Aguirre Moreira,"Aguirre Moreira, Diego",aguirre diego moreira,https://www.imo-official.org/results/individual/country/BOL/
Bolivia,BOL,Daniel,Alvarado Churqui,Daniel Alvarado Churqui,"Alvarado Churqui, Daniel",alvarado churqui daniel,https://www.imo-official.org/results/individual/country/BOL/
Bolivia,BOL,Xavier,Aramayo Carrasco,Xavier Aramayo Carrasco,"Aramayo Carrasco, Xavier",aramayo carrasco xavier,https://www.imo-official.org/results/individual/country/BOL/
Bolivia,BOL,Denis Farid,Arancibia Bobarin,Denis Farid Arancibia Bobarin,"Arancibia Bobarin, Denis Farid",arancibia bobarin denis farid,https://www.imo-official.org/results/individual/country/BOL/
Bolivia,BOL,Jaime Esteban,Araujo Saenz,Jaime Esteban Araujo Saenz,"Araujo Saenz, Jaime Esteban",araujo esteban jaime saenz,https://www.imo-official.org/results/individual/country/BOL/
Bolivia,BOL,Alan Gabriel,Audivert Serrudo,Alan Gabriel Audivert Serrudo,"Audivert Serrudo, Alan Gabriel",alan audivert gabriel serrudo,https://www.imo-official.org/results/individual/country/BOL/
Bolivia,BOL,Andres Sebastian,Barriga Rodriguez,Andres Sebastian Barriga Rodriguez,"Barriga Rodriguez, Andres Sebastian",andres barriga rodriguez sebastian,https://www.imo-official.org/results/individual/country/BOL/
Bolivia,BOL,Javier Alejandro,Belmonte,Javier Alejandro Belmonte,"Belmonte, Javier Alejandro",alejandro belmonte javier,https://www.imo-official.org/results/individual/country/BOL/
Bolivia,BOL,Jocelyn Isabel,Calderon Calderon,Jocelyn Isabel Calderon Calderon,"Calderon Calderon, Jocelyn Isabel",calderon calderon isabel jocelyn,https://www.imo-official.org/results/individual/country/BOL/
Bolivia,BOL,Jocelyn Isabel,Calderón Calderón,Jocelyn Isabel Calderón Calderón,"Calderón Calderón, Jocelyn Isabel",calderon calderon isabel jocelyn,https://www.imo-official.org/results/individual/country/BOL/
Bolivia,BOL,Valeria,Cartagena Vaca,Valeria Cartagena Vaca,"Cartagena Vaca, Valeria",cartagena vaca valeria,https://www.imo-official.org/results/individual/country/BOL/
Bolivia,BOL,Peter Iber,Carvajal Gutierrez,Peter Iber Carvajal Gutierrez,"Carvajal Gutierrez, Peter Iber",carvajal gutierrez iber peter,https://www.imo-official.org/results/individual/country/BOL/
Bolivia,BOL,Peter Iber,Carvajal Gutiérrez,Peter Iber Carvajal Gutiérrez,"Carvajal Gutiérrez, Peter Iber",carvajal gutierrez iber peter,https://www.imo-official.org/results/individual/country/BOL/
Bolivia,BOL,Israel,Casas Tola,Israel Casas Tola,"Casas Tola, Israel",casas israel tola,https://www.imo-official.org/results/individual/country/BOL/
Bolivia,BOL,Anahi Viviana,Castillo Condori,Anahi Viviana Castillo Condori,"Castillo Condori, Anahi Viviana",anahi castillo condori viviana,https://www.imo-official.org/results/individual/country/BOL/
Bolivia,BOL,Diego Matias,Cazon Tejerina,Diego Matias Cazon Tejerina,"Cazon Tejerina, Diego Matias",cazon diego matias tejerina,https://www.imo-official.org/results/individual/country/BOL/
Bolivia,BOL,Diego,Chumacero Carballo,Diego Chumacero Carballo,"Chumacero Carballo, Diego",carballo chumacero diego,https://www.imo-official.org/results/individual/country/BOL/
Bolivia,BOL,Omar,Chávez Cussy,Omar Chávez Cussy,"Chávez Cussy, Omar",chavez cussy omar,https://www.imo-official.org/results/individual/country/BOL/
Bolivia,BOL,Weimar Adalid,Condori Yupanqui,Weimar Adalid Condori Yupanqui,"Condori Yupanqui, Weimar Adalid",adalid condori weimar yupanqui,https://www.imo-official.org/results/individual/country/BOL/
Bolivia,BOL,Antonio,Duvravcic,Antonio Duvravcic,"Duvravcic, Antonio",antonio duvravcic,https://www.imo-official.org/results/individual/country/BOL/
Bolivia,BOL,Juan David,Díaz Aranibar,Juan David Díaz Aranibar,"Díaz Aranibar, Juan David",aranibar david diaz juan,https://www.imo-official.org/results/individual/country/BOL/
Bolivia,BOL,Arran,Fernandez,Arran Fernandez,"Fernandez, Arran",arran fernandez,https://www.imo-official.org/results/individual/country/BOL/
Bolivia,BOL,Fidel Yerko,Fernández Chipana,Fidel Yerko Fernández Chipana,"Fernández Chipana, Fidel Yerko",chipana fernandez fidel yerko,https://www.imo-official.org/results/individual/country/BOL/
Bolivia,BOL,Juan Marcelo,Flores Flores,Juan Marcelo Flores Flores,"Flores Flores, Juan Marcelo",flores flores juan marcelo,https://www.imo-official.org/results/individual/country/BOL/
Bolivia,BOL,Brittany Celeste,Gonzáles Tapia,Brittany Celeste Gonzáles Tapia,"Gonzáles Tapia, Brittany Celeste",brittany celeste gonzales tapia,https://www.imo-official.org/results/individual/country/BOL/
Bolivia,BOL,Jose Manuel,Guerra Colque,Jose Manuel Guerra Colque,"Guerra Colque, Jose Manuel",colque guerra jose manuel,https://www.imo-official.org/results/individual/country/BOL/
Bolivia,BOL,Victor Alvaro,Gutierrez Kaisler,Victor Alvaro Gutierrez Kaisler,"Gutierrez Kaisler, Victor Alvaro",alvaro gutierrez kaisler victor,https://www.imo-official.org/results/individual/country/BOL/
Bolivia,BOL,Álvaro Rubén,Hurtado Maldonado,Álvaro Rubén Hurtado Maldonado,"Hurtado Maldonado, Álvaro Rubén",alvaro hurtado maldonado ruben,https://www.imo-official.org/results/individual/country/BOL/
Bolivia,BOL,Amanda Nicole,Iglesias Pacheco,Amanda Nicole Iglesias Pacheco,"Iglesias Pacheco, Amanda Nicole",amanda iglesias nicole pacheco,https://www.imo-official.org/results/individual/country/BOL/
Bolivia,BOL,Mariel Sofia,Iporre Arispe,Mariel Sofia Iporre Arispe,"Iporre Arispe, Mariel Sofia",arispe iporre mariel sofia,https://www.imo-official.org/results/individual/country/BOL/
Bolivia,BOL,Mario,Iporre Arispe,Mario Iporre Arispe,"Iporre Arispe, Mario",arispe iporre mario,https://www.imo-official.org/results/individual/country/BOL/
Bolivia,BOL,Félix Joaquín,Lastra Montero,Félix Joaquín Lastra Montero,"Lastra Montero, Félix Joaquín",felix joaquin lastra montero,https://www.imo-official.org/results/individual/country/BOL/
Bolivia,BOL,Paola Jimena,Ledo Espinoza,Paola Jimena Ledo Espinoza,"Ledo Espinoza, Paola Jimena",espinoza jimena ledo paola,https://www.imo-official.org/results/individual/country/BOL/
Bolivia,BOL,Rodrigo Andrés,Marquez Ajata,Rodrigo Andrés Marquez Ajata,"Marquez Ajata, Rodrigo Andrés",ajata andres marquez rodrigo,https://www.imo-official.org/results/individual/country/BOL/
Bolivia,BOL,Marvin Mario,Martinez Nuñez,Marvin Mario Martinez Nuñez,"Martinez Nuñez, Marvin Mario",mario martinez marvin nunez,https://www.imo-official.org/results/individual/country/BOL/
Bolivia,BOL,Marvin Mario,Martínez Nuñez,Marvin Mario Martínez Nuñez,"Martínez Nuñez, Marvin Mario",mario martinez marvin nunez,https://www.imo-official.org/results/individual/country/BOL/
Bolivia,BOL,Cecilia Belén,Medrano Pallares,Cecilia Belén Medrano Pallares,"Medrano Pallares, Cecilia Belén",belen cecilia medrano pallares,https://www.imo-official.org/results/individual/country/BOL/
Bolivia,BOL,Pablo Gonzalo,Mejia Terceros,Pablo Gonzalo Mejia Terceros,"Mejia Terceros, Pablo Gonzalo",gonzalo mejia pablo terceros,https://www.imo-official.org/results/individual/country/BOL/
Bolivia,BOL,Alejandra,Mena Angulo,Alejandra Mena Angulo,"Mena Angulo, Alejandra",alejandra angulo mena,https://www.imo-official.org/results/individual/country/BOL/
Bolivia,BOL,Angela Andrea,Michel Cabezas,Angela Andrea Michel Cabezas,"Michel Cabezas, Angela Andrea",andrea angela cabezas michel,https://www.imo-official.org/results/individual/country/BOL/
Bolivia,BOL,Cristian Emanuel,Miranda Cayoja,Cristian Emanuel Miranda Cayoja,"Miranda Cayoja, Cristian Emanuel",cayoja cristian emanuel miranda,https://www.imo-official.org/results/individual/country/BOL/
Bolivia,BOL,Sebastian Valentin,Paniagua Gutierrez,Sebastian Valentin Paniagua Gutierrez,"Paniagua Gutierrez, Sebastian Valentin",gutierrez paniagua sebastian valentin,https://www.imo-official.org/results/individual/country/BOL/
Bolivia,BOL,Sebastian,Pereira Flores,Sebastian Pereira Flores,"Pereira Flores, Sebastian",flores pereira sebastian,https://www.imo-official.org/results/individual/country/BOL/
Bolivia,BOL,Karla,Ponce,Karla Ponce,"Ponce, Karla",karla ponce,https://www.imo-official.org/results/individual/country/BOL/
Bolivia,BOL,Carlos Andres,Pozo Vargas,Carlos Andres Pozo Vargas,"Pozo Vargas, Carlos Andres",andres carlos pozo vargas,https://www.imo-official.org/results/individual/country/BOL/
Bolivia,BOL,Carlos Andrés,Pozo Vargas,Carlos Andrés Pozo Vargas,"Pozo Vargas, Carlos Andrés",andres carlos pozo vargas,https://www.imo-official.org/results/individual/country/BOL/
Bolivia,BOL,Joel Rubén,Pozo Vargas,Joel Rubén Pozo Vargas,"Pozo Vargas, Joel Rubén",joel pozo ruben vargas,https://www.imo-official.org/results/individual/country/BOL/
Bolivia,BOL,Manuela,Puente Beccar,Manuela Puente Beccar,"Puente Beccar, Manuela",beccar manuela puente,https://www.imo-official.org/results/individual/country/BOL/
Bolivia,BOL,Natalia Leonila,Quiroga Pérez,Natalia Leonila Quiroga Pérez,"Quiroga Pérez, Natalia Leonila",leonila natalia perez quiroga,https://www.imo-official.org/results/individual/country/BOL/
Bolivia,BOL,Patricia,Rejas Calvo,Patricia Rejas Calvo,"Rejas Calvo, Patricia",calvo patricia rejas,https://www.imo-official.org/results/individual/country/BOL/
Bolivia,BOL,Diego Alfredo,Rodriguez Martinez,Diego Alfredo Rodriguez Martinez,"Rodriguez Martinez, Diego Alfredo",alfredo diego martinez rodriguez,https://www.imo-official.org/results/individual/country/BOL/
Bolivia,BOL,Abigail,Rodríguez Medina,Abigail Rodríguez Medina,"Rodríguez Medina, Abigail",abigail medina rodriguez,https://www.imo-official.org/results/individual/country/BOL/
Bolivia,BOL,Diego,Salazar Gutiérrez,Diego Salazar Gutiérrez,"Salazar Gutiérrez, Diego",diego gutierrez salazar,https://www.imo-official.org/results/individual/country/BOL/
Bolivia,BOL,Kathia Andrea,Salazar Gutiérrez,Kathia Andrea Salazar Gutiérrez,"Salazar Gutiérrez, Kathia Andrea",andrea gutierrez kathia salazar,https://www.imo-official.org/results/individual/country/BOL/
Bolivia,BOL,Diego Mateo,Saleg Rodriguez,Diego Mateo Saleg Rodriguez,"Saleg Rodriguez, Diego Mateo",diego mateo rodriguez saleg,https://www.imo-official.org/results/individual/country/BOL/
Bolivia,BOL,Enzo Ellery,Salinas Jerez,Enzo Ellery Salinas Jerez,"Salinas Jerez, Enzo Ellery",ellery enzo jerez salinas,https://www.imo-official.org/results/individual/country/BOL/
Bolivia,BOL,Víctor Humberto,Soliz Divensty,Víctor Humberto Soliz Divensty,"Soliz Divensty, Víctor Humberto",divensty humberto soliz victor,https://www.imo-official.org/results/individual/country/BOL/
Bolivia,BOL,Víctor Humberto,Solíz Divensty,Víctor Humberto Solíz Divensty,"Solíz Divensty, Víctor Humberto",divensty humberto soliz victor,https://www.imo-official.org/results/individual/country/BOL/
Bolivia,BOL,David,Sompero Mendoza,David Sompero Mendoza,"Sompero Mendoza, David",david mendoza sompero,https://www.imo-official.org/results/individual/country/BOL/
Bolivia,BOL,Nikh Kevin,Soto Uzeda,Nikh Kevin Soto Uzeda,"Soto Uzeda, Nikh Kevin",kevin nikh soto uzeda,https://www.imo-official.org/results/individual/country/BOL/
Bolivia,BOL,Nikh Khevin,Soto Uzeda,Nikh Khevin Soto Uzeda,"Soto Uzeda, Nikh Khevin",khevin nikh soto uzeda,https://www.imo-official.org/results/individual/country/BOL/
Bolivia,BOL,Kevin Alcides,Terán Mejía,Kevin Alcides Terán Mejía,"Terán Mejía, Kevin Alcides",alcides kevin mejia teran,https://www.imo-official.org/results/individual/country/BOL/
Bolivia,BOL,Samuel,Torrez Carvajal,Samuel Torrez Carvajal,"Torrez Carvajal, Samuel",carvajal samuel torrez,https://www.imo-official.org/results/individual/country/BOL/
Bolivia,BOL,Boris Edgar,Tribeño Uyuni,Boris Edgar Tribeño Uyuni,"Tribeño Uyuni, Boris Edgar",boris edgar tribeno uyuni,https://www.imo-official.org/results/individual/country/BOL/
Bolivia,BOL,Winston Ariel,Uruchi Quispe,Winston Ariel Uruchi Quispe,"Uruchi Quispe, Winston Ariel",ariel quispe uruchi winston,https://www.imo-official.org/results/individual/country/BOL/
Bolivia,BOL,Melissa,Vallejo Escobar,Melissa Vallejo Escobar,"Vallejo Escobar, Melissa",escobar melissa vallejo,https://www.imo-official.org/results/individual/country/BOL/
Bolivia,BOL,Mijael Rodrigo,Vargas Godoy,Mijael Rodrigo Vargas Godoy,"Vargas Godoy, Mijael Rodrigo",godoy mijael rodrigo vargas,https://www.imo-official.org/results/individual/country/BOL/
Bolivia,BOL,Alberto Eduardo,Velásquez Reynaga,Alberto Eduardo Velásquez Reynaga,"Velásquez Reynaga, Alberto Eduardo",alberto eduardo reynaga velasquez,https://www.imo-official.org/results/individual/country/BOL/
Bolivia,BOL,Erick Daniel,Vicente Minaya,Erick Daniel Vicente Minaya,"Vicente Minaya, Erick Daniel",daniel erick minaya vicente,https://www.imo-official.org/results/individual/country/BOL/
Bolivia,BOL,Luis André,Villan Gabriel,Luis André Villan Gabriel,"Villan Gabriel, Luis André",andre gabriel luis villan,https://www.imo-official.org/results/individual/country/BOL/
Bolivia,BOL,Badir Jorge,Villarroel,Badir Jorge Villarroel,"Villarroel, Badir Jorge",badir jorge villarroel,https://www.imo-official.org/results/individual/country/BOL/
Bolivia,BOL,Luis André,Villán Gabriel,Luis André Villán Gabriel,"Villán Gabriel, Luis André",andre gabriel luis villan,https://www.imo-official.org/results/individual/country/BOL/
Bolivia,BOL,Marcela Katerine,Viscarra Agreda,Marcela Katerine Viscarra Agreda,"Viscarra Agreda, Marcela Katerine",agreda katerine marcela viscarra,https://www.imo-official.org/results/individual/country/BOL/
Botswana,BWA,Temana Boyce,Bakaabatsile,Temana Boyce Bakaabatsile,"Bakaabatsile, Temana Boyce",bakaabatsile boyce temana,https://www.imo-official.org/results/individual/country/BWA/
Botswana,BWA,Aameer Mansur,Bhamani,Aameer Mansur Bhamani,"Bhamani, Aameer Mansur",aameer bhamani mansur,https://www.imo-official.org/results/individual/country/BWA/
Botswana,BWA,Chenyi,Bi,Chenyi Bi,"Bi, Chenyi",bi chenyi,https://www.imo-official.org/results/individual/country/BWA/
Botswana,BWA,Joel,Binu,Joel Binu,"Binu, Joel",binu joel,https://www.imo-official.org/results/individual/country/BWA/
Botswana,BWA,Sania Shajan,Chittilappilly,Sania Shajan Chittilappilly,"Chittilappilly, Sania Shajan",chittilappilly sania shajan,https://www.imo-official.org/results/individual/country/BWA/
Botswana,BWA,Ofentse Gabriel F.,Ditlamelo,Ofentse Gabriel F. Ditlamelo,"Ditlamelo, Ofentse Gabriel F.",ditlamelo f gabriel ofentse,https://www.imo-official.org/results/individual/country/BWA/
Botswana,BWA,Sparsh,Gautam,Sparsh Gautam,"Gautam, Sparsh",gautam sparsh,https://www.imo-official.org/results/individual/country/BWA/
Botswana,BWA,Gautham,Gopinath,Gautham Gopinath,"Gopinath, Gautham",gautham gopinath,https://www.imo-official.org/results/individual/country/BWA/
Botswana,BWA,Rohana Sree,Gullapalli,Rohana Sree Gullapalli,"Gullapalli, Rohana Sree",gullapalli rohana sree,https://www.imo-official.org/results/individual/country/BWA/
Botswana,BWA,Achal Kumar,Gupta,Achal Kumar Gupta,"Gupta, Achal Kumar",achal gupta kumar,https://www.imo-official.org/results/individual/country/BWA/
Botswana,BWA,Yijia,Hou,Yijia Hou,"Hou, Yijia",hou yijia,https://www.imo-official.org/results/individual/country/BWA/
Botswana,BWA,Shuyu,Jiao,Shuyu Jiao,"Jiao, Shuyu",jiao shuyu,https://www.imo-official.org/results/individual/country/BWA/
Botswana,BWA,Bamebotlhe,John,Bamebotlhe John,"John, Bamebotlhe",bamebotlhe john,https://www.imo-official.org/results/individual/country/BWA/
Botswana,BWA,Dani,Kannanaikal Martin,Dani Kannanaikal Martin,"Kannanaikal Martin, Dani",dani kannanaikal martin,https://www.imo-official.org/results/individual/country/BWA/
Botswana,BWA,Dawn,Kannanaikal Martin,Dawn Kannanaikal Martin,"Kannanaikal Martin, Dawn",dawn kannanaikal martin,https://www.imo-official.org/results/individual/country/BWA/
Botswana,BWA,Thabang Timothy,Kelebeng,Thabang Timothy Kelebeng,"Kelebeng, Thabang Timothy",kelebeng thabang timothy,https://www.imo-official.org/results/individual/country/BWA/
Botswana,BWA,Bakang,Kgopolo,Bakang Kgopolo,"Kgopolo, Bakang",bakang kgopolo,https://www.imo-official.org/results/individual/country/BWA/
Botswana,BWA,Resego,Ledira,Resego Ledira,"Ledira, Resego",ledira resego,https://www.imo-official.org/results/individual/country/BWA/
Botswana,BWA,Haonan,Liu,Haonan Liu,"Liu, Haonan",haonan liu,https://www.imo-official.org/results/individual/country/BWA/
Botswana,BWA,Kebafilwe Joseph,Loiti,Kebafilwe Joseph Loiti,"Loiti, Kebafilwe Joseph",joseph kebafilwe loiti,https://www.imo-official.org/results/individual/country/BWA/
Botswana,BWA,Eben Twazihirwa,Mnzava,Eben Twazihirwa Mnzava,"Mnzava, Eben Twazihirwa",eben mnzava twazihirwa,https://www.imo-official.org/results/individual/country/BWA/
Botswana,BWA,Donato Ofi,Moakofhi,Donato Ofi Moakofhi,"Moakofhi, Donato Ofi",donato moakofhi ofi,https://www.imo-official.org/results/individual/country/BWA/
Botswana,BWA,Kabo Bob,Mosetse,Kabo Bob Mosetse,"Mosetse, Kabo Bob",bob kabo mosetse,https://www.imo-official.org/results/individual/country/BWA/
Botswana,BWA,Prince Obakeng,Motswaiso,Prince Obakeng Motswaiso,"Motswaiso, Prince Obakeng",motswaiso obakeng prince,https://www.imo-official.org/results/individual/country/BWA/
Botswana,BWA,Panashe Theo,Mugore,Panashe Theo Mugore,"Mugore, Panashe Theo",mugore panashe theo,https://www.imo-official.org/results/individual/country/BWA/
Botswana,BWA,Taonga,Ndolo,Taonga Ndolo,"Ndolo, Taonga",ndolo taonga,https://www.imo-official.org/results/individual/country/BWA/
Botswana,BWA,Tumelo Losika,Ngakane,Tumelo Losika Ngakane,"Ngakane, Tumelo Losika",losika ngakane tumelo,https://www.imo-official.org/results/individual/country/BWA/
Botswana,BWA,Ngwao,Ngwako,Ngwao Ngwako,"Ngwako, Ngwao",ngwako ngwao,https://www.imo-official.org/results/individual/country/BWA/
Botswana,BWA,Tinashe,Olekantse,Tinashe Olekantse,"Olekantse, Tinashe",olekantse tinashe,https://www.imo-official.org/results/individual/country/BWA/
Botswana,BWA,Garam,Park,Garam Park,"Park, Garam",garam park,https://www.imo-official.org/results/individual/country/BWA/
Botswana,BWA,Resego Clyde,Phuthego,Resego Clyde Phuthego,"Phuthego, Resego Clyde",clyde phuthego resego,https://www.imo-official.org/results/individual/country/BWA/
Botswana,BWA,Milit,Ranjith,Milit Ranjith,"Ranjith, Milit",milit ranjith,https://www.imo-official.org/results/individual/country/BWA/
Botswana,BWA,Kalidas,Rayirath,Kalidas Rayirath,"Rayirath, Kalidas",kalidas rayirath,https://www.imo-official.org/results/individual/country/BWA/
Botswana,BWA,Vishal Shiva,Reddy,Vishal Shiva Reddy,"Reddy, Vishal Shiva",reddy shiva vishal,https://www.imo-official.org/results/individual/country/BWA/
Botswana,BWA,Enoch Titus,Robert,Enoch Titus Robert,"Robert, Enoch Titus",enoch robert titus,https://www.imo-official.org/results/individual/country/BWA/
Botswana,BWA,Amy Irina,Ruth,Amy Irina Ruth,"Ruth, Amy Irina",amy irina ruth,https://www.imo-official.org/results/individual/country/BWA/
Botswana,BWA,Aswin,Santhosh Nair,Aswin Santhosh Nair,"Santhosh Nair, Aswin",aswin nair santhosh,https://www.imo-official.org/results/individual/country/BWA/
Botswana,BWA,Ashwin,Shine,Ashwin Shine,"Shine, Ashwin",ashwin shine,https://www.imo-official.org/results/individual/country/BWA/
Botswana,BWA,Wanjing,Tang,Wanjing Tang,"Tang, Wanjing",tang wanjing,https://www.imo-official.org/results/individual/country/BWA/
Botswana,BWA,Lebone Troy,Tau,Lebone Troy Tau,"Tau, Lebone Troy",lebone tau troy,https://www.imo-official.org/results/individual/country/BWA/
Botswana,BWA,Minal,Thattamparambil Ranjith,Minal Thattamparambil Ranjith,"Thattamparambil Ranjith, Minal",minal ranjith thattamparambil,https://www.imo-official.org/results/individual/country/BWA/
Botswana,BWA,Eunice,Tshosa,Eunice Tshosa,"Tshosa, Eunice",eunice tshosa,https://www.imo-official.org/results/individual/country/BWA/
Botswana,BWA,Odirile Tuelo Carlos,Tumaeletse,Odirile Tuelo Carlos Tumaeletse,"Tumaeletse, Odirile Tuelo Carlos",carlos odirile tuelo tumaeletse,https://www.imo-official.org/results/individual/country/BWA/
Botswana,BWA,Wen,Zhang,Wen Zhang,"Zhang, Wen",wen zhang,https://www.imo-official.org/results/individual/country/BWA/
Botswana,BWA,Bowen,Zhou,Bowen Zhou,"Zhou, Bowen",bowen zhou,https://www.imo-official.org/results/individual/country/BWA/
Bulgaria,BGR,Dimitre,Alexandrov,Dimitre Alexandrov,"Alexandrov, Dimitre",alexandrov dimitre,https://www.imo-official.org/results/individual/country/BGR/
Bulgaria,BGR,Kamen,Alexiev,Kamen Alexiev,"Alexiev, Kamen",alexiev kamen,https://www.imo-official.org/results/individual/country/BGR/
Bulgaria,BGR,Nikolay,Andreev,Nikolay Andreev,"Andreev, Nikolay",andreev nikolay,https://www.imo-official.org/results/individual/country/BGR/
Bulgaria,BGR,Ventseslav,Andreichev,Ventseslav Andreichev,"Andreichev, Ventseslav",andreichev ventseslav,https://www.imo-official.org/results/individual/country/BGR/
Bulgaria,BGR,Rumen,Angelov,Rumen Angelov,"Angelov, Rumen",angelov rumen,https://www.imo-official.org/results/individual/country/BGR/
Bulgaria,BGR,Gueorgui,Anguelov,Gueorgui Anguelov,"Anguelov, Gueorgui",anguelov gueorgui,https://www.imo-official.org/results/individual/country/BGR/
Bulgaria,BGR,Borislav,Antov,Borislav Antov,"Antov, Borislav",antov borislav,https://www.imo-official.org/results/individual/country/BGR/
Bulgaria,BGR,Nikola,Arbov,Nikola Arbov,"Arbov, Nikola",arbov nikola,https://www.imo-official.org/results/individual/country/BGR/
Bulgaria,BGR,T.,Asparuhov,T. Asparuhov,"Asparuhov, T.",asparuhov t,https://www.imo-official.org/results/individual/country/BGR/
Bulgaria,BGR,Atanas,Atanasov,Atanas Atanasov,"Atanasov, Atanas",atanas atanasov,https://www.imo-official.org/results/individual/country/BGR/
Bulgaria,BGR,Daniel,Atanasov,Daniel Atanasov,"Atanasov, Daniel",atanasov daniel,https://www.imo-official.org/results/individual/country/BGR/
Bulgaria,BGR,Vesselin,Atanasov Dimitrov,Vesselin Atanasov Dimitrov,"Atanasov Dimitrov, Vesselin",atanasov dimitrov vesselin,https://www.imo-official.org/results/individual/country/BGR/
Bulgaria,BGR,Emanouil,Atanassov,Emanouil Atanassov,"Atanassov, Emanouil",atanassov emanouil,https://www.imo-official.org/results/individual/country/BGR/
Bulgaria,BGR,Stoyan,Atanassov,Stoyan Atanassov,"Atanassov, Stoyan",atanassov stoyan,https://www.imo-official.org/results/individual/country/BGR/
Bulgaria,BGR,Lytschesar,Avramov,Lytschesar Avramov,"Avramov, Lytschesar",avramov lytschesar,https://www.imo-official.org/results/individual/country/BGR/
Bulgaria,BGR,Vladimir Dimitrov,Babev,Vladimir Dimitrov Babev,"Babev, Vladimir Dimitrov",babev dimitrov vladimir,https://www.imo-official.org/results/individual/country/BGR/
Bulgaria,BGR,Boshko Nentchev,Bakalov,Boshko Nentchev Bakalov,"Bakalov, Boshko Nentchev",bakalov boshko nentchev,https://www.imo-official.org/results/individual/country/BGR/
Bulgaria,BGR,Dessislava,Bakardzieva,Dessislava Bakardzieva,"Bakardzieva, Dessislava",bakardzieva dessislava,https://www.imo-official.org/results/individual/country/BGR/
Bulgaria,BGR,Petr,Balarev,Petr Balarev,"Balarev, Petr",balarev petr,https://www.imo-official.org/results/individual/country/BGR/
Bulgaria,BGR,Aleksandar,Bangachev,Aleksandar Bangachev,"Bangachev, Aleksandar",aleksandar bangachev,https://www.imo-official.org/results/individual/country/BGR/
Bulgaria,BGR,Kiril,Bangachev,Kiril Bangachev,"Bangachev, Kiril",bangachev kiril,https://www.imo-official.org/results/individual/country/BGR/
Bulgaria,BGR,Emil,Baronov,Emil Baronov,"Baronov, Emil",baronov emil,https://www.imo-official.org/results/individual/country/BGR/
Bulgaria,BGR,Vladimir,Barzov,Vladimir Barzov,"Barzov, Vladimir",barzov vladimir,https://www.imo-official.org/results/individual/country/BGR/
Bulgaria,BGR,Evgeni,Belogay,Evgeni Belogay,"Belogay, Evgeni",belogay evgeni,https://www.imo-official.org/results/individual/country/BGR/
Bulgaria,BGR,Nikolay Ivanov,Beluhov,Nikolay Ivanov Beluhov,"Beluhov, Nikolay Ivanov",beluhov ivanov nikolay,https://www.imo-official.org/results/individual/country/BGR/
Bulgaria,BGR,Svetoslav,Biltchev,Svetoslav Biltchev,"Biltchev, Svetoslav",biltchev svetoslav,https://www.imo-official.org/results/individual/country/BGR/
Bulgaria,BGR,Todor,Bojanov,Todor Bojanov,"Bojanov, Todor",bojanov todor,https://www.imo-official.org/results/individual/country/BGR/
Bulgaria,BGR,Nikolai,Budakov,Nikolai Budakov,"Budakov, Nikolai",budakov nikolai,https://www.imo-official.org/results/individual/country/BGR/
Bulgaria,BGR,Henry Ivanov,Budinov,Henry Ivanov Budinov,"Budinov, Henry Ivanov",budinov henry ivanov,https://www.imo-official.org/results/individual/country/BGR/
Bulgaria,BGR,Nikolaj,Bujukliev,Nikolaj Bujukliev,"Bujukliev, Nikolaj",bujukliev nikolaj,https://www.imo-official.org/results/individual/country/BGR/
Bulgaria,BGR,Todor,Bulev,Todor Bulev,"Bulev, Todor",bulev todor,https://www.imo-official.org/results/individual/country/BGR/
Bulgaria,BGR,Stamen,Chakrov,Stamen Chakrov,"Chakrov, Stamen",chakrov stamen,https://www.imo-official.org/results/individual/country/BGR/
Bulgaria,BGR,Nikolai Ivanov,Chavdarov,Nikolai Ivanov Chavdarov,"Chavdarov, Nikolai Ivanov",chavdarov ivanov nikolai,https://www.imo-official.org/results/individual/country/BGR/
Bulgaria,BGR,Aleksandar,Cherganski,Aleksandar Cherganski,"Cherganski, Aleksandar",aleksandar cherganski,https://www.imo-official.org/results/individual/country/BGR/
Bulgaria,BGR,Stanislav,Chobanov,Stanislav Chobanov,"Chobanov, Stanislav",chobanov stanislav,https://www.imo-official.org/results/individual/country/BGR/
Bulgaria,BGR,Kubrat,Danailov,Kubrat Danailov,"Danailov, Kubrat",danailov kubrat,https://www.imo-official.org/results/individual/country/BGR/
Bulgaria,BGR,Dantcho Petzov,Danev,Dantcho Petzov Danev,"Danev, Dantcho Petzov",danev dantcho petzov,https://www.imo-official.org/results/individual/country/BGR/
Bulgaria,BGR,Tschavdar,Dangaltschev,Tschavdar Dangaltschev,"Dangaltschev, Tschavdar",dangaltschev tschavdar,https://www.imo-official.org/results/individual/country/BGR/
Bulgaria,BGR,Aleksandar Kirilov,Daskalov,Aleksandar Kirilov Daskalov,"Daskalov, Aleksandar Kirilov",aleksandar daskalov kirilov,https://www.imo-official.org/results/individual/country/BGR/
Bulgaria,BGR,Vasil Borisov,Daskalov,Vasil Borisov Daskalov,"Daskalov, Vasil Borisov",borisov daskalov vasil,https://www.imo-official.org/results/individual/country/BGR/
Bulgaria,BGR,Borislav,Deianov,Borislav Deianov,"Deianov, Borislav",borislav deianov,https://www.imo-official.org/results/individual/country/BGR/
Bulgaria,BGR,Yoan,Delchev,Yoan Delchev,"Delchev, Yoan",delchev yoan,https://www.imo-official.org/results/individual/country/BGR/
Bulgaria,BGR,Georgi,Demirev,Georgi Demirev,"Demirev, Georgi",demirev georgi,https://www.imo-official.org/results/individual/country/BGR/
Bulgaria,BGR,Dikran,Dikranian,Dikran Dikranian,"Dikranian, Dikran",dikran dikranian,https://www.imo-official.org/results/individual/country/BGR/
Bulgaria,BGR,Milen,Dimchev,Milen Dimchev,"Dimchev, Milen",dimchev milen,https://www.imo-official.org/results/individual/country/BGR/
Bulgaria,BGR,Mitko,Dimitroff,Mitko Dimitroff,"Dimitroff, Mitko",dimitroff mitko,https://www.imo-official.org/results/individual/country/BGR/
Bulgaria,BGR,Bozhidar,Dimitrov,Bozhidar Dimitrov,"Dimitrov, Bozhidar",bozhidar dimitrov,https://www.imo-official.org/results/individual/country/BGR/
Bulgaria,BGR,Dimco,Dimitrov,Dimco Dimitrov,"Dimitrov, Dimco",dimco dimitrov,https://www.imo-official.org/results/individual/country/BGR/
Bulgaria,BGR,Diyan,Dimitrov,Diyan Dimitrov,"Dimitrov, Diyan",dimitrov diyan,https://www.imo-official.org/results/individual/country/BGR/
Bulgaria,BGR,Dobromir,Dimitrov,Dobromir Dimitrov,"Dimitrov, Dobromir",dimitrov dobromir,https://www.imo-official.org/results/individual/country/BGR/
Bulgaria,BGR,Evgeni Simeonov,Dimitrov,Evgeni Simeonov Dimitrov,"Dimitrov, Evgeni Simeonov",dimitrov evgeni simeonov,https://www.imo-official.org/results/individual/country/BGR/
Bulgaria,BGR,Ivan Kolev,Dimitrov,Ivan Kolev Dimitrov,"Dimitrov, Ivan Kolev",dimitrov ivan kolev,https://www.imo-official.org/results/individual/country/BGR/
Bulgaria,BGR,Ljubozar,Dimitrov,Ljubozar Dimitrov,"Dimitrov, Ljubozar",dimitrov ljubozar,https://www.imo-official.org/results/individual/country/BGR/
Bulgaria,BGR,Mladen,Dimitrov,Mladen Dimitrov,"Dimitrov, Mladen",dimitrov mladen,https://www.imo-official.org/results/individual/country/BGR/
Bulgaria,BGR,Valentin,Dimitrov,Valentin Dimitrov,"Dimitrov, Valentin",dimitrov valentin,https://www.imo-official.org/results/individual/country/BGR/
Bulgaria,BGR,Ivan,Dimitrov Dimitrov,Ivan Dimitrov Dimitrov,"Dimitrov Dimitrov, Ivan",dimitrov dimitrov ivan,https://www.imo-official.org/results/individual/country/BGR/
Bulgaria,BGR,Bozidar,Dimitrov Kacarov,Bozidar Dimitrov Kacarov,"Dimitrov Kacarov, Bozidar",bozidar dimitrov kacarov,https://www.imo-official.org/results/individual/country/BGR/
Bulgaria,BGR,Rosen,Dimitrov Kralev,Rosen Dimitrov Kralev,"Dimitrov Kralev, Rosen",dimitrov kralev rosen,https://www.imo-official.org/results/individual/country/BGR/
Bulgaria,BGR,Bilyana,Dimitrova,Bilyana Dimitrova,"Dimitrova, Bilyana",bilyana dimitrova,https://www.imo-official.org/results/individual/country/BGR/
Bulgaria,BGR,Dimo,Dimov,Dimo Dimov,"Dimov, Dimo",dimo dimov,https://www.imo-official.org/results/individual/country/BGR/
Bulgaria,BGR,Georgi,Dimov,Georgi Dimov,"Dimov, Georgi",dimov georgi,https://www.imo-official.org/results/individual/country/BGR/
Bulgaria,BGR,Petev,Dimov,Petev Dimov,"Dimov, Petev",dimov petev,https://www.imo-official.org/results/individual/country/BGR/
Bulgaria,BGR,Atanas,Dinev,Atanas Dinev,"Dinev, Atanas",atanas dinev,https://www.imo-official.org/results/individual/country/BGR/
Bulgaria,BGR,Cuong,Do,Cuong Do,"Do, Cuong",cuong do,https://www.imo-official.org/results/individual/country/BGR/
Bulgaria,BGR,Dobromir,Dobrev,Dobromir Dobrev,"Dobrev, Dobromir",dobrev dobromir,https://www.imo-official.org/results/individual/country/BGR/
Bulgaria,BGR,Tsanko,Donchev,Tsanko Donchev,"Donchev, Tsanko",donchev tsanko,https://www.imo-official.org/results/individual/country/BGR/
Bulgaria,BGR,Detelin,Dossev,Detelin Dossev,"Dossev, Detelin",detelin dossev,https://www.imo-official.org/results/individual/country/BGR/
Bulgaria,BGR,Veselin,Drenski,Veselin Drenski,"Drenski, Veselin",drenski veselin,https://www.imo-official.org/results/individual/country/BGR/
Bulgaria,BGR,Nguyen,Dung,Nguyen Dung,"Dung, Nguyen",dung nguyen,https://www.imo-official.org/results/individual/country/BGR/
Bulgaria,BGR,Avram,Eskenazi,Avram Eskenazi,"Eskenazi, Avram",avram eskenazi,https://www.imo-official.org/results/individual/country/BGR/
Bulgaria,BGR,Boris,Gachevski,Boris Gachevski,"Gachevski, Boris",boris gachevski,https://www.imo-official.org/results/individual/country/BGR/
Bulgaria,BGR,Georgi,Ganchev,Georgi Ganchev,"Ganchev, Georgi",ganchev georgi,https://www.imo-official.org/results/individual/country/BGR/
Bulgaria,BGR,Ivan,Ganev,Ivan Ganev,"Ganev, Ivan",ganev ivan,https://www.imo-official.org/results/individual/country/BGR/
Bulgaria,BGR,Georgi,Gargov,Georgi Gargov,"Gargov, Georgi",gargov georgi,https://www.imo-official.org/results/individual/country/BGR/
Bulgaria,BGR,Konstantin,Garov,Konstantin Garov,"Garov, Konstantin",garov konstantin,https://www.imo-official.org/results/individual/country/BGR/
Bulgaria,BGR,Georgy Ivanov,Georgiev,Georgy Ivanov Georgiev,"Georgiev, Georgy Ivanov",georgiev georgy ivanov,https://www.imo-official.org/results/individual/country/BGR/
Bulgaria,BGR,Peter,Georgiev,Peter Georgiev,"Georgiev, Peter",georgiev peter,https://www.imo-official.org/results/individual/country/BGR/
Bulgaria,BGR,Vladimir,Georgiev,Vladimir Georgiev,"Georgiev, Vladimir",georgiev vladimir,https://www.imo-official.org/results/individual/country/BGR/
Bulgaria,BGR,Krasimir,Georgiev Ianakiev,Krasimir Georgiev Ianakiev,"Georgiev Ianakiev, Krasimir",georgiev ianakiev krasimir,https://www.imo-official.org/results/individual/country/BGR/
Bulgaria,BGR,Dimitar,Grancharov,Dimitar Grancharov,"Grancharov, Dimitar",dimitar grancharov,https://www.imo-official.org/results/individual/country/BGR/
Bulgaria,BGR,Grigor,Grigorov,Grigor Grigorov,"Grigorov, Grigor",grigor grigorov,https://www.imo-official.org/results/individual/country/BGR/
Bulgaria,BGR,Emilia,Grigorova Ivanova,Emilia Grigorova Ivanova,"Grigorova Ivanova, Emilia",emilia grigorova ivanova,https://www.imo-official.org/results/individual/country/BGR/
Bulgaria,BGR,Ivan,Gruvdev Todorov,Ivan Gruvdev Todorov,"Gruvdev Todorov, Ivan",gruvdev ivan todorov,https://www.imo-official.org/results/individual/country/BGR/
Bulgaria,BGR,Stefan,Hadzhistoykov,Stefan Hadzhistoykov,"Hadzhistoykov, Stefan",hadzhistoykov stefan,https://www.imo-official.org/results/individual/country/BGR/
Bulgaria,BGR,Haim,Haimov,Haim Haimov,"Haimov, Haim",haim haimov,https://www.imo-official.org/results/individual/country/BGR/
Bulgaria,BGR,Ivailo,Hartarsky,Ivailo Hartarsky,"Hartarsky, Ivailo",hartarsky ivailo,https://www.imo-official.org/results/individual/country/BGR/
Bulgaria,BGR,Angel,Hristov,Angel Hristov,"Hristov, Angel",angel hristov,https://www.imo-official.org/results/individual/country/BGR/
Bulgaria,BGR,Hristo,Hristov,Hristo Hristov,"Hristov, Hristo",hristo hristov,https://www.imo-official.org/results/individual/country/BGR/
Bulgaria,BGR,Marin,Hristov,Marin Hristov,"Hristov, Marin",hristov marin,https://www.imo-official.org/results/individual/country/BGR/
Bulgaria,BGR,Manol,Iliev,Manol Iliev,"Iliev, Manol",iliev manol,https://www.imo-official.org/results/individual/country/BGR/
Bulgaria,BGR,Plamen,Iliev,Plamen Iliev,"Iliev, Plamen",iliev plamen,https://www.imo-official.org/results/individual/country/BGR/
Bulgaria,BGR,Georgi,Iordanov Vodev,Georgi Iordanov Vodev,"Iordanov Vodev, Georgi",georgi iordanov vodev,https://www.imo-official.org/results/individual/country/BGR/
Bulgaria,BGR,Ivan,Ivanov,Ivan Ivanov,"Ivanov, Ivan",ivan ivanov,https://www.imo-official.org/results/individual/country/BGR/
Bulgaria,BGR,Kamen,Ivanov,Kamen Ivanov,"Ivanov, Kamen",ivanov kamen,https://www.imo-official.org/results/individual/country/BGR/
Bulgaria,BGR,Lozan,Ivanov,Lozan Ivanov,"Ivanov, Lozan",ivanov lozan,https://www.imo-official.org/results/individual/country/BGR/
Bulgaria,BGR,Milen,Ivanov,Milen Ivanov,"Ivanov, Milen",ivanov milen,https://www.imo-official.org/results/individual/country/BGR/
Bulgaria,BGR,Milena,Ivanova,Milena Ivanova,"Ivanova, Milena",ivanova milena,https://www.imo-official.org/results/individual/country/BGR/
Bulgaria,BGR,Nedka,Ivanova,Nedka Ivanova,"Ivanova, Nedka",ivanova nedka,https://www.imo-official.org/results/individual/country/BGR/
Bulgaria,BGR,Dimitar,Jetchev,Dimitar Jetchev,"Jetchev, Dimitar",dimitar jetchev,https://www.imo-official.org/results/individual/country/BGR/
Bulgaria,BGR,Angel Ivanov,Jivkov,Angel Ivanov Jivkov,"Jivkov, Angel Ivanov",angel ivanov jivkov,https://www.imo-official.org/results/individual/country/BGR/
Bulgaria,BGR,Rusi,Jordanov,Rusi Jordanov,"Jordanov, Rusi",jordanov rusi,https://www.imo-official.org/results/individual/country/BGR/
Bulgaria,BGR,Stanislav,Jordanov,Stanislav Jordanov,"Jordanov, Stanislav",jordanov stanislav,https://www.imo-official.org/results/individual/country/BGR/
Bulgaria,BGR,Mihail,Jotov,Mihail Jotov,"Jotov, Mihail",jotov mihail,https://www.imo-official.org/results/individual/country/BGR/
Bulgaria,BGR,Ilija,Kalderov,Ilija Kalderov,"Kalderov, Ilija",ilija kalderov,https://www.imo-official.org/results/individual/country/BGR/
Bulgaria,BGR,Nayden,Kambouchev,Nayden Kambouchev,"Kambouchev, Nayden",kambouchev nayden,https://www.imo-official.org/results/individual/country/BGR/
Bulgaria,BGR,Ludmila,Kamenova,Ludmila Kamenova,"Kamenova, Ludmila",kamenova ludmila,https://www.imo-official.org/results/individual/country/BGR/
Bulgaria,BGR,Yuriy,Kandilarov,Yuriy Kandilarov,"Kandilarov, Yuriy",kandilarov yuriy,https://www.imo-official.org/results/individual/country/BGR/
Bulgaria,BGR,Svetoslav,Karaivanov,Svetoslav Karaivanov,"Karaivanov, Svetoslav",karaivanov svetoslav,https://www.imo-official.org/results/individual/country/BGR/
Bulgaria,BGR,Dimitr,Kasabov,Dimitr Kasabov,"Kasabov, Dimitr",dimitr kasabov,https://www.imo-official.org/results/individual/country/BGR/
Bulgaria,BGR,Evgeni,Kayryakov,Evgeni Kayryakov,"Kayryakov, Evgeni",evgeni kayryakov,https://www.imo-official.org/results/individual/country/BGR/
Bulgaria,BGR,Petko,Kazandzhiev,Petko Kazandzhiev,"Kazandzhiev, Petko",kazandzhiev petko,https://www.imo-official.org/results/individual/country/BGR/
Bulgaria,BGR,Borislav,Kirilov,Borislav Kirilov,"Kirilov, Borislav",borislav kirilov,https://www.imo-official.org/results/individual/country/BGR/
Bulgaria,BGR,Artur,Kirkorian,Artur Kirkorian,"Kirkorian, Artur",artur kirkorian,https://www.imo-official.org/results/individual/country/BGR/
Bulgaria,BGR,Nikolai,Kitev,Nikolai Kitev,"Kitev, Nikolai",kitev nikolai,https://www.imo-official.org/results/individual/country/BGR/
Bulgaria,BGR,Kamen,Koev,Kamen Koev,"Koev, Kamen",kamen koev,https://www.imo-official.org/results/individual/country/BGR/
Bulgaria,BGR,Plamen,Koev,Plamen Koev,"Koev, Plamen",koev plamen,https://www.imo-official.org/results/individual/country/BGR/
Bulgaria,BGR,Peter,Kopanov,Peter Kopanov,"Kopanov, Peter",kopanov peter,https://www.imo-official.org/results/individual/country/BGR/
Bulgaria,BGR,Martin,Kopchev,Martin Kopchev,"Kopchev, Martin",kopchev martin,https://www.imo-official.org/results/individual/country/BGR/
Bulgaria,BGR,Ivaylo,Kortezov,Ivaylo Kortezov,"Kortezov, Ivaylo",ivaylo kortezov,https://www.imo-official.org/results/individual/country/BGR/
Bulgaria,BGR,Kostadin Nedelchev,Koruchev,Kostadin Nedelchev Koruchev,"Koruchev, Kostadin Nedelchev",koruchev kostadin nedelchev,https://www.imo-official.org/results/individual/country/BGR/
Bulgaria,BGR,Plamen Emilov,Koshlvkov,Plamen Emilov Koshlvkov,"Koshlvkov, Plamen Emilov",emilov koshlvkov plamen,https://www.imo-official.org/results/individual/country/BGR/
Bulgaria,BGR,Iavor Kolev,Kostadinov,Iavor Kolev Kostadinov,"Kostadinov, Iavor Kolev",iavor kolev kostadinov,https://www.imo-official.org/results/individual/country/BGR/
Bulgaria,BGR,Victor,Kostadinov,Victor Kostadinov,"Kostadinov, Victor",kostadinov victor,https://www.imo-official.org/results/individual/country/BGR/
Bulgaria,BGR,Dimiter,Kostadinov Statelov,Dimiter Kostadinov Statelov,"Kostadinov Statelov, Dimiter",dimiter kostadinov statelov,https://www.imo-official.org/results/individual/country/BGR/
Bulgaria,BGR,Stoykov,Kostov,Stoykov Kostov,"Kostov, Stoykov",kostov stoykov,https://www.imo-official.org/results/individual/country/BGR/
Bulgaria,BGR,Vladimir,Kostov,Vladimir Kostov,"Kostov, Vladimir",kostov vladimir,https://www.imo-official.org/results/individual/country/BGR/
Bulgaria,BGR,Boris,Kovachev,Boris Kovachev,"Kovachev, Boris",boris kovachev,https://www.imo-official.org/results/individual/country/BGR/
Bulgaria,BGR,Valeri,Kovachev,Valeri Kovachev,"Kovachev, Valeri",kovachev valeri,https://www.imo-official.org/results/individual/country/BGR/
Bulgaria,BGR,Kostadin,Krachanov,Kostadin Krachanov,"Krachanov, Kostadin",kostadin krachanov,https://www.imo-official.org/results/individual/country/BGR/
Bulgaria,BGR,Ludmila,Krasteva,Ludmila Krasteva,"Krasteva, Ludmila",krasteva ludmila,https://www.imo-official.org/results/individual/country/BGR/
Bulgaria,BGR,Oleg,Krestev Mushkarov,Oleg Krestev Mushkarov,"Krestev Mushkarov, Oleg",krestev mushkarov oleg,https://www.imo-official.org/results/individual/country/BGR/
Bulgaria,BGR,Nikolay,Kumanov,Nikolay Kumanov,"Kumanov, Nikolay",kumanov nikolay,https://www.imo-official.org/results/individual/country/BGR/
Bulgaria,BGR,Kristofor,Kuzhuharov,Kristofor Kuzhuharov,"Kuzhuharov, Kristofor",kristofor kuzhuharov,https://www.imo-official.org/results/individual/country/BGR/
Bulgaria,BGR,Borislav,Lazarov,Borislav Lazarov,"Lazarov, Borislav",borislav lazarov,https://www.imo-official.org/results/individual/country/BGR/
Bulgaria,BGR,Petko,Lazarov,Petko Lazarov,"Lazarov, Petko",lazarov petko,https://www.imo-official.org/results/individual/country/BGR/
Bulgaria,BGR,Lyuben,Lichev,Lyuben Lichev,"Lichev, Lyuben",lichev lyuben,https://www.imo-official.org/results/individual/country/BGR/
Bulgaria,BGR,Aleksandar Dimitrov,Lishkov,Aleksandar Dimitrov Lishkov,"Lishkov, Aleksandar Dimitrov",aleksandar dimitrov lishkov,https://www.imo-official.org/results/individual/country/BGR/
Bulgaria,BGR,Aleksandar,Makelov,Aleksandar Makelov,"Makelov, Aleksandar",aleksandar makelov,https://www.imo-official.org/results/individual/country/BGR/
Bulgaria,BGR,Rumen,Maleev,Rumen Maleev,"Maleev, Rumen",maleev rumen,https://www.imo-official.org/results/individual/country/BGR/
Bulgaria,BGR,Augustin M.,Marinov,Augustin M. Marinov,"Marinov, Augustin M.",augustin m marinov,https://www.imo-official.org/results/individual/country/BGR/
Bulgaria,BGR,Marin Ivanov,Marinov,Marin Ivanov Marinov,"Marinov, Marin Ivanov",ivanov marin marinov,https://www.imo-official.org/results/individual/country/BGR/
Bulgaria,BGR,Bojan,Marinov Bonev,Bojan Marinov Bonev,"Marinov Bonev, Bojan",bojan bonev marinov,https://www.imo-official.org/results/individual/country/BGR/
Bulgaria,BGR,Ivaylo,Marinov Nedelchev,Ivaylo Marinov Nedelchev,"Marinov Nedelchev, Ivaylo",ivaylo marinov nedelchev,https://www.imo-official.org/results/individual/country/BGR/
Bulgaria,BGR,Kraemir,Markov,Kraemir Markov,"Markov, Kraemir",kraemir markov,https://www.imo-official.org/results/individual/country/BGR/
Bulgaria,BGR,Todor Mihaylov,Markov,Todor Mihaylov Markov,"Markov, Todor Mihaylov",markov mihaylov todor,https://www.imo-official.org/results/individual/country/BGR/
Bulgaria,BGR,Todor Sivkov,Markov,Todor Sivkov Markov,"Markov, Todor Sivkov",markov sivkov todor,https://www.imo-official.org/results/individual/country/BGR/
Bulgaria,BGR,Denitsa,Markova,Denitsa Markova,"Markova, Denitsa",denitsa markova,https://www.imo-official.org/results/individual/country/BGR/
Bulgaria,BGR,Vesselin,Markovich,Vesselin Markovich,"Markovich, Vesselin",markovich vesselin,https://www.imo-official.org/results/individual/country/BGR/
Bulgaria,BGR,Rumen,Marshov,Rumen Marshov,"Marshov, Rumen",marshov rumen,https://www.imo-official.org/results/individual/country/BGR/
Bulgaria,BGR,Nikolaii B.,Mateev,Nikolaii B. Mateev,"Mateev, Nikolaii B.",b mateev nikolaii,https://www.imo-official.org/results/individual/country/BGR/
Bulgaria,BGR,Dechko,Matev,Dechko Matev,"Matev, Dechko",dechko matev,https://www.imo-official.org/results/individual/country/BGR/
Bulgaria,BGR,Ivan-Aleksandar,Mavrov,Ivan-Aleksandar Mavrov,"Mavrov, Ivan-Aleksandar",aleksandar ivan mavrov,https://www.imo-official.org/results/individual/country/BGR/
Bulgaria,BGR,Vladimir,Mihailov,Vladimir Mihailov,"Mihailov, Vladimir",mihailov vladimir,https://www.imo-official.org/results/individual/country/BGR/
Bulgaria,BGR,Diko B.,Mihov,Diko B. Mihov,"Mihov, Diko B.",b diko mihov,https://www.imo-official.org/results/individual/country/BGR/
Bulgaria,BGR,Vladimir B.,Mihov,Vladimir B. Mihov,"Mihov, Vladimir B.",b mihov vladimir,https://www.imo-official.org/results/individual/country/BGR/
Bulgaria,BGR,Todor,Milanov,Todor Milanov,"Milanov, Todor",milanov todor,https://www.imo-official.org/results/individual/country/BGR/
Bulgaria,BGR,Emil,Milanov Kolev,Emil Milanov Kolev,"Milanov Kolev, Emil",emil kolev milanov,https://www.imo-official.org/results/individual/country/BGR/
Bulgaria,BGR,Nedelcho,Milev,Nedelcho Milev,"Milev, Nedelcho",milev nedelcho,https://www.imo-official.org/results/individual/country/BGR/
Bulgaria,BGR,Garabed,Minasiev,Garabed Minasiev,"Minasiev, Garabed",garabed minasiev,https://www.imo-official.org/results/individual/country/BGR/
Bulgaria,BGR,Hristo,Minchev,Hristo Minchev,"Minchev, Hristo",hristo minchev,https://www.imo-official.org/results/individual/country/BGR/
Bulgaria,BGR,Kristian,Minchev,Kristian Minchev,"Minchev, Kristian",kristian minchev,https://www.imo-official.org/results/individual/country/BGR/
Bulgaria,BGR,Milena,Moskova,Milena Moskova,"Moskova, Milena",milena moskova,https://www.imo-official.org/results/individual/country/BGR/
Bulgaria,BGR,Isvetan,Motev,Isvetan Motev,"Motev, Isvetan",isvetan motev,https://www.imo-official.org/results/individual/country/BGR/
Bulgaria,BGR,Angel,Muleshkov,Angel Muleshkov,"Muleshkov, Angel",angel muleshkov,https://www.imo-official.org/results/individual/country/BGR/
Bulgaria,BGR,Atanass,Naidenov,Atanass Naidenov,"Naidenov, Atanass",atanass naidenov,https://www.imo-official.org/results/individual/country/BGR/
Bulgaria,BGR,Violeta,Naydenova,Violeta Naydenova,"Naydenova, Violeta",naydenova violeta,https://www.imo-official.org/results/individual/country/BGR/
Bulgaria,BGR,Dimitar,Nedelchev Simeonov,Dimitar Nedelchev Simeonov,"Nedelchev Simeonov, Dimitar",dimitar nedelchev simeonov,https://www.imo-official.org/results/individual/country/BGR/
Bulgaria,BGR,Georgi Shivkov,Nedev,Georgi Shivkov Nedev,"Nedev, Georgi Shivkov",georgi nedev shivkov,https://www.imo-official.org/results/individual/country/BGR/
Bulgaria,BGR,Alexander,Nenov Ivanov,Alexander Nenov Ivanov,"Nenov Ivanov, Alexander",alexander ivanov nenov,https://www.imo-official.org/results/individual/country/BGR/
Bulgaria,BGR,Pavlena,Nenova,Pavlena Nenova,"Nenova, Pavlena",nenova pavlena,https://www.imo-official.org/results/individual/country/BGR/
Bulgaria,BGR,Dimitr,Nichev,Dimitr Nichev,"Nichev, Dimitr",dimitr nichev,https://www.imo-official.org/results/individual/country/BGR/
Bulgaria,BGR,Anko,Nikolov,Anko Nikolov,"Nikolov, Anko",anko nikolov,https://www.imo-official.org/results/individual/country/BGR/
Bulgaria,BGR,George,Nikolov,George Nikolov,"Nikolov, George",george nikolov,https://www.imo-official.org/results/individual/country/BGR/
Bulgaria,BGR,Ivo,Nikolov,Ivo Nikolov,"Nikolov, Ivo",ivo nikolov,https://www.imo-official.org/results/individual/country/BGR/
Bulgaria,BGR,Nikolay,Nikolov,Nikolay Nikolov,"Nikolov, Nikolay",nikolay nikolov,https://www.imo-official.org/results/individual/country/BGR/
Bulgaria,BGR,Rossen Asenov,Nikolov,Rossen Asenov Nikolov,"Nikolov, Rossen Asenov",asenov nikolov rossen,https://www.imo-official.org/results/individual/country/BGR/
Bulgaria,BGR,Hristo,Nikolov Lesov,Hristo Nikolov Lesov,"Nikolov Lesov, Hristo",hristo lesov nikolov,https://www.imo-official.org/results/individual/country/BGR/
Bulgaria,BGR,Iliyas,Noman,Iliyas Noman,"Noman, Iliyas",iliyas noman,https://www.imo-official.org/results/individual/country/BGR/
Bulgaria,BGR,Boris,Pachev,Boris Pachev,"Pachev, Boris",boris pachev,https://www.imo-official.org/results/individual/country/BGR/
Bulgaria,BGR,Lyuboslav Nikolaev,Panchev,Lyuboslav Nikolaev Panchev,"Panchev, Lyuboslav Nikolaev",lyuboslav nikolaev panchev,https://www.imo-official.org/results/individual/country/BGR/
Bulgaria,BGR,Greta,Panova,Greta Panova,"Panova, Greta",greta panova,https://www.imo-official.org/results/individual/country/BGR/
Bulgaria,BGR,Hristo,Papazov,Hristo Papazov,"Papazov, Hristo",hristo papazov,https://www.imo-official.org/results/individual/country/BGR/
Bulgaria,BGR,Petr,Pashkov,Petr Pashkov,"Pashkov, Petr",pashkov petr,https://www.imo-official.org/results/individual/country/BGR/
Bulgaria,BGR,Donka,Pashkuleva,Donka Pashkuleva,"Pashkuleva, Donka",donka pashkuleva,https://www.imo-official.org/results/individual/country/BGR/
Bulgaria,BGR,Ljubomir,Pavlov,Ljubomir Pavlov,"Pavlov, Ljubomir",ljubomir pavlov,https://www.imo-official.org/results/individual/country/BGR/
Bulgaria,BGR,Radoslav,Pavlov,Radoslav Pavlov,"Pavlov, Radoslav",pavlov radoslav,https://www.imo-official.org/results/individual/country/BGR/
Bulgaria,BGR,Nikolay,Penev,Nikolay Penev,"Penev, Nikolay",nikolay penev,https://www.imo-official.org/results/individual/country/BGR/
Bulgaria,BGR,Petar,Penkov,Petar Penkov,"Penkov, Petar",penkov petar,https://www.imo-official.org/results/individual/country/BGR/
Bulgaria,BGR,Tsvetana,Penkovska,Tsvetana Penkovska,"Penkovska, Tsvetana",penkovska tsvetana,https://www.imo-official.org/results/individual/country/BGR/
Bulgaria,BGR,Todor,Petkov Mitev,Todor Petkov Mitev,"Petkov Mitev, Todor",mitev petkov todor,https://www.imo-official.org/results/individual/country/BGR/
Bulgaria,BGR,Ivan,Petrakiev,Ivan Petrakiev,"Petrakiev, Ivan",ivan petrakiev,https://www.imo-official.org/results/individual/country/BGR/
Bulgaria,BGR,Ivo,Petrov,Ivo Petrov,"Petrov, Ivo",ivo petrov,https://www.imo-official.org/results/individual/country/BGR/
Bulgaria,BGR,Petr,Petrov,Petr Petrov,"Petrov, Petr",petr petrov,https://www.imo-official.org/results/individual/country/BGR/
Bulgaria,BGR,Zvetoslav Alipiev,Petrov,Zvetoslav Alipiev Petrov,"Petrov, Zvetoslav Alipiev",alipiev petrov zvetoslav,https://www.imo-official.org/results/individual/country/BGR/
Bulgaria,BGR,Dragomir,Peykov,Dragomir Peykov,"Peykov, Dragomir",dragomir peykov,https://www.imo-official.org/results/individual/country/BGR/
Bulgaria,BGR,Alexandar,Popov,Alexandar Popov,"Popov, Alexandar",alexandar popov,https://www.imo-official.org/results/individual/country/BGR/
Bulgaria,BGR,Evgeni,Popov,Evgeni Popov,"Popov, Evgeni",evgeni popov,https://www.imo-official.org/results/individual/country/BGR/
Bulgaria,BGR,Georgi,Popov,Georgi Popov,"Popov, Georgi",georgi popov,https://www.imo-official.org/results/individual/country/BGR/
Bulgaria,BGR,Vladimir,Popov,Vladimir Popov,"Popov, Vladimir",popov vladimir,https://www.imo-official.org/results/individual/country/BGR/
Bulgaria,BGR,Breizitsa,Popova,Breizitsa Popova,"Popova, Breizitsa",breizitsa popova,https://www.imo-official.org/results/individual/country/BGR/
Bulgaria,BGR,Milka,Popova,Milka Popova,"Popova, Milka",milka popova,https://www.imo-official.org/results/individual/country/BGR/
Bulgaria,BGR,Rumiana,Proikova,Rumiana Proikova,"Proikova, Rumiana",proikova rumiana,https://www.imo-official.org/results/individual/country/BGR/
Bulgaria,BGR,Petko,Proinev,Petko Proinev,"Proinev, Petko",petko proinev,https://www.imo-official.org/results/individual/country/BGR/
Bulgaria,BGR,Ivan,Pulev,Ivan Pulev,"Pulev, Ivan",ivan pulev,https://www.imo-official.org/results/individual/country/BGR/
Bulgaria,BGR,Teodor,Radenkov,Teodor Radenkov,"Radenkov, Teodor",radenkov teodor,https://www.imo-official.org/results/individual/country/BGR/
Bulgaria,BGR,Viktor,Radivchev,Viktor Radivchev,"Radivchev, Viktor",radivchev viktor,https://www.imo-official.org/results/individual/country/BGR/
Bulgaria,BGR,Radenko,Radkov,Radenko Radkov,"Radkov, Radenko",radenko radkov,https://www.imo-official.org/results/individual/country/BGR/
Bulgaria,BGR,Rafael,Rafailov,Rafael Rafailov,"Rafailov, Rafael",rafael rafailov,https://www.imo-official.org/results/individual/country/BGR/
Bulgaria,BGR,Dobromir,Rahnev,Dobromir Rahnev,"Rahnev, Dobromir",dobromir rahnev,https://www.imo-official.org/results/individual/country/BGR/
Bulgaria,BGR,Kalin,Rahnev,Kalin Rahnev,"Rahnev, Kalin",kalin rahnev,https://www.imo-official.org/results/individual/country/BGR/
Bulgaria,BGR,Peter,Raschkov,Peter Raschkov,"Raschkov, Peter",peter raschkov,https://www.imo-official.org/results/individual/country/BGR/
Bulgaria,BGR,Nadezhda,Ribarska,Nadezhda Ribarska,"Ribarska, Nadezhda",nadezhda ribarska,https://www.imo-official.org/results/individual/country/BGR/
Bulgaria,BGR,Elina Mihaylova,Robeva,Elina Mihaylova Robeva,"Robeva, Elina Mihaylova",elina mihaylova robeva,https://www.imo-official.org/results/individual/country/BGR/
Bulgaria,BGR,Emiliyan,Rogachev,Emiliyan Rogachev,"Rogachev, Emiliyan",emiliyan rogachev,https://www.imo-official.org/results/individual/country/BGR/
Bulgaria,BGR,Svetlozar,Rulinski,Svetlozar Rulinski,"Rulinski, Svetlozar",rulinski svetlozar,https://www.imo-official.org/results/individual/country/BGR/
Bulgaria,BGR,Kiril,Sakaliyski,Kiril Sakaliyski,"Sakaliyski, Kiril",kiril sakaliyski,https://www.imo-official.org/results/individual/country/BGR/
Bulgaria,BGR,Bozhidar,Sakarev,Bozhidar Sakarev,"Sakarev, Bozhidar",bozhidar sakarev,https://www.imo-official.org/results/individual/country/BGR/
Bulgaria,BGR,Svetoslav,Savchev,Svetoslav Savchev,"Savchev, Svetoslav",savchev svetoslav,https://www.imo-official.org/results/individual/country/BGR/
Bulgaria,BGR,Diana,Sganeva,Diana Sganeva,"Sganeva, Diana",diana sganeva,https://www.imo-official.org/results/individual/country/BGR/
Bulgaria,BGR,Risko,Shikov,Risko Shikov,"Shikov, Risko",risko shikov,https://www.imo-official.org/results/individual/country/BGR/
Bulgaria,BGR,Iasen P.,Siderov,Iasen P. Siderov,"Siderov, Iasen P.",iasen p siderov,https://www.imo-official.org/results/individual/country/BGR/
Bulgaria,BGR,Deyan Stanislavov,Simeonov,Deyan Stanislavov Simeonov,"Simeonov, Deyan Stanislavov",deyan simeonov stanislavov,https://www.imo-official.org/results/individual/country/BGR/
Bulgaria,BGR,Ivan,Simeonov,Ivan Simeonov,"Simeonov, Ivan",ivan simeonov,https://www.imo-official.org/results/individual/country/BGR/
Bulgaria,BGR,Ivo,Simeonov,Ivo Simeonov,"Simeonov, Ivo",ivo simeonov,https://www.imo-official.org/results/individual/country/BGR/
Bulgaria,BGR,Pavel,Simeonov,Pavel Simeonov,"Simeonov, Pavel",pavel simeonov,https://www.imo-official.org/results/individual/country/BGR/
Bulgaria,BGR,Galia,Simeonova,Galia Simeonova,"Simeonova, Galia",galia simeonova,https://www.imo-official.org/results/individual/country/BGR/
Bulgaria,BGR,Kaloyan,Slavov,Kaloyan Slavov,"Slavov, Kaloyan",kaloyan slavov,https://www.imo-official.org/results/individual/country/BGR/
Bulgaria,BGR,Stanislav,Slavov,Stanislav Slavov,"Slavov, Stanislav",slavov stanislav,https://www.imo-official.org/results/individual/country/BGR/
Bulgaria,BGR,Zdravko,Slavov,Zdravko Slavov,"Slavov, Zdravko",slavov zdravko,https://www.imo-official.org/results/individual/country/BGR/
Bulgaria,BGR,Vesko,Spasov,Vesko Spasov,"Spasov, Vesko",spasov vesko,https://www.imo-official.org/results/individual/country/BGR/
Bulgaria,BGR,Bogdan,Stankov,Bogdan Stankov,"Stankov, Bogdan",bogdan stankov,https://www.imo-official.org/results/individual/country/BGR/
Bulgaria,BGR,Svetozar Zlatkov,Stankov,Svetozar Zlatkov Stankov,"Stankov, Svetozar Zlatkov",stankov svetozar zlatkov,https://www.imo-official.org/results/individual/country/BGR/
Bulgaria,BGR,Zvezdelina,Stankova,Zvezdelina Stankova,"Stankova, Zvezdelina",stankova zvezdelina,https://www.imo-official.org/results/individual/country/BGR/
Bulgaria,BGR,Galin,Statev,Galin Statev,"Statev, Galin",galin statev,https://www.imo-official.org/results/individual/country/BGR/
Bulgaria,BGR,Hristo,Staykov,Hristo Staykov,"Staykov, Hristo",hristo staykov,https://www.imo-official.org/results/individual/country/BGR/
Bulgaria,BGR,Andrey,Stefanov,Andrey Stefanov,"Stefanov, Andrey",andrey stefanov,https://www.imo-official.org/results/individual/country/BGR/
Bulgaria,BGR,Plamen Dimitrov,Stefanov,Plamen Dimitrov Stefanov,"Stefanov, Plamen Dimitrov",dimitrov plamen stefanov,https://www.imo-official.org/results/individual/country/BGR/
Bulgaria,BGR,Stefan,Stiochev,Stefan Stiochev,"Stiochev, Stefan",stefan stiochev,https://www.imo-official.org/results/individual/country/BGR/
Bulgaria,BGR,Nikolai,Stoev,Nikolai Stoev,"Stoev, Nikolai",nikolai stoev,https://www.imo-official.org/results/individual/country/BGR/
Bulgaria,BGR,Atanaska,Stoianova,Atanaska Stoianova,"Stoianova, Atanaska",atanaska stoianova,https://www.imo-official.org/results/individual/country/BGR/
Bulgaria,BGR,Virdzhinia,Stoinova Hristova,Virdzhinia Stoinova Hristova,"Stoinova Hristova, Virdzhinia",hristova stoinova virdzhinia,https://www.imo-official.org/results/individual/country/BGR/
Bulgaria,BGR,Todor,Stojanov,Todor Stojanov,"Stojanov, Todor",stojanov todor,https://www.imo-official.org/results/individual/country/BGR/
Bulgaria,BGR,Iliya,T. Kraichev,Iliya T. Kraichev,"T. Kraichev, Iliya",iliya kraichev t,https://www.imo-official.org/results/individual/country/BGR/
Bulgaria,BGR,Iordan,Tabov,Iordan Tabov,"Tabov, Iordan",iordan tabov,https://www.imo-official.org/results/individual/country/BGR/
Bulgaria,BGR,Pavel,Tadeev Glasnov,Pavel Tadeev Glasnov,"Tadeev Glasnov, Pavel",glasnov pavel tadeev,https://www.imo-official.org/results/individual/country/BGR/
Bulgaria,BGR,Ivan,Tagarev,Ivan Tagarev,"Tagarev, Ivan",ivan tagarev,https://www.imo-official.org/results/individual/country/BGR/
Bulgaria,BGR,Miroslav Svetoslav,Tanusev,Miroslav Svetoslav Tanusev,"Tanusev, Miroslav Svetoslav",miroslav svetoslav tanusev,https://www.imo-official.org/results/individual/country/BGR/
Bulgaria,BGR,Rayko,Tchalkov,Rayko Tchalkov,"Tchalkov, Rayko",rayko tchalkov,https://www.imo-official.org/results/individual/country/BGR/
Bulgaria,BGR,Vladimir,Tchalkov,Vladimir Tchalkov,"Tchalkov, Vladimir",tchalkov vladimir,https://www.imo-official.org/results/individual/country/BGR/
Bulgaria,BGR,Milen Iakimov,Tchernev,Milen Iakimov Tchernev,"Tchernev, Milen Iakimov",iakimov milen tchernev,https://www.imo-official.org/results/individual/country/BGR/
Bulgaria,BGR,Alexander,Tenev,Alexander Tenev,"Tenev, Alexander",alexander tenev,https://www.imo-official.org/results/individual/country/BGR/
Bulgaria,BGR,Stepan,Terzijan,Stepan Terzijan,"Terzijan, Stepan",stepan terzijan,https://www.imo-official.org/results/individual/country/BGR/
Bulgaria,BGR,Ivan,Titelnikov,Ivan Titelnikov,"Titelnikov, Ivan",ivan titelnikov,https://www.imo-official.org/results/individual/country/BGR/
Bulgaria,BGR,Emanuil,Todorov,Emanuil Todorov,"Todorov, Emanuil",emanuil todorov,https://www.imo-official.org/results/individual/country/BGR/
Bulgaria,BGR,Todor,Todorov,Todor Todorov,"Todorov, Todor",todor todorov,https://www.imo-official.org/results/individual/country/BGR/
Bulgaria,BGR,Vladimir,Todorov,Vladimir Todorov,"Todorov, Vladimir",todorov vladimir,https://www.imo-official.org/results/individual/country/BGR/
Bulgaria,BGR,Valeri,Trifonov,Valeri Trifonov,"Trifonov, Valeri",trifonov valeri,https://www.imo-official.org/results/individual/country/BGR/
Bulgaria,BGR,Ognjan,Trifunov,Ognjan Trifunov,"Trifunov, Ognjan",ognjan trifunov,https://www.imo-official.org/results/individual/country/BGR/
Bulgaria,BGR,Krasimir,Trkalanov,Krasimir Trkalanov,"Trkalanov, Krasimir",krasimir trkalanov,https://www.imo-official.org/results/individual/country/BGR/
Bulgaria,BGR,Nicola,Tsachev,Nicola Tsachev,"Tsachev, Nicola",nicola tsachev,https://www.imo-official.org/results/individual/country/BGR/
Bulgaria,BGR,Dragomir,Tsakov,Dragomir Tsakov,"Tsakov, Dragomir",dragomir tsakov,https://www.imo-official.org/results/individual/country/BGR/
Bulgaria,BGR,Miroslav,Tsanov Iotov,Miroslav Tsanov Iotov,"Tsanov Iotov, Miroslav",iotov miroslav tsanov,https://www.imo-official.org/results/individual/country/BGR/
Bulgaria,BGR,Iliya,Tsekov,Iliya Tsekov,"Tsekov, Iliya",iliya tsekov,https://www.imo-official.org/results/individual/country/BGR/
Bulgaria,BGR,Tseno,Tselkov,Tseno Tselkov,"Tselkov, Tseno",tselkov tseno,https://www.imo-official.org/results/individual/country/BGR/
Bulgaria,BGR,Dimiter,Tsvetkov,Dimiter Tsvetkov,"Tsvetkov, Dimiter",dimiter tsvetkov,https://www.imo-official.org/results/individual/country/BGR/
Bulgaria,BGR,Tzvetelina Kirilova,Tzeneva,Tzvetelina Kirilova Tzeneva,"Tzeneva, Tzvetelina Kirilova",kirilova tzeneva tzvetelina,https://www.imo-official.org/results/individual/country/BGR/
Bulgaria,BGR,Dobrin Ruslanov,Urumov,Dobrin Ruslanov Urumov,"Urumov, Dobrin Ruslanov",dobrin ruslanov urumov,https://www.imo-official.org/results/individual/country/BGR/
Bulgaria,BGR,Borislav Atanasov,Valkov,Borislav Atanasov Valkov,"Valkov, Borislav Atanasov",atanasov borislav valkov,https://www.imo-official.org/results/individual/country/BGR/
Bulgaria,BGR,Victor,Valov,Victor Valov,"Valov, Victor",valov victor,https://www.imo-official.org/results/individual/country/BGR/
Bulgaria,BGR,Kristiyan,Vasilev,Kristiyan Vasilev,"Vasilev, Kristiyan",kristiyan vasilev,https://www.imo-official.org/results/individual/country/BGR/
Bulgaria,BGR,Ilia,Vassilev,Ilia Vassilev,"Vassilev, Ilia",ilia vassilev,https://www.imo-official.org/results/individual/country/BGR/
Bulgaria,BGR,Veselin Vladislavov,Vavrek,Veselin Vladislavov Vavrek,"Vavrek, Veselin Vladislavov",vavrek veselin vladislavov,https://www.imo-official.org/results/individual/country/BGR/
Bulgaria,BGR,Lidia,Vaštinska,Lidia Vaštinska,"Vaštinska, Lidia",lidia vastinska,https://www.imo-official.org/results/individual/country/BGR/
Bulgaria,BGR,Nikola,Vedelev,Nikola Vedelev,"Vedelev, Nikola",nikola vedelev,https://www.imo-official.org/results/individual/country/BGR/
Bulgaria,BGR,Ivan,Velev,Ivan Velev,"Velev, Ivan",ivan velev,https://www.imo-official.org/results/individual/country/BGR/
Bulgaria,BGR,Ivan S.,Velev,Ivan S. Velev,"Velev, Ivan S.",ivan s velev,https://www.imo-official.org/results/individual/country/BGR/
Bulgaria,BGR,Jivko D.,Velev,Jivko D. Velev,"Velev, Jivko D.",d jivko velev,https://www.imo-official.org/results/individual/country/BGR/
Bulgaria,BGR,Panaiot,Vlaev,Panaiot Vlaev,"Vlaev, Panaiot",panaiot vlaev,https://www.imo-official.org/results/individual/country/BGR/
Bulgaria,BGR,Yordan,Yordanov,Yordan Yordanov,"Yordanov, Yordan",yordan yordanov,https://www.imo-official.org/results/individual/country/BGR/
Bulgaria,BGR,Vladimir,Zaimov,Vladimir Zaimov,"Zaimov, Vladimir",vladimir zaimov,https://www.imo-official.org/results/individual/country/BGR/
Bulgaria,BGR,Rumen,Zarev,Rumen Zarev,"Zarev, Rumen",rumen zarev,https://www.imo-official.org/results/individual/country/BGR/
Bulgaria,BGR,Zhivko,Zhechev,Zhivko Zhechev,"Zhechev, Zhivko",zhechev zhivko,https://www.imo-official.org/results/individual/country/BGR/
Bulgaria,BGR,Veselin,Zhilkov,Veselin Zhilkov,"Zhilkov, Veselin",veselin zhilkov,https://www.imo-official.org/results/individual/country/BGR/
Bulgaria,BGR,Angel,Zhivkov,Angel Zhivkov,"Zhivkov, Angel",angel zhivkov,https://www.imo-official.org/results/individual/country/BGR/
Bulgaria,BGR,Rafail,Zlatarov,Rafail Zlatarov,"Zlatarov, Rafail",rafail zlatarov,https://www.imo-official.org/results/individual/country/BGR/
Bulgaria,BGR,Kiril,Zulyamski,Kiril Zulyamski,"Zulyamski, Kiril",kiril zulyamski,https://www.imo-official.org/results/individual/country/BGR/
Canada,CAN,Ansh,Agarwal,Ansh Agarwal,"Agarwal, Ansh",agarwal ansh,https://www.imo-official.org/results/individual/country/CAN/
Canada,CAN,Etsuko,Amano,Etsuko Amano,"Amano, Etsuko",amano etsuko,https://www.imo-official.org/results/individual/country/CAN/
Canada,CAN,David,Arthur,David Arthur,"Arthur, David",arthur david,https://www.imo-official.org/results/individual/country/CAN/
Canada,CAN,David,Ash,David Ash,"Ash, David",ash david,https://www.imo-official.org/results/individual/country/CAN/
Canada,CAN,Ryan,Bai,Ryan Bai,"Bai, Ryan",bai ryan,https://www.imo-official.org/results/individual/country/CAN/
Canada,CAN,Arthur,Baragar,Arthur Baragar,"Baragar, Arthur",arthur baragar,https://www.imo-official.org/results/individual/country/CAN/
Canada,CAN,Farzin,Barekat,Farzin Barekat,"Barekat, Farzin",barekat farzin,https://www.imo-official.org/results/individual/country/CAN/
Canada,CAN,Robert,Barrington Leigh,Robert Barrington Leigh,"Barrington Leigh, Robert",barrington leigh robert,https://www.imo-official.org/results/individual/country/CAN/
Canada,CAN,Dhruv,Basu,Dhruv Basu,"Basu, Dhruv",basu dhruv,https://www.imo-official.org/results/individual/country/CAN/
Canada,CAN,Warren,Bei,Warren Bei,"Bei, Warren",bei warren,https://www.imo-official.org/results/individual/country/CAN/
Canada,CAN,David,Bernier,David Bernier,"Bernier, David",bernier david,https://www.imo-official.org/results/individual/country/CAN/
Canada,CAN,Adrian,Birka,Adrian Birka,"Birka, Adrian",adrian birka,https://www.imo-official.org/results/individual/country/CAN/
Canada,CAN,Olena,Bormashenko,Olena Bormashenko,"Bormashenko, Olena",bormashenko olena,https://www.imo-official.org/results/individual/country/CAN/
Canada,CAN,John,Bowman,John Bowman,"Bowman, John",bowman john,https://www.imo-official.org/results/individual/country/CAN/
Canada,CAN,Mike,Bradley,Mike Bradley,"Bradley, Mike",bradley mike,https://www.imo-official.org/results/individual/country/CAN/
Canada,CAN,Matthew,Brennan,Matthew Brennan,"Brennan, Matthew",brennan matthew,https://www.imo-official.org/results/individual/country/CAN/
Canada,CAN,Robert,Bridson,Robert Bridson,"Bridson, Robert",bridson robert,https://www.imo-official.org/results/individual/country/CAN/
Canada,CAN,Danny,Brown,Danny Brown,"Brown, Danny",brown danny,https://www.imo-official.org/results/individual/country/CAN/
Canada,CAN,Daniel,Brox,Daniel Brox,"Brox, Daniel",brox daniel,https://www.imo-official.org/results/individual/country/CAN/
Canada,CAN,Todd,Cardno,Todd Cardno,"Cardno, Todd",cardno todd,https://www.imo-official.org/results/individual/country/CAN/
Canada,CAN,Sabin,Cautis,Sabin Cautis,"Cautis, Sabin",cautis sabin,https://www.imo-official.org/results/individual/country/CAN/
Canada,CAN,Adrian,Chan,Adrian Chan,"Chan, Adrian",adrian chan,https://www.imo-official.org/results/individual/country/CAN/
Canada,CAN,Paul,Cheng,Paul Cheng,"Cheng, Paul",cheng paul,https://www.imo-official.org/results/individual/country/CAN/
Canada,CAN,Robin,Cheng,Robin Cheng,"Cheng, Robin",cheng robin,https://www.imo-official.org/results/individual/country/CAN/
Canada,CAN,Denise,Cheung,Denise Cheung,"Cheung, Denise",cheung denise,https://www.imo-official.org/results/individual/country/CAN/
Canada,CAN,Donny,Cheung,Donny Cheung,"Cheung, Donny",cheung donny,https://www.imo-official.org/results/individual/country/CAN/
Canada,CAN,Kevin,Cheung,Kevin Cheung,"Cheung, Kevin",cheung kevin,https://www.imo-official.org/results/individual/country/CAN/
Canada,CAN,John,Chew,John Chew,"Chew, John",chew john,https://www.imo-official.org/results/individual/country/CAN/
Canada,CAN,Keon,Choi,Keon Choi,"Choi, Keon",choi keon,https://www.imo-official.org/results/individual/country/CAN/
Canada,CAN,Andrew,Chow,Andrew Chow,"Chow, Andrew",andrew chow,https://www.imo-official.org/results/individual/country/CAN/
Canada,CAN,Michael,Chow,Michael Chow,"Chow, Michael",chow michael,https://www.imo-official.org/results/individual/country/CAN/
Canada,CAN,Jimmy,Chui,Jimmy Chui,"Chui, Jimmy",chui jimmy,https://www.imo-official.org/results/individual/country/CAN/
Canada,CAN,Byung-Kyu,Chun,Byung-Kyu Chun,"Chun, Byung-Kyu",byung chun kyu,https://www.imo-official.org/results/individual/country/CAN/
Canada,CAN,Michael,Clase,Michael Clase,"Clase, Michael",clase michael,https://www.imo-official.org/results/individual/country/CAN/
Canada,CAN,Frank,D'Ippolito,Frank D'Ippolito,"D'Ippolito, Frank",d frank ippolito,https://www.imo-official.org/results/individual/country/CAN/
Canada,CAN,Perry,Dai,Perry Dai,"Dai, Perry",dai perry,https://www.imo-official.org/results/individual/country/CAN/
Canada,CAN,Calvin,Deng,Calvin Deng,"Deng, Calvin",calvin deng,https://www.imo-official.org/results/individual/country/CAN/
Canada,CAN,Peter,Dukes,Peter Dukes,"Dukes, Peter",dukes peter,https://www.imo-official.org/results/individual/country/CAN/
Canada,CAN,Mihaela,Enachescu,Mihaela Enachescu,"Enachescu, Mihaela",enachescu mihaela,https://www.imo-official.org/results/individual/country/CAN/
Canada,CAN,Lin,Fei,Lin Fei,"Fei, Lin",fei lin,https://www.imo-official.org/results/individual/country/CAN/
Canada,CAN,Bryan,Feir,Bryan Feir,"Feir, Bryan",bryan feir,https://www.imo-official.org/results/individual/country/CAN/
Canada,CAN,Alexander,Fink,Alexander Fink,"Fink, Alexander",alexander fink,https://www.imo-official.org/results/individual/country/CAN/
Canada,CAN,Stephen,Fry,Stephen Fry,"Fry, Stephen",fry stephen,https://www.imo-official.org/results/individual/country/CAN/
Canada,CAN,Yuxin,Fu,Yuxin Fu,"Fu, Yuxin",fu yuxin,https://www.imo-official.org/results/individual/country/CAN/
Canada,CAN,Ralph,Furmaniak,Ralph Furmaniak,"Furmaniak, Ralph",furmaniak ralph,https://www.imo-official.org/results/individual/country/CAN/
Canada,CAN,Neale,Ginsburg,Neale Ginsburg,"Ginsburg, Neale",ginsburg neale,https://www.imo-official.org/results/individual/country/CAN/
Canada,CAN,Ian,Goldberg,Ian Goldberg,"Goldberg, Ian",goldberg ian,https://www.imo-official.org/results/individual/country/CAN/
Canada,CAN,Georges,Gonthier,Georges Gonthier,"Gonthier, Georges",georges gonthier,https://www.imo-official.org/results/individual/country/CAN/
Canada,CAN,David,Goodman,David Goodman,"Goodman, David",david goodman,https://www.imo-official.org/results/individual/country/CAN/
Canada,CAN,Elyot Jameson Lester,Grant,Elyot Jameson Lester Grant,"Grant, Elyot Jameson Lester",elyot grant jameson lester,https://www.imo-official.org/results/individual/country/CAN/
Canada,CAN,Jeffrey,Grossman,Jeffrey Grossman,"Grossman, Jeffrey",grossman jeffrey,https://www.imo-official.org/results/individual/country/CAN/
Canada,CAN,Thomas,Guo,Thomas Guo,"Guo, Thomas",guo thomas,https://www.imo-official.org/results/individual/country/CAN/
Canada,CAN,Howard,Halim,Howard Halim,"Halim, Howard",halim howard,https://www.imo-official.org/results/individual/country/CAN/
Canada,CAN,Howard Loewe,Halim,Howard Loewe Halim,"Halim, Howard Loewe",halim howard loewe,https://www.imo-official.org/results/individual/country/CAN/
Canada,CAN,Tianyi (David),Han,Tianyi (David) Han,"Han, Tianyi (David)",david han tianyi,https://www.imo-official.org/results/individual/country/CAN/
Canada,CAN,Edward D.,Hatton,Edward D. Hatton,"Hatton, Edward D.",d edward hatton,https://www.imo-official.org/results/individual/country/CAN/
Canada,CAN,Christopher Ian,Hendrie,Christopher Ian Hendrie,"Hendrie, Christopher Ian",christopher hendrie ian,https://www.imo-official.org/results/individual/country/CAN/
Canada,CAN,Jeffrey,Higham,Jeffrey Higham,"Higham, Jeffrey",higham jeffrey,https://www.imo-official.org/results/individual/country/CAN/
Canada,CAN,Liang,Hong,Liang Hong,"Hong, Liang",hong liang,https://www.imo-official.org/results/individual/country/CAN/
Canada,CAN,Richard,Hoshino,Richard Hoshino,"Hoshino, Richard",hoshino richard,https://www.imo-official.org/results/individual/country/CAN/
Canada,CAN,Cyrus,Hsia Chen,Cyrus Hsia Chen,"Hsia Chen, Cyrus",chen cyrus hsia,https://www.imo-official.org/results/individual/country/CAN/
Canada,CAN,Yan (Bill),Huang,Yan (Bill) Huang,"Huang, Yan (Bill)",bill huang yan,https://www.imo-official.org/results/individual/country/CAN/
Canada,CAN,Kent Wai Kit,Huynh,Kent Wai Kit Huynh,"Huynh, Kent Wai Kit",huynh kent kit wai,https://www.imo-official.org/results/individual/country/CAN/
Canada,CAN,Oleg,Ivrii,Oleg Ivrii,"Ivrii, Oleg",ivrii oleg,https://www.imo-official.org/results/individual/country/CAN/
Canada,CAN,Sebastian,Jeon,Sebastian Jeon,"Jeon, Sebastian",jeon sebastian,https://www.imo-official.org/results/individual/country/CAN/
Canada,CAN,Caleb,Ji,Caleb Ji,"Ji, Caleb",caleb ji,https://www.imo-official.org/results/individual/country/CAN/
Canada,CAN,Heinrich,Jiang,Heinrich Jiang,"Jiang, Heinrich",heinrich jiang,https://www.imo-official.org/results/individual/country/CAN/
Canada,CAN,Philip,Jong,Philip Jong,"Jong, Philip",jong philip,https://www.imo-official.org/results/individual/country/CAN/
Canada,CAN,Nima,Kamoosi,Nima Kamoosi,"Kamoosi, Nima",kamoosi nima,https://www.imo-official.org/results/individual/country/CAN/
Canada,CAN,Steven Neil,Karp,Steven Neil Karp,"Karp, Steven Neil",karp neil steven,https://www.imo-official.org/results/individual/country/CAN/
Canada,CAN,Alyssa,Ker,Alyssa Ker,"Ker, Alyssa",alyssa ker,https://www.imo-official.org/results/individual/country/CAN/
Canada,CAN,Derek,Kisman,Derek Kisman,"Kisman, Derek",derek kisman,https://www.imo-official.org/results/individual/country/CAN/
Canada,CAN,Moses,Klein,Moses Klein,"Klein, Moses",klein moses,https://www.imo-official.org/results/individual/country/CAN/
Canada,CAN,Viktoriya,Krakovna,Viktoriya Krakovna,"Krakovna, Viktoriya",krakovna viktoriya,https://www.imo-official.org/results/individual/country/CAN/
Canada,CAN,János,Kramár,János Kramár,"Kramár, János",janos kramar,https://www.imo-official.org/results/individual/country/CAN/
Canada,CAN,Kevin,Kwan,Kevin Kwan,"Kwan, Kevin",kevin kwan,https://www.imo-official.org/results/individual/country/CAN/
Canada,CAN,Eric,Lai,Eric Lai,"Lai, Eric",eric lai,https://www.imo-official.org/results/individual/country/CAN/
Canada,CAN,Frédéric,Latour,Frédéric Latour,"Latour, Frédéric",frederic latour,https://www.imo-official.org/results/individual/country/CAN/
Canada,CAN,James,Law,James Law,"Law, James",james law,https://www.imo-official.org/results/individual/country/CAN/
Canada,CAN,Alex,Lee,Alex Lee,"Lee, Alex",alex lee,https://www.imo-official.org/results/individual/country/CAN/
Canada,CAN,David,Lee,David Lee,"Lee, David",david lee,https://www.imo-official.org/results/individual/country/CAN/
Canada,CAN,James,Lee,James Lee,"Lee, James",james lee,https://www.imo-official.org/results/individual/country/CAN/
Canada,CAN,Rocky,Lee,Rocky Lee,"Lee, Rocky",lee rocky,https://www.imo-official.org/results/individual/country/CAN/
Canada,CAN,Yin (Jessie),Lei,Yin (Jessie) Lei,"Lei, Yin (Jessie)",jessie lei yin,https://www.imo-official.org/results/individual/country/CAN/
Canada,CAN,Edward,Leung,Edward Leung,"Leung, Edward",edward leung,https://www.imo-official.org/results/individual/country/CAN/
Canada,CAN,Christopher,Li,Christopher Li,"Li, Christopher",christopher li,https://www.imo-official.org/results/individual/country/CAN/
Canada,CAN,Michael,Li,Michael Li,"Li, Michael",li michael,https://www.imo-official.org/results/individual/country/CAN/
Canada,CAN,Tiger,Li,Tiger Li,"Li, Tiger",li tiger,https://www.imo-official.org/results/individual/country/CAN/
Canada,CAN,Yan,Li,Yan Li,"Li, Yan",li yan,https://www.imo-official.org/results/individual/country/CAN/
Canada,CAN,Andrew,Lin,Andrew Lin,"Lin, Andrew",andrew lin,https://www.imo-official.org/results/individual/country/CAN/
Canada,CAN,Adam,Logan,Adam Logan,"Logan, Adam",adam logan,https://www.imo-official.org/results/individual/country/CAN/
Canada,CAN,Evan,Lu,Evan Lu,"Lu, Evan",evan lu,https://www.imo-official.org/results/individual/country/CAN/
Canada,CAN,Emily,Ma,Emily Ma,"Ma, Emily",emily ma,https://www.imo-official.org/results/individual/country/CAN/
Canada,CAN,John (Zhiyao),Ma,John (Zhiyao) Ma,"Ma, John (Zhiyao)",john ma zhiyao,https://www.imo-official.org/results/individual/country/CAN/
Canada,CAN,Gavin,MacBeath,Gavin MacBeath,"MacBeath, Gavin",gavin macbeath,https://www.imo-official.org/results/individual/country/CAN/
Canada,CAN,Marvin,Mao,Marvin Mao,"Mao, Marvin",mao marvin,https://www.imo-official.org/results/individual/country/CAN/
Canada,CAN,David,McKinnon,David McKinnon,"McKinnon, David",david mckinnon,https://www.imo-official.org/results/individual/country/CAN/
Canada,CAN,Peter,Milley,Peter Milley,"Milley, Peter",milley peter,https://www.imo-official.org/results/individual/country/CAN/
Canada,CAN,Kevin,Min,Kevin Min,"Min, Kevin",kevin min,https://www.imo-official.org/results/individual/country/CAN/
Canada,CAN,Antonio,Molina Lovett,Antonio Molina Lovett,"Molina Lovett, Antonio",antonio lovett molina,https://www.imo-official.org/results/individual/country/CAN/
Canada,CAN,Mike,Molloy,Mike Molloy,"Molloy, Mike",mike molloy,https://www.imo-official.org/results/individual/country/CAN/
Canada,CAN,Roger,Mong,Roger Mong,"Mong, Roger",mong roger,https://www.imo-official.org/results/individual/country/CAN/
Canada,CAN,Alexander,Nicholson,Alexander Nicholson,"Nicholson, Alexander",alexander nicholson,https://www.imo-official.org/results/individual/country/CAN/
Canada,CAN,David,Nicholson,David Nicholson,"Nicholson, David",david nicholson,https://www.imo-official.org/results/individual/country/CAN/
Canada,CAN,Shu,Niu,Shu Niu,"Niu, Shu",niu shu,https://www.imo-official.org/results/individual/country/CAN/
Canada,CAN,Michael,Pang,Michael Pang,"Pang, Michael",michael pang,https://www.imo-official.org/results/individual/country/CAN/
Canada,CAN,Yang (Richard),Peng,Yang (Richard) Peng,"Peng, Yang (Richard)",peng richard yang,https://www.imo-official.org/results/individual/country/CAN/
Canada,CAN,Martin,Piotte,Martin Piotte,"Piotte, Martin",martin piotte,https://www.imo-official.org/results/individual/country/CAN/
Canada,CAN,David,Pritchard,David Pritchard,"Pritchard, David",david pritchard,https://www.imo-official.org/results/individual/country/CAN/
Canada,CAN,Kevin,Purbhoo,Kevin Purbhoo,"Purbhoo, Kevin",kevin purbhoo,https://www.imo-official.org/results/individual/country/CAN/
Canada,CAN,Qi,Qi,Qi Qi,"Qi, Qi",qi qi,https://www.imo-official.org/results/individual/country/CAN/
Canada,CAN,Alexander,Remorov,Alexander Remorov,"Remorov, Alexander",alexander remorov,https://www.imo-official.org/results/individual/country/CAN/
Canada,CAN,Dong Uk (David),Rhee,Dong Uk (David) Rhee,"Rhee, Dong Uk (David)",david dong rhee uk,https://www.imo-official.org/results/individual/country/CAN/
Canada,CAN,James,Rickards,James Rickards,"Rickards, James",james rickards,https://www.imo-official.org/results/individual/country/CAN/
Canada,CAN,Alexandru,Romosan,Alexandru Romosan,"Romosan, Alexandru",alexandru romosan,https://www.imo-official.org/results/individual/country/CAN/
Canada,CAN,Victor,Rong,Victor Rong,"Rong, Victor",rong victor,https://www.imo-official.org/results/individual/country/CAN/
Canada,CAN,Alastair,Rucklidge,Alastair Rucklidge,"Rucklidge, Alastair",alastair rucklidge,https://www.imo-official.org/results/individual/country/CAN/
Canada,CAN,William,Rucklidge,William Rucklidge,"Rucklidge, William",rucklidge william,https://www.imo-official.org/results/individual/country/CAN/
Canada,CAN,Giuseppe,Russo,Giuseppe Russo,"Russo, Giuseppe",giuseppe russo,https://www.imo-official.org/results/individual/country/CAN/
Canada,CAN,Arvin,Sahami,Arvin Sahami,"Sahami, Arvin",arvin sahami,https://www.imo-official.org/results/individual/country/CAN/
Canada,CAN,Gurraj,Sangha,Gurraj Sangha,"Sangha, Gurraj",gurraj sangha,https://www.imo-official.org/results/individual/country/CAN/
Canada,CAN,Mariya,Sardarli,Mariya Sardarli,"Sardarli, Mariya",mariya sardarli,https://www.imo-official.org/results/individual/country/CAN/
Canada,CAN,Naoki,Sato,Naoki Sato,"Sato, Naoki",naoki sato,https://www.imo-official.org/results/individual/country/CAN/
Canada,CAN,Jonathan Timur,Schneider,Jonathan Timur Schneider,"Schneider, Jonathan Timur",jonathan schneider timur,https://www.imo-official.org/results/individual/country/CAN/
Canada,CAN,Eric,Shen,Eric Shen,"Shen, Eric",eric shen,https://www.imo-official.org/results/individual/country/CAN/
Canada,CAN,Zhekai,Shen,Zhekai Shen,"Shen, Zhekai",shen zhekai,https://www.imo-official.org/results/individual/country/CAN/
Canada,CAN,Peng,Shi,Peng Shi,"Shi, Peng",peng shi,https://www.imo-official.org/results/individual/country/CAN/
Canada,CAN,Xiaolin (Danny),Shi,Xiaolin (Danny) Shi,"Shi, Xiaolin (Danny)",danny shi xiaolin,https://www.imo-official.org/results/individual/country/CAN/
Canada,CAN,Steven,Siu,Steven Siu,"Siu, Steven",siu steven,https://www.imo-official.org/results/individual/country/CAN/
Canada,CAN,Zhuo Qun (Alex),Song,Zhuo Qun (Alex) Song,"Song, Zhuo Qun (Alex)",alex qun song zhuo,https://www.imo-official.org/results/individual/country/CAN/
Canada,CAN,Hunter,Spink,Hunter Spink,"Spink, Hunter",hunter spink,https://www.imo-official.org/results/individual/country/CAN/
Canada,CAN,Daniel,Spivak,Daniel Spivak,"Spivak, Daniel",daniel spivak,https://www.imo-official.org/results/individual/country/CAN/
Canada,CAN,Colin,Springer,Colin Springer,"Springer, Colin",colin springer,https://www.imo-official.org/results/individual/country/CAN/
Canada,CAN,Chen,Sun,Chen Sun,"Sun, Chen",chen sun,https://www.imo-official.org/results/individual/country/CAN/
Canada,CAN,Chengyue (Jarno),Sun,Chengyue (Jarno) Sun,"Sun, Chengyue (Jarno)",chengyue jarno sun,https://www.imo-official.org/results/individual/country/CAN/
Canada,CAN,Kai,Sun,Kai Sun,"Sun, Kai",kai sun,https://www.imo-official.org/results/individual/country/CAN/
Canada,CAN,Kevin,Sun,Kevin Sun,"Sun, Kevin",kevin sun,https://www.imo-official.org/results/individual/country/CAN/
Canada,CAN,Nicholas,Sun,Nicholas Sun,"Sun, Nicholas",nicholas sun,https://www.imo-official.org/results/individual/country/CAN/
Canada,CAN,Patrick,Surry,Patrick Surry,"Surry, Patrick",patrick surry,https://www.imo-official.org/results/individual/country/CAN/
Canada,CAN,Bruce,Sutherland,Bruce Sutherland,"Sutherland, Bruce",bruce sutherland,https://www.imo-official.org/results/individual/country/CAN/
Canada,CAN,Adrian,Tang,Adrian Tang,"Tang, Adrian",adrian tang,https://www.imo-official.org/results/individual/country/CAN/
Canada,CAN,David,Tang,David Tang,"Tang, David",david tang,https://www.imo-official.org/results/individual/country/CAN/
Canada,CAN,Lawrence,Tang,Lawrence Tang,"Tang, Lawrence",lawrence tang,https://www.imo-official.org/results/individual/country/CAN/
Canada,CAN,Hugh,Thomas,Hugh Thomas,"Thomas, Hugh",hugh thomas,https://www.imo-official.org/results/individual/country/CAN/
Canada,CAN,Charles S.,Timar,Charles S. Timar,"Timar, Charles S.",charles s timar,https://www.imo-official.org/results/individual/country/CAN/
Canada,CAN,Jacob,Tsimerman,Jacob Tsimerman,"Tsimerman, Jacob",jacob tsimerman,https://www.imo-official.org/results/individual/country/CAN/
Canada,CAN,Minh,Tue Vo,Minh Tue Vo,"Tue Vo, Minh",minh tue vo,https://www.imo-official.org/results/individual/country/CAN/
Canada,CAN,Ravi,Vakil,Ravi Vakil,"Vakil, Ravi",ravi vakil,https://www.imo-official.org/results/individual/country/CAN/
Canada,CAN,Eric,Veach,Eric Veach,"Veach, Eric",eric veach,https://www.imo-official.org/results/individual/country/CAN/
Canada,CAN,Edgar,Wang,Edgar Wang,"Wang, Edgar",edgar wang,https://www.imo-official.org/results/individual/country/CAN/
Canada,CAN,Kaixin,Wang,Kaixin Wang,"Wang, Kaixin",kaixin wang,https://www.imo-official.org/results/individual/country/CAN/
Canada,CAN,Xuezhi,Wang,Xuezhi Wang,"Wang, Xuezhi",wang xuezhi,https://www.imo-official.org/results/individual/country/CAN/
Canada,CAN,Julian,West,Julian West,"West, Julian",julian west,https://www.imo-official.org/results/individual/country/CAN/
Canada,CAN,Alexander,Whatley,Alexander Whatley,"Whatley, Alexander",alexander whatley,https://www.imo-official.org/results/individual/country/CAN/
Canada,CAN,Leo,Wu,Leo Wu,"Wu, Leo",leo wu,https://www.imo-official.org/results/individual/country/CAN/
Canada,CAN,Ruiming,Xiong,Ruiming Xiong,"Xiong, Ruiming",ruiming xiong,https://www.imo-official.org/results/individual/country/CAN/
Canada,CAN,Jinhao (Hunter),Xu,Jinhao (Hunter) Xu,"Xu, Jinhao (Hunter)",hunter jinhao xu,https://www.imo-official.org/results/individual/country/CAN/
Canada,CAN,Haozhe,Yang,Haozhe Yang,"Yang, Haozhe",haozhe yang,https://www.imo-official.org/results/individual/country/CAN/
Canada,CAN,James,Yang,James Yang,"Yang, James",james yang,https://www.imo-official.org/results/individual/country/CAN/
Canada,CAN,Ming,Yang,Ming Yang,"Yang, Ming",ming yang,https://www.imo-official.org/results/individual/country/CAN/
Canada,CAN,Ruizhou,Yang,Ruizhou Yang,"Yang, Ruizhou",ruizhou yang,https://www.imo-official.org/results/individual/country/CAN/
Canada,CAN,Soroosh,Yazdani,Soroosh Yazdani,"Yazdani, Soroosh",soroosh yazdani,https://www.imo-official.org/results/individual/country/CAN/
Canada,CAN,Ka-Ping,Yee,Ka-Ping Yee,"Yee, Ka-Ping",ka ping yee,https://www.imo-official.org/results/individual/country/CAN/
Canada,CAN,Lily,Yen,Lily Yen,"Yen, Lily",lily yen,https://www.imo-official.org/results/individual/country/CAN/
Canada,CAN,William,Zhao,William Zhao,"Zhao, William",william zhao,https://www.imo-official.org/results/individual/country/CAN/
Canada,CAN,Yufei,Zhao,Yufei Zhao,"Zhao, Yufei",yufei zhao,https://www.imo-official.org/results/individual/country/CAN/
Canada,CAN,Kevin Kai Qi,Zhou,Kevin Kai Qi Zhou,"Zhou, Kevin Kai Qi",kai kevin qi zhou,https://www.imo-official.org/results/individual/country/CAN/
Canada,CAN,Zixiang,Zhou,Zixiang Zhou,"Zhou, Zixiang",zhou zixiang,https://www.imo-official.org/results/individual/country/CAN/
Canada,CAN,Yuqi,Zhu,Yuqi Zhu,"Zhu, Yuqi",yuqi zhu,https://www.imo-official.org/results/individual/country/CAN/
Canada,CAN,Jonathan,Zung,Jonathan Zung,"Zung, Jonathan",jonathan zung,https://www.imo-official.org/results/individual/country/CAN/
Canada,CAN,Mark,van Raamsdonk,Mark van Raamsdonk,"van Raamsdonk, Mark",mark raamsdonk van,https://www.imo-official.org/results/individual/country/CAN/
Cyprus,CYP,Andreas,Achilleos,Andreas Achilleos,"Achilleos, Andreas",achilleos andreas,https://www.imo-official.org/results/individual/country/CYP/
Cyprus,CYP,Seyed Datis,Amir Kalali,Seyed Datis Amir Kalali,"Amir Kalali, Seyed Datis",amir datis kalali seyed,https://www.imo-official.org/results/individual/country/CYP/
Cyprus,CYP,Christos,Anastassiades,Christos Anastassiades,"Anastassiades, Christos",anastassiades christos,https://www.imo-official.org/results/individual/country/CYP/
Cyprus,CYP,Michael,Anastos,Michael Anastos,"Anastos, Michael",anastos michael,https://www.imo-official.org/results/individual/country/CYP/
Cyprus,CYP,Adonis,Antoniades,Adonis Antoniades,"Antoniades, Adonis",adonis antoniades,https://www.imo-official.org/results/individual/country/CYP/
Cyprus,CYP,Eleni,Antoniou,Eleni Antoniou,"Antoniou, Eleni",antoniou eleni,https://www.imo-official.org/results/individual/country/CYP/
Cyprus,CYP,Leonidas,Antoniou,Leonidas Antoniou,"Antoniou, Leonidas",antoniou leonidas,https://www.imo-official.org/results/individual/country/CYP/
Cyprus,CYP,Neofytos,Apostolou,Neofytos Apostolou,"Apostolou, Neofytos",apostolou neofytos,https://www.imo-official.org/results/individual/country/CYP/
Cyprus,CYP,Andreas,Aristodemou,Andreas Aristodemou,"Aristodemou, Andreas",andreas aristodemou,https://www.imo-official.org/results/individual/country/CYP/
Cyprus,CYP,Theodoros,Assiotis,Theodoros Assiotis,"Assiotis, Theodoros",assiotis theodoros,https://www.imo-official.org/results/individual/country/CYP/
Cyprus,CYP,Angelos,Assos,Angelos Assos,"Assos, Angelos",angelos assos,https://www.imo-official.org/results/individual/country/CYP/
Cyprus,CYP,Kyriaki,Assou,Kyriaki Assou,"Assou, Kyriaki",assou kyriaki,https://www.imo-official.org/results/individual/country/CYP/
Cyprus,CYP,Marios,Avraamidis,Marios Avraamidis,"Avraamidis, Marios",avraamidis marios,https://www.imo-official.org/results/individual/country/CYP/
Cyprus,CYP,Panicos,Chalouvas,Panicos Chalouvas,"Chalouvas, Panicos",chalouvas panicos,https://www.imo-official.org/results/individual/country/CYP/
Cyprus,CYP,Markos,Charalambides,Markos Charalambides,"Charalambides, Markos",charalambides markos,https://www.imo-official.org/results/individual/country/CYP/
Cyprus,CYP,Neophytos,Charalambides,Neophytos Charalambides,"Charalambides, Neophytos",charalambides neophytos,https://www.imo-official.org/results/individual/country/CYP/
Cyprus,CYP,Charalambos,Charalambous,Charalambos Charalambous,"Charalambous, Charalambos",charalambos charalambous,https://www.imo-official.org/results/individual/country/CYP/
Cyprus,CYP,Georgios,Charalambous,Georgios Charalambous,"Charalambous, Georgios",charalambous georgios,https://www.imo-official.org/results/individual/country/CYP/
Cyprus,CYP,Giorgios,Charalambous,Giorgios Charalambous,"Charalambous, Giorgios",charalambous giorgios,https://www.imo-official.org/results/individual/country/CYP/
Cyprus,CYP,Ioannis,Charalambous,Ioannis Charalambous,"Charalambous, Ioannis",charalambous ioannis,https://www.imo-official.org/results/individual/country/CYP/
Cyprus,CYP,Themistoklis,Charalambous,Themistoklis Charalambous,"Charalambous, Themistoklis",charalambous themistoklis,https://www.imo-official.org/results/individual/country/CYP/
Cyprus,CYP,Konstantinos,Charalampous,Konstantinos Charalampous,"Charalampous, Konstantinos",charalampous konstantinos,https://www.imo-official.org/results/individual/country/CYP/
Cyprus,CYP,Filippos Athos,Chatzichristofi,Filippos Athos Chatzichristofi,"Chatzichristofi, Filippos Athos",athos chatzichristofi filippos,https://www.imo-official.org/results/individual/country/CYP/
Cyprus,CYP,Panagiotis,Chatzikostas,Panagiotis Chatzikostas,"Chatzikostas, Panagiotis",chatzikostas panagiotis,https://www.imo-official.org/results/individual/country/CYP/
Cyprus,CYP,Christodoulos,Chatzimiltis,Christodoulos Chatzimiltis,"Chatzimiltis, Christodoulos",chatzimiltis christodoulos,https://www.imo-official.org/results/individual/country/CYP/
Cyprus,CYP,Taisiya,Chernova,Taisiya Chernova,"Chernova, Taisiya",chernova taisiya,https://www.imo-official.org/results/individual/country/CYP/
Cyprus,CYP,Pavlos,Christodoulides,Pavlos Christodoulides,"Christodoulides, Pavlos",christodoulides pavlos,https://www.imo-official.org/results/individual/country/CYP/
Cyprus,CYP,Demetris,Christofides,Demetris Christofides,"Christofides, Demetris",christofides demetris,https://www.imo-official.org/results/individual/country/CYP/
Cyprus,CYP,Michalis,Christou,Michalis Christou,"Christou, Michalis",christou michalis,https://www.imo-official.org/results/individual/country/CYP/
Cyprus,CYP,Loukia,Demetriou,Loukia Demetriou,"Demetriou, Loukia",demetriou loukia,https://www.imo-official.org/results/individual/country/CYP/
Cyprus,CYP,Charis,Dimitriou,Charis Dimitriou,"Dimitriou, Charis",charis dimitriou,https://www.imo-official.org/results/individual/country/CYP/
Cyprus,CYP,Axel,Dobloug,Axel Dobloug,"Dobloug, Axel",axel dobloug,https://www.imo-official.org/results/individual/country/CYP/
Cyprus,CYP,Nansia,Drakou,Nansia Drakou,"Drakou, Nansia",drakou nansia,https://www.imo-official.org/results/individual/country/CYP/
Cyprus,CYP,Andreas,Economou,Andreas Economou,"Economou, Andreas",andreas economou,https://www.imo-official.org/results/individual/country/CYP/
Cyprus,CYP,Anna,Economou,Anna Economou,"Economou, Anna",anna economou,https://www.imo-official.org/results/individual/country/CYP/
Cyprus,CYP,Marinos,Efthymiou,Marinos Efthymiou,"Efthymiou, Marinos",efthymiou marinos,https://www.imo-official.org/results/individual/country/CYP/
Cyprus,CYP,Antonis,Eleftheriou,Antonis Eleftheriou,"Eleftheriou, Antonis",antonis eleftheriou,https://www.imo-official.org/results/individual/country/CYP/
Cyprus,CYP,Nicos,Georgiades,Nicos Georgiades,"Georgiades, Nicos",georgiades nicos,https://www.imo-official.org/results/individual/country/CYP/
Cyprus,CYP,Andreas,Georgiou,Andreas Georgiou,"Georgiou, Andreas",andreas georgiou,https://www.imo-official.org/results/individual/country/CYP/
Cyprus,CYP,Charalampos,Georgiou,Charalampos Georgiou,"Georgiou, Charalampos",charalampos georgiou,https://www.imo-official.org/results/individual/country/CYP/
Cyprus,CYP,Panayiotis,Georgiou,Panayiotis Georgiou,"Georgiou, Panayiotis",georgiou panayiotis,https://www.imo-official.org/results/individual/country/CYP/
Cyprus,CYP,Nicos,Georgiou Chr.,Nicos Georgiou Chr.,"Georgiou Chr., Nicos",chr georgiou nicos,https://www.imo-official.org/results/individual/country/CYP/
Cyprus,CYP,Nicos,Georgiou I.,Nicos Georgiou I.,"Georgiou I., Nicos",georgiou i nicos,https://www.imo-official.org/results/individual/country/CYP/
Cyprus,CYP,Petros,Hadjicostas,Petros Hadjicostas,"Hadjicostas, Petros",hadjicostas petros,https://www.imo-official.org/results/individual/country/CYP/
Cyprus,CYP,Chistofors,Hadjicostis,Chistofors Hadjicostis,"Hadjicostis, Chistofors",chistofors hadjicostis,https://www.imo-official.org/results/individual/country/CYP/
Cyprus,CYP,Christoforos,Hadjicostis,Christoforos Hadjicostis,"Hadjicostis, Christoforos",christoforos hadjicostis,https://www.imo-official.org/results/individual/country/CYP/
Cyprus,CYP,Alexis,Hadjigeorgiou,Alexis Hadjigeorgiou,"Hadjigeorgiou, Alexis",alexis hadjigeorgiou,https://www.imo-official.org/results/individual/country/CYP/
Cyprus,CYP,Kyros,Hadjikyrou,Kyros Hadjikyrou,"Hadjikyrou, Kyros",hadjikyrou kyros,https://www.imo-official.org/results/individual/country/CYP/
Cyprus,CYP,Georgios,Hadjispyrides,Georgios Hadjispyrides,"Hadjispyrides, Georgios",georgios hadjispyrides,https://www.imo-official.org/results/individual/country/CYP/
Cyprus,CYP,Evis,Ieronymou,Evis Ieronymou,"Ieronymou, Evis",evis ieronymou,https://www.imo-official.org/results/individual/country/CYP/
Cyprus,CYP,Adonis,Ioannides,Adonis Ioannides,"Ioannides, Adonis",adonis ioannides,https://www.imo-official.org/results/individual/country/CYP/
Cyprus,CYP,Stylianos,Ioannides,Stylianos Ioannides,"Ioannides, Stylianos",ioannides stylianos,https://www.imo-official.org/results/individual/country/CYP/
Cyprus,CYP,Eirini,Ioannou,Eirini Ioannou,"Ioannou, Eirini",eirini ioannou,https://www.imo-official.org/results/individual/country/CYP/
Cyprus,CYP,Giorgos,Kafataris,Giorgos Kafataris,"Kafataris, Giorgos",giorgos kafataris,https://www.imo-official.org/results/individual/country/CYP/
Cyprus,CYP,Miltos,Kambourides,Miltos Kambourides,"Kambourides, Miltos",kambourides miltos,https://www.imo-official.org/results/individual/country/CYP/
Cyprus,CYP,Symeon,Karmios,Symeon Karmios,"Karmios, Symeon",karmios symeon,https://www.imo-official.org/results/individual/country/CYP/
Cyprus,CYP,Panayiota,Katsamba,Panayiota Katsamba,"Katsamba, Panayiota",katsamba panayiota,https://www.imo-official.org/results/individual/country/CYP/
Cyprus,CYP,Anastasis,Keliris,Anastasis Keliris,"Keliris, Anastasis",anastasis keliris,https://www.imo-official.org/results/individual/country/CYP/
Cyprus,CYP,Andreas,Kousiappas,Andreas Kousiappas,"Kousiappas, Andreas",andreas kousiappas,https://www.imo-official.org/results/individual/country/CYP/
Cyprus,CYP,Achilleas,Kryftis,Achilleas Kryftis,"Kryftis, Achilleas",achilleas kryftis,https://www.imo-official.org/results/individual/country/CYP/
Cyprus,CYP,Panayiotis,Kyzas,Panayiotis Kyzas,"Kyzas, Panayiotis",kyzas panayiotis,https://www.imo-official.org/results/individual/country/CYP/
Cyprus,CYP,Soteroula,Loizidou,Soteroula Loizidou,"Loizidou, Soteroula",loizidou soteroula,https://www.imo-official.org/results/individual/country/CYP/
Cyprus,CYP,Alexandros,Louka,Alexandros Louka,"Louka, Alexandros",alexandros louka,https://www.imo-official.org/results/individual/country/CYP/
Cyprus,CYP,Evripides,Loukaides,Evripides Loukaides,"Loukaides, Evripides",evripides loukaides,https://www.imo-official.org/results/individual/country/CYP/
Cyprus,CYP,Chrystalla,Lymbouridou,Chrystalla Lymbouridou,"Lymbouridou, Chrystalla",chrystalla lymbouridou,https://www.imo-official.org/results/individual/country/CYP/
Cyprus,CYP,Panayiotis,Macrides,Panayiotis Macrides,"Macrides, Panayiotis",macrides panayiotis,https://www.imo-official.org/results/individual/country/CYP/
Cyprus,CYP,Ara,Mahdessian,Ara Mahdessian,"Mahdessian, Ara",ara mahdessian,https://www.imo-official.org/results/individual/country/CYP/
Cyprus,CYP,Christos,Makris,Christos Makris,"Makris, Christos",christos makris,https://www.imo-official.org/results/individual/country/CYP/
Cyprus,CYP,Vasilis,Malikides,Vasilis Malikides,"Malikides, Vasilis",malikides vasilis,https://www.imo-official.org/results/individual/country/CYP/
Cyprus,CYP,Theodora,Manoli,Theodora Manoli,"Manoli, Theodora",manoli theodora,https://www.imo-official.org/results/individual/country/CYP/
Cyprus,CYP,Kyriakos,Matsikaris,Kyriakos Matsikaris,"Matsikaris, Kyriakos",kyriakos matsikaris,https://www.imo-official.org/results/individual/country/CYP/
Cyprus,CYP,Andreas,Mavrommatis,Andreas Mavrommatis,"Mavrommatis, Andreas",andreas mavrommatis,https://www.imo-official.org/results/individual/country/CYP/
Cyprus,CYP,Loizos,Michael,Loizos Michael,"Michael, Loizos",loizos michael,https://www.imo-official.org/results/individual/country/CYP/
Cyprus,CYP,Maria,Michaelidou,Maria Michaelidou,"Michaelidou, Maria",maria michaelidou,https://www.imo-official.org/results/individual/country/CYP/
Cyprus,CYP,Theodosios,Mourouzis,Theodosios Mourouzis,"Mourouzis, Theodosios",mourouzis theodosios,https://www.imo-official.org/results/individual/country/CYP/
Cyprus,CYP,Maria,Mouyiari,Maria Mouyiari,"Mouyiari, Maria",maria mouyiari,https://www.imo-official.org/results/individual/country/CYP/
Cyprus,CYP,Paraskevi,Mylona,Paraskevi Mylona,"Mylona, Paraskevi",mylona paraskevi,https://www.imo-official.org/results/individual/country/CYP/
Cyprus,CYP,Regas,Neophyton,Regas Neophyton,"Neophyton, Regas",neophyton regas,https://www.imo-official.org/results/individual/country/CYP/
Cyprus,CYP,Aris,Neophytou,Aris Neophytou,"Neophytou, Aris",aris neophytou,https://www.imo-official.org/results/individual/country/CYP/
Cyprus,CYP,Neophytos,Neophytou,Neophytos Neophytou,"Neophytou, Neophytos",neophytos neophytou,https://www.imo-official.org/results/individual/country/CYP/
Cyprus,CYP,Pavlos,Neophytou,Pavlos Neophytou,"Neophytou, Pavlos",neophytou pavlos,https://www.imo-official.org/results/individual/country/CYP/
Cyprus,CYP,Aristoklis,Nicolaou,Aristoklis Nicolaou,"Nicolaou, Aristoklis",aristoklis nicolaou,https://www.imo-official.org/results/individual/country/CYP/
Cyprus,CYP,Theofanis,Orfanou,Theofanis Orfanou,"Orfanou, Theofanis",orfanou theofanis,https://www.imo-official.org/results/individual/country/CYP/
Cyprus,CYP,Georgos,Palechoros,Georgos Palechoros,"Palechoros, Georgos",georgos palechoros,https://www.imo-official.org/results/individual/country/CYP/
Cyprus,CYP,Georgios,Panagopoulos,Georgios Panagopoulos,"Panagopoulos, Georgios",georgios panagopoulos,https://www.imo-official.org/results/individual/country/CYP/
Cyprus,CYP,Ernestos,Panayiotou,Ernestos Panayiotou,"Panayiotou, Ernestos",ernestos panayiotou,https://www.imo-official.org/results/individual/country/CYP/
Cyprus,CYP,Marios,Pantziaras,Marios Pantziaras,"Pantziaras, Marios",marios pantziaras,https://www.imo-official.org/results/individual/country/CYP/
Cyprus,CYP,Antonios,Papachristodoulou,Antonios Papachristodoulou,"Papachristodoulou, Antonios",antonios papachristodoulou,https://www.imo-official.org/results/individual/country/CYP/
Cyprus,CYP,Marios,Papadopoulos,Marios Papadopoulos,"Papadopoulos, Marios",marios papadopoulos,https://www.imo-official.org/results/individual/country/CYP/
Cyprus,CYP,Kyriaki,Papadopoulou,Kyriaki Papadopoulou,"Papadopoulou, Kyriaki",kyriaki papadopoulou,https://www.imo-official.org/results/individual/country/CYP/
Cyprus,CYP,Georgios,Papageorgian,Georgios Papageorgian,"Papageorgian, Georgios",georgios papageorgian,https://www.imo-official.org/results/individual/country/CYP/
Cyprus,CYP,Anastasia,Papageorgiou,Anastasia Papageorgiou,"Papageorgiou, Anastasia",anastasia papageorgiou,https://www.imo-official.org/results/individual/country/CYP/
Cyprus,CYP,Athina,Papaphilipou,Athina Papaphilipou,"Papaphilipou, Athina",athina papaphilipou,https://www.imo-official.org/results/individual/country/CYP/
Cyprus,CYP,Georgios Rafael,Patsalidis,Georgios Rafael Patsalidis,"Patsalidis, Georgios Rafael",georgios patsalidis rafael,https://www.imo-official.org/results/individual/country/CYP/
Cyprus,CYP,Angelos,Pelecanos,Angelos Pelecanos,"Pelecanos, Angelos",angelos pelecanos,https://www.imo-official.org/results/individual/country/CYP/
Cyprus,CYP,Neophytos,Petrides,Neophytos Petrides,"Petrides, Neophytos",neophytos petrides,https://www.imo-official.org/results/individual/country/CYP/
Cyprus,CYP,Constantinos,Phanouriou,Constantinos Phanouriou,"Phanouriou, Constantinos",constantinos phanouriou,https://www.imo-official.org/results/individual/country/CYP/
Cyprus,CYP,Panos,Protopapas,Panos Protopapas,"Protopapas, Panos",panos protopapas,https://www.imo-official.org/results/individual/country/CYP/
Cyprus,CYP,Anna,Rouva,Anna Rouva,"Rouva, Anna",anna rouva,https://www.imo-official.org/results/individual/country/CYP/
Cyprus,CYP,Philippos,Rouvas,Philippos Rouvas,"Rouvas, Philippos",philippos rouvas,https://www.imo-official.org/results/individual/country/CYP/
Cyprus,CYP,George,Savides,George Savides,"Savides, George",george savides,https://www.imo-official.org/results/individual/country/CYP/
Cyprus,CYP,Irene,Savoulli,Irene Savoulli,"Savoulli, Irene",irene savoulli,https://www.imo-official.org/results/individual/country/CYP/
Cyprus,CYP,Christina,Savvidou,Christina Savvidou,"Savvidou, Christina",christina savvidou,https://www.imo-official.org/results/individual/country/CYP/
Cyprus,CYP,Andreas,Sentonaris,Andreas Sentonaris,"Sentonaris, Andreas",andreas sentonaris,https://www.imo-official.org/results/individual/country/CYP/
Cyprus,CYP,George,Shiamishis,George Shiamishis,"Shiamishis, George",george shiamishis,https://www.imo-official.org/results/individual/country/CYP/
Cyprus,CYP,Savvas,Sideras,Savvas Sideras,"Sideras, Savvas",savvas sideras,https://www.imo-official.org/results/individual/country/CYP/
Cyprus,CYP,Christophoros,Socratous,Christophoros Socratous,"Socratous, Christophoros",christophoros socratous,https://www.imo-official.org/results/individual/country/CYP/
Cyprus,CYP,Nikolas,Socratous,Nikolas Socratous,"Socratous, Nikolas",nikolas socratous,https://www.imo-official.org/results/individual/country/CYP/
Cyprus,CYP,Anastasia,Solea,Anastasia Solea,"Solea, Anastasia",anastasia solea,https://www.imo-official.org/results/individual/country/CYP/
Cyprus,CYP,Andreas,Sotiriou,Andreas Sotiriou,"Sotiriou, Andreas",andreas sotiriou,https://www.imo-official.org/results/individual/country/CYP/
Cyprus,CYP,Constantinos,Stavrakis,Constantinos Stavrakis,"Stavrakis, Constantinos",constantinos stavrakis,https://www.imo-official.org/results/individual/country/CYP/
Cyprus,CYP,Andreas,Stavrou,Andreas Stavrou,"Stavrou, Andreas",andreas stavrou,https://www.imo-official.org/results/individual/country/CYP/
Cyprus,CYP,Zenios,Stefanos,Zenios Stefanos,"Stefanos, Zenios",stefanos zenios,https://www.imo-official.org/results/individual/country/CYP/
Cyprus,CYP,Andreas,Stylianides,Andreas Stylianides,"Stylianides, Andreas",andreas stylianides,https://www.imo-official.org/results/individual/country/CYP/
Cyprus,CYP,Anastasios,Stylianou,Anastasios Stylianou,"Stylianou, Anastasios",anastasios stylianou,https://www.imo-official.org/results/individual/country/CYP/
Cyprus,CYP,Matheos,Stylianou,Matheos Stylianou,"Stylianou, Matheos",matheos stylianou,https://www.imo-official.org/results/individual/country/CYP/
Cyprus,CYP,Stelios,Stylianou,Stelios Stylianou,"Stylianou, Stelios",stelios stylianou,https://www.imo-official.org/results/individual/country/CYP/
Cyprus,CYP,Maria,Stylianoy,Maria Stylianoy,"Stylianoy, Maria",maria stylianoy,https://www.imo-official.org/results/individual/country/CYP/
Cyprus,CYP,Zilin,Su,Zilin Su,"Su, Zilin",su zilin,https://www.imo-official.org/results/individual/country/CYP/
Cyprus,CYP,Andreas,Theocharous,Andreas Theocharous,"Theocharous, Andreas",andreas theocharous,https://www.imo-official.org/results/individual/country/CYP/
Cyprus,CYP,Stefanos,Theocharous,Stefanos Theocharous,"Theocharous, Stefanos",stefanos theocharous,https://www.imo-official.org/results/individual/country/CYP/
Cyprus,CYP,Thomas,Thoma,Thomas Thoma,"Thoma, Thomas",thoma thomas,https://www.imo-official.org/results/individual/country/CYP/
Cyprus,CYP,Timotheos,Timotheou,Timotheos Timotheou,"Timotheou, Timotheos",timotheos timotheou,https://www.imo-official.org/results/individual/country/CYP/
Cyprus,CYP,Nicolaos,Toumbas,Nicolaos Toumbas,"Toumbas, Nicolaos",nicolaos toumbas,https://www.imo-official.org/results/individual/country/CYP/
Cyprus,CYP,Talia,Tseriotou,Talia Tseriotou,"Tseriotou, Talia",talia tseriotou,https://www.imo-official.org/results/individual/country/CYP/
Cyprus,CYP,Kyriakos,Tsiannis,Kyriakos Tsiannis,"Tsiannis, Kyriakos",kyriakos tsiannis,https://www.imo-official.org/results/individual/country/CYP/
Cyprus,CYP,Charis,Tsikkou,Charis Tsikkou,"Tsikkou, Charis",charis tsikkou,https://www.imo-official.org/results/individual/country/CYP/
Cyprus,CYP,Charalampos,Varnava,Charalampos Varnava,"Varnava, Charalampos",charalampos varnava,https://www.imo-official.org/results/individual/country/CYP/
Cyprus,CYP,Marios,Voskou,Marios Voskou,"Voskou, Marios",marios voskou,https://www.imo-official.org/results/individual/country/CYP/
Cyprus,CYP,Petros,Vourmas,Petros Vourmas,"Vourmas, Petros",petros vourmas,https://www.imo-official.org/results/individual/country/CYP/
Cyprus,CYP,Qiyue,Wang,Qiyue Wang,"Wang, Qiyue",qiyue wang,https://www.imo-official.org/results/individual/country/CYP/
Cyprus,CYP,Charalampos,Zacharia,Charalampos Zacharia,"Zacharia, Charalampos",charalampos zacharia,https://www.imo-official.org/results/individual/country/CYP/
Cyprus,CYP,Giorgos,Zacharia,Giorgos Zacharia,"Zacharia, Giorgos",giorgos zacharia,https://www.imo-official.org/results/individual/country/CYP/
Cyprus,CYP,John,Zacharia,John Zacharia,"Zacharia, John",john zacharia,https://www.imo-official.org/results/individual/country/CYP/
Cyprus,CYP,Christos,Zacharias,Christos Zacharias,"Zacharias, Christos",christos zacharias,https://www.imo-official.org/results/individual/country/CYP/
Cyprus,CYP,Kyriakos,Zacharias,Kyriakos Zacharias,"Zacharias, Kyriakos",kyriakos zacharias,https://www.imo-official.org/results/individual/country/CYP/
Cyprus,CYP,Marios,Zacharias,Marios Zacharias,"Zacharias, Marios",marios zacharias,https://www.imo-official.org/results/individual/country/CYP/
Cyprus,CYP,Ioannis,Zachariou,Ioannis Zachariou,"Zachariou, Ioannis",ioannis zachariou,https://www.imo-official.org/results/individual/country/CYP/
Cyprus,CYP,Sofoklis,Zambirinis,Sofoklis Zambirinis,"Zambirinis, Sofoklis",sofoklis zambirinis,https://www.imo-official.org/results/individual/country/CYP/
Cyprus,CYP,Georgios,Zaphiris,Georgios Zaphiris,"Zaphiris, Georgios",georgios zaphiris,https://www.imo-official.org/results/individual/country/CYP/
Cyprus,CYP,Zosimas,Zosimas,Zosimas Zosimas,"Zosimas, Zosimas",zosimas zosimas,https://www.imo-official.org/results/individual/country/CYP/
Ghana,GHA,Valerie Maame Abena,Ackon,Valerie Maame Abena Ackon,"Ackon, Valerie Maame Abena",abena ackon maame valerie,https://www.imo-official.org/results/individual/country/GHA/
Ghana,GHA,Nana Bawuah,Addai-Mensah,Nana Bawuah Addai-Mensah,"Addai-Mensah, Nana Bawuah",addai bawuah mensah nana,https://www.imo-official.org/results/individual/country/GHA/
Ghana,GHA,Jesse Kekeli,Afudego,Jesse Kekeli Afudego,"Afudego, Jesse Kekeli",afudego jesse kekeli,https://www.imo-official.org/results/individual/country/GHA/
Ghana,GHA,Aayush,Agrawal,Aayush Agrawal,"Agrawal, Aayush",aayush agrawal,https://www.imo-official.org/results/individual/country/GHA/
Ghana,GHA,Jonathan Kweku Deladem,Akaba,Jonathan Kweku Deladem Akaba,"Akaba, Jonathan Kweku Deladem",akaba deladem jonathan kweku,https://www.imo-official.org/results/individual/country/GHA/
Ghana,GHA,Muhammad,Ali,Muhammad Ali,"Ali, Muhammad",ali muhammad,https://www.imo-official.org/results/individual/country/GHA/
Ghana,GHA,Naana Ekua Adokua,Annan,Naana Ekua Adokua Annan,"Annan, Naana Ekua Adokua",adokua annan ekua naana,https://www.imo-official.org/results/individual/country/GHA/
Ghana,GHA,Denzel,Appau,Denzel Appau,"Appau, Denzel",appau denzel,https://www.imo-official.org/results/individual/country/GHA/
Ghana,GHA,Johannes Sylvester,Arizie,Johannes Sylvester Arizie,"Arizie, Johannes Sylvester",arizie johannes sylvester,https://www.imo-official.org/results/individual/country/GHA/
Ghana,GHA,Sylvester Johannes,Arizie,Sylvester Johannes Arizie,"Arizie, Sylvester Johannes",arizie johannes sylvester,https://www.imo-official.org/results/individual/country/GHA/
Ghana,GHA,Nii Aryee,Aryeetey,Nii Aryee Aryeetey,"Aryeetey, Nii Aryee",aryee aryeetey nii,https://www.imo-official.org/results/individual/country/GHA/
Ghana,GHA,Carolyn,Asante-Dartey,Carolyn Asante-Dartey,"Asante-Dartey, Carolyn",asante carolyn dartey,https://www.imo-official.org/results/individual/country/GHA/
Ghana,GHA,Adwoa Afriyie,Asare Frimpong,Adwoa Afriyie Asare Frimpong,"Asare Frimpong, Adwoa Afriyie",adwoa afriyie asare frimpong,https://www.imo-official.org/results/individual/country/GHA/
Ghana,GHA,Inhee,Baek,Inhee Baek,"Baek, Inhee",baek inhee,https://www.imo-official.org/results/individual/country/GHA/
Ghana,GHA,Alexander,Bechtold,Alexander Bechtold,"Bechtold, Alexander",alexander bechtold,https://www.imo-official.org/results/individual/country/GHA/
Ghana,GHA,Joel,Boateng-Yamoah,Joel Boateng-Yamoah,"Boateng-Yamoah, Joel",boateng joel yamoah,https://www.imo-official.org/results/individual/country/GHA/
Ghana,GHA,Prince Appiah,Debrah,Prince Appiah Debrah,"Debrah, Prince Appiah",appiah debrah prince,https://www.imo-official.org/results/individual/country/GHA/
Ghana,GHA,Prince Appiah Junior,Debrah,Prince Appiah Junior Debrah,"Debrah, Prince Appiah Junior",appiah debrah junior prince,https://www.imo-official.org/results/individual/country/GHA/
Ghana,GHA,Roni,Edwin,Roni Edwin,"Edwin, Roni",edwin roni,https://www.imo-official.org/results/individual/country/GHA/
Ghana,GHA,Roni Adom,Edwin,Roni Adom Edwin,"Edwin, Roni Adom",adom edwin roni,https://www.imo-official.org/results/individual/country/GHA/
Ghana,GHA,Kapila,Kommareddy,Kapila Kommareddy,"Kommareddy, Kapila",kapila kommareddy,https://www.imo-official.org/results/individual/country/GHA/
Ghana,GHA,Excell,Kumah Awusi,Excell Kumah Awusi,"Kumah Awusi, Excell",awusi excell kumah,https://www.imo-official.org/results/individual/country/GHA/
Ghana,GHA,Nuneke Fafa Esi,Kwetey,Nuneke Fafa Esi Kwetey,"Kwetey, Nuneke Fafa Esi",esi fafa kwetey nuneke,https://www.imo-official.org/results/individual/country/GHA/
Ghana,GHA,Joel,Manu,Joel Manu,"Manu, Joel",joel manu,https://www.imo-official.org/results/individual/country/GHA/
Ghana,GHA,Akua Ntiwaa,Mensah,Akua Ntiwaa Mensah,"Mensah, Akua Ntiwaa",akua mensah ntiwaa,https://www.imo-official.org/results/individual/country/GHA/
Ghana,GHA,Kobina Yarko,Mensah,Kobina Yarko Mensah,"Mensah, Kobina Yarko",kobina mensah yarko,https://www.imo-official.org/results/individual/country/GHA/
Ghana,GHA,Senyo Kofi Edzeani,Ohene,Senyo Kofi Edzeani Ohene,"Ohene, Senyo Kofi Edzeani",edzeani kofi ohene senyo,https://www.imo-official.org/results/individual/country/GHA/
Ghana,GHA,Yaw,Omane Boamah,Yaw Omane Boamah,"Omane Boamah, Yaw",boamah omane yaw,https://www.imo-official.org/results/individual/country/GHA/
Ghana,GHA,Jesse Odame,Phillips,Jesse Odame Phillips,"Phillips, Jesse Odame",jesse odame phillips,https://www.imo-official.org/results/individual/country/GHA/
Ghana,GHA,Isabelle,Quaye,Isabelle Quaye,"Quaye, Isabelle",isabelle quaye,https://www.imo-official.org/results/individual/country/GHA/
Ghana,GHA,Sophia,Razafimahefa,Sophia Razafimahefa,"Razafimahefa, Sophia",razafimahefa sophia,https://www.imo-official.org/results/individual/country/GHA/
Ghana,GHA,Denzel,Segbefia,Denzel Segbefia,"Segbefia, Denzel",denzel segbefia,https://www.imo-official.org/results/individual/country/GHA/
Ghana,GHA,Jeet,Thakwani,Jeet Thakwani,"Thakwani, Jeet",jeet thakwani,https://www.imo-official.org/results/individual/country/GHA/
Ghana,GHA,Gianna,Torpey,Gianna Torpey,"Torpey, Gianna",gianna torpey,https://www.imo-official.org/results/individual/country/GHA/
Ghana,GHA,Keith Kojo,Torpey,Keith Kojo Torpey,"Torpey, Keith Kojo",keith kojo torpey,https://www.imo-official.org/results/individual/country/GHA/
Ghana,GHA,Qi,Wang,Qi Wang,"Wang, Qi",qi wang,https://www.imo-official.org/results/individual/country/GHA/
Ghana,GHA,Sefa Adzo,Yakpo,Sefa Adzo Yakpo,"Yakpo, Sefa Adzo",adzo sefa yakpo,https://www.imo-official.org/results/individual/country/GHA/
Hong Kong,HKG,Chung Lam,Chan,Chung Lam Chan,"Chan, Chung Lam",chan chung lam,https://www.imo-official.org/results/individual/country/HKG/
Hong Kong,HKG,Ho Leung,Chan,Ho Leung Chan,"Chan, Ho Leung",chan ho leung,https://www.imo-official.org/results/individual/country/HKG/
Hong Kong,HKG,Kai Pak,Chan,Kai Pak Chan,"Chan, Kai Pak",chan kai pak,https://www.imo-official.org/results/individual/country/HKG/
Hong Kong,HKG,Kin Hang,Chan,Kin Hang Chan,"Chan, Kin Hang",chan hang kin,https://www.imo-official.org/results/individual/country/HKG/
Hong Kong,HKG,Kin-Wah,Chan,Kin-Wah Chan,"Chan, Kin-Wah",chan kin wah,https://www.imo-official.org/results/individual/country/HKG/
Hong Kong,HKG,Kwan Yu,Chan,Kwan Yu Chan,"Chan, Kwan Yu",chan kwan yu,https://www.imo-official.org/results/individual/country/HKG/
Hong Kong,HKG,Shun,Chan,Shun Chan,"Chan, Shun",chan shun,https://www.imo-official.org/results/individual/country/HKG/
Hong Kong,HKG,Tsz Hong Hubert,Chan,Tsz Hong Hubert Chan,"Chan, Tsz Hong Hubert",chan hong hubert tsz,https://www.imo-official.org/results/individual/country/HKG/
Hong Kong,HKG,Khek Lun Harold,Chao,Khek Lun Harold Chao,"Chao, Khek Lun Harold",chao harold khek lun,https://www.imo-official.org/results/individual/country/HKG/
Hong Kong,HKG,Sebastian,Chase,Sebastian Chase,"Chase, Sebastian",chase sebastian,https://www.imo-official.org/results/individual/country/HKG/
Hong Kong,HKG,Sebastian Russell,Chase,Sebastian Russell Chase,"Chase, Sebastian Russell",chase russell sebastian,https://www.imo-official.org/results/individual/country/HKG/
Hong Kong,HKG,Suk Ling,Chau,Suk Ling Chau,"Chau, Suk Ling",chau ling suk,https://www.imo-official.org/results/individual/country/HKG/
Hong Kong,HKG,Xi Yue,Chen,Xi Yue Chen,"Chen, Xi Yue",chen xi yue,https://www.imo-official.org/results/individual/country/HKG/
Hong Kong,HKG,Kei Tsi Daniel,Cheng,Kei Tsi Daniel Cheng,"Cheng, Kei Tsi Daniel",cheng daniel kei tsi,https://www.imo-official.org/results/individual/country/HKG/
Hong Kong,HKG,Nick Hang,Cheng,Nick Hang Cheng,"Cheng, Nick Hang",cheng hang nick,https://www.imo-official.org/results/individual/country/HKG/
Hong Kong,HKG,Yan Yau,Cheng,Yan Yau Cheng,"Cheng, Yan Yau",cheng yan yau,https://www.imo-official.org/results/individual/country/HKG/
Hong Kong,HKG,Pok Man,Cheung,Pok Man Cheung,"Cheung, Pok Man",cheung man pok,https://www.imo-official.org/results/individual/country/HKG/
Hong Kong,HKG,Trevor Cheuk-Wah,Cheung,Trevor Cheuk-Wah Cheung,"Cheung, Trevor Cheuk-Wah",cheuk cheung trevor wah,https://www.imo-official.org/results/individual/country/HKG/
Hong Kong,HKG,Wai Lam,Cheung,Wai Lam Cheung,"Cheung, Wai Lam",cheung lam wai,https://www.imo-official.org/results/individual/country/HKG/
Hong Kong,HKG,Yun Kuen,Cheung,Yun Kuen Cheung,"Cheung, Yun Kuen",cheung kuen yun,https://www.imo-official.org/results/individual/country/HKG/
Hong Kong,HKG,Tak Wing,Ching,Tak Wing Ching,"Ching, Tak Wing",ching tak wing,https://www.imo-official.org/results/individual/country/HKG/
Hong Kong,HKG,Shin Yeung,Chiu,Shin Yeung Chiu,"Chiu, Shin Yeung",chiu shin yeung,https://www.imo-official.org/results/individual/country/HKG/
Hong Kong,HKG,Ming Cheung,Choi,Ming Cheung Choi,"Choi, Ming Cheung",cheung choi ming,https://www.imo-official.org/results/individual/country/HKG/
Hong Kong,HKG,Tsz Sing,Chong,Tsz Sing Chong,"Chong, Tsz Sing",chong sing tsz,https://www.imo-official.org/results/individual/country/HKG/
Hong Kong,HKG,Chi Hong,Chow,Chi Hong Chow,"Chow, Chi Hong",chi chow hong,https://www.imo-official.org/results/individual/country/HKG/
Hong Kong,HKG,Shu Hung,Choy,Shu Hung Choy,"Choy, Shu Hung",choy hung shu,https://www.imo-official.org/results/individual/country/HKG/
Hong Kong,HKG,Cheuk Hei,Chu,Cheuk Hei Chu,"Chu, Cheuk Hei",cheuk chu hei,https://www.imo-official.org/results/individual/country/HKG/
Hong Kong,HKG,Hoi Pan,Chu,Hoi Pan Chu,"Chu, Hoi Pan",chu hoi pan,https://www.imo-official.org/results/individual/country/HKG/
Hong Kong,HKG,Alex,Chui,Alex Chui,"Chui, Alex",alex chui,https://www.imo-official.org/results/individual/country/HKG/
Hong Kong,HKG,On Yip,Chung,On Yip Chung,"Chung, On Yip",chung on yip,https://www.imo-official.org/results/individual/country/HKG/
Hong Kong,HKG,Ping Ngai,Chung,Ping Ngai Chung,"Chung, Ping Ngai",chung ngai ping,https://www.imo-official.org/results/individual/country/HKG/
Hong Kong,HKG,Tat Chi,Chung,Tat Chi Chung,"Chung, Tat Chi",chi chung tat,https://www.imo-official.org/results/individual/country/HKG/
Hong Kong,HKG,Wai-Yin,Chung,Wai-Yin Chung,"Chung, Wai-Yin",chung wai yin,https://www.imo-official.org/results/individual/country/HKG/
Hong Kong,HKG,Ho,Chung Siu,Ho Chung Siu,"Chung Siu, Ho",chung ho siu,https://www.imo-official.org/results/individual/country/HKG/
Hong Kong,HKG,Wai Tong,Fan,Wai Tong Fan,"Fan, Wai Tong",fan tong wai,https://www.imo-official.org/results/individual/country/HKG/
Hong Kong,HKG,Pok Wai,Fong,Pok Wai Fong,"Fong, Pok Wai",fong pok wai,https://www.imo-official.org/results/individual/country/HKG/
Hong Kong,HKG,Tsz Lo,Fong,Tsz Lo Fong,"Fong, Tsz Lo",fong lo tsz,https://www.imo-official.org/results/individual/country/HKG/
Hong Kong,HKG,Chi,Hin Lau,Chi Hin Lau,"Hin Lau, Chi",chi hin lau,https://www.imo-official.org/results/individual/country/HKG/
Hong Kong,HKG,Sui Kei,Ho,Sui Kei Ho,"Ho, Sui Kei",ho kei sui,https://www.imo-official.org/results/individual/country/HKG/
Hong Kong,HKG,Tsz Chun,Ho,Tsz Chun Ho,"Ho, Tsz Chun",chun ho tsz,https://www.imo-official.org/results/individual/country/HKG/
Hong Kong,HKG,Wing Yip,Ho,Wing Yip Ho,"Ho, Wing Yip",ho wing yip,https://www.imo-official.org/results/individual/country/HKG/
Hong Kong,HKG,Yuk,Ho,Yuk Ho,"Ho, Yuk",ho yuk,https://www.imo-official.org/results/individual/country/HKG/
Hong Kong,HKG,Tzs,Ho Chan,Tzs Ho Chan,"Ho Chan, Tzs",chan ho tzs,https://www.imo-official.org/results/individual/country/HKG/
Hong Kong,HKG,Chi,Ho Ivan Ip,Chi Ho Ivan Ip,"Ho Ivan Ip, Chi",chi ho ip ivan,https://www.imo-official.org/results/individual/country/HKG/
Hong Kong,HKG,Chong Ho,Hsieh,Chong Ho Hsieh,"Hsieh, Chong Ho",chong ho hsieh,https://www.imo-official.org/results/individual/country/HKG/
Hong Kong,HKG,Jack,Hui,Jack Hui,"Hui, Jack",hui jack,https://www.imo-official.org/results/individual/country/HKG/
Hong Kong,HKG,Pak Nam,Hui,Pak Nam Hui,"Hui, Pak Nam",hui nam pak,https://www.imo-official.org/results/individual/country/HKG/
Hong Kong,HKG,Ka Kin Kenneth,Hung,Ka Kin Kenneth Hung,"Hung, Ka Kin Kenneth",hung ka kenneth kin,https://www.imo-official.org/results/individual/country/HKG/
Hong Kong,HKG,Wing,Kai Leung,Wing Kai Leung,"Kai Leung, Wing",kai leung wing,https://www.imo-official.org/results/individual/country/HKG/
Hong Kong,HKG,Man Ho,Ko,Man Ho Ko,"Ko, Man Ho",ho ko man,https://www.imo-official.org/results/individual/country/HKG/
Hong Kong,HKG,Thomas Chi-Kin,Ko,Thomas Chi-Kin Ko,"Ko, Thomas Chi-Kin",chi kin ko thomas,https://www.imo-official.org/results/individual/country/HKG/
Hong Kong,HKG,Kwok,Koon Cheung,Kwok Koon Cheung,"Koon Cheung, Kwok",cheung koon kwok,https://www.imo-official.org/results/individual/country/HKG/
Hong Kong,HKG,Man Kit,Kung,Man Kit Kung,"Kung, Man Kit",kit kung man,https://www.imo-official.org/results/individual/country/HKG/
Hong Kong,HKG,Yung Ho,Kwan,Yung Ho Kwan,"Kwan, Yung Ho",ho kwan yung,https://www.imo-official.org/results/individual/country/HKG/
Hong Kong,HKG,Man Yi,Kwok,Man Yi Kwok,"Kwok, Man Yi",kwok man yi,https://www.imo-official.org/results/individual/country/HKG/
Hong Kong,HKG,Tsz Chiu,Kwok,Tsz Chiu Kwok,"Kwok, Tsz Chiu",chiu kwok tsz,https://www.imo-official.org/results/individual/country/HKG/
Hong Kong,HKG,Wai Lok,Lai,Wai Lok Lai,"Lai, Wai Lok",lai lok wai,https://www.imo-official.org/results/individual/country/HKG/
Hong Kong,HKG,Chi Wai,Lam,Chi Wai Lam,"Lam, Chi Wai",chi lam wai,https://www.imo-official.org/results/individual/country/HKG/
Hong Kong,HKG,Cho Ho,Lam,Cho Ho Lam,"Lam, Cho Ho",cho ho lam,https://www.imo-official.org/results/individual/country/HKG/
Hong Kong,HKG,Pei-Fung,Lam,Pei-Fung Lam,"Lam, Pei-Fung",fung lam pei,https://www.imo-official.org/results/individual/country/HKG/
Hong Kong,HKG,Chun Ting,Lau,Chun Ting Lau,"Lau, Chun Ting",chun lau ting,https://www.imo-official.org/results/individual/country/HKG/
Hong Kong,HKG,Lap Ming Alvin,Lau,Lap Ming Alvin Lau,"Lau, Lap Ming Alvin",alvin lap lau ming,https://www.imo-official.org/results/individual/country/HKG/
Hong Kong,HKG,Wai Shun,Lau,Wai Shun Lau,"Lau, Wai Shun",lau shun wai,https://www.imo-official.org/results/individual/country/HKG/
Hong Kong,HKG,Ka Ho,Law,Ka Ho Law,"Law, Ka Ho",ho ka law,https://www.imo-official.org/results/individual/country/HKG/
Hong Kong,HKG,Pak Hin,Lee,Pak Hin Lee,"Lee, Pak Hin",hin lee pak,https://www.imo-official.org/results/individual/country/HKG/
Hong Kong,HKG,Shun Ming Samuel,Lee,Shun Ming Samuel Lee,"Lee, Shun Ming Samuel",lee ming samuel shun,https://www.imo-official.org/results/individual/country/HKG/
Hong Kong,HKG,Wai Fun,Lee,Wai Fun Lee,"Lee, Wai Fun",fun lee wai,https://www.imo-official.org/results/individual/country/HKG/
Hong Kong,HKG,Wan,Lee,Wan Lee,"Lee, Wan",lee wan,https://www.imo-official.org/results/individual/country/HKG/
Hong Kong,HKG,Harris,Leung,Harris Leung,"Leung, Harris",harris leung,https://www.imo-official.org/results/individual/country/HKG/
Hong Kong,HKG,Wai Ying,Leung,Wai Ying Leung,"Leung, Wai Ying",leung wai ying,https://www.imo-official.org/results/individual/country/HKG/
Hong Kong,HKG,Wing Chung,Leung,Wing Chung Leung,"Leung, Wing Chung",chung leung wing,https://www.imo-official.org/results/individual/country/HKG/
Hong Kong,HKG,Wing-Hong,Leung,Wing-Hong Leung,"Leung, Wing-Hong",hong leung wing,https://www.imo-official.org/results/individual/country/HKG/
Hong Kong,HKG,Yui Hin Arvin,Leung,Yui Hin Arvin Leung,"Leung, Yui Hin Arvin",arvin hin leung yui,https://www.imo-official.org/results/individual/country/HKG/
Hong Kong,HKG,Wing,Leung Cheng,Wing Leung Cheng,"Leung Cheng, Wing",cheng leung wing,https://www.imo-official.org/results/individual/country/HKG/
Hong Kong,HKG,Cheuk Ting,Li,Cheuk Ting Li,"Li, Cheuk Ting",cheuk li ting,https://www.imo-official.org/results/individual/country/HKG/
Hong Kong,HKG,Jianhui,Li,Jianhui Li,"Li, Jianhui",jianhui li,https://www.imo-official.org/results/individual/country/HKG/
Hong Kong,HKG,Yau Wing,Li,Yau Wing Li,"Li, Yau Wing",li wing yau,https://www.imo-official.org/results/individual/country/HKG/
Hong Kong,HKG,Chun,Ling Yu,Chun Ling Yu,"Ling Yu, Chun",chun ling yu,https://www.imo-official.org/results/individual/country/HKG/
Hong Kong,HKG,Lincoln,Liu,Lincoln Liu,"Liu, Lincoln",lincoln liu,https://www.imo-official.org/results/individual/country/HKG/
Hong Kong,HKG,Chun Tung Raymond,Lo,Chun Tung Raymond Lo,"Lo, Chun Tung Raymond",chun lo raymond tung,https://www.imo-official.org/results/individual/country/HKG/
Hong Kong,HKG,Jim,Lok Ma,Jim Lok Ma,"Lok Ma, Jim",jim lok ma,https://www.imo-official.org/results/individual/country/HKG/
Hong Kong,HKG,Andy,Loo,Andy Loo,"Loo, Andy",andy loo,https://www.imo-official.org/results/individual/country/HKG/
Hong Kong,HKG,Siu,Lung David Law,Siu Lung David Law,"Lung David Law, Siu",david law lung siu,https://www.imo-official.org/results/individual/country/HKG/
Hong Kong,HKG,Lai Chee,Man,Lai Chee Man,"Man, Lai Chee",chee lai man,https://www.imo-official.org/results/individual/country/HKG/
Hong Kong,HKG,Siu Hang,Man,Siu Hang Man,"Man, Siu Hang",hang man siu,https://www.imo-official.org/results/individual/country/HKG/
Hong Kong,HKG,Tze Tao Edmond,Mok,Tze Tao Edmond Mok,"Mok, Tze Tao Edmond",edmond mok tao tze,https://www.imo-official.org/results/individual/country/HKG/
Hong Kong,HKG,Hok Lai,Ng,Hok Lai Ng,"Ng, Hok Lai",hok lai ng,https://www.imo-official.org/results/individual/country/HKG/
Hong Kong,HKG,Ka Wing,Ng,Ka Wing Ng,"Ng, Ka Wing",ka ng wing,https://www.imo-official.org/results/individual/country/HKG/
Hong Kong,HKG,Ngai Fung,Ng,Ngai Fung Ng,"Ng, Ngai Fung",fung ng ngai,https://www.imo-official.org/results/individual/country/HKG/
Hong Kong,HKG,Chi Ki,Ngai,Chi Ki Ngai,"Ngai, Chi Ki",chi ki ngai,https://www.imo-official.org/results/individual/country/HKG/
Hong Kong,HKG,Chi-Ho,Ngai,Chi-Ho Ngai,"Ngai, Chi-Ho",chi ho ngai,https://www.imo-official.org/results/individual/country/HKG/
Hong Kong,HKG,Ming Fung,Poon,Ming Fung Poon,"Poon, Ming Fung",fung ming poon,https://www.imo-official.org/results/individual/country/HKG/
Hong Kong,HKG,Wai Hoi Bobby,Poon,Wai Hoi Bobby Poon,"Poon, Wai Hoi Bobby",bobby hoi poon wai,https://www.imo-official.org/results/individual/country/HKG/
Hong Kong,HKG,Daniel Weili,Sheremeta,Daniel Weili Sheremeta,"Sheremeta, Daniel Weili",daniel sheremeta weili,https://www.imo-official.org/results/individual/country/HKG/
Hong Kong,HKG,Kwong,Shing Lin,Kwong Shing Lin,"Shing Lin, Kwong",kwong lin shing,https://www.imo-official.org/results/individual/country/HKG/
Hong Kong,HKG,Tsz Hang,Siu,Tsz Hang Siu,"Siu, Tsz Hang",hang siu tsz,https://www.imo-official.org/results/individual/country/HKG/
Hong Kong,HKG,Yun Leung,Suen,Yun Leung Suen,"Suen, Yun Leung",leung suen yun,https://www.imo-official.org/results/individual/country/HKG/
Hong Kong,HKG,Long,Sze,Long Sze,"Sze, Long",long sze,https://www.imo-official.org/results/individual/country/HKG/
Hong Kong,HKG,Wai Ming,Tai,Wai Ming Tai,"Tai, Wai Ming",ming tai wai,https://www.imo-official.org/results/individual/country/HKG/
Hong Kong,HKG,Wai-Ling,Tai,Wai-Ling Tai,"Tai, Wai-Ling",ling tai wai,https://www.imo-official.org/results/individual/country/HKG/
Hong Kong,HKG,Yee Ka,Tai,Yee Ka Tai,"Tai, Yee Ka",ka tai yee,https://www.imo-official.org/results/individual/country/HKG/
Hong Kong,HKG,Ka Yu,Tam,Ka Yu Tam,"Tam, Ka Yu",ka tam yu,https://www.imo-official.org/results/individual/country/HKG/
Hong Kong,HKG,Ting Kin,Tam,Ting Kin Tam,"Tam, Ting Kin",kin tam ting,https://www.imo-official.org/results/individual/country/HKG/
Hong Kong,HKG,Chiu Fai,Tang,Chiu Fai Tang,"Tang, Chiu Fai",chiu fai tang,https://www.imo-official.org/results/individual/country/HKG/
Hong Kong,HKG,Kar-Keung,To,Kar-Keung To,"To, Kar-Keung",kar keung to,https://www.imo-official.org/results/individual/country/HKG/
Hong Kong,HKG,Nok To Omega,Tong,Nok To Omega Tong,"Tong, Nok To Omega",nok omega to tong,https://www.imo-official.org/results/individual/country/HKG/
Hong Kong,HKG,Alvin Cheuk Hin,Tse,Alvin Cheuk Hin Tse,"Tse, Alvin Cheuk Hin",alvin cheuk hin tse,https://www.imo-official.org/results/individual/country/HKG/
Hong Kong,HKG,Shan Shan,Tse,Shan Shan Tse,"Tse, Shan Shan",shan shan tse,https://www.imo-official.org/results/individual/country/HKG/
Hong Kong,HKG,Yun Pui,Tsoi,Yun Pui Tsoi,"Tsoi, Yun Pui",pui tsoi yun,https://www.imo-official.org/results/individual/country/HKG/
Hong Kong,HKG,Ka Hing,Tsui,Ka Hing Tsui,"Tsui, Ka Hing",hing ka tsui,https://www.imo-official.org/results/individual/country/HKG/
Hong Kong,HKG,Kam Chuen,Tung,Kam Chuen Tung,"Tung, Kam Chuen",chuen kam tung,https://www.imo-official.org/results/individual/country/HKG/
Hong Kong,HKG,Bar Wai Barry,Wo,Bar Wai Barry Wo,"Wo, Bar Wai Barry",bar barry wai wo,https://www.imo-official.org/results/individual/country/HKG/
Hong Kong,HKG,Chiu Wai,Wong,Chiu Wai Wong,"Wong, Chiu Wai",chiu wai wong,https://www.imo-official.org/results/individual/country/HKG/
Hong Kong,HKG,Chun Wai Carto,Wong,Chun Wai Carto Wong,"Wong, Chun Wai Carto",carto chun wai wong,https://www.imo-official.org/results/individual/country/HKG/
Hong Kong,HKG,Him Ting,Wong,Him Ting Wong,"Wong, Him Ting",him ting wong,https://www.imo-official.org/results/individual/country/HKG/
Hong Kong,HKG,Hing Shing,Wong,Hing Shing Wong,"Wong, Hing Shing",hing shing wong,https://www.imo-official.org/results/individual/country/HKG/
Hong Kong,HKG,Hon Yin,Wong,Hon Yin Wong,"Wong, Hon Yin",hon wong yin,https://www.imo-official.org/results/individual/country/HKG/
Hong Kong,HKG,Sze Nga,Wong,Sze Nga Wong,"Wong, Sze Nga",nga sze wong,https://www.imo-official.org/results/individual/country/HKG/
Hong Kong,HKG,Tsz Chuen,Wong,Tsz Chuen Wong,"Wong, Tsz Chuen",chuen tsz wong,https://www.imo-official.org/results/individual/country/HKG/
Hong Kong,HKG,Wilkie,Wong,Wilkie Wong,"Wong, Wilkie",wilkie wong,https://www.imo-official.org/results/individual/country/HKG/
Hong Kong,HKG,John Michael,Wu,John Michael Wu,"Wu, John Michael",john michael wu,https://www.imo-official.org/results/individual/country/HKG/
Hong Kong,HKG,Bruce Changlong,Xu,Bruce Changlong Xu,"Xu, Bruce Changlong",bruce changlong xu,https://www.imo-official.org/results/individual/country/HKG/
Hong Kong,HKG,Zi Jie,Xu,Zi Jie Xu,"Xu, Zi Jie",jie xu zi,https://www.imo-official.org/results/individual/country/HKG/
Hong Kong,HKG,Ching Yan Timothy,Yau,Ching Yan Timothy Yau,"Yau, Ching Yan Timothy",ching timothy yan yau,https://www.imo-official.org/results/individual/country/HKG/
Hong Kong,HKG,Shuk-Han,Yau,Shuk-Han Yau,"Yau, Shuk-Han",han shuk yau,https://www.imo-official.org/results/individual/country/HKG/
Hong Kong,HKG,Jeff York,Ye,Jeff York Ye,"Ye, Jeff York",jeff ye york,https://www.imo-official.org/results/individual/country/HKG/
Hong Kong,HKG,Kai Sing,Yeung,Kai Sing Yeung,"Yeung, Kai Sing",kai sing yeung,https://www.imo-official.org/results/individual/country/HKG/
Hong Kong,HKG,Hok Pan,Yip,Hok Pan Yip,"Yip, Hok Pan",hok pan yip,https://www.imo-official.org/results/individual/country/HKG/
Hong Kong,HKG,Nung-Kwan,Yip,Nung-Kwan Yip,"Yip, Nung-Kwan",kwan nung yip,https://www.imo-official.org/results/individual/country/HKG/
Hong Kong,HKG,Chun Hei,Yiu,Chun Hei Yiu,"Yiu, Chun Hei",chun hei yiu,https://www.imo-official.org/results/individual/country/HKG/
Hong Kong,HKG,Hoi Wai,Yu,Hoi Wai Yu,"Yu, Hoi Wai",hoi wai yu,https://www.imo-official.org/results/individual/country/HKG/
Hong Kong,HKG,Hok Pun,Yu,Hok Pun Yu,"Yu, Hok Pun",hok pun yu,https://www.imo-official.org/results/individual/country/HKG/
Hong Kong,HKG,Ka Chun,Yu,Ka Chun Yu,"Yu, Ka Chun",chun ka yu,https://www.imo-official.org/results/individual/country/HKG/
Hong Kong,HKG,Tak Hei,Yu,Tak Hei Yu,"Yu, Tak Hei",hei tak yu,https://www.imo-official.org/results/individual/country/HKG/
Hong Kong,HKG,Chak Hei,Yuen,Chak Hei Yuen,"Yuen, Chak Hei",chak hei yuen,https://www.imo-official.org/results/individual/country/HKG/
Hong Kong,HKG,Fai,Yung,Fai Yung,"Yung, Fai",fai yung,https://www.imo-official.org/results/individual/country/HKG/
India,IND,Soumil,Aggarwal,Soumil Aggarwal,"Aggarwal, Soumil",aggarwal soumil,https://www.imo-official.org/results/individual/country/IND/
India,IND,Bhavya,Agrawalla,Bhavya Agrawalla,"Agrawalla, Bhavya",agrawalla bhavya,https://www.imo-official.org/results/individual/country/IND/
India,IND,Chetan,Balwe,Chetan Balwe,"Balwe, Chetan",balwe chetan,https://www.imo-official.org/results/individual/country/IND/
India,IND,Debdyuti,Banerjee,Debdyuti Banerjee,"Banerjee, Debdyuti",banerjee debdyuti,https://www.imo-official.org/results/individual/country/IND/
India,IND,Ankit Ashok,Baraskar,Ankit Ashok Baraskar,"Baraskar, Ankit Ashok",ankit ashok baraskar,https://www.imo-official.org/results/individual/country/IND/
India,IND,Rudradev,Basak,Rudradev Basak,"Basak, Rudradev",basak rudradev,https://www.imo-official.org/results/individual/country/IND/
India,IND,Riddhipratim,Basu,Riddhipratim Basu,"Basu, Riddhipratim",basu riddhipratim,https://www.imo-official.org/results/individual/country/IND/
India,IND,Samik,Basu,Samik Basu,"Basu, Samik",basu samik,https://www.imo-official.org/results/individual/country/IND/
India,IND,Ananda,Bhaduri,Ananda Bhaduri,"Bhaduri, Ananda",ananda bhaduri,https://www.imo-official.org/results/individual/country/IND/
India,IND,Subham,Bhakta,Subham Bhakta,"Bhakta, Subham",bhakta subham,https://www.imo-official.org/results/individual/country/IND/
India,IND,Aditya,Bhaskara,Aditya Bhaskara,"Bhaskara, Aditya",aditya bhaskara,https://www.imo-official.org/results/individual/country/IND/
India,IND,Sutanay,Bhattacharya,Sutanay Bhattacharya,"Bhattacharya, Sutanay",bhattacharya sutanay,https://www.imo-official.org/results/individual/country/IND/
India,IND,Kshipra,Bhavalkar,Kshipra Bhavalkar,"Bhavalkar, Kshipra",bhavalkar kshipra,https://www.imo-official.org/results/individual/country/IND/
India,IND,Ashay Arvind,Burungale,Ashay Arvind Burungale,"Burungale, Ashay Arvind",arvind ashay burungale,https://www.imo-official.org/results/individual/country/IND/
India,IND,Ajay,C. Ramdoss,Ajay C. Ramdoss,"C. Ramdoss, Ajay",ajay c ramdoss,https://www.imo-official.org/results/individual/country/IND/
India,IND,Sanjana Philo,Chacko,Sanjana Philo Chacko,"Chacko, Sanjana Philo",chacko philo sanjana,https://www.imo-official.org/results/individual/country/IND/
India,IND,Amit,Chakrabarti,Amit Chakrabarti,"Chakrabarti, Amit",amit chakrabarti,https://www.imo-official.org/results/individual/country/IND/
India,IND,Moses Samson,Charikar,Moses Samson Charikar,"Charikar, Moses Samson",charikar moses samson,https://www.imo-official.org/results/individual/country/IND/
India,IND,Siddharth,Choppara,Siddharth Choppara,"Choppara, Siddharth",choppara siddharth,https://www.imo-official.org/results/individual/country/IND/
India,IND,Subhadip,Chowdhury,Subhadip Chowdhury,"Chowdhury, Subhadip",chowdhury subhadip,https://www.imo-official.org/results/individual/country/IND/
India,IND,Nilesh,Dalvi,Nilesh Dalvi,"Dalvi, Nilesh",dalvi nilesh,https://www.imo-official.org/results/individual/country/IND/
India,IND,Ronno,Das,Ronno Das,"Das, Ronno",das ronno,https://www.imo-official.org/results/individual/country/IND/
India,IND,Swarnendu,Datta,Swarnendu Datta,"Datta, Swarnendu",datta swarnendu,https://www.imo-official.org/results/individual/country/IND/
India,IND,Akshay,Degwekar,Akshay Degwekar,"Degwekar, Akshay",akshay degwekar,https://www.imo-official.org/results/individual/country/IND/
India,IND,Anand,Degwekar,Anand Degwekar,"Degwekar, Anand",anand degwekar,https://www.imo-official.org/results/individual/country/IND/
India,IND,Anand,Deopurkar,Anand Deopurkar,"Deopurkar, Anand",anand deopurkar,https://www.imo-official.org/results/individual/country/IND/
India,IND,Akashdeep,Dey,Akashdeep Dey,"Dey, Akashdeep",akashdeep dey,https://www.imo-official.org/results/individual/country/IND/
India,IND,Prafulla Susil,Dhariwal,Prafulla Susil Dhariwal,"Dhariwal, Prafulla Susil",dhariwal prafulla susil,https://www.imo-official.org/results/individual/country/IND/
India,IND,Amol S.,Dighe,Amol S. Dighe,"Dighe, Amol S.",amol dighe s,https://www.imo-official.org/results/individual/country/IND/
India,IND,Akashnil,Dutta,Akashnil Dutta,"Dutta, Akashnil",akashnil dutta,https://www.imo-official.org/results/individual/country/IND/
India,IND,Abhinav,Garg,Abhinav Garg,"Garg, Abhinav",abhinav garg,https://www.imo-official.org/results/individual/country/IND/
India,IND,Abel,George Mathew,Abel George Mathew,"George Mathew, Abel",abel george mathew,https://www.imo-official.org/results/individual/country/IND/
India,IND,Anubhab,Ghosal,Anubhab Ghosal,"Ghosal, Anubhab",anubhab ghosal,https://www.imo-official.org/results/individual/country/IND/
India,IND,Soumik,Ghosh,Soumik Ghosh,"Ghosh, Soumik",ghosh soumik,https://www.imo-official.org/results/individual/country/IND/
India,IND,Spandan,Ghosh,Spandan Ghosh,"Ghosh, Spandan",ghosh spandan,https://www.imo-official.org/results/individual/country/IND/
India,IND,K.,Gopalakrishnan,K. Gopalakrishnan,"Gopalakrishnan, K.",gopalakrishnan k,https://www.imo-official.org/results/individual/country/IND/
India,IND,Pallav,Goyal,Pallav Goyal,"Goyal, Pallav",goyal pallav,https://www.imo-official.org/results/individual/country/IND/
India,IND,Rohan,Goyal,Rohan Goyal,"Goyal, Rohan",goyal rohan,https://www.imo-official.org/results/individual/country/IND/
India,IND,Tarush,Goyal,Tarush Goyal,"Goyal, Tarush",goyal tarush,https://www.imo-official.org/results/individual/country/IND/
India,IND,Aarav,Gupta,Aarav Gupta,"Gupta, Aarav",aarav gupta,https://www.imo-official.org/results/individual/country/IND/
India,IND,Arjun,Gupta,Arjun Gupta,"Gupta, Arjun",arjun gupta,https://www.imo-official.org/results/individual/country/IND/
India,IND,Anirudh,Gurjale,Anirudh Gurjale,"Gurjale, Anirudh",anirudh gurjale,https://www.imo-official.org/results/individual/country/IND/
India,IND,Abhishek,Hemantkumar Dang,Abhishek Hemantkumar Dang,"Hemantkumar Dang, Abhishek",abhishek dang hemantkumar,https://www.imo-official.org/results/individual/country/IND/
India,IND,Aadish,Jain,Aadish Jain,"Jain, Aadish",aadish jain,https://www.imo-official.org/results/individual/country/IND/
India,IND,Movin,Jain,Movin Jain,"Jain, Movin",jain movin,https://www.imo-official.org/results/individual/country/IND/
India,IND,Abhay Kumar,Jha,Abhay Kumar Jha,"Jha, Abhay Kumar",abhay jha kumar,https://www.imo-official.org/results/individual/country/IND/
India,IND,Varun Suhas,Jog,Varun Suhas Jog,"Jog, Varun Suhas",jog suhas varun,https://www.imo-official.org/results/individual/country/IND/
India,IND,Mandar,Joshi,Mandar Joshi,"Joshi, Mandar",joshi mandar,https://www.imo-official.org/results/individual/country/IND/
India,IND,Rohit,Joshi,Rohit Joshi,"Joshi, Rohit",joshi rohit,https://www.imo-official.org/results/individual/country/IND/
India,IND,Satyen,Kale,Satyen Kale,"Kale, Satyen",kale satyen,https://www.imo-official.org/results/individual/country/IND/
India,IND,Ravi,Kant,Ravi Kant,"Kant, Ravi",kant ravi,https://www.imo-official.org/results/individual/country/IND/
India,IND,Indraneel Gireendra,Kasmalkar,Indraneel Gireendra Kasmalkar,"Kasmalkar, Indraneel Gireendra",gireendra indraneel kasmalkar,https://www.imo-official.org/results/individual/country/IND/
India,IND,Suchir,Kaustav,Suchir Kaustav,"Kaustav, Suchir",kaustav suchir,https://www.imo-official.org/results/individual/country/IND/
India,IND,Amodh,Khandekar,Amodh Khandekar,"Khandekar, Amodh",amodh khandekar,https://www.imo-official.org/results/individual/country/IND/
India,IND,Rohit,Khandekar,Rohit Khandekar,"Khandekar, Rohit",khandekar rohit,https://www.imo-official.org/results/individual/country/IND/
India,IND,Subhash Ajit,Khot,Subhash Ajit Khot,"Khot, Subhash Ajit",ajit khot subhash,https://www.imo-official.org/results/individual/country/IND/
India,IND,Swastik,Kopparty,Swastik Kopparty,"Kopparty, Swastik",kopparty swastik,https://www.imo-official.org/results/individual/country/IND/
India,IND,Anish Yogesh,Kulkarni,Anish Yogesh Kulkarni,"Kulkarni, Anish Yogesh",anish kulkarni yogesh,https://www.imo-official.org/results/individual/country/IND/
India,IND,Upendra B.,Kulkarni,Upendra B. Kulkarni,"Kulkarni, Upendra B.",b kulkarni upendra,https://www.imo-official.org/results/individual/country/IND/
India,IND,Abhinav,Kumar,Abhinav Kumar,"Kumar, Abhinav",abhinav kumar,https://www.imo-official.org/results/individual/country/IND/
India,IND,Mahesh,Kumar,Mahesh Kumar,"Kumar, Mahesh",kumar mahesh,https://www.imo-official.org/results/individual/country/IND/
India,IND,Ashish,Kumar Singh,Ashish Kumar Singh,"Kumar Singh, Ashish",ashish kumar singh,https://www.imo-official.org/results/individual/country/IND/
India,IND,Subramanian,Lakshminarayanan,Subramanian Lakshminarayanan,"Lakshminarayanan, Subramanian",lakshminarayanan subramanian,https://www.imo-official.org/results/individual/country/IND/
India,IND,Sachin Premsukh,Lodha,Sachin Premsukh Lodha,"Lodha, Sachin Premsukh",lodha premsukh sachin,https://www.imo-official.org/results/individual/country/IND/
India,IND,Vaidehee,Madhav Thatte,Vaidehee Madhav Thatte,"Madhav Thatte, Vaidehee",madhav thatte vaidehee,https://www.imo-official.org/results/individual/country/IND/
India,IND,Abhijit,Mahabal,Abhijit Mahabal,"Mahabal, Abhijit",abhijit mahabal,https://www.imo-official.org/results/individual/country/IND/
India,IND,Swaphil Arvind,Mahajan,Swaphil Arvind Mahajan,"Mahajan, Swaphil Arvind",arvind mahajan swaphil,https://www.imo-official.org/results/individual/country/IND/
India,IND,Sagnik,Majumder,Sagnik Majumder,"Majumder, Sagnik",majumder sagnik,https://www.imo-official.org/results/individual/country/IND/
India,IND,Amit Kumar,Mallik,Amit Kumar Mallik,"Mallik, Amit Kumar",amit kumar mallik,https://www.imo-official.org/results/individual/country/IND/
India,IND,Archit,Manas,Archit Manas,"Manas, Archit",archit manas,https://www.imo-official.org/results/individual/country/IND/
India,IND,Adhitya,Mangudy Venkata Ganesh,Adhitya Mangudy Venkata Ganesh,"Mangudy Venkata Ganesh, Adhitya",adhitya ganesh mangudy venkata,https://www.imo-official.org/results/individual/country/IND/
India,IND,Rushil,Mathur,Rushil Mathur,"Mathur, Rushil",mathur rushil,https://www.imo-official.org/results/individual/country/IND/
India,IND,Soham,Mazumdar,Soham Mazumdar,"Mazumdar, Soham",mazumdar soham,https://www.imo-official.org/results/individual/country/IND/
India,IND,Ashish,Mishra,Ashish Mishra,"Mishra, Ashish",ashish mishra,https://www.imo-official.org/results/individual/country/IND/
India,IND,Kaustav,Mishra,Kaustav Mishra,"Mishra, Kaustav",kaustav mishra,https://www.imo-official.org/results/individual/country/IND/
India,IND,Akshay,Mittal,Akshay Mittal,"Mittal, Akshay",akshay mittal,https://www.imo-official.org/results/individual/country/IND/
India,IND,Ojas,Mittal,Ojas Mittal,"Mittal, Ojas",mittal ojas,https://www.imo-official.org/results/individual/country/IND/
India,IND,Jeet,Mohapatra,Jeet Mohapatra,"Mohapatra, Jeet",jeet mohapatra,https://www.imo-official.org/results/individual/country/IND/
India,IND,Anant,Mudgal,Anant Mudgal,"Mudgal, Anant",anant mudgal,https://www.imo-official.org/results/individual/country/IND/
India,IND,Satyaki,Mukherjee,Satyaki Mukherjee,"Mukherjee, Satyaki",mukherjee satyaki,https://www.imo-official.org/results/individual/country/IND/
India,IND,Shreya Shantanu,Mundhada,Shreya Shantanu Mundhada,"Mundhada, Shreya Shantanu",mundhada shantanu shreya,https://www.imo-official.org/results/individual/country/IND/
India,IND,?,Murali Dhar,? Murali Dhar,"Murali Dhar, ?",dhar murali,https://www.imo-official.org/results/individual/country/IND/
India,IND,Bairav,Murugan,Bairav Murugan,"Murugan, Bairav",bairav murugan,https://www.imo-official.org/results/individual/country/IND/
India,IND,Tanmay,N Deshpande,Tanmay N Deshpande,"N Deshpande, Tanmay",deshpande n tanmay,https://www.imo-official.org/results/individual/country/IND/
India,IND,Atul Shatavart,Nadig,Atul Shatavart Nadig,"Nadig, Atul Shatavart",atul nadig shatavart,https://www.imo-official.org/results/individual/country/IND/
India,IND,Ritam,Nag,Ritam Nag,"Nag, Ritam",nag ritam,https://www.imo-official.org/results/individual/country/IND/
India,IND,Prasad,Nagaraj Raghavendra,Prasad Nagaraj Raghavendra,"Nagaraj Raghavendra, Prasad",nagaraj prasad raghavendra,https://www.imo-official.org/results/individual/country/IND/
India,IND,Vipul,Naik,Vipul Naik,"Naik, Vipul",naik vipul,https://www.imo-official.org/results/individual/country/IND/
India,IND,Apurv,Nakade,Apurv Nakade,"Nakade, Apurv",apurv nakade,https://www.imo-official.org/results/individual/country/IND/
India,IND,Kaustubh,Namjoshi,Kaustubh Namjoshi,"Namjoshi, Kaustubh",kaustubh namjoshi,https://www.imo-official.org/results/individual/country/IND/
India,IND,Arvind,Narayanan,Arvind Narayanan,"Narayanan, Arvind",arvind narayanan,https://www.imo-official.org/results/individual/country/IND/
India,IND,Hariharan,Narayanan,Hariharan Narayanan,"Narayanan, Hariharan",hariharan narayanan,https://www.imo-official.org/results/individual/country/IND/
India,IND,Himanshu,Nautiyal,Himanshu Nautiyal,"Nautiyal, Himanshu",himanshu nautiyal,https://www.imo-official.org/results/individual/country/IND/
India,IND,Nilakantan,Niranjan,Nilakantan Niranjan,"Niranjan, Nilakantan",nilakantan niranjan,https://www.imo-official.org/results/individual/country/IND/
India,IND,Pranav,Nuti,Pranav Nuti,"Nuti, Pranav",nuti pranav,https://www.imo-official.org/results/individual/country/IND/
India,IND,Kaustubh,P. Deshmukh,Kaustubh P. Deshmukh,"P. Deshmukh, Kaustubh",deshmukh kaustubh p,https://www.imo-official.org/results/individual/country/IND/
India,IND,Shourya,Pandey,Shourya Pandey,"Pandey, Shourya",pandey shourya,https://www.imo-official.org/results/individual/country/IND/
India,IND,Rina,Panigrahy,Rina Panigrahy,"Panigrahy, Rina",panigrahy rina,https://www.imo-official.org/results/individual/country/IND/
India,IND,Gaurav D,Patil,Gaurav D Patil,"Patil, Gaurav D",d gaurav patil,https://www.imo-official.org/results/individual/country/IND/
India,IND,Gaurav Digambar,Patil,Gaurav Digambar Patil,"Patil, Gaurav Digambar",digambar gaurav patil,https://www.imo-official.org/results/individual/country/IND/
India,IND,Kapil,Pause,Kapil Pause,"Pause, Kapil",kapil pause,https://www.imo-official.org/results/individual/country/IND/
India,IND,Desikan,Pavankumar,Desikan Pavankumar,"Pavankumar, Desikan",desikan pavankumar,https://www.imo-official.org/results/individual/country/IND/
India,IND,Bhargav,Peruvemba Narayanan,Bhargav Peruvemba Narayanan,"Peruvemba Narayanan, Bhargav",bhargav narayanan peruvemba,https://www.imo-official.org/results/individual/country/IND/
India,IND,Madhusudhana Reddy,Pittu,Madhusudhana Reddy Pittu,"Pittu, Madhusudhana Reddy",madhusudhana pittu reddy,https://www.imo-official.org/results/individual/country/IND/
India,IND,Aditya,Prakash,Aditya Prakash,"Prakash, Aditya",aditya prakash,https://www.imo-official.org/results/individual/country/IND/
India,IND,Anupam,Prakash,Anupam Prakash,"Prakash, Anupam",anupam prakash,https://www.imo-official.org/results/individual/country/IND/
India,IND,B.,Prakash,B. Prakash,"Prakash, B.",b prakash,https://www.imo-official.org/results/individual/country/IND/
India,IND,Kartik A.,Prasanna,Kartik A. Prasanna,"Prasanna, Kartik A.",a kartik prasanna,https://www.imo-official.org/results/individual/country/IND/
India,IND,Rishi,Raj,Rishi Raj,"Raj, Rishi",raj rishi,https://www.imo-official.org/results/individual/country/IND/
India,IND,Arvind,Rajaraman,Arvind Rajaraman,"Rajaraman, Arvind",arvind rajaraman,https://www.imo-official.org/results/individual/country/IND/
India,IND,Manas,Rajendra Joglekar,Manas Rajendra Joglekar,"Rajendra Joglekar, Manas",joglekar manas rajendra,https://www.imo-official.org/results/individual/country/IND/
India,IND,Ananya Rajas,Ranade,Ananya Rajas Ranade,"Ranade, Ananya Rajas",ananya rajas ranade,https://www.imo-official.org/results/individual/country/IND/
India,IND,Sambuddha,Roy,Sambuddha Roy,"Roy, Sambuddha",roy sambuddha,https://www.imo-official.org/results/individual/country/IND/
India,IND,Abhishek,Saha,Abhishek Saha,"Saha, Abhishek",abhishek saha,https://www.imo-official.org/results/individual/country/IND/
India,IND,Sagnik,Saha,Sagnik Saha,"Saha, Sagnik",sagnik saha,https://www.imo-official.org/results/individual/country/IND/
India,IND,Shubham,Saha,Shubham Saha,"Saha, Shubham",saha shubham,https://www.imo-official.org/results/individual/country/IND/
India,IND,Rijul,Saini,Rijul Saini,"Saini, Rijul",rijul saini,https://www.imo-official.org/results/individual/country/IND/
India,IND,Vedant,Saini,Vedant Saini,"Saini, Vedant",saini vedant,https://www.imo-official.org/results/individual/country/IND/
India,IND,Manoj P.,Samanta,Manoj P. Samanta,"Samanta, Manoj P.",manoj p samanta,https://www.imo-official.org/results/individual/country/IND/
India,IND,Sumit,Sanghai,Sumit Sanghai,"Sanghai, Sumit",sanghai sumit,https://www.imo-official.org/results/individual/country/IND/
India,IND,Yash,Sanjeev,Yash Sanjeev,"Sanjeev, Yash",sanjeev yash,https://www.imo-official.org/results/individual/country/IND/
India,IND,Arvind,Sankar,Arvind Sankar,"Sankar, Arvind",arvind sankar,https://www.imo-official.org/results/individual/country/IND/
India,IND,Shubhangi,Saraf,Shubhangi Saraf,"Saraf, Shubhangi",saraf shubhangi,https://www.imo-official.org/results/individual/country/IND/
India,IND,Sucharit,Sarkar,Sucharit Sarkar,"Sarkar, Sucharit",sarkar sucharit,https://www.imo-official.org/results/individual/country/IND/
India,IND,Supravat,Sarkar,Supravat Sarkar,"Sarkar, Supravat",sarkar supravat,https://www.imo-official.org/results/individual/country/IND/
India,IND,Nikhil Ashok,Savale,Nikhil Ashok Savale,"Savale, Nikhil Ashok",ashok nikhil savale,https://www.imo-official.org/results/individual/country/IND/
India,IND,Anish Prasad,Sevekari,Anish Prasad Sevekari,"Sevekari, Anish Prasad",anish prasad sevekari,https://www.imo-official.org/results/individual/country/IND/
India,IND,Ananth,Shankar,Ananth Shankar,"Shankar, Ananth",ananth shankar,https://www.imo-official.org/results/individual/country/IND/
India,IND,Sumankar,Shankar,Sumankar Shankar,"Shankar, Sumankar",shankar sumankar,https://www.imo-official.org/results/individual/country/IND/
India,IND,Atul Shekhar,Shekhar,Atul Shekhar Shekhar,"Shekhar, Atul Shekhar",atul shekhar shekhar,https://www.imo-official.org/results/individual/country/IND/
India,IND,Sahil,Shrikant Mhaskar,Sahil Shrikant Mhaskar,"Shrikant Mhaskar, Sahil",mhaskar sahil shrikant,https://www.imo-official.org/results/individual/country/IND/
India,IND,Mohit,Singh,Mohit Singh,"Singh, Mohit",mohit singh,https://www.imo-official.org/results/individual/country/IND/
India,IND,Deepesh,Singhal,Deepesh Singhal,"Singhal, Deepesh",deepesh singhal,https://www.imo-official.org/results/individual/country/IND/
India,IND,Pulkit,Sinha,Pulkit Sinha,"Sinha, Pulkit",pulkit sinha,https://www.imo-official.org/results/individual/country/IND/
India,IND,Shubham,Sinha,Shubham Sinha,"Sinha, Shubham",shubham sinha,https://www.imo-official.org/results/individual/country/IND/
India,IND,Prashant,Sohani,Prashant Sohani,"Sohani, Prashant",prashant sohani,https://www.imo-official.org/results/individual/country/IND/
India,IND,Shobit,Sonakiya,Shobit Sonakiya,"Sonakiya, Shobit",shobit sonakiya,https://www.imo-official.org/results/individual/country/IND/
India,IND,K,Soundararajan,K Soundararajan,"Soundararajan, K",k soundararajan,https://www.imo-official.org/results/individual/country/IND/
India,IND,Thiagarajan,Sriram,Thiagarajan Sriram,"Sriram, Thiagarajan",sriram thiagarajan,https://www.imo-official.org/results/individual/country/IND/
India,IND,Pranjal,Srivastava,Pranjal Srivastava,"Srivastava, Pranjal",pranjal srivastava,https://www.imo-official.org/results/individual/country/IND/
India,IND,Ajay,Subramanian,Ajay Subramanian,"Subramanian, Ajay",ajay subramanian,https://www.imo-official.org/results/individual/country/IND/
India,IND,Kanav,Talwar,Kanav Talwar,"Talwar, Kanav",kanav talwar,https://www.imo-official.org/results/individual/country/IND/
India,IND,Chaitanya,Tappu,Chaitanya Tappu,"Tappu, Chaitanya",chaitanya tappu,https://www.imo-official.org/results/individual/country/IND/
India,IND,N.Venkataramana,Tejaswi,N.Venkataramana Tejaswi,"Tejaswi, N.Venkataramana",n tejaswi venkataramana,https://www.imo-official.org/results/individual/country/IND/
India,IND,Mrudul Madhav,Thatte,Mrudul Madhav Thatte,"Thatte, Mrudul Madhav",madhav mrudul thatte,https://www.imo-official.org/results/individual/country/IND/
India,IND,Utkarsh,Tripathi,Utkarsh Tripathi,"Tripathi, Utkarsh",tripathi utkarsh,https://www.imo-official.org/results/individual/country/IND/
India,IND,Vaibhav,Vaish,Vaibhav Vaish,"Vaish, Vaibhav",vaibhav vaish,https://www.imo-official.org/results/individual/country/IND/
India,IND,Sameer,Wagh,Sameer Wagh,"Wagh, Sameer",sameer wagh,https://www.imo-official.org/results/individual/country/IND/
India,IND,Pranjal,Warade,Pranjal Warade,"Warade, Pranjal",pranjal warade,https://www.imo-official.org/results/individual/country/IND/
Indonesia,IDN,Charles,?,Charles ?,"?, Charles",charles,https://www.imo-official.org/results/individual/country/IDN/
Indonesia,IDN,Ivo,?,Ivo ?,"?, Ivo",ivo,https://www.imo-official.org/results/individual/country/IDN/
Indonesia,IDN,Koredianto,?,Koredianto ?,"?, Koredianto",koredianto,https://www.imo-official.org/results/individual/country/IDN/
Indonesia,IDN,Kristo,?,Kristo ?,"?, Kristo",kristo,https://www.imo-official.org/results/individual/country/IDN/
Indonesia,IDN,Sutriati,?,Sutriati ?,"?, Sutriati",sutriati,https://www.imo-official.org/results/individual/country/IDN/
Indonesia,IDN,Munawar,A. R.,Munawar A. R.,"A. R., Munawar",a munawar r,https://www.imo-official.org/results/individual/country/IDN/
Indonesia,IDN,Kevin,Adi Senjaya,Kevin Adi Senjaya,"Adi Senjaya, Kevin",adi kevin senjaya,https://www.imo-official.org/results/individual/country/IDN/
Indonesia,IDN,Imade,Adi Wirawan,Imade Adi Wirawan,"Adi Wirawan, Imade",adi imade wirawan,https://www.imo-official.org/results/individual/country/IDN/
Indonesia,IDN,Yusril Ihsan,Adinatanegara,Yusril Ihsan Adinatanegara,"Adinatanegara, Yusril Ihsan",adinatanegara ihsan yusril,https://www.imo-official.org/results/individual/country/IDN/
Indonesia,IDN,Nur,Aditya Buana,Nur Aditya Buana,"Aditya Buana, Nur",aditya buana nur,https://www.imo-official.org/results/individual/country/IDN/
Indonesia,IDN,Adila,Alfa Risnadhi,Adila Alfa Risnadhi,"Alfa Risnadhi, Adila",adila alfa risnadhi,https://www.imo-official.org/results/individual/country/IDN/
Indonesia,IDN,Kurnia Dewi,Amorita,Kurnia Dewi Amorita,"Amorita, Kurnia Dewi",amorita dewi kurnia,https://www.imo-official.org/results/individual/country/IDN/
Indonesia,IDN,Rizky Rajendra,Ananta Dewa,Rizky Rajendra Ananta Dewa,"Ananta Dewa, Rizky Rajendra",ananta dewa rajendra rizky,https://www.imo-official.org/results/individual/country/IDN/
Indonesia,IDN,Pramudya,Ananto,Pramudya Ananto,"Ananto, Pramudya",ananto pramudya,https://www.imo-official.org/results/individual/country/IDN/
Indonesia,IDN,Joseph,Andreas,Joseph Andreas,"Andreas, Joseph",andreas joseph,https://www.imo-official.org/results/individual/country/IDN/
Indonesia,IDN,Rezky,Arizaputra,Rezky Arizaputra,"Arizaputra, Rezky",arizaputra rezky,https://www.imo-official.org/results/individual/country/IDN/
Indonesia,IDN,Indra,Astra Yuda,Indra Astra Yuda,"Astra Yuda, Indra",astra indra yuda,https://www.imo-official.org/results/individual/country/IDN/
Indonesia,IDN,Kinantan Arya,Bagaspati,Kinantan Arya Bagaspati,"Bagaspati, Kinantan Arya",arya bagaspati kinantan,https://www.imo-official.org/results/individual/country/IDN/
Indonesia,IDN,Gede,Bagus Bayu Pentium,Gede Bagus Bayu Pentium,"Bagus Bayu Pentium, Gede",bagus bayu gede pentium,https://www.imo-official.org/results/individual/country/IDN/
Indonesia,IDN,Syafri,Bahar,Syafri Bahar,"Bahar, Syafri",bahar syafri,https://www.imo-official.org/results/individual/country/IDN/
Indonesia,IDN,Johan,Batubara,Johan Batubara,"Batubara, Johan",batubara johan,https://www.imo-official.org/results/individual/country/IDN/
Indonesia,IDN,Vanya Priscillia,Bendatu,Vanya Priscillia Bendatu,"Bendatu, Vanya Priscillia",bendatu priscillia vanya,https://www.imo-official.org/results/individual/country/IDN/
Indonesia,IDN,Elbert,Benedict,Elbert Benedict,"Benedict, Elbert",benedict elbert,https://www.imo-official.org/results/individual/country/IDN/
Indonesia,IDN,Roes Arief,Budiman,Roes Arief Budiman,"Budiman, Roes Arief",arief budiman roes,https://www.imo-official.org/results/individual/country/IDN/
Indonesia,IDN,Steven Abiel,Cahyono,Steven Abiel Cahyono,"Cahyono, Steven Abiel",abiel cahyono steven,https://www.imo-official.org/results/individual/country/IDN/
Indonesia,IDN,Sa'Aadah Sajjana,Carita,Sa'Aadah Sajjana Carita,"Carita, Sa'Aadah Sajjana",aadah carita sa sajjana,https://www.imo-official.org/results/individual/country/IDN/
Indonesia,IDN,Stevans,Christian,Stevans Christian,"Christian, Stevans",christian stevans,https://www.imo-official.org/results/individual/country/IDN/
Indonesia,IDN,Kevin,Christian Wibisono,Kevin Christian Wibisono,"Christian Wibisono, Kevin",christian kevin wibisono,https://www.imo-official.org/results/individual/country/IDN/
Indonesia,IDN,Raymond,Christopher,Raymond Christopher,"Christopher, Raymond",christopher raymond,https://www.imo-official.org/results/individual/country/IDN/
Indonesia,IDN,Raymond,Christopher Tanto,Raymond Christopher Tanto,"Christopher Tanto, Raymond",christopher raymond tanto,https://www.imo-official.org/results/individual/country/IDN/
Indonesia,IDN,Ivan Wangsa,Cipta Lingga,Ivan Wangsa Cipta Lingga,"Cipta Lingga, Ivan Wangsa",cipta ivan lingga wangsa,https://www.imo-official.org/results/individual/country/IDN/
Indonesia,IDN,Andrew,Daniel Janong,Andrew Daniel Janong,"Daniel Janong, Andrew",andrew daniel janong,https://www.imo-official.org/results/individual/country/IDN/
Indonesia,IDN,Antono,Dewanto,Antono Dewanto,"Dewanto, Antono",antono dewanto,https://www.imo-official.org/results/individual/country/IDN/
Indonesia,IDN,Sie Hendrata,Dharmawan,Sie Hendrata Dharmawan,"Dharmawan, Sie Hendrata",dharmawan hendrata sie,https://www.imo-official.org/results/individual/country/IDN/
Indonesia,IDN,Eldwin,Djajadiwinata,Eldwin Djajadiwinata,"Djajadiwinata, Eldwin",djajadiwinata eldwin,https://www.imo-official.org/results/individual/country/IDN/
Indonesia,IDN,Ratna Wati,Dwi Ana,Ratna Wati Dwi Ana,"Dwi Ana, Ratna Wati",ana dwi ratna wati,https://www.imo-official.org/results/individual/country/IDN/
Indonesia,IDN,Elsi,Elsiawaty,Elsi Elsiawaty,"Elsiawaty, Elsi",elsi elsiawaty,https://www.imo-official.org/results/individual/country/IDN/
Indonesia,IDN,Nolang,Fanani,Nolang Fanani,"Fanani, Nolang",fanani nolang,https://www.imo-official.org/results/individual/country/IDN/
Indonesia,IDN,Prastudy Mungkas,Fauzi,Prastudy Mungkas Fauzi,"Fauzi, Prastudy Mungkas",fauzi mungkas prastudy,https://www.imo-official.org/results/individual/country/IDN/
Indonesia,IDN,Yohan Usthavia,Frans,Yohan Usthavia Frans,"Frans, Yohan Usthavia",frans usthavia yohan,https://www.imo-official.org/results/individual/country/IDN/
Indonesia,IDN,Fahmi,Fuady,Fahmi Fuady,"Fuady, Fahmi",fahmi fuady,https://www.imo-official.org/results/individual/country/IDN/
Indonesia,IDN,Ali,Godjali,Ali Godjali,"Godjali, Ali",ali godjali,https://www.imo-official.org/results/individual/country/IDN/
Indonesia,IDN,Johan,Gunardi,Johan Gunardi,"Gunardi, Johan",gunardi johan,https://www.imo-official.org/results/individual/country/IDN/
Indonesia,IDN,Andreas Dwi Maryanto,Gunawan,Andreas Dwi Maryanto Gunawan,"Gunawan, Andreas Dwi Maryanto",andreas dwi gunawan maryanto,https://www.imo-official.org/results/individual/country/IDN/
Indonesia,IDN,Louis Wilson,Gunawan,Louis Wilson Gunawan,"Gunawan, Louis Wilson",gunawan louis wilson,https://www.imo-official.org/results/individual/country/IDN/
Indonesia,IDN,Ferry Mulyadi,Gunnwann,Ferry Mulyadi Gunnwann,"Gunnwann, Ferry Mulyadi",ferry gunnwann mulyadi,https://www.imo-official.org/results/individual/country/IDN/
Indonesia,IDN,Bivan Alzacky,Harmanto,Bivan Alzacky Harmanto,"Harmanto, Bivan Alzacky",alzacky bivan harmanto,https://www.imo-official.org/results/individual/country/IDN/
Indonesia,IDN,Axel Giovanni,Hartanto,Axel Giovanni Hartanto,"Hartanto, Axel Giovanni",axel giovanni hartanto,https://www.imo-official.org/results/individual/country/IDN/
Indonesia,IDN,Billie,Hartanto,Billie Hartanto,"Hartanto, Billie",billie hartanto,https://www.imo-official.org/results/individual/country/IDN/
Indonesia,IDN,David,Hartanto Widjaja,David Hartanto Widjaja,"Hartanto Widjaja, David",david hartanto widjaja,https://www.imo-official.org/results/individual/country/IDN/
Indonesia,IDN,Septian,Hartono,Septian Hartono,"Hartono, Septian",hartono septian,https://www.imo-official.org/results/individual/country/IDN/
Indonesia,IDN,Welni,Hendra,Welni Hendra,"Hendra, Welni",hendra welni,https://www.imo-official.org/results/individual/country/IDN/
Indonesia,IDN,?,Hermanto,? Hermanto,"Hermanto, ?",hermanto,https://www.imo-official.org/results/individual/country/IDN/
Indonesia,IDN,Mulyana,Herry,Mulyana Herry,"Herry, Mulyana",herry mulyana,https://www.imo-official.org/results/individual/country/IDN/
Indonesia,IDN,Adi Suryanata,Herwana,Adi Suryanata Herwana,"Herwana, Adi Suryanata",adi herwana suryanata,https://www.imo-official.org/results/individual/country/IDN/
Indonesia,IDN,Farras Mohammad,Hibban Faddila,Farras Mohammad Hibban Faddila,"Hibban Faddila, Farras Mohammad",faddila farras hibban mohammad,https://www.imo-official.org/results/individual/country/IDN/
Indonesia,IDN,Jimmy A.,Hutasoit,Jimmy A. Hutasoit,"Hutasoit, Jimmy A.",a hutasoit jimmy,https://www.imo-official.org/results/individual/country/IDN/
Indonesia,IDN,Herbert,Ilhan Tanujaya,Herbert Ilhan Tanujaya,"Ilhan Tanujaya, Herbert",herbert ilhan tanujaya,https://www.imo-official.org/results/individual/country/IDN/
Indonesia,IDN,Ignatius Ivan,Janatra,Ignatius Ivan Janatra,"Janatra, Ignatius Ivan",ignatius ivan janatra,https://www.imo-official.org/results/individual/country/IDN/
Indonesia,IDN,Andrew Daniel,Janong,Andrew Daniel Janong,"Janong, Andrew Daniel",andrew daniel janong,https://www.imo-official.org/results/individual/country/IDN/
Indonesia,IDN,Henry,Jayakusuma,Henry Jayakusuma,"Jayakusuma, Henry",henry jayakusuma,https://www.imo-official.org/results/individual/country/IDN/
Indonesia,IDN,Wibowo,Joko,Wibowo Joko,"Joko, Wibowo",joko wibowo,https://www.imo-official.org/results/individual/country/IDN/
Indonesia,IDN,Aaron Alvarado Kristanto,Julistiono,Aaron Alvarado Kristanto Julistiono,"Julistiono, Aaron Alvarado Kristanto",aaron alvarado julistiono kristanto,https://www.imo-official.org/results/individual/country/IDN/
Indonesia,IDN,Jayden,Jurianto,Jayden Jurianto,"Jurianto, Jayden",jayden jurianto,https://www.imo-official.org/results/individual/country/IDN/
Indonesia,IDN,Moh. Nanda,Kamanaya,Moh. Nanda Kamanaya,"Kamanaya, Moh. Nanda",kamanaya moh nanda,https://www.imo-official.org/results/individual/country/IDN/
Indonesia,IDN,Andrianto,Kitti,Andrianto Kitti,"Kitti, Andrianto",andrianto kitti,https://www.imo-official.org/results/individual/country/IDN/
Indonesia,IDN,Han Beng,Koe,Han Beng Koe,"Koe, Han Beng",beng han koe,https://www.imo-official.org/results/individual/country/IDN/
Indonesia,IDN,Ivan Adrian,Koswara,Ivan Adrian Koswara,"Koswara, Ivan Adrian",adrian ivan koswara,https://www.imo-official.org/results/individual/country/IDN/
Indonesia,IDN,Abraham,Kresnoadi,Abraham Kresnoadi,"Kresnoadi, Abraham",abraham kresnoadi,https://www.imo-official.org/results/individual/country/IDN/
Indonesia,IDN,Aaron Alvarado,Kristanto,Aaron Alvarado Kristanto,"Kristanto, Aaron Alvarado",aaron alvarado kristanto,https://www.imo-official.org/results/individual/country/IDN/
Indonesia,IDN,Sandy,Kristian Waluyo,Sandy Kristian Waluyo,"Kristian Waluyo, Sandy",kristian sandy waluyo,https://www.imo-official.org/results/individual/country/IDN/
Indonesia,IDN,Rafael,Kristoforus Yanto,Rafael Kristoforus Yanto,"Kristoforus Yanto, Rafael",kristoforus rafael yanto,https://www.imo-official.org/results/individual/country/IDN/
Indonesia,IDN,Savitri,Kumalasari Sihombing,Savitri Kumalasari Sihombing,"Kumalasari Sihombing, Savitri",kumalasari savitri sihombing,https://www.imo-official.org/results/individual/country/IDN/
Indonesia,IDN,Ongki,Kurniawan,Ongki Kurniawan,"Kurniawan, Ongki",kurniawan ongki,https://www.imo-official.org/results/individual/country/IDN/
Indonesia,IDN,Rianto,Kurniawan,Rianto Kurniawan,"Kurniawan, Rianto",kurniawan rianto,https://www.imo-official.org/results/individual/country/IDN/
Indonesia,IDN,Victor,Kurniawan,Victor Kurniawan,"Kurniawan, Victor",kurniawan victor,https://www.imo-official.org/results/individual/country/IDN/
Indonesia,IDN,Tomy,Kusnadi,Tomy Kusnadi,"Kusnadi, Tomy",kusnadi tomy,https://www.imo-official.org/results/individual/country/IDN/
Indonesia,IDN,Evelyn,Lianto,Evelyn Lianto,"Lianto, Evelyn",evelyn lianto,https://www.imo-official.org/results/individual/country/IDN/
Indonesia,IDN,Stefanus,Lie,Stefanus Lie,"Lie, Stefanus",lie stefanus,https://www.imo-official.org/results/individual/country/IDN/
Indonesia,IDN,Janssen Edyth,Lim,Janssen Edyth Lim,"Lim, Janssen Edyth",edyth janssen lim,https://www.imo-official.org/results/individual/country/IDN/
Indonesia,IDN,Mulyadi,Lukito,Mulyadi Lukito,"Lukito, Mulyadi",lukito mulyadi,https://www.imo-official.org/results/individual/country/IDN/
Indonesia,IDN,Stevanus,Marchelius,Stevanus Marchelius,"Marchelius, Stevanus",marchelius stevanus,https://www.imo-official.org/results/individual/country/IDN/
Indonesia,IDN,Tobi,Moektijono,Tobi Moektijono,"Moektijono, Tobi",moektijono tobi,https://www.imo-official.org/results/individual/country/IDN/
Indonesia,IDN,Aldrian Obaja,Muis,Aldrian Obaja Muis,"Muis, Aldrian Obaja",aldrian muis obaja,https://www.imo-official.org/results/individual/country/IDN/
Indonesia,IDN,Lukito,Muliadi,Lukito Muliadi,"Muliadi, Lukito",lukito muliadi,https://www.imo-official.org/results/individual/country/IDN/
Indonesia,IDN,I. Ketut Budi,Muliarta,I. Ketut Budi Muliarta,"Muliarta, I. Ketut Budi",budi i ketut muliarta,https://www.imo-official.org/results/individual/country/IDN/
Indonesia,IDN,Jonathan,Mulyawan Woenardi,Jonathan Mulyawan Woenardi,"Mulyawan Woenardi, Jonathan",jonathan mulyawan woenardi,https://www.imo-official.org/results/individual/country/IDN/
Indonesia,IDN,Mushthofa,Mushthafa,Mushthofa Mushthafa,"Mushthafa, Mushthofa",mushthafa mushthofa,https://www.imo-official.org/results/individual/country/IDN/
Indonesia,IDN,Mushthofa,Mushthofa,Mushthofa Mushthofa,"Mushthofa, Mushthofa",mushthofa mushthofa,https://www.imo-official.org/results/individual/country/IDN/
Indonesia,IDN,Ainun,Najib,Ainun Najib,"Najib, Ainun",ainun najib,https://www.imo-official.org/results/individual/country/IDN/
Indonesia,IDN,Evan,Nathanael,Evan Nathanael,"Nathanael, Evan",evan nathanael,https://www.imo-official.org/results/individual/country/IDN/
Indonesia,IDN,Nicholas,Nicholas,Nicholas Nicholas,"Nicholas, Nicholas",nicholas nicholas,https://www.imo-official.org/results/individual/country/IDN/
Indonesia,IDN,Arthur,Niswar,Arthur Niswar,"Niswar, Arthur",arthur niswar,https://www.imo-official.org/results/individual/country/IDN/
Indonesia,IDN,Jonathan Christian,Nitisastro,Jonathan Christian Nitisastro,"Nitisastro, Jonathan Christian",christian jonathan nitisastro,https://www.imo-official.org/results/individual/country/IDN/
Indonesia,IDN,Maria Imelda,Notohusodo,Maria Imelda Notohusodo,"Notohusodo, Maria Imelda",imelda maria notohusodo,https://www.imo-official.org/results/individual/country/IDN/
Indonesia,IDN,Dedy,Nur Zaman,Dedy Nur Zaman,"Nur Zaman, Dedy",dedy nur zaman,https://www.imo-official.org/results/individual/country/IDN/
Indonesia,IDN,?,Nusufirmansyah,? Nusufirmansyah,"Nusufirmansyah, ?",nusufirmansyah,https://www.imo-official.org/results/individual/country/IDN/
Indonesia,IDN,Danica,Odelia,Danica Odelia,"Odelia, Danica",danica odelia,https://www.imo-official.org/results/individual/country/IDN/
Indonesia,IDN,Saut Pangidaan Siringorin,Ondolan,Saut Pangidaan Siringorin Ondolan,"Ondolan, Saut Pangidaan Siringorin",ondolan pangidaan saut siringorin,https://www.imo-official.org/results/individual/country/IDN/
Indonesia,IDN,Yosafat Eka Prasetya,Pangalela,Yosafat Eka Prasetya Pangalela,"Pangalela, Yosafat Eka Prasetya",eka pangalela prasetya yosafat,https://www.imo-official.org/results/individual/country/IDN/
Indonesia,IDN,Sander,Parawira,Sander Parawira,"Parawira, Sander",parawira sander,https://www.imo-official.org/results/individual/country/IDN/
Indonesia,IDN,Raja Oktovin,Parhasian Damanik,Raja Oktovin Parhasian Damanik,"Parhasian Damanik, Raja Oktovin",damanik oktovin parhasian raja,https://www.imo-official.org/results/individual/country/IDN/
Indonesia,IDN,Ferry Valerian Harjito,Pono,Ferry Valerian Harjito Pono,"Pono, Ferry Valerian Harjito",ferry harjito pono valerian,https://www.imo-official.org/results/individual/country/IDN/
Indonesia,IDN,Satria Stanza,Pramayoga,Satria Stanza Pramayoga,"Pramayoga, Satria Stanza",pramayoga satria stanza,https://www.imo-official.org/results/individual/country/IDN/
Indonesia,IDN,Iko,Pramudiono,Iko Pramudiono,"Pramudiono, Iko",iko pramudiono,https://www.imo-official.org/results/individual/country/IDN/
Indonesia,IDN,Antony,Pranata,Antony Pranata,"Pranata, Antony",antony pranata,https://www.imo-official.org/results/individual/country/IDN/
Indonesia,IDN,Agung,Prasetyo,Agung Prasetyo,"Prasetyo, Agung",agung prasetyo,https://www.imo-official.org/results/individual/country/IDN/
Indonesia,IDN,Rudi Adha,Prihandoko,Rudi Adha Prihandoko,"Prihandoko, Rudi Adha",adha prihandoko rudi,https://www.imo-official.org/results/individual/country/IDN/
Indonesia,IDN,Vanya,Priscillia Bendatu,Vanya Priscillia Bendatu,"Priscillia Bendatu, Vanya",bendatu priscillia vanya,https://www.imo-official.org/results/individual/country/IDN/
Indonesia,IDN,Kris,Pujianto,Kris Pujianto,"Pujianto, Kris",kris pujianto,https://www.imo-official.org/results/individual/country/IDN/
Indonesia,IDN,Fernando Almer,Renjiro,Fernando Almer Renjiro,"Renjiro, Fernando Almer",almer fernando renjiro,https://www.imo-official.org/results/individual/country/IDN/
Indonesia,IDN,Syahreal,Reza Tjais,Syahreal Reza Tjais,"Reza Tjais, Syahreal",reza syahreal tjais,https://www.imo-official.org/results/individual/country/IDN/
Indonesia,IDN,Ben,Robinson,Ben Robinson,"Robinson, Ben",ben robinson,https://www.imo-official.org/results/individual/country/IDN/
Indonesia,IDN,Effendi,Ronny,Effendi Ronny,"Ronny, Effendi",effendi ronny,https://www.imo-official.org/results/individual/country/IDN/
Indonesia,IDN,?,Rustamaji,? Rustamaji,"Rustamaji, ?",rustamaji,https://www.imo-official.org/results/individual/country/IDN/
Indonesia,IDN,Farrel Dwireswara,Salim,Farrel Dwireswara Salim,"Salim, Farrel Dwireswara",dwireswara farrel salim,https://www.imo-official.org/results/individual/country/IDN/
Indonesia,IDN,Michael,Samaradana Putr,Michael Samaradana Putr,"Samaradana Putr, Michael",michael putr samaradana,https://www.imo-official.org/results/individual/country/IDN/
Indonesia,IDN,Frederico,Samuel Halim,Frederico Samuel Halim,"Samuel Halim, Frederico",frederico halim samuel,https://www.imo-official.org/results/individual/country/IDN/
Indonesia,IDN,Gian Cordana,Sanjaya,Gian Cordana Sanjaya,"Sanjaya, Gian Cordana",cordana gian sanjaya,https://www.imo-official.org/results/individual/country/IDN/
Indonesia,IDN,Stephen,Sanjaya,Stephen Sanjaya,"Sanjaya, Stephen",sanjaya stephen,https://www.imo-official.org/results/individual/country/IDN/
Indonesia,IDN,Nugroho Seto,Saputra,Nugroho Seto Saputra,"Saputra, Nugroho Seto",nugroho saputra seto,https://www.imo-official.org/results/individual/country/IDN/
Indonesia,IDN,?,Sariniatun,? Sariniatun,"Sariniatun, ?",sariniatun,https://www.imo-official.org/results/individual/country/IDN/
Indonesia,IDN,?,Satriyo Nugroho,? Satriyo Nugroho,"Satriyo Nugroho, ?",nugroho satriyo,https://www.imo-official.org/results/individual/country/IDN/
Indonesia,IDN,Maulana,Satya Adigama,Maulana Satya Adigama,"Satya Adigama, Maulana",adigama maulana satya,https://www.imo-official.org/results/individual/country/IDN/
Indonesia,IDN,Muhammad Riza,Semaryan Lubis,Muhammad Riza Semaryan Lubis,"Semaryan Lubis, Muhammad Riza",lubis muhammad riza semaryan,https://www.imo-official.org/results/individual/country/IDN/
Indonesia,IDN,Jesreel Hasiholan,Sigalingging,Jesreel Hasiholan Sigalingging,"Sigalingging, Jesreel Hasiholan",hasiholan jesreel sigalingging,https://www.imo-official.org/results/individual/country/IDN/
Indonesia,IDN,Guntur,Sinardi,Guntur Sinardi,"Sinardi, Guntur",guntur sinardi,https://www.imo-official.org/results/individual/country/IDN/
Indonesia,IDN,Teguh,Siswanto,Teguh Siswanto,"Siswanto, Teguh",siswanto teguh,https://www.imo-official.org/results/individual/country/IDN/
Indonesia,IDN,?,Soepriadi,? Soepriadi,"Soepriadi, ?",soepriadi,https://www.imo-official.org/results/individual/country/IDN/
Indonesia,IDN,Elsa,Sofiari,Elsa Sofiari,"Sofiari, Elsa",elsa sofiari,https://www.imo-official.org/results/individual/country/IDN/
Indonesia,IDN,Joshua Marvel,Solomon,Joshua Marvel Solomon,"Solomon, Joshua Marvel",joshua marvel solomon,https://www.imo-official.org/results/individual/country/IDN/
Indonesia,IDN,Marchelius,Stefanus,Marchelius Stefanus,"Stefanus, Marchelius",marchelius stefanus,https://www.imo-official.org/results/individual/country/IDN/
Indonesia,IDN,Moh Reza,Sumaryan Lubis,Moh Reza Sumaryan Lubis,"Sumaryan Lubis, Moh Reza",lubis moh reza sumaryan,https://www.imo-official.org/results/individual/country/IDN/
Indonesia,IDN,Erlang Wiratama,Surya,Erlang Wiratama Surya,"Surya, Erlang Wiratama",erlang surya wiratama,https://www.imo-official.org/results/individual/country/IDN/
Indonesia,IDN,Fransisca,Susan,Fransisca Susan,"Susan, Fransisca",fransisca susan,https://www.imo-official.org/results/individual/country/IDN/
Indonesia,IDN,Nanang,Susyanto,Nanang Susyanto,"Susyanto, Nanang",nanang susyanto,https://www.imo-official.org/results/individual/country/IDN/
Indonesia,IDN,Andika,Sutanto,Andika Sutanto,"Sutanto, Andika",andika sutanto,https://www.imo-official.org/results/individual/country/IDN/
Indonesia,IDN,Otto Alexander,Sutianto,Otto Alexander Sutianto,"Sutianto, Otto Alexander",alexander otto sutianto,https://www.imo-official.org/results/individual/country/IDN/
Indonesia,IDN,Nfn,Sutriyati,Nfn Sutriyati,"Sutriyati, Nfn",nfn sutriyati,https://www.imo-official.org/results/individual/country/IDN/
Indonesia,IDN,Raymond Christopher,Tanto,Raymond Christopher Tanto,"Tanto, Raymond Christopher",christopher raymond tanto,https://www.imo-official.org/results/individual/country/IDN/
Indonesia,IDN,Sal,Tigokencono,Sal Tigokencono,"Tigokencono, Sal",sal tigokencono,https://www.imo-official.org/results/individual/country/IDN/
Indonesia,IDN,Timothy,Timothy,Timothy Timothy,"Timothy, Timothy",timothy timothy,https://www.imo-official.org/results/individual/country/IDN/
Indonesia,IDN,Alfian Edgar,Tjandra,Alfian Edgar Tjandra,"Tjandra, Alfian Edgar",alfian edgar tjandra,https://www.imo-official.org/results/individual/country/IDN/
Indonesia,IDN,Matthew Ravanelli,Tjiptono,Matthew Ravanelli Tjiptono,"Tjiptono, Matthew Ravanelli",matthew ravanelli tjiptono,https://www.imo-official.org/results/individual/country/IDN/
Indonesia,IDN,Valentino Dante,Tjowasi,Valentino Dante Tjowasi,"Tjowasi, Valentino Dante",dante tjowasi valentino,https://www.imo-official.org/results/individual/country/IDN/
Indonesia,IDN,Hendra Suratno,Tju,Hendra Suratno Tju,"Tju, Hendra Suratno",hendra suratno tju,https://www.imo-official.org/results/individual/country/IDN/
Indonesia,IDN,Wijayanti,Utari,Wijayanti Utari,"Utari, Wijayanti",utari wijayanti,https://www.imo-official.org/results/individual/country/IDN/
Indonesia,IDN,Leonardo,Valerian,Leonardo Valerian,"Valerian, Leonardo",leonardo valerian,https://www.imo-official.org/results/individual/country/IDN/
Indonesia,IDN,Reza,Wahyu Kumara,Reza Wahyu Kumara,"Wahyu Kumara, Reza",kumara reza wahyu,https://www.imo-official.org/results/individual/country/IDN/
Indonesia,IDN,Timothy Jacob,Wahyudi,Timothy Jacob Wahyudi,"Wahyudi, Timothy Jacob",jacob timothy wahyudi,https://www.imo-official.org/results/individual/country/IDN/
Indonesia,IDN,Andre Yohannes,Wibisono,Andre Yohannes Wibisono,"Wibisono, Andre Yohannes",andre wibisono yohannes,https://www.imo-official.org/results/individual/country/IDN/
Indonesia,IDN,Agung Prasetyo,Wibowo,Agung Prasetyo Wibowo,"Wibowo, Agung Prasetyo",agung prasetyo wibowo,https://www.imo-official.org/results/individual/country/IDN/
Indonesia,IDN,Christianto,Wibowo,Christianto Wibowo,"Wibowo, Christianto",christianto wibowo,https://www.imo-official.org/results/individual/country/IDN/
Indonesia,IDN,Djoko,Wibowo,Djoko Wibowo,"Wibowo, Djoko",djoko wibowo,https://www.imo-official.org/results/individual/country/IDN/
Indonesia,IDN,Andika,Widjaja,Andika Widjaja,"Widjaja, Andika",andika widjaja,https://www.imo-official.org/results/individual/country/IDN/
Indonesia,IDN,Stanve Avrilium,Widjaja,Stanve Avrilium Widjaja,"Widjaja, Stanve Avrilium",avrilium stanve widjaja,https://www.imo-official.org/results/individual/country/IDN/
Indonesia,IDN,Ronald,Widjojo,Ronald Widjojo,"Widjojo, Ronald",ronald widjojo,https://www.imo-official.org/results/individual/country/IDN/
Indonesia,IDN,?,Wiharto,? Wiharto,"Wiharto, ?",wiharto,https://www.imo-official.org/results/individual/country/IDN/
Indonesia,IDN,Timothy,William Koesasih,Timothy William Koesasih,"William Koesasih, Timothy",koesasih timothy william,https://www.imo-official.org/results/individual/country/IDN/
Indonesia,IDN,Bimo Adityarahman,Wiraputra,Bimo Adityarahman Wiraputra,"Wiraputra, Bimo Adityarahman",adityarahman bimo wiraputra,https://www.imo-official.org/results/individual/country/IDN/
Indonesia,IDN,?,Wirasaputra,? Wirasaputra,"Wirasaputra, ?",wirasaputra,https://www.imo-official.org/results/individual/country/IDN/
Indonesia,IDN,Dhani,Wiryawan Susilo,Dhani Wiryawan Susilo,"Wiryawan Susilo, Dhani",dhani susilo wiryawan,https://www.imo-official.org/results/individual/country/IDN/
Indonesia,IDN,Thomas Kurniawan,Wongsosaputr,Thomas Kurniawan Wongsosaputr,"Wongsosaputr, Thomas Kurniawan",kurniawan thomas wongsosaputr,https://www.imo-official.org/results/individual/country/IDN/
Indonesia,IDN,Rafael Kristoforus,Yanto,Rafael Kristoforus Yanto,"Yanto, Rafael Kristoforus",kristoforus rafael yanto,https://www.imo-official.org/results/individual/country/IDN/
Indonesia,IDN,Wahyu Perdana,Yudistiawan,Wahyu Perdana Yudistiawan,"Yudistiawan, Wahyu Perdana",perdana wahyu yudistiawan,https://www.imo-official.org/results/individual/country/IDN/
Indonesia,IDN,Fajar,Yuliawan,Fajar Yuliawan,"Yuliawan, Fajar",fajar yuliawan,https://www.imo-official.org/results/individual/country/IDN/
Indonesia,IDN,Dimas,Yusuf Danurwenda,Dimas Yusuf Danurwenda,"Yusuf Danurwenda, Dimas",danurwenda dimas yusuf,https://www.imo-official.org/results/individual/country/IDN/
Indonesia,IDN,Ahmad,Zaky,Ahmad Zaky,"Zaky, Ahmad",ahmad zaky,https://www.imo-official.org/results/individual/country/IDN/
Islamic Republic of Iran,IRN,Mehrdaad,Abbaaspour,Mehrdaad Abbaaspour,"Abbaaspour, Mehrdaad",abbaaspour mehrdaad,https://www.imo-official.org/results/individual/country/IRN/
Islamic Republic of Iran,IRN,Hossein,Abbaspour,Hossein Abbaspour,"Abbaspour, Hossein",abbaspour hossein,https://www.imo-official.org/results/individual/country/IRN/
Islamic Republic of Iran,IRN,Afshin,Abdollahi,Afshin Abdollahi,"Abdollahi, Afshin",abdollahi afshin,https://www.imo-official.org/results/individual/country/IRN/
Islamic Republic of Iran,IRN,Javad,Abedi,Javad Abedi,"Abedi, Javad",abedi javad,https://www.imo-official.org/results/individual/country/IRN/
Islamic Republic of Iran,IRN,Amirabas,Abedy,Amirabas Abedy,"Abedy, Amirabas",abedy amirabas,https://www.imo-official.org/results/individual/country/IRN/
Islamic Republic of Iran,IRN,Salman,Abolfathe Beikidezfuli,Salman Abolfathe Beikidezfuli,"Abolfathe Beikidezfuli, Salman",abolfathe beikidezfuli salman,https://www.imo-official.org/results/individual/country/IRN/
Islamic Republic of Iran,IRN,Mahdi,Aghajanloo,Mahdi Aghajanloo,"Aghajanloo, Mahdi",aghajanloo mahdi,https://www.imo-official.org/results/individual/country/IRN/
Islamic Republic of Iran,IRN,Kasra,Ahmadi,Kasra Ahmadi,"Ahmadi, Kasra",ahmadi kasra,https://www.imo-official.org/results/individual/country/IRN/
Islamic Republic of Iran,IRN,Omraan,Ahmadi Darvishv,Omraan Ahmadi Darvishv,"Ahmadi Darvishv, Omraan",ahmadi darvishv omraan,https://www.imo-official.org/results/individual/country/IRN/
Islamic Republic of Iran,IRN,Nima,Ahmadi Pour Anari,Nima Ahmadi Pour Anari,"Ahmadi Pour Anari, Nima",ahmadi anari nima pour,https://www.imo-official.org/results/individual/country/IRN/
Islamic Republic of Iran,IRN,Siamak,Ahmadpour Torkamani,Siamak Ahmadpour Torkamani,"Ahmadpour Torkamani, Siamak",ahmadpour siamak torkamani,https://www.imo-official.org/results/individual/country/IRN/
Islamic Republic of Iran,IRN,Amir,Ajorlou,Amir Ajorlou,"Ajorlou, Amir",ajorlou amir,https://www.imo-official.org/results/individual/country/IRN/
Islamic Republic of Iran,IRN,Mohammad,Ali Abam,Mohammad Ali Abam,"Ali Abam, Mohammad",abam ali mohammad,https://www.imo-official.org/results/individual/country/IRN/
Islamic Republic of Iran,IRN,Nader,Ali Akbarian,Nader Ali Akbarian,"Ali Akbarian, Nader",akbarian ali nader,https://www.imo-official.org/results/individual/country/IRN/
Islamic Republic of Iran,IRN,Yeganeh,Ali Mohammadi,Yeganeh Ali Mohammadi,"Ali Mohammadi, Yeganeh",ali mohammadi yeganeh,https://www.imo-official.org/results/individual/country/IRN/
Islamic Republic of Iran,IRN,Sepehr,Alipour,Sepehr Alipour,"Alipour, Sepehr",alipour sepehr,https://www.imo-official.org/results/individual/country/IRN/
Islamic Republic of Iran,IRN,Kasra,Alishahi,Kasra Alishahi,"Alishahi, Kasra",alishahi kasra,https://www.imo-official.org/results/individual/country/IRN/
Islamic Republic of Iran,IRN,Arash,Amini,Arash Amini,"Amini, Arash",amini arash,https://www.imo-official.org/results/individual/country/IRN/
Islamic Republic of Iran,IRN,Omid,Amini,Omid Amini,"Amini, Omid",amini omid,https://www.imo-official.org/results/individual/country/IRN/
Islamic Republic of Iran,IRN,Mohammad Reza,Aminian,Mohammad Reza Aminian,"Aminian, Mohammad Reza",aminian mohammad reza,https://www.imo-official.org/results/individual/country/IRN/
Islamic Republic of Iran,IRN,Sobhan,Aram,Sobhan Aram,"Aram, Sobhan",aram sobhan,https://www.imo-official.org/results/individual/country/IRN/
Islamic Republic of Iran,IRN,Morteza,Ashraphijuo,Morteza Ashraphijuo,"Ashraphijuo, Morteza",ashraphijuo morteza,https://www.imo-official.org/results/individual/country/IRN/
Islamic Republic of Iran,IRN,Medhi,Askari,Medhi Askari,"Askari, Medhi",askari medhi,https://www.imo-official.org/results/individual/country/IRN/
Islamic Republic of Iran,IRN,Mohammadreza,Attaranzadeh,Mohammadreza Attaranzadeh,"Attaranzadeh, Mohammadreza",attaranzadeh mohammadreza,https://www.imo-official.org/results/individual/country/IRN/
Islamic Republic of Iran,IRN,Seyed Ehsan,Azarmsa,Seyed Ehsan Azarmsa,"Azarmsa, Seyed Ehsan",azarmsa ehsan seyed,https://www.imo-official.org/results/individual/country/IRN/
Islamic Republic of Iran,IRN,Arsha,Azizeddin,Arsha Azizeddin,"Azizeddin, Arsha",arsha azizeddin,https://www.imo-official.org/results/individual/country/IRN/
Islamic Republic of Iran,IRN,Sina,Azizeddin,Sina Azizeddin,"Azizeddin, Sina",azizeddin sina,https://www.imo-official.org/results/individual/country/IRN/
Islamic Republic of Iran,IRN,Mohammad Reza,Badri,Mohammad Reza Badri,"Badri, Mohammad Reza",badri mohammad reza,https://www.imo-official.org/results/individual/country/IRN/
Islamic Republic of Iran,IRN,Mohsen,Bahramgiri,Mohsen Bahramgiri,"Bahramgiri, Mohsen",bahramgiri mohsen,https://www.imo-official.org/results/individual/country/IRN/
Islamic Republic of Iran,IRN,Milad,Bakhshizadeh,Milad Bakhshizadeh,"Bakhshizadeh, Milad",bakhshizadeh milad,https://www.imo-official.org/results/individual/country/IRN/
Islamic Republic of Iran,IRN,Amir Mohammad,Bandari Masoole,Amir Mohammad Bandari Masoole,"Bandari Masoole, Amir Mohammad",amir bandari masoole mohammad,https://www.imo-official.org/results/individual/country/IRN/
Islamic Republic of Iran,IRN,Mohammad,Bavarian,Mohammad Bavarian,"Bavarian, Mohammad",bavarian mohammad,https://www.imo-official.org/results/individual/country/IRN/
Islamic Republic of Iran,IRN,Mohsen,Bayati,Mohsen Bayati,"Bayati, Mohsen",bayati mohsen,https://www.imo-official.org/results/individual/country/IRN/
Islamic Republic of Iran,IRN,Alek,Bedroya,Alek Bedroya,"Bedroya, Alek",alek bedroya,https://www.imo-official.org/results/individual/country/IRN/
Islamic Republic of Iran,IRN,Roya,Beheshti Zavareh,Roya Beheshti Zavareh,"Beheshti Zavareh, Roya",beheshti roya zavareh,https://www.imo-official.org/results/individual/country/IRN/
Islamic Republic of Iran,IRN,Amin,Behjati,Amin Behjati,"Behjati, Amin",amin behjati,https://www.imo-official.org/results/individual/country/IRN/
Islamic Republic of Iran,IRN,Armin,Behnamnia,Armin Behnamnia,"Behnamnia, Armin",armin behnamnia,https://www.imo-official.org/results/individual/country/IRN/
Islamic Republic of Iran,IRN,Ali Reza,Bigdeli,Ali Reza Bigdeli,"Bigdeli, Ali Reza",ali bigdeli reza,https://www.imo-official.org/results/individual/country/IRN/
Islamic Republic of Iran,IRN,Mohammad Jaber,Borran,Mohammad Jaber Borran,"Borran, Mohammad Jaber",borran jaber mohammad,https://www.imo-official.org/results/individual/country/IRN/
Islamic Republic of Iran,IRN,Abbas,Colmakani,Abbas Colmakani,"Colmakani, Abbas",abbas colmakani,https://www.imo-official.org/results/individual/country/IRN/
Islamic Republic of Iran,IRN,Parnia,Dabbagh,Parnia Dabbagh,"Dabbagh, Parnia",dabbagh parnia,https://www.imo-official.org/results/individual/country/IRN/
Islamic Republic of Iran,IRN,Hossein,Dabirian,Hossein Dabirian,"Dabirian, Hossein",dabirian hossein,https://www.imo-official.org/results/individual/country/IRN/
Islamic Republic of Iran,IRN,Ali,Daeinaby,Ali Daeinaby,"Daeinaby, Ali",ali daeinaby,https://www.imo-official.org/results/individual/country/IRN/
Islamic Republic of Iran,IRN,Ali Akbar,Daemi,Ali Akbar Daemi,"Daemi, Ali Akbar",akbar ali daemi,https://www.imo-official.org/results/individual/country/IRN/
Islamic Republic of Iran,IRN,Mina,Dalirrooyfard,Mina Dalirrooyfard,"Dalirrooyfard, Mina",dalirrooyfard mina,https://www.imo-official.org/results/individual/country/IRN/
Islamic Republic of Iran,IRN,Shayan,Dashmiz,Shayan Dashmiz,"Dashmiz, Shayan",dashmiz shayan,https://www.imo-official.org/results/individual/country/IRN/
Islamic Republic of Iran,IRN,Roohollah,Ebrahimian,Roohollah Ebrahimian,"Ebrahimian, Roohollah",ebrahimian roohollah,https://www.imo-official.org/results/individual/country/IRN/
Islamic Republic of Iran,IRN,Eaman,Eftekhari,Eaman Eftekhari,"Eftekhari, Eaman",eaman eftekhari,https://www.imo-official.org/results/individual/country/IRN/
Islamic Republic of Iran,IRN,Mostafa,Einollah Zadeh Samadi,Mostafa Einollah Zadeh Samadi,"Einollah Zadeh Samadi, Mostafa",einollah mostafa samadi zadeh,https://www.imo-official.org/results/individual/country/IRN/
Islamic Republic of Iran,IRN,Farbod,Ekbatani,Farbod Ekbatani,"Ekbatani, Farbod",ekbatani farbod,https://www.imo-official.org/results/individual/country/IRN/
Islamic Republic of Iran,IRN,Ehsan,Emami,Ehsan Emami,"Emami, Ehsan",ehsan emami,https://www.imo-official.org/results/individual/country/IRN/
Islamic Republic of Iran,IRN,Alireza,Fallah,Alireza Fallah,"Fallah, Alireza",alireza fallah,https://www.imo-official.org/results/individual/country/IRN/
Islamic Republic of Iran,IRN,Farzan,Fallah,Farzan Fallah,"Fallah, Farzan",fallah farzan,https://www.imo-official.org/results/individual/country/IRN/
Islamic Republic of Iran,IRN,Farhad,Farahani,Farhad Farahani,"Farahani, Farhad",farahani farhad,https://www.imo-official.org/results/individual/country/IRN/
Islamic Republic of Iran,IRN,Arman,Fazeli Chaghooshi,Arman Fazeli Chaghooshi,"Fazeli Chaghooshi, Arman",arman chaghooshi fazeli,https://www.imo-official.org/results/individual/country/IRN/
Islamic Republic of Iran,IRN,Seyedhesam,Firouzi,Seyedhesam Firouzi,"Firouzi, Seyedhesam",firouzi seyedhesam,https://www.imo-official.org/results/individual/country/IRN/
Islamic Republic of Iran,IRN,Hamid,Foroughi,Hamid Foroughi,"Foroughi, Hamid",foroughi hamid,https://www.imo-official.org/results/individual/country/IRN/
Islamic Republic of Iran,IRN,Morteza,Fotouhi Firoozabad,Morteza Fotouhi Firoozabad,"Fotouhi Firoozabad, Morteza",firoozabad fotouhi morteza,https://www.imo-official.org/results/individual/country/IRN/
Islamic Republic of Iran,IRN,Amirmasoud,Geevechi,Amirmasoud Geevechi,"Geevechi, Amirmasoud",amirmasoud geevechi,https://www.imo-official.org/results/individual/country/IRN/
Islamic Republic of Iran,IRN,Faraz,Ghahremany Kooreh,Faraz Ghahremany Kooreh,"Ghahremany Kooreh, Faraz",faraz ghahremany kooreh,https://www.imo-official.org/results/individual/country/IRN/
Islamic Republic of Iran,IRN,Mohamad,Gharakhani,Mohamad Gharakhani,"Gharakhani, Mohamad",gharakhani mohamad,https://www.imo-official.org/results/individual/country/IRN/
Islamic Republic of Iran,IRN,Mohammadermia,Ghaseri,Mohammadermia Ghaseri,"Ghaseri, Mohammadermia",ghaseri mohammadermia,https://www.imo-official.org/results/individual/country/IRN/
Islamic Republic of Iran,IRN,Amir Aalam,Ghazanfarian,Amir Aalam Ghazanfarian,"Ghazanfarian, Amir Aalam",aalam amir ghazanfarian,https://www.imo-official.org/results/individual/country/IRN/
Islamic Republic of Iran,IRN,Sepehr,Ghazi Nezami,Sepehr Ghazi Nezami,"Ghazi Nezami, Sepehr",ghazi nezami sepehr,https://www.imo-official.org/results/individual/country/IRN/
Islamic Republic of Iran,IRN,Shayan,Gholami,Shayan Gholami,"Gholami, Shayan",gholami shayan,https://www.imo-official.org/results/individual/country/IRN/
Islamic Republic of Iran,IRN,Amin Aminzadeh,Gohari,Amin Aminzadeh Gohari,"Gohari, Amin Aminzadeh",amin aminzadeh gohari,https://www.imo-official.org/results/individual/country/IRN/
Islamic Republic of Iran,IRN,Saeed,Hadikhanloo,Saeed Hadikhanloo,"Hadikhanloo, Saeed",hadikhanloo saeed,https://www.imo-official.org/results/individual/country/IRN/
Islamic Republic of Iran,IRN,Sahand,Haji Ali Ahmad,Sahand Haji Ali Ahmad,"Haji Ali Ahmad, Sahand",ahmad ali haji sahand,https://www.imo-official.org/results/individual/country/IRN/
Islamic Republic of Iran,IRN,Miromid,Hajimirsadeghi,Miromid Hajimirsadeghi,"Hajimirsadeghi, Miromid",hajimirsadeghi miromid,https://www.imo-official.org/results/individual/country/IRN/
Islamic Republic of Iran,IRN,Aria,Halavati,Aria Halavati,"Halavati, Aria",aria halavati,https://www.imo-official.org/results/individual/country/IRN/
Islamic Republic of Iran,IRN,Nima,Hamidi,Nima Hamidi,"Hamidi, Nima",hamidi nima,https://www.imo-official.org/results/individual/country/IRN/
Islamic Republic of Iran,IRN,Hessam,Hammidi,Hessam Hammidi,"Hammidi, Hessam",hammidi hessam,https://www.imo-official.org/results/individual/country/IRN/
Islamic Republic of Iran,IRN,Alireza,Haqi,Alireza Haqi,"Haqi, Alireza",alireza haqi,https://www.imo-official.org/results/individual/country/IRN/
Islamic Republic of Iran,IRN,Ali Reza,Hashemi Attar,Ali Reza Hashemi Attar,"Hashemi Attar, Ali Reza",ali attar hashemi reza,https://www.imo-official.org/results/individual/country/IRN/
Islamic Republic of Iran,IRN,Arash,Hassibi,Arash Hassibi,"Hassibi, Arash",arash hassibi,https://www.imo-official.org/results/individual/country/IRN/
Islamic Republic of Iran,IRN,Seyed Mohammad Mahdi,Hatami,Seyed Mohammad Mahdi Hatami,"Hatami, Seyed Mohammad Mahdi",hatami mahdi mohammad seyed,https://www.imo-official.org/results/individual/country/IRN/
Islamic Republic of Iran,IRN,Omid,Hatami Varzaneh,Omid Hatami Varzaneh,"Hatami Varzaneh, Omid",hatami omid varzaneh,https://www.imo-official.org/results/individual/country/IRN/
Islamic Republic of Iran,IRN,Alireza,Hediehloo,Alireza Hediehloo,"Hediehloo, Alireza",alireza hediehloo,https://www.imo-official.org/results/individual/country/IRN/
Islamic Republic of Iran,IRN,Ehsan,Heidari,Ehsan Heidari,"Heidari, Ehsan",ehsan heidari,https://www.imo-official.org/results/individual/country/IRN/
Islamic Republic of Iran,IRN,Arian,Hosseingholizadeh,Arian Hosseingholizadeh,"Hosseingholizadeh, Arian",arian hosseingholizadeh,https://www.imo-official.org/results/individual/country/IRN/
Islamic Republic of Iran,IRN,Seyed Reza,Hosseini Dolatabadi,Seyed Reza Hosseini Dolatabadi,"Hosseini Dolatabadi, Seyed Reza",dolatabadi hosseini reza seyed,https://www.imo-official.org/results/individual/country/IRN/
Islamic Republic of Iran,IRN,Mohamad Bagher,Iraji,Mohamad Bagher Iraji,"Iraji, Mohamad Bagher",bagher iraji mohamad,https://www.imo-official.org/results/individual/country/IRN/
Islamic Republic of Iran,IRN,Amin,Jaefarian,Amin Jaefarian,"Jaefarian, Amin",amin jaefarian,https://www.imo-official.org/results/individual/country/IRN/
Islamic Republic of Iran,IRN,Amir,Jafari,Amir Jafari,"Jafari, Amir",amir jafari,https://www.imo-official.org/results/individual/country/IRN/
Islamic Republic of Iran,IRN,Mohammadparsa,Jafarnejady,Mohammadparsa Jafarnejady,"Jafarnejady, Mohammadparsa",jafarnejady mohammadparsa,https://www.imo-official.org/results/individual/country/IRN/
Islamic Republic of Iran,IRN,Mohammad,Jahangoshahi,Mohammad Jahangoshahi,"Jahangoshahi, Mohammad",jahangoshahi mohammad,https://www.imo-official.org/results/individual/country/IRN/
Islamic Republic of Iran,IRN,Mohammad,Javaheri,Mohammad Javaheri,"Javaheri, Mohammad",javaheri mohammad,https://www.imo-official.org/results/individual/country/IRN/
Islamic Republic of Iran,IRN,Adel,Javanmard,Adel Javanmard,"Javanmard, Adel",adel javanmard,https://www.imo-official.org/results/individual/country/IRN/
Islamic Republic of Iran,IRN,Ali,Joonbakhsh,Ali Joonbakhsh,"Joonbakhsh, Ali",ali joonbakhsh,https://www.imo-official.org/results/individual/country/IRN/
Islamic Republic of Iran,IRN,Ayatollah,Karimzadeh,Ayatollah Karimzadeh,"Karimzadeh, Ayatollah",ayatollah karimzadeh,https://www.imo-official.org/results/individual/country/IRN/
Islamic Republic of Iran,IRN,Payman L.,Kassaei,Payman L. Kassaei,"Kassaei, Payman L.",kassaei l payman,https://www.imo-official.org/results/individual/country/IRN/
Islamic Republic of Iran,IRN,Seyed Jalil,Kazemi Tabar Amir Kolaei,Seyed Jalil Kazemi Tabar Amir Kolaei,"Kazemi Tabar Amir Kolaei, Seyed Jalil",amir jalil kazemi kolaei seyed tabar,https://www.imo-official.org/results/individual/country/IRN/
Islamic Republic of Iran,IRN,Mohammadmahdi,Keramativallayi,Mohammadmahdi Keramativallayi,"Keramativallayi, Mohammadmahdi",keramativallayi mohammadmahdi,https://www.imo-official.org/results/individual/country/IRN/
Islamic Republic of Iran,IRN,Alireza,Keshavarzhaddad,Alireza Keshavarzhaddad,"Keshavarzhaddad, Alireza",alireza keshavarzhaddad,https://www.imo-official.org/results/individual/country/IRN/
Islamic Republic of Iran,IRN,Mohammad Amin,Khajehnejad,Mohammad Amin Khajehnejad,"Khajehnejad, Mohammad Amin",amin khajehnejad mohammad,https://www.imo-official.org/results/individual/country/IRN/
Islamic Republic of Iran,IRN,Ali Asghar,Khanban,Ali Asghar Khanban,"Khanban, Ali Asghar",ali asghar khanban,https://www.imo-official.org/results/individual/country/IRN/
Islamic Republic of Iran,IRN,Ali,Khezeli,Ali Khezeli,"Khezeli, Ali",ali khezeli,https://www.imo-official.org/results/individual/country/IRN/
Islamic Republic of Iran,IRN,Mohammad Ali,Khojastepur,Mohammad Ali Khojastepur,"Khojastepur, Mohammad Ali",ali khojastepur mohammad,https://www.imo-official.org/results/individual/country/IRN/
Islamic Republic of Iran,IRN,Bardiya,Khosheghbal,Bardiya Khosheghbal,"Khosheghbal, Bardiya",bardiya khosheghbal,https://www.imo-official.org/results/individual/country/IRN/
Islamic Republic of Iran,IRN,Khashayar,Khosravi,Khashayar Khosravi,"Khosravi, Khashayar",khashayar khosravi,https://www.imo-official.org/results/individual/country/IRN/
Islamic Republic of Iran,IRN,Alyani,Kurosh,Alyani Kurosh,"Kurosh, Alyani",alyani kurosh,https://www.imo-official.org/results/individual/country/IRN/
Islamic Republic of Iran,IRN,Ali Babaii,Lactarashani,Ali Babaii Lactarashani,"Lactarashani, Ali Babaii",ali babaii lactarashani,https://www.imo-official.org/results/individual/country/IRN/
Islamic Republic of Iran,IRN,Javad,Lavaei Yanesi,Javad Lavaei Yanesi,"Lavaei Yanesi, Javad",javad lavaei yanesi,https://www.imo-official.org/results/individual/country/IRN/
Islamic Republic of Iran,IRN,Aryo,Lotfi Jandaghi,Aryo Lotfi Jandaghi,"Lotfi Jandaghi, Aryo",aryo jandaghi lotfi,https://www.imo-official.org/results/individual/country/IRN/
Islamic Republic of Iran,IRN,Seyed Ali,Madani Zadeh,Seyed Ali Madani Zadeh,"Madani Zadeh, Seyed Ali",ali madani seyed zadeh,https://www.imo-official.org/results/individual/country/IRN/
Islamic Republic of Iran,IRN,Seyed Mohammadsadegh,Mahdavi Tikdari,Seyed Mohammadsadegh Mahdavi Tikdari,"Mahdavi Tikdari, Seyed Mohammadsadegh",mahdavi mohammadsadegh seyed tikdari,https://www.imo-official.org/results/individual/country/IRN/
Islamic Republic of Iran,IRN,Hessam,Mahdavifar,Hessam Mahdavifar,"Mahdavifar, Hessam",hessam mahdavifar,https://www.imo-official.org/results/individual/country/IRN/
Islamic Republic of Iran,IRN,Mohammed,Mahdiaan,Mohammed Mahdiaan,"Mahdiaan, Mohammed",mahdiaan mohammed,https://www.imo-official.org/results/individual/country/IRN/
Islamic Republic of Iran,IRN,Pouria,Mahmoudkhanshirazi,Pouria Mahmoudkhanshirazi,"Mahmoudkhanshirazi, Pouria",mahmoudkhanshirazi pouria,https://www.imo-official.org/results/individual/country/IRN/
Islamic Republic of Iran,IRN,Ilia,Mahrooghi,Ilia Mahrooghi,"Mahrooghi, Ilia",ilia mahrooghi,https://www.imo-official.org/results/individual/country/IRN/
Islamic Republic of Iran,IRN,Mahbod,Majid,Mahbod Majid,"Majid, Mahbod",mahbod majid,https://www.imo-official.org/results/individual/country/IRN/
Islamic Republic of Iran,IRN,Keivan,Mallahi,Keivan Mallahi,"Mallahi, Keivan",keivan mallahi,https://www.imo-official.org/results/individual/country/IRN/
Islamic Republic of Iran,IRN,Goodarz,Mehr,Goodarz Mehr,"Mehr, Goodarz",goodarz mehr,https://www.imo-official.org/results/individual/country/IRN/
Islamic Republic of Iran,IRN,Behzad,Mehrdad,Behzad Mehrdad,"Mehrdad, Behzad",behzad mehrdad,https://www.imo-official.org/results/individual/country/IRN/
Islamic Republic of Iran,IRN,Mohammad Sajjad,Memari Abkooh,Mohammad Sajjad Memari Abkooh,"Memari Abkooh, Mohammad Sajjad",abkooh memari mohammad sajjad,https://www.imo-official.org/results/individual/country/IRN/
Islamic Republic of Iran,IRN,Taha,Miran Zadeh,Taha Miran Zadeh,"Miran Zadeh, Taha",miran taha zadeh,https://www.imo-official.org/results/individual/country/IRN/
Islamic Republic of Iran,IRN,Mazyar,Mirrahimi,Mazyar Mirrahimi,"Mirrahimi, Mazyar",mazyar mirrahimi,https://www.imo-official.org/results/individual/country/IRN/
Islamic Republic of Iran,IRN,Sepidehsadat,Mirrahimi,Sepidehsadat Mirrahimi,"Mirrahimi, Sepidehsadat",mirrahimi sepidehsadat,https://www.imo-official.org/results/individual/country/IRN/
Islamic Republic of Iran,IRN,Ali,Mirzaee Anari,Ali Mirzaee Anari,"Mirzaee Anari, Ali",ali anari mirzaee,https://www.imo-official.org/results/individual/country/IRN/
Islamic Republic of Iran,IRN,Ali,Mirzaei Anari,Ali Mirzaei Anari,"Mirzaei Anari, Ali",ali anari mirzaei,https://www.imo-official.org/results/individual/country/IRN/
Islamic Republic of Iran,IRN,Maryam,Mirzakhani,Maryam Mirzakhani,"Mirzakhani, Maryam",maryam mirzakhani,https://www.imo-official.org/results/individual/country/IRN/
Islamic Republic of Iran,IRN,Erfan,Moeini,Erfan Moeini,"Moeini, Erfan",erfan moeini,https://www.imo-official.org/results/individual/country/IRN/
Islamic Republic of Iran,IRN,Amirabbas,Mohammadi,Amirabbas Mohammadi,"Mohammadi, Amirabbas",amirabbas mohammadi,https://www.imo-official.org/results/individual/country/IRN/
Islamic Republic of Iran,IRN,Amirhossein,Mohammadzadeh,Amirhossein Mohammadzadeh,"Mohammadzadeh, Amirhossein",amirhossein mohammadzadeh,https://www.imo-official.org/results/individual/country/IRN/
Islamic Republic of Iran,IRN,Seyed Gholamhosein,Mohimani Emamzadeh,Seyed Gholamhosein Mohimani Emamzadeh,"Mohimani Emamzadeh, Seyed Gholamhosein",emamzadeh gholamhosein mohimani seyed,https://www.imo-official.org/results/individual/country/IRN/
Islamic Republic of Iran,IRN,Shahram,Mohsenipour,Shahram Mohsenipour,"Mohsenipour, Shahram",mohsenipour shahram,https://www.imo-official.org/results/individual/country/IRN/
Islamic Republic of Iran,IRN,Amir Ali,Moinfar,Amir Ali Moinfar,"Moinfar, Amir Ali",ali amir moinfar,https://www.imo-official.org/results/individual/country/IRN/
Islamic Republic of Iran,IRN,Shahriar,Mokhtari Sharghi,Shahriar Mokhtari Sharghi,"Mokhtari Sharghi, Shahriar",mokhtari shahriar sharghi,https://www.imo-official.org/results/individual/country/IRN/
Islamic Republic of Iran,IRN,Ehsan,Mokhtarian,Ehsan Mokhtarian,"Mokhtarian, Ehsan",ehsan mokhtarian,https://www.imo-official.org/results/individual/country/IRN/
Islamic Republic of Iran,IRN,Armin,Morabbi,Armin Morabbi,"Morabbi, Armin",armin morabbi,https://www.imo-official.org/results/individual/country/IRN/
Islamic Republic of Iran,IRN,Mohammad,Moshtaghifar,Mohammad Moshtaghifar,"Moshtaghifar, Mohammad",mohammad moshtaghifar,https://www.imo-official.org/results/individual/country/IRN/
Islamic Republic of Iran,IRN,Seyed Mohammad Hossein,Mousavi,Seyed Mohammad Hossein Mousavi,"Mousavi, Seyed Mohammad Hossein",hossein mohammad mousavi seyed,https://www.imo-official.org/results/individual/country/IRN/
Islamic Republic of Iran,IRN,Hossein,Movaasaati,Hossein Movaasaati,"Movaasaati, Hossein",hossein movaasaati,https://www.imo-official.org/results/individual/country/IRN/
Islamic Republic of Iran,IRN,Omid,Naghshinen A,Omid Naghshinen A,"Naghshinen A, Omid",a naghshinen omid,https://www.imo-official.org/results/individual/country/IRN/
Islamic Republic of Iran,IRN,Reza,Naserasr,Reza Naserasr,"Naserasr, Reza",naserasr reza,https://www.imo-official.org/results/individual/country/IRN/
Islamic Republic of Iran,IRN,Behzad,Nazari,Behzad Nazari,"Nazari, Behzad",behzad nazari,https://www.imo-official.org/results/individual/country/IRN/
Islamic Republic of Iran,IRN,Radin,Nik Eghbali,Radin Nik Eghbali,"Nik Eghbali, Radin",eghbali nik radin,https://www.imo-official.org/results/individual/country/IRN/
Islamic Republic of Iran,IRN,Behrang,Noohi,Behrang Noohi,"Noohi, Behrang",behrang noohi,https://www.imo-official.org/results/individual/country/IRN/
Islamic Republic of Iran,IRN,Nima,Noorshams,Nima Noorshams,"Noorshams, Nima",nima noorshams,https://www.imo-official.org/results/individual/country/IRN/
Islamic Republic of Iran,IRN,Ali,Nourmohammadi,Ali Nourmohammadi,"Nourmohammadi, Ali",ali nourmohammadi,https://www.imo-official.org/results/individual/country/IRN/
Islamic Republic of Iran,IRN,Danial,Parnian,Danial Parnian,"Parnian, Danial",danial parnian,https://www.imo-official.org/results/individual/country/IRN/
Islamic Republic of Iran,IRN,Mohammad,Pedramfar,Mohammad Pedramfar,"Pedramfar, Mohammad",mohammad pedramfar,https://www.imo-official.org/results/individual/country/IRN/
Islamic Republic of Iran,IRN,Ahmad,Peivandi Karizbodaghi,Ahmad Peivandi Karizbodaghi,"Peivandi Karizbodaghi, Ahmad",ahmad karizbodaghi peivandi,https://www.imo-official.org/results/individual/country/IRN/
Islamic Republic of Iran,IRN,Pejman,Pourshirazi,Pejman Pourshirazi,"Pourshirazi, Pejman",pejman pourshirazi,https://www.imo-official.org/results/individual/country/IRN/
Islamic Republic of Iran,IRN,Kasra,Rafie,Kasra Rafie,"Rafie, Kasra",kasra rafie,https://www.imo-official.org/results/individual/country/IRN/
Islamic Republic of Iran,IRN,Pouria,Rahmani,Pouria Rahmani,"Rahmani, Pouria",pouria rahmani,https://www.imo-official.org/results/individual/country/IRN/
Islamic Republic of Iran,IRN,Hesameddin,Rajabzadeh,Hesameddin Rajabzadeh,"Rajabzadeh, Hesameddin",hesameddin rajabzadeh,https://www.imo-official.org/results/individual/country/IRN/
Islamic Republic of Iran,IRN,Ali,Rajaei,Ali Rajaei,"Rajaei, Ali",ali rajaei,https://www.imo-official.org/results/individual/country/IRN/
Islamic Republic of Iran,IRN,Amin,Rakhsha,Amin Rakhsha,"Rakhsha, Amin",amin rakhsha,https://www.imo-official.org/results/individual/country/IRN/
Islamic Republic of Iran,IRN,Maziyar,Ramin Rad,Maziyar Ramin Rad,"Ramin Rad, Maziyar",maziyar rad ramin,https://www.imo-official.org/results/individual/country/IRN/
Islamic Republic of Iran,IRN,Ahmad,Ramzan Pour,Ahmad Ramzan Pour,"Ramzan Pour, Ahmad",ahmad pour ramzan,https://www.imo-official.org/results/individual/country/IRN/
Islamic Republic of Iran,IRN,Arash,Rastegar,Arash Rastegar,"Rastegar, Arash",arash rastegar,https://www.imo-official.org/results/individual/country/IRN/
Islamic Republic of Iran,IRN,Seyed Mobin,Razavi,Seyed Mobin Razavi,"Razavi, Seyed Mobin",mobin razavi seyed,https://www.imo-official.org/results/individual/country/IRN/
Islamic Republic of Iran,IRN,Mohammed-Reza,Razvaan,Mohammed-Reza Razvaan,"Razvaan, Mohammed-Reza",mohammed razvaan reza,https://www.imo-official.org/results/individual/country/IRN/
Islamic Republic of Iran,IRN,Hamid,Reza Davoodi,Hamid Reza Davoodi,"Reza Davoodi, Hamid",davoodi hamid reza,https://www.imo-official.org/results/individual/country/IRN/
Islamic Republic of Iran,IRN,Seyed,Reza Moghadasi,Seyed Reza Moghadasi,"Reza Moghadasi, Seyed",moghadasi reza seyed,https://www.imo-official.org/results/individual/country/IRN/
Islamic Republic of Iran,IRN,Mohammad Abbas,Rezaei,Mohammad Abbas Rezaei,"Rezaei, Mohammad Abbas",abbas mohammad rezaei,https://www.imo-official.org/results/individual/country/IRN/
Islamic Republic of Iran,IRN,Pouria,Rezaeian,Pouria Rezaeian,"Rezaeian, Pouria",pouria rezaeian,https://www.imo-official.org/results/individual/country/IRN/
Islamic Republic of Iran,IRN,Alireza,Rezaeimoghadam,Alireza Rezaeimoghadam,"Rezaeimoghadam, Alireza",alireza rezaeimoghadam,https://www.imo-official.org/results/individual/country/IRN/
Islamic Republic of Iran,IRN,Sina,Rezaie,Sina Rezaie,"Rezaie, Sina",rezaie sina,https://www.imo-official.org/results/individual/country/IRN/
Islamic Republic of Iran,IRN,Mehdi,Rezaiy,Mehdi Rezaiy,"Rezaiy, Mehdi",mehdi rezaiy,https://www.imo-official.org/results/individual/country/IRN/
Islamic Republic of Iran,IRN,Farhood,Rostamkhani,Farhood Rostamkhani,"Rostamkhani, Farhood",farhood rostamkhani,https://www.imo-official.org/results/individual/country/IRN/
Islamic Republic of Iran,IRN,Parsa,Saberi,Parsa Saberi,"Saberi, Parsa",parsa saberi,https://www.imo-official.org/results/individual/country/IRN/
Islamic Republic of Iran,IRN,Ali,Sabetian,Ali Sabetian,"Sabetian, Ali",ali sabetian,https://www.imo-official.org/results/individual/country/IRN/
Islamic Republic of Iran,IRN,Amirmojtaba,Sabour,Amirmojtaba Sabour,"Sabour, Amirmojtaba",amirmojtaba sabour,https://www.imo-official.org/results/individual/country/IRN/
Islamic Republic of Iran,IRN,Aref,Sadeghi,Aref Sadeghi,"Sadeghi, Aref",aref sadeghi,https://www.imo-official.org/results/individual/country/IRN/
Islamic Republic of Iran,IRN,Reza,Sadeghi,Reza Sadeghi,"Sadeghi, Reza",reza sadeghi,https://www.imo-official.org/results/individual/country/IRN/
Islamic Republic of Iran,IRN,Mehdi Abolghasem,Safa,Mehdi Abolghasem Safa,"Safa, Mehdi Abolghasem",abolghasem mehdi safa,https://www.imo-official.org/results/individual/country/IRN/
Islamic Republic of Iran,IRN,Pedram,Safaee,Pedram Safaee,"Safaee, Pedram",pedram safaee,https://www.imo-official.org/results/individual/country/IRN/
Islamic Republic of Iran,IRN,Morteza,Saghafian,Morteza Saghafian,"Saghafian, Morteza",morteza saghafian,https://www.imo-official.org/results/individual/country/IRN/
Islamic Republic of Iran,IRN,Erfan,Salavati,Erfan Salavati,"Salavati, Erfan",erfan salavati,https://www.imo-official.org/results/individual/country/IRN/
Islamic Republic of Iran,IRN,Alireza,Salehi Golsefidy,Alireza Salehi Golsefidy,"Salehi Golsefidy, Alireza",alireza golsefidy salehi,https://www.imo-official.org/results/individual/country/IRN/
Islamic Republic of Iran,IRN,Hadi,Salmasian,Hadi Salmasian,"Salmasian, Hadi",hadi salmasian,https://www.imo-official.org/results/individual/country/IRN/
Islamic Republic of Iran,IRN,Ali,Sayadi,Ali Sayadi,"Sayadi, Ali",ali sayadi,https://www.imo-official.org/results/individual/country/IRN/
Islamic Republic of Iran,IRN,Seyedmahyar,Sefidgaran,Seyedmahyar Sefidgaran,"Sefidgaran, Seyedmahyar",sefidgaran seyedmahyar,https://www.imo-official.org/results/individual/country/IRN/
Islamic Republic of Iran,IRN,Sahand,Seifnashri,Sahand Seifnashri,"Seifnashri, Sahand",sahand seifnashri,https://www.imo-official.org/results/individual/country/IRN/
Islamic Republic of Iran,IRN,Amir,Sepehri,Amir Sepehri,"Sepehri, Amir",amir sepehri,https://www.imo-official.org/results/individual/country/IRN/
Islamic Republic of Iran,IRN,Iman,Setayesh,Iman Setayesh,"Setayesh, Iman",iman setayesh,https://www.imo-official.org/results/individual/country/IRN/
Islamic Republic of Iran,IRN,Seyyedmohammadhossein,Seyyedsalehi,Seyyedmohammadhossein Seyyedsalehi,"Seyyedsalehi, Seyyedmohammadhossein",seyyedmohammadhossein seyyedsalehi,https://www.imo-official.org/results/individual/country/IRN/
Islamic Republic of Iran,IRN,Mohammad Javad,Shabani Zahraei,Mohammad Javad Shabani Zahraei,"Shabani Zahraei, Mohammad Javad",javad mohammad shabani zahraei,https://www.imo-official.org/results/individual/country/IRN/
Islamic Republic of Iran,IRN,Masoud,Shafaei,Masoud Shafaei,"Shafaei, Masoud",masoud shafaei,https://www.imo-official.org/results/individual/country/IRN/
Islamic Republic of Iran,IRN,Mohammad,Shahverdi Kondori,Mohammad Shahverdi Kondori,"Shahverdi Kondori, Mohammad",kondori mohammad shahverdi,https://www.imo-official.org/results/individual/country/IRN/
Islamic Republic of Iran,IRN,Kian,Shamsaei,Kian Shamsaei,"Shamsaei, Kian",kian shamsaei,https://www.imo-official.org/results/individual/country/IRN/
Islamic Republic of Iran,IRN,Kian,Shamsaie,Kian Shamsaie,"Shamsaie, Kian",kian shamsaie,https://www.imo-official.org/results/individual/country/IRN/
Islamic Republic of Iran,IRN,Alireza,Sharifi,Alireza Sharifi,"Sharifi, Alireza",alireza sharifi,https://www.imo-official.org/results/individual/country/IRN/
Islamic Republic of Iran,IRN,Tolooe Hossein,Sharifi,Tolooe Hossein Sharifi,"Sharifi, Tolooe Hossein",hossein sharifi tolooe,https://www.imo-official.org/results/individual/country/IRN/
Islamic Republic of Iran,IRN,Mohammad Amin,Sharifi Charouri,Mohammad Amin Sharifi Charouri,"Sharifi Charouri, Mohammad Amin",amin charouri mohammad sharifi,https://www.imo-official.org/results/individual/country/IRN/
Islamic Republic of Iran,IRN,Mohammad,Sharifi Kiasari,Mohammad Sharifi Kiasari,"Sharifi Kiasari, Mohammad",kiasari mohammad sharifi,https://www.imo-official.org/results/individual/country/IRN/
Islamic Republic of Iran,IRN,Abolfazl,Shirmahallehei,Abolfazl Shirmahallehei,"Shirmahallehei, Abolfazl",abolfazl shirmahallehei,https://www.imo-official.org/results/individual/country/IRN/
Islamic Republic of Iran,IRN,Mojtaba,Shokrian Zini,Mojtaba Shokrian Zini,"Shokrian Zini, Mojtaba",mojtaba shokrian zini,https://www.imo-official.org/results/individual/country/IRN/
Islamic Republic of Iran,IRN,Ali,Shourideh,Ali Shourideh,"Shourideh, Ali",ali shourideh,https://www.imo-official.org/results/individual/country/IRN/
Islamic Republic of Iran,IRN,Arvin,Taheri,Arvin Taheri,"Taheri, Arvin",arvin taheri,https://www.imo-official.org/results/individual/country/IRN/
Islamic Republic of Iran,IRN,Seyed Majed,Taheri,Seyed Majed Taheri,"Taheri, Seyed Majed",majed seyed taheri,https://www.imo-official.org/results/individual/country/IRN/
Islamic Republic of Iran,IRN,Parsia,Tajallaie,Parsia Tajallaie,"Tajallaie, Parsia",parsia tajallaie,https://www.imo-official.org/results/individual/country/IRN/
Islamic Republic of Iran,IRN,Mahan,Tajrobehkar,Mahan Tajrobehkar,"Tajrobehkar, Mahan",mahan tajrobehkar,https://www.imo-official.org/results/individual/country/IRN/
Islamic Republic of Iran,IRN,Mohammad Reza,Takapoui,Mohammad Reza Takapoui,"Takapoui, Mohammad Reza",mohammad reza takapoui,https://www.imo-official.org/results/individual/country/IRN/
Islamic Republic of Iran,IRN,Ramin,Taklubighash,Ramin Taklubighash,"Taklubighash, Ramin",ramin taklubighash,https://www.imo-official.org/results/individual/country/IRN/
Islamic Republic of Iran,IRN,Shayan,Talaei,Shayan Talaei,"Talaei, Shayan",shayan talaei,https://www.imo-official.org/results/individual/country/IRN/
Islamic Republic of Iran,IRN,Mehran,Talaei Khajehroshanaei,Mehran Talaei Khajehroshanaei,"Talaei Khajehroshanaei, Mehran",khajehroshanaei mehran talaei,https://www.imo-official.org/results/individual/country/IRN/
Islamic Republic of Iran,IRN,Naser,Talebizadeh Sardari,Naser Talebizadeh Sardari,"Talebizadeh Sardari, Naser",naser sardari talebizadeh,https://www.imo-official.org/results/individual/country/IRN/
Islamic Republic of Iran,IRN,Soroush,Taslimi,Soroush Taslimi,"Taslimi, Soroush",soroush taslimi,https://www.imo-official.org/results/individual/country/IRN/
Islamic Republic of Iran,IRN,Erfan,Tavakoli,Erfan Tavakoli,"Tavakoli, Erfan",erfan tavakoli,https://www.imo-official.org/results/individual/country/IRN/
Islamic Republic of Iran,IRN,Vahid,Tavasoli,Vahid Tavasoli,"Tavasoli, Vahid",tavasoli vahid,https://www.imo-official.org/results/individual/country/IRN/
Islamic Republic of Iran,IRN,Seyed Amirhossein,Tayyeb,Seyed Amirhossein Tayyeb,"Tayyeb, Seyed Amirhossein",amirhossein seyed tayyeb,https://www.imo-official.org/results/individual/country/IRN/
Islamic Republic of Iran,IRN,Saeed,Tayyebi,Saeed Tayyebi,"Tayyebi, Saeed",saeed tayyebi,https://www.imo-official.org/results/individual/country/IRN/
Islamic Republic of Iran,IRN,Tina,Torkaman,Tina Torkaman,"Torkaman, Tina",tina torkaman,https://www.imo-official.org/results/individual/country/IRN/
Islamic Republic of Iran,IRN,Pooya,Vahidi Ferdowsi,Pooya Vahidi Ferdowsi,"Vahidi Ferdowsi, Pooya",ferdowsi pooya vahidi,https://www.imo-official.org/results/individual/country/IRN/
Islamic Republic of Iran,IRN,Payam,Valadkhan,Payam Valadkhan,"Valadkhan, Payam",payam valadkhan,https://www.imo-official.org/results/individual/country/IRN/
Islamic Republic of Iran,IRN,Matin,Yadollahi,Matin Yadollahi,"Yadollahi, Matin",matin yadollahi,https://www.imo-official.org/results/individual/country/IRN/
Islamic Republic of Iran,IRN,Iliya,Yazdanivarzi,Iliya Yazdanivarzi,"Yazdanivarzi, Iliya",iliya yazdanivarzi,https://www.imo-official.org/results/individual/country/IRN/
Islamic Republic of Iran,IRN,Mohammadmahdi,Yazdi,Mohammadmahdi Yazdi,"Yazdi, Mohammadmahdi",mohammadmahdi yazdi,https://www.imo-official.org/results/individual/country/IRN/
Islamic Republic of Iran,IRN,Radin,Zahedigolpayegani,Radin Zahedigolpayegani,"Zahedigolpayegani, Radin",radin zahedigolpayegani,https://www.imo-official.org/results/individual/country/IRN/
Islamic Republic of Iran,IRN,Arian,Zandi,Arian Zandi,"Zandi, Arian",arian zandi,https://www.imo-official.org/results/individual/country/IRN/
Islamic Republic of Iran,IRN,Mojtaba,Zareh Bidaki,Mojtaba Zareh Bidaki,"Zareh Bidaki, Mojtaba",bidaki mojtaba zareh,https://www.imo-official.org/results/individual/country/IRN/
Islamic Republic of Iran,IRN,Amirhossein,Zarei,Amirhossein Zarei,"Zarei, Amirhossein",amirhossein zarei,https://www.imo-official.org/results/individual/country/IRN/
Islamic Republic of Iran,IRN,Jaber,Zarezadeh,Jaber Zarezadeh,"Zarezadeh, Jaber",jaber zarezadeh,https://www.imo-official.org/results/individual/country/IRN/
Islamic Republic of Iran,IRN,Hossein,Zivari Piran,Hossein Zivari Piran,"Zivari Piran, Hossein",hossein piran zivari,https://www.imo-official.org/results/individual/country/IRN/
Japan,JPN,Jun,Adachi,Jun Adachi,"Adachi, Jun",adachi jun,https://www.imo-official.org/results/individual/country/JPN/
Japan,JPN,Shogo,Ando,Shogo Ando,"Ando, Shogo",ando shogo,https://www.imo-official.org/results/individual/country/JPN/
Japan,JPN,Ko,Aoki,Ko Aoki,"Aoki, Ko",aoki ko,https://www.imo-official.org/results/individual/country/JPN/
Japan,JPN,Shuto,Arai,Shuto Arai,"Arai, Shuto",arai shuto,https://www.imo-official.org/results/individual/country/JPN/
Japan,JPN,Tomochika,Arai,Tomochika Arai,"Arai, Tomochika",arai tomochika,https://www.imo-official.org/results/individual/country/JPN/
Japan,JPN,Tomohiro,Asano,Tomohiro Asano,"Asano, Tomohiro",asano tomohiro,https://www.imo-official.org/results/individual/country/JPN/
Japan,JPN,Tanoshi,Furuya,Tanoshi Furuya,"Furuya, Tanoshi",furuya tanoshi,https://www.imo-official.org/results/individual/country/JPN/
Japan,JPN,Shinjiro,Hamakawa,Shinjiro Hamakawa,"Hamakawa, Shinjiro",hamakawa shinjiro,https://www.imo-official.org/results/individual/country/JPN/
Japan,JPN,Yusuke,Hamamoto,Yusuke Hamamoto,"Hamamoto, Yusuke",hamamoto yusuke,https://www.imo-official.org/results/individual/country/JPN/
Japan,JPN,Ryunosuke,Hara,Ryunosuke Hara,"Hara, Ryunosuke",hara ryunosuke,https://www.imo-official.org/results/individual/country/JPN/
Japan,JPN,Mutsumi,Hayakawa,Mutsumi Hayakawa,"Hayakawa, Mutsumi",hayakawa mutsumi,https://www.imo-official.org/results/individual/country/JPN/
Japan,JPN,Satoshi,Hayakawa,Satoshi Hayakawa,"Hayakawa, Satoshi",hayakawa satoshi,https://www.imo-official.org/results/individual/country/JPN/
Japan,JPN,Koyo,Hayashi,Koyo Hayashi,"Hayashi, Koyo",hayashi koyo,https://www.imo-official.org/results/individual/country/JPN/
Japan,JPN,Yasuo,Hayashi,Yasuo Hayashi,"Hayashi, Yasuo",hayashi yasuo,https://www.imo-official.org/results/individual/country/JPN/
Japan,JPN,Ryoji,Hiraguchi,Ryoji Hiraguchi,"Hiraguchi, Ryoji",hiraguchi ryoji,https://www.imo-official.org/results/individual/country/JPN/
Japan,JPN,Yudai,Hiraishi,Yudai Hiraishi,"Hiraishi, Yudai",hiraishi yudai,https://www.imo-official.org/results/individual/country/JPN/
Japan,JPN,Fuma,Hirayama,Fuma Hirayama,"Hirayama, Fuma",fuma hirayama,https://www.imo-official.org/results/individual/country/JPN/
Japan,JPN,Kazuhiro,Hosaka,Kazuhiro Hosaka,"Hosaka, Kazuhiro",hosaka kazuhiro,https://www.imo-official.org/results/individual/country/JPN/
Japan,JPN,Ryusuke,Iijima,Ryusuke Iijima,"Iijima, Ryusuke",iijima ryusuke,https://www.imo-official.org/results/individual/country/JPN/
Japan,JPN,Kokoro,Ikeda,Kokoro Ikeda,"Ikeda, Kokoro",ikeda kokoro,https://www.imo-official.org/results/individual/country/JPN/
Japan,JPN,Naoki,Imai,Naoki Imai,"Imai, Naoki",imai naoki,https://www.imo-official.org/results/individual/country/JPN/
Japan,JPN,Shiro,Imamura,Shiro Imamura,"Imamura, Shiro",imamura shiro,https://www.imo-official.org/results/individual/country/JPN/
Japan,JPN,Tasuku,Imoto,Tasuku Imoto,"Imoto, Tasuku",imoto tasuku,https://www.imo-official.org/results/individual/country/JPN/
Japan,JPN,Shutaro,Inoue,Shutaro Inoue,"Inoue, Shutaro",inoue shutaro,https://www.imo-official.org/results/individual/country/JPN/
Japan,JPN,Takuya,Inoue,Takuya Inoue,"Inoue, Takuya",inoue takuya,https://www.imo-official.org/results/individual/country/JPN/
Japan,JPN,Kei,Irie,Kei Irie,"Irie, Kei",irie kei,https://www.imo-official.org/results/individual/country/JPN/
Japan,JPN,Kohta,Iseto,Kohta Iseto,"Iseto, Kohta",iseto kohta,https://www.imo-official.org/results/individual/country/JPN/
Japan,JPN,Atsuya,Ishida,Atsuya Ishida,"Ishida, Atsuya",atsuya ishida,https://www.imo-official.org/results/individual/country/JPN/
Japan,JPN,Ryo,Ishida,Ryo Ishida,"Ishida, Ryo",ishida ryo,https://www.imo-official.org/results/individual/country/JPN/
Japan,JPN,Suguru,Ishikawa,Suguru Ishikawa,"Ishikawa, Suguru",ishikawa suguru,https://www.imo-official.org/results/individual/country/JPN/
Japan,JPN,Atsushi,Ito,Atsushi Ito,"Ito, Atsushi",atsushi ito,https://www.imo-official.org/results/individual/country/JPN/
Japan,JPN,Masaki,Ito,Masaki Ito,"Ito, Masaki",ito masaki,https://www.imo-official.org/results/individual/country/JPN/
Japan,JPN,Yuki,Ito,Yuki Ito,"Ito, Yuki",ito yuki,https://www.imo-official.org/results/individual/country/JPN/
Japan,JPN,Takashi,Itou,Takashi Itou,"Itou, Takashi",itou takashi,https://www.imo-official.org/results/individual/country/JPN/
Japan,JPN,Tatsuyuki,Iwata,Tatsuyuki Iwata,"Iwata, Tatsuyuki",iwata tatsuyuki,https://www.imo-official.org/results/individual/country/JPN/
Japan,JPN,Osamu,Iyama,Osamu Iyama,"Iyama, Osamu",iyama osamu,https://www.imo-official.org/results/individual/country/JPN/
Japan,JPN,Hideaki,Jo,Hideaki Jo,"Jo, Hideaki",hideaki jo,https://www.imo-official.org/results/individual/country/JPN/
Japan,JPN,Yuhi,Kamio,Yuhi Kamio,"Kamio, Yuhi",kamio yuhi,https://www.imo-official.org/results/individual/country/JPN/
Japan,JPN,Shuho,Kanda,Shuho Kanda,"Kanda, Shuho",kanda shuho,https://www.imo-official.org/results/individual/country/JPN/
Japan,JPN,Satoshi,Kano,Satoshi Kano,"Kano, Satoshi",kano satoshi,https://www.imo-official.org/results/individual/country/JPN/
Japan,JPN,Taku,Katagiri,Taku Katagiri,"Katagiri, Taku",katagiri taku,https://www.imo-official.org/results/individual/country/JPN/
Japan,JPN,Toshiki,Kataoka,Toshiki Kataoka,"Kataoka, Toshiki",kataoka toshiki,https://www.imo-official.org/results/individual/country/JPN/
Japan,JPN,Tomoyuki,Katsumata,Tomoyuki Katsumata,"Katsumata, Tomoyuki",katsumata tomoyuki,https://www.imo-official.org/results/individual/country/JPN/
Japan,JPN,Akitoshi,Kawamura,Akitoshi Kawamura,"Kawamura, Akitoshi",akitoshi kawamura,https://www.imo-official.org/results/individual/country/JPN/
Japan,JPN,Siwoo,Kim,Siwoo Kim,"Kim, Siwoo",kim siwoo,https://www.imo-official.org/results/individual/country/JPN/
Japan,JPN,Tasuki,Kinjo,Tasuki Kinjo,"Kinjo, Tasuki",kinjo tasuki,https://www.imo-official.org/results/individual/country/JPN/
Japan,JPN,Akio,Kishikawa,Akio Kishikawa,"Kishikawa, Akio",akio kishikawa,https://www.imo-official.org/results/individual/country/JPN/
Japan,JPN,Ryunosuke,Kitamura,Ryunosuke Kitamura,"Kitamura, Ryunosuke",kitamura ryunosuke,https://www.imo-official.org/results/individual/country/JPN/
Japan,JPN,Takuma,Kitamura,Takuma Kitamura,"Kitamura, Takuma",kitamura takuma,https://www.imo-official.org/results/individual/country/JPN/
Japan,JPN,Soichiro,Kitano,Soichiro Kitano,"Kitano, Soichiro",kitano soichiro,https://www.imo-official.org/results/individual/country/JPN/
Japan,JPN,Atsushi,Kitaueda,Atsushi Kitaueda,"Kitaueda, Atsushi",atsushi kitaueda,https://www.imo-official.org/results/individual/country/JPN/
Japan,JPN,Yuji,Kitayama,Yuji Kitayama,"Kitayama, Yuji",kitayama yuji,https://www.imo-official.org/results/individual/country/JPN/
Japan,JPN,Daishi,Kiyohara,Daishi Kiyohara,"Kiyohara, Daishi",daishi kiyohara,https://www.imo-official.org/results/individual/country/JPN/
Japan,JPN,Koichiro,Kobayashi,Koichiro Kobayashi,"Kobayashi, Koichiro",kobayashi koichiro,https://www.imo-official.org/results/individual/country/JPN/
Japan,JPN,Yusuke,Kobayashi,Yusuke Kobayashi,"Kobayashi, Yusuke",kobayashi yusuke,https://www.imo-official.org/results/individual/country/JPN/
Japan,JPN,Hiroki,Kodama,Hiroki Kodama,"Kodama, Hiroki",hiroki kodama,https://www.imo-official.org/results/individual/country/JPN/
Japan,JPN,Taiyo,Kodama,Taiyo Kodama,"Kodama, Taiyo",kodama taiyo,https://www.imo-official.org/results/individual/country/JPN/
Japan,JPN,Keisuke,Koide,Keisuke Koide,"Koide, Keisuke",keisuke koide,https://www.imo-official.org/results/individual/country/JPN/
Japan,JPN,Hiroki,Komatsu,Hiroki Komatsu,"Komatsu, Hiroki",hiroki komatsu,https://www.imo-official.org/results/individual/country/JPN/
Japan,JPN,Hiroki,Kondo,Hiroki Kondo,"Kondo, Hiroki",hiroki kondo,https://www.imo-official.org/results/individual/country/JPN/
Japan,JPN,Kenichi,Kono,Kenichi Kono,"Kono, Kenichi",kenichi kono,https://www.imo-official.org/results/individual/country/JPN/
Japan,JPN,Teruhisa,Koshikawa,Teruhisa Koshikawa,"Koshikawa, Teruhisa",koshikawa teruhisa,https://www.imo-official.org/results/individual/country/JPN/
Japan,JPN,Hiroki,Koshiyama,Hiroki Koshiyama,"Koshiyama, Hiroki",hiroki koshiyama,https://www.imo-official.org/results/individual/country/JPN/
Japan,JPN,Soji,Kubota,Soji Kubota,"Kubota, Soji",kubota soji,https://www.imo-official.org/results/individual/country/JPN/
Japan,JPN,Soh,Kumabe,Soh Kumabe,"Kumabe, Soh",kumabe soh,https://www.imo-official.org/results/individual/country/JPN/
Japan,JPN,Naoto,Kura,Naoto Kura,"Kura, Naoto",kura naoto,https://www.imo-official.org/results/individual/country/JPN/
Japan,JPN,Rikimaru,Kurata,Rikimaru Kurata,"Kurata, Rikimaru",kurata rikimaru,https://www.imo-official.org/results/individual/country/JPN/
Japan,JPN,Tsukasa,Kuribayashi,Tsukasa Kuribayashi,"Kuribayashi, Tsukasa",kuribayashi tsukasa,https://www.imo-official.org/results/individual/country/JPN/
Japan,JPN,Naoki,Kuroda,Naoki Kuroda,"Kuroda, Naoki",kuroda naoki,https://www.imo-official.org/results/individual/country/JPN/
Japan,JPN,Tetsuyuki,Maruoka,Tetsuyuki Maruoka,"Maruoka, Tetsuyuki",maruoka tetsuyuki,https://www.imo-official.org/results/individual/country/JPN/
Japan,JPN,Naruki,Masuda,Naruki Masuda,"Masuda, Naruki",masuda naruki,https://www.imo-official.org/results/individual/country/JPN/
Japan,JPN,Kazuki,Masugi,Kazuki Masugi,"Masugi, Kazuki",kazuki masugi,https://www.imo-official.org/results/individual/country/JPN/
Japan,JPN,Kazuki,Matoya,Kazuki Matoya,"Matoya, Kazuki",kazuki matoya,https://www.imo-official.org/results/individual/country/JPN/
Japan,JPN,Yuya,Matsumoto,Yuya Matsumoto,"Matsumoto, Yuya",matsumoto yuya,https://www.imo-official.org/results/individual/country/JPN/
Japan,JPN,Yasushi,Matsushima,Yasushi Matsushima,"Matsushima, Yasushi",matsushima yasushi,https://www.imo-official.org/results/individual/country/JPN/
Japan,JPN,Yoichi,Mieda,Yoichi Mieda,"Mieda, Yoichi",mieda yoichi,https://www.imo-official.org/results/individual/country/JPN/
Japan,JPN,Ryu,Minegishi,Ryu Minegishi,"Minegishi, Ryu",minegishi ryu,https://www.imo-official.org/results/individual/country/JPN/
Japan,JPN,Akinori,Mitani,Akinori Mitani,"Mitani, Akinori",akinori mitani,https://www.imo-official.org/results/individual/country/JPN/
Japan,JPN,Naohiro,Miyahara,Naohiro Miyahara,"Miyahara, Naohiro",miyahara naohiro,https://www.imo-official.org/results/individual/country/JPN/
Japan,JPN,Daisuke,Miyamoto,Daisuke Miyamoto,"Miyamoto, Daisuke",daisuke miyamoto,https://www.imo-official.org/results/individual/country/JPN/
Japan,JPN,Sanefumi,Moriyama,Sanefumi Moriyama,"Moriyama, Sanefumi",moriyama sanefumi,https://www.imo-official.org/results/individual/country/JPN/
Japan,JPN,Shogo,Murai,Shogo Murai,"Murai, Shogo",murai shogo,https://www.imo-official.org/results/individual/country/JPN/
Japan,JPN,Sogo,Murakami,Sogo Murakami,"Murakami, Sogo",murakami sogo,https://www.imo-official.org/results/individual/country/JPN/
Japan,JPN,Kentaro,Nagao,Kentaro Nagao,"Nagao, Kentaro",kentaro nagao,https://www.imo-official.org/results/individual/country/JPN/
Japan,JPN,Tomohiro,Nagasaka,Tomohiro Nagasaka,"Nagasaka, Tomohiro",nagasaka tomohiro,https://www.imo-official.org/results/individual/country/JPN/
Japan,JPN,Masahiro,Nakagawa,Masahiro Nakagawa,"Nakagawa, Masahiro",masahiro nakagawa,https://www.imo-official.org/results/individual/country/JPN/
Japan,JPN,Sachiko,Nakajima,Sachiko Nakajima,"Nakajima, Sachiko",nakajima sachiko,https://www.imo-official.org/results/individual/country/JPN/
Japan,JPN,Naotosi,Nakamura,Naotosi Nakamura,"Nakamura, Naotosi",nakamura naotosi,https://www.imo-official.org/results/individual/country/JPN/
Japan,JPN,Yusuke,Nakamura,Yusuke Nakamura,"Nakamura, Yusuke",nakamura yusuke,https://www.imo-official.org/results/individual/country/JPN/
Japan,JPN,Junichirou,Nakashima,Junichirou Nakashima,"Nakashima, Junichirou",junichirou nakashima,https://www.imo-official.org/results/individual/country/JPN/
Japan,JPN,Hiroto,Nishikawa,Hiroto Nishikawa,"Nishikawa, Hiroto",hiroto nishikawa,https://www.imo-official.org/results/individual/country/JPN/
Japan,JPN,Masaki,Nishimoto,Masaki Nishimoto,"Nishimoto, Masaki",masaki nishimoto,https://www.imo-official.org/results/individual/country/JPN/
Japan,JPN,Kento,Nomura,Kento Nomura,"Nomura, Kento",kento nomura,https://www.imo-official.org/results/individual/country/JPN/
Japan,JPN,Ryoshun,Oba,Ryoshun Oba,"Oba, Ryoshun",oba ryoshun,https://www.imo-official.org/results/individual/country/JPN/
Japan,JPN,Yuji,Odaka,Yuji Odaka,"Odaka, Yuji",odaka yuji,https://www.imo-official.org/results/individual/country/JPN/
Japan,JPN,Yuta,Ohashi,Yuta Ohashi,"Ohashi, Yuta",ohashi yuta,https://www.imo-official.org/results/individual/country/JPN/
Japan,JPN,Masashi,Ohnawa,Masashi Ohnawa,"Ohnawa, Masashi",masashi ohnawa,https://www.imo-official.org/results/individual/country/JPN/
Japan,JPN,Masao,Oi,Masao Oi,"Oi, Masao",masao oi,https://www.imo-official.org/results/individual/country/JPN/
Japan,JPN,Nobuyuki,Okada,Nobuyuki Okada,"Okada, Nobuyuki",nobuyuki okada,https://www.imo-official.org/results/individual/country/JPN/
Japan,JPN,Takashi,Okajima,Takashi Okajima,"Okajima, Takashi",okajima takashi,https://www.imo-official.org/results/individual/country/JPN/
Japan,JPN,Nariaki,Okawara,Nariaki Okawara,"Okawara, Nariaki",nariaki okawara,https://www.imo-official.org/results/individual/country/JPN/
Japan,JPN,Yuya,Oki,Yuya Oki,"Oki, Yuya",oki yuya,https://www.imo-official.org/results/individual/country/JPN/
Japan,JPN,Yoshiki,Oshima,Yoshiki Oshima,"Oshima, Yoshiki",oshima yoshiki,https://www.imo-official.org/results/individual/country/JPN/
Japan,JPN,Tomoshi,Otsuki,Tomoshi Otsuki,"Otsuki, Tomoshi",otsuki tomoshi,https://www.imo-official.org/results/individual/country/JPN/
Japan,JPN,Yuki,Saeki,Yuki Saeki,"Saeki, Yuki",saeki yuki,https://www.imo-official.org/results/individual/country/JPN/
Japan,JPN,Shingo,Saito,Shingo Saito,"Saito, Shingo",saito shingo,https://www.imo-official.org/results/individual/country/JPN/
Japan,JPN,Heizo,Sakamoto,Heizo Sakamoto,"Sakamoto, Heizo",heizo sakamoto,https://www.imo-official.org/results/individual/country/JPN/
Japan,JPN,Takumi,Sannomiya,Takumi Sannomiya,"Sannomiya, Takumi",sannomiya takumi,https://www.imo-official.org/results/individual/country/JPN/
Japan,JPN,Norifumi,Seki,Norifumi Seki,"Seki, Norifumi",norifumi seki,https://www.imo-official.org/results/individual/country/JPN/
Japan,JPN,Tsukasa,Shibue,Tsukasa Shibue,"Shibue, Tsukasa",shibue tsukasa,https://www.imo-official.org/results/individual/country/JPN/
Japan,JPN,Genki,Shimizu,Genki Shimizu,"Shimizu, Genki",genki shimizu,https://www.imo-official.org/results/individual/country/JPN/
Japan,JPN,Toshihiro,Shimizu,Toshihiro Shimizu,"Shimizu, Toshihiro",shimizu toshihiro,https://www.imo-official.org/results/individual/country/JPN/
Japan,JPN,Toshiyuki,Shimono,Toshiyuki Shimono,"Shimono, Toshiyuki",shimono toshiyuki,https://www.imo-official.org/results/individual/country/JPN/
Japan,JPN,Hirotomo,Shinoki,Hirotomo Shinoki,"Shinoki, Hirotomo",hirotomo shinoki,https://www.imo-official.org/results/individual/country/JPN/
Japan,JPN,Masahiko,Shinozaki,Masahiko Shinozaki,"Shinozaki, Masahiko",masahiko shinozaki,https://www.imo-official.org/results/individual/country/JPN/
Japan,JPN,Yasuyuki,Shirano,Yasuyuki Shirano,"Shirano, Yasuyuki",shirano yasuyuki,https://www.imo-official.org/results/individual/country/JPN/
Japan,JPN,Ayato,Shukuta,Ayato Shukuta,"Shukuta, Ayato",ayato shukuta,https://www.imo-official.org/results/individual/country/JPN/
Japan,JPN,Makoto,Soejima,Makoto Soejima,"Soejima, Makoto",makoto soejima,https://www.imo-official.org/results/individual/country/JPN/
Japan,JPN,Yosuke,Suma,Yosuke Suma,"Suma, Yosuke",suma yosuke,https://www.imo-official.org/results/individual/country/JPN/
Japan,JPN,Yuji,Tachikawa,Yuji Tachikawa,"Tachikawa, Yuji",tachikawa yuji,https://www.imo-official.org/results/individual/country/JPN/
Japan,JPN,Satoru,Takahashi,Satoru Takahashi,"Takahashi, Satoru",satoru takahashi,https://www.imo-official.org/results/individual/country/JPN/
Japan,JPN,Yuta,Takaya,Yuta Takaya,"Takaya, Yuta",takaya yuta,https://www.imo-official.org/results/individual/country/JPN/
Japan,JPN,Motoki,Takigiku,Motoki Takigiku,"Takigiku, Motoki",motoki takigiku,https://www.imo-official.org/results/individual/country/JPN/
Japan,JPN,Hiroki,Tamura,Hiroki Tamura,"Tamura, Hiroki",hiroki tamura,https://www.imo-official.org/results/individual/country/JPN/
Japan,JPN,Katsuki,Tezuka,Katsuki Tezuka,"Tezuka, Katsuki",katsuki tezuka,https://www.imo-official.org/results/individual/country/JPN/
Japan,JPN,Masaki,Tezuka,Masaki Tezuka,"Tezuka, Masaki",masaki tezuka,https://www.imo-official.org/results/individual/country/JPN/
Japan,JPN,Kota,Tokoro,Kota Tokoro,"Tokoro, Kota",kota tokoro,https://www.imo-official.org/results/individual/country/JPN/
Japan,JPN,Sohei,Tomizawa,Sohei Tomizawa,"Tomizawa, Sohei",sohei tomizawa,https://www.imo-official.org/results/individual/country/JPN/
Japan,JPN,Shin-ichi,Tsutsumi,Shin-ichi Tsutsumi,"Tsutsumi, Shin-ichi",ichi shin tsutsumi,https://www.imo-official.org/results/individual/country/JPN/
Japan,JPN,Takahiro,Ueoro,Takahiro Ueoro,"Ueoro, Takahiro",takahiro ueoro,https://www.imo-official.org/results/individual/country/JPN/
Japan,JPN,Naoto,Wakasugi,Naoto Wakasugi,"Wakasugi, Naoto",naoto wakasugi,https://www.imo-official.org/results/individual/country/JPN/
Japan,JPN,Masaki,Watanabe,Masaki Watanabe,"Watanabe, Masaki",masaki watanabe,https://www.imo-official.org/results/individual/country/JPN/
Japan,JPN,Naoki,Watanabe,Naoki Watanabe,"Watanabe, Naoki",naoki watanabe,https://www.imo-official.org/results/individual/country/JPN/
Japan,JPN,Kazuki,Yamamoto,Kazuki Yamamoto,"Yamamoto, Kazuki",kazuki yamamoto,https://www.imo-official.org/results/individual/country/JPN/
Japan,JPN,Takayoshi,Yamamoto,Takayoshi Yamamoto,"Yamamoto, Takayoshi",takayoshi yamamoto,https://www.imo-official.org/results/individual/country/JPN/
Japan,JPN,Yuji,Yamamoto,Yuji Yamamoto,"Yamamoto, Yuji",yamamoto yuji,https://www.imo-official.org/results/individual/country/JPN/
Japan,JPN,Mayuko,Yamashita,Mayuko Yamashita,"Yamashita, Mayuko",mayuko yamashita,https://www.imo-official.org/results/individual/country/JPN/
Japan,JPN,Atsuo,Yamauchi,Atsuo Yamauchi,"Yamauchi, Atsuo",atsuo yamauchi,https://www.imo-official.org/results/individual/country/JPN/
Japan,JPN,Tomoyuki,Yokota,Tomoyuki Yokota,"Yokota, Tomoyuki",tomoyuki yokota,https://www.imo-official.org/results/individual/country/JPN/
Japan,JPN,Kensuke,Yoshida,Kensuke Yoshida,"Yoshida, Kensuke",kensuke yoshida,https://www.imo-official.org/results/individual/country/JPN/
Japan,JPN,Teruyoshi,Yoshida,Teruyoshi Yoshida,"Yoshida, Teruyoshi",teruyoshi yoshida,https://www.imo-official.org/results/individual/country/JPN/
Japan,JPN,Tomoki,Yoshida,Tomoki Yoshida,"Yoshida, Tomoki",tomoki yoshida,https://www.imo-official.org/results/individual/country/JPN/
Japan,JPN,Yuki,Yoshida,Yuki Yoshida,"Yoshida, Yuki",yoshida yuki,https://www.imo-official.org/results/individual/country/JPN/
Japan,JPN,Yuichiro,Yoshizawa,Yuichiro Yoshizawa,"Yoshizawa, Yuichiro",yoshizawa yuichiro,https://www.imo-official.org/results/individual/country/JPN/
Kazakhstan,KAZ,Alen,Abdrakhmanov,Alen Abdrakhmanov,"Abdrakhmanov, Alen",abdrakhmanov alen,https://www.imo-official.org/results/individual/country/KAZ/
Kazakhstan,KAZ,Daniyar,Abesbek,Daniyar Abesbek,"Abesbek, Daniyar",abesbek daniyar,https://www.imo-official.org/results/individual/country/KAZ/
Kazakhstan,KAZ,Adilet,Abu,Adilet Abu,"Abu, Adilet",abu adilet,https://www.imo-official.org/results/individual/country/KAZ/
Kazakhstan,KAZ,Talap,Akashev,Talap Akashev,"Akashev, Talap",akashev talap,https://www.imo-official.org/results/individual/country/KAZ/
Kazakhstan,KAZ,Raiymbek,Akshulakov,Raiymbek Akshulakov,"Akshulakov, Raiymbek",akshulakov raiymbek,https://www.imo-official.org/results/individual/country/KAZ/
Kazakhstan,KAZ,Alibek,Aldangarov,Alibek Aldangarov,"Aldangarov, Alibek",aldangarov alibek,https://www.imo-official.org/results/individual/country/KAZ/
Kazakhstan,KAZ,Yerassyl,Altynbek,Yerassyl Altynbek,"Altynbek, Yerassyl",altynbek yerassyl,https://www.imo-official.org/results/individual/country/KAZ/
Kazakhstan,KAZ,Kuandyk,Altynkhanov,Kuandyk Altynkhanov,"Altynkhanov, Kuandyk",altynkhanov kuandyk,https://www.imo-official.org/results/individual/country/KAZ/
Kazakhstan,KAZ,Aruzhan,Amanbayeva,Aruzhan Amanbayeva,"Amanbayeva, Aruzhan",amanbayeva aruzhan,https://www.imo-official.org/results/individual/country/KAZ/
Kazakhstan,KAZ,Temirlan,Amangeldin,Temirlan Amangeldin,"Amangeldin, Temirlan",amangeldin temirlan,https://www.imo-official.org/results/individual/country/KAZ/
Kazakhstan,KAZ,Akezhan,Amankeldi,Akezhan Amankeldi,"Amankeldi, Akezhan",akezhan amankeldi,https://www.imo-official.org/results/individual/country/KAZ/
Kazakhstan,KAZ,Amirlan,Amanzholov,Amirlan Amanzholov,"Amanzholov, Amirlan",amanzholov amirlan,https://www.imo-official.org/results/individual/country/KAZ/
Kazakhstan,KAZ,Nurgali,Arystanov,Nurgali Arystanov,"Arystanov, Nurgali",arystanov nurgali,https://www.imo-official.org/results/individual/country/KAZ/
Kazakhstan,KAZ,Rakhman,Asmatullayev,Rakhman Asmatullayev,"Asmatullayev, Rakhman",asmatullayev rakhman,https://www.imo-official.org/results/individual/country/KAZ/
Kazakhstan,KAZ,Dauren,Auzhani,Dauren Auzhani,"Auzhani, Dauren",auzhani dauren,https://www.imo-official.org/results/individual/country/KAZ/
Kazakhstan,KAZ,Alexander,Averjanov,Alexander Averjanov,"Averjanov, Alexander",alexander averjanov,https://www.imo-official.org/results/individual/country/KAZ/
Kazakhstan,KAZ,Rakhim,Baimurzin,Rakhim Baimurzin,"Baimurzin, Rakhim",baimurzin rakhim,https://www.imo-official.org/results/individual/country/KAZ/
Kazakhstan,KAZ,Raiymbek,Baishuak,Raiymbek Baishuak,"Baishuak, Raiymbek",baishuak raiymbek,https://www.imo-official.org/results/individual/country/KAZ/
Kazakhstan,KAZ,Zharas,Bajdelʻdinov,Zharas Bajdelʻdinov,"Bajdelʻdinov, Zharas",bajdel dinov zharas,https://www.imo-official.org/results/individual/country/KAZ/
Kazakhstan,KAZ,Alen,Bayev,Alen Bayev,"Bayev, Alen",alen bayev,https://www.imo-official.org/results/individual/country/KAZ/
Kazakhstan,KAZ,Batyrkhan,Beiganov,Batyrkhan Beiganov,"Beiganov, Batyrkhan",batyrkhan beiganov,https://www.imo-official.org/results/individual/country/KAZ/
Kazakhstan,KAZ,Renat,Bekbolatov,Renat Bekbolatov,"Bekbolatov, Renat",bekbolatov renat,https://www.imo-official.org/results/individual/country/KAZ/
Kazakhstan,KAZ,Baurzhan,Bektemirov,Baurzhan Bektemirov,"Bektemirov, Baurzhan",baurzhan bektemirov,https://www.imo-official.org/results/individual/country/KAZ/
Kazakhstan,KAZ,Tamirlan,Bektemissov,Tamirlan Bektemissov,"Bektemissov, Tamirlan",bektemissov tamirlan,https://www.imo-official.org/results/individual/country/KAZ/
Kazakhstan,KAZ,Shyngys,Bilyalov,Shyngys Bilyalov,"Bilyalov, Shyngys",bilyalov shyngys,https://www.imo-official.org/results/individual/country/KAZ/
Kazakhstan,KAZ,Asset,Daliyev,Asset Daliyev,"Daliyev, Asset",asset daliyev,https://www.imo-official.org/results/individual/country/KAZ/
Kazakhstan,KAZ,Zhan,Dautov,Zhan Dautov,"Dautov, Zhan",dautov zhan,https://www.imo-official.org/results/individual/country/KAZ/
Kazakhstan,KAZ,Arman,Diyarov,Arman Diyarov,"Diyarov, Arman",arman diyarov,https://www.imo-official.org/results/individual/country/KAZ/
Kazakhstan,KAZ,Alexey,Doktorovich,Alexey Doktorovich,"Doktorovich, Alexey",alexey doktorovich,https://www.imo-official.org/results/individual/country/KAZ/
Kazakhstan,KAZ,Andrey,Drobakh,Andrey Drobakh,"Drobakh, Andrey",andrey drobakh,https://www.imo-official.org/results/individual/country/KAZ/
Kazakhstan,KAZ,Nurbol,Duisenbayev,Nurbol Duisenbayev,"Duisenbayev, Nurbol",duisenbayev nurbol,https://www.imo-official.org/results/individual/country/KAZ/
Kazakhstan,KAZ,Danat,Duisenbekov,Danat Duisenbekov,"Duisenbekov, Danat",danat duisenbekov,https://www.imo-official.org/results/individual/country/KAZ/
Kazakhstan,KAZ,Saken,Dushayev,Saken Dushayev,"Dushayev, Saken",dushayev saken,https://www.imo-official.org/results/individual/country/KAZ/
Kazakhstan,KAZ,Azamat,Duysenbaev,Azamat Duysenbaev,"Duysenbaev, Azamat",azamat duysenbaev,https://www.imo-official.org/results/individual/country/KAZ/
Kazakhstan,KAZ,Dimitry,Dzyabayev,Dimitry Dzyabayev,"Dzyabayev, Dimitry",dimitry dzyabayev,https://www.imo-official.org/results/individual/country/KAZ/
Kazakhstan,KAZ,Igor,Ganichev,Igor Ganichev,"Ganichev, Igor",ganichev igor,https://www.imo-official.org/results/individual/country/KAZ/
Kazakhstan,KAZ,Yerzhan,Imanmalik,Yerzhan Imanmalik,"Imanmalik, Yerzhan",imanmalik yerzhan,https://www.imo-official.org/results/individual/country/KAZ/
Kazakhstan,KAZ,Adilzhan,Ismailov,Adilzhan Ismailov,"Ismailov, Adilzhan",adilzhan ismailov,https://www.imo-official.org/results/individual/country/KAZ/
Kazakhstan,KAZ,Akhan,Ismailov,Akhan Ismailov,"Ismailov, Akhan",akhan ismailov,https://www.imo-official.org/results/individual/country/KAZ/
Kazakhstan,KAZ,Temirlan,Izmailov,Temirlan Izmailov,"Izmailov, Temirlan",izmailov temirlan,https://www.imo-official.org/results/individual/country/KAZ/
Kazakhstan,KAZ,Yerlan,Jumabayev,Yerlan Jumabayev,"Jumabayev, Yerlan",jumabayev yerlan,https://www.imo-official.org/results/individual/country/KAZ/
Kazakhstan,KAZ,Olzhas,Kadyrakunov,Olzhas Kadyrakunov,"Kadyrakunov, Olzhas",kadyrakunov olzhas,https://www.imo-official.org/results/individual/country/KAZ/
Kazakhstan,KAZ,Shirali,Kadyrov,Shirali Kadyrov,"Kadyrov, Shirali",kadyrov shirali,https://www.imo-official.org/results/individual/country/KAZ/
Kazakhstan,KAZ,Nurzhan,Kajikabarov,Nurzhan Kajikabarov,"Kajikabarov, Nurzhan",kajikabarov nurzhan,https://www.imo-official.org/results/individual/country/KAZ/
Kazakhstan,KAZ,Sergazy,Kalmurzayev,Sergazy Kalmurzayev,"Kalmurzayev, Sergazy",kalmurzayev sergazy,https://www.imo-official.org/results/individual/country/KAZ/
Kazakhstan,KAZ,Daniyar,Kamal,Daniyar Kamal,"Kamal, Daniyar",daniyar kamal,https://www.imo-official.org/results/individual/country/KAZ/
Kazakhstan,KAZ,Dauren,Karabaev,Dauren Karabaev,"Karabaev, Dauren",dauren karabaev,https://www.imo-official.org/results/individual/country/KAZ/
Kazakhstan,KAZ,Iskander,Karibzhanov,Iskander Karibzhanov,"Karibzhanov, Iskander",iskander karibzhanov,https://www.imo-official.org/results/individual/country/KAZ/
Kazakhstan,KAZ,Yeskendir,Kassenov,Yeskendir Kassenov,"Kassenov, Yeskendir",kassenov yeskendir,https://www.imo-official.org/results/individual/country/KAZ/
Kazakhstan,KAZ,Anuar,Kaumbayev,Anuar Kaumbayev,"Kaumbayev, Anuar",anuar kaumbayev,https://www.imo-official.org/results/individual/country/KAZ/
Kazakhstan,KAZ,Daniyar,Kelbetov,Daniyar Kelbetov,"Kelbetov, Daniyar",daniyar kelbetov,https://www.imo-official.org/results/individual/country/KAZ/
Kazakhstan,KAZ,Yerkanat,Kengshilik,Yerkanat Kengshilik,"Kengshilik, Yerkanat",kengshilik yerkanat,https://www.imo-official.org/results/individual/country/KAZ/
Kazakhstan,KAZ,Nursultan,Khadjimuratov,Nursultan Khadjimuratov,"Khadjimuratov, Nursultan",khadjimuratov nursultan,https://www.imo-official.org/results/individual/country/KAZ/
Kazakhstan,KAZ,Andrey,Kim,Andrey Kim,"Kim, Andrey",andrey kim,https://www.imo-official.org/results/individual/country/KAZ/
Kazakhstan,KAZ,Yegor,Klochkov,Yegor Klochkov,"Klochkov, Yegor",klochkov yegor,https://www.imo-official.org/results/individual/country/KAZ/
Kazakhstan,KAZ,Roman,Kriven,Roman Kriven,"Kriven, Roman",kriven roman,https://www.imo-official.org/results/individual/country/KAZ/
Kazakhstan,KAZ,Alikhan,Kudaibergenov,Alikhan Kudaibergenov,"Kudaibergenov, Alikhan",alikhan kudaibergenov,https://www.imo-official.org/results/individual/country/KAZ/
Kazakhstan,KAZ,Almaz,Kungozhin,Almaz Kungozhin,"Kungozhin, Almaz",almaz kungozhin,https://www.imo-official.org/results/individual/country/KAZ/
Kazakhstan,KAZ,Nurzhas,Makishev,Nurzhas Makishev,"Makishev, Nurzhas",makishev nurzhas,https://www.imo-official.org/results/individual/country/KAZ/
Kazakhstan,KAZ,Amir,Mokhammed-Ali,Amir Mokhammed-Ali,"Mokhammed-Ali, Amir",ali amir mokhammed,https://www.imo-official.org/results/individual/country/KAZ/
Kazakhstan,KAZ,Ulan,Mukashev,Ulan Mukashev,"Mukashev, Ulan",mukashev ulan,https://www.imo-official.org/results/individual/country/KAZ/
Kazakhstan,KAZ,Kassym,Mukhanbetiyar,Kassym Mukhanbetiyar,"Mukhanbetiyar, Kassym",kassym mukhanbetiyar,https://www.imo-official.org/results/individual/country/KAZ/
Kazakhstan,KAZ,Birzhan,Muldagaliyev,Birzhan Muldagaliyev,"Muldagaliyev, Birzhan",birzhan muldagaliyev,https://www.imo-official.org/results/individual/country/KAZ/
Kazakhstan,KAZ,Timur,Murat,Timur Murat,"Murat, Timur",murat timur,https://www.imo-official.org/results/individual/country/KAZ/
Kazakhstan,KAZ,Meiram,Murzabulatov,Meiram Murzabulatov,"Murzabulatov, Meiram",meiram murzabulatov,https://www.imo-official.org/results/individual/country/KAZ/
Kazakhstan,KAZ,Asset,Mussagaliyev,Asset Mussagaliyev,"Mussagaliyev, Asset",asset mussagaliyev,https://www.imo-official.org/results/individual/country/KAZ/
Kazakhstan,KAZ,Temirulan,Mussayev,Temirulan Mussayev,"Mussayev, Temirulan",mussayev temirulan,https://www.imo-official.org/results/individual/country/KAZ/
Kazakhstan,KAZ,Aibek,Myrzatay,Aibek Myrzatay,"Myrzatay, Aibek",aibek myrzatay,https://www.imo-official.org/results/individual/country/KAZ/
Kazakhstan,KAZ,Merlan,Nagidulin,Merlan Nagidulin,"Nagidulin, Merlan",merlan nagidulin,https://www.imo-official.org/results/individual/country/KAZ/
Kazakhstan,KAZ,Gani,Nazirov,Gani Nazirov,"Nazirov, Gani",gani nazirov,https://www.imo-official.org/results/individual/country/KAZ/
Kazakhstan,KAZ,Yerniyaz,Nurgabylov,Yerniyaz Nurgabylov,"Nurgabylov, Yerniyaz",nurgabylov yerniyaz,https://www.imo-official.org/results/individual/country/KAZ/
Kazakhstan,KAZ,Erke,Nurkenov,Erke Nurkenov,"Nurkenov, Erke",erke nurkenov,https://www.imo-official.org/results/individual/country/KAZ/
Kazakhstan,KAZ,Mikhail,Okhin,Mikhail Okhin,"Okhin, Mikhail",mikhail okhin,https://www.imo-official.org/results/individual/country/KAZ/
Kazakhstan,KAZ,Assylbek,Olzhabayev,Assylbek Olzhabayev,"Olzhabayev, Assylbek",assylbek olzhabayev,https://www.imo-official.org/results/individual/country/KAZ/
Kazakhstan,KAZ,Alibek,Orazalin,Alibek Orazalin,"Orazalin, Alibek",alibek orazalin,https://www.imo-official.org/results/individual/country/KAZ/
Kazakhstan,KAZ,Sanzhar,Orazbayev,Sanzhar Orazbayev,"Orazbayev, Sanzhar",orazbayev sanzhar,https://www.imo-official.org/results/individual/country/KAZ/
Kazakhstan,KAZ,Batyrkhan,Orynkul,Batyrkhan Orynkul,"Orynkul, Batyrkhan",batyrkhan orynkul,https://www.imo-official.org/results/individual/country/KAZ/
Kazakhstan,KAZ,Denis,Ovchinnikov,Denis Ovchinnikov,"Ovchinnikov, Denis",denis ovchinnikov,https://www.imo-official.org/results/individual/country/KAZ/
Kazakhstan,KAZ,Kirill,Panov,Kirill Panov,"Panov, Kirill",kirill panov,https://www.imo-official.org/results/individual/country/KAZ/
Kazakhstan,KAZ,Yevgeni,Poroshenko,Yevgeni Poroshenko,"Poroshenko, Yevgeni",poroshenko yevgeni,https://www.imo-official.org/results/individual/country/KAZ/
Kazakhstan,KAZ,Rauan,Rakhmet,Rauan Rakhmet,"Rakhmet, Rauan",rakhmet rauan,https://www.imo-official.org/results/individual/country/KAZ/
Kazakhstan,KAZ,Vladimir,Rogovskiy,Vladimir Rogovskiy,"Rogovskiy, Vladimir",rogovskiy vladimir,https://www.imo-official.org/results/individual/country/KAZ/
Kazakhstan,KAZ,Almas,Rymov,Almas Rymov,"Rymov, Almas",almas rymov,https://www.imo-official.org/results/individual/country/KAZ/
Kazakhstan,KAZ,Alibek,Sailanbayev,Alibek Sailanbayev,"Sailanbayev, Alibek",alibek sailanbayev,https://www.imo-official.org/results/individual/country/KAZ/
Kazakhstan,KAZ,Tolebi,Sailauov,Tolebi Sailauov,"Sailauov, Tolebi",sailauov tolebi,https://www.imo-official.org/results/individual/country/KAZ/
Kazakhstan,KAZ,Batyrkhan,Sakenov,Batyrkhan Sakenov,"Sakenov, Batyrkhan",batyrkhan sakenov,https://www.imo-official.org/results/individual/country/KAZ/
Kazakhstan,KAZ,Almas,Sakhavyev,Almas Sakhavyev,"Sakhavyev, Almas",almas sakhavyev,https://www.imo-official.org/results/individual/country/KAZ/
Kazakhstan,KAZ,Amir,Sakhipov,Amir Sakhipov,"Sakhipov, Amir",amir sakhipov,https://www.imo-official.org/results/individual/country/KAZ/
Kazakhstan,KAZ,Fetullakh,Sam,Fetullakh Sam,"Sam, Fetullakh",fetullakh sam,https://www.imo-official.org/results/individual/country/KAZ/
Kazakhstan,KAZ,Eldos,Samalov,Eldos Samalov,"Samalov, Eldos",eldos samalov,https://www.imo-official.org/results/individual/country/KAZ/
Kazakhstan,KAZ,Azamat,Sarsembaev,Azamat Sarsembaev,"Sarsembaev, Azamat",azamat sarsembaev,https://www.imo-official.org/results/individual/country/KAZ/
Kazakhstan,KAZ,Tair,Satubaldin,Tair Satubaldin,"Satubaldin, Tair",satubaldin tair,https://www.imo-official.org/results/individual/country/KAZ/
Kazakhstan,KAZ,Kanat,Satylkhanov,Kanat Satylkhanov,"Satylkhanov, Kanat",kanat satylkhanov,https://www.imo-official.org/results/individual/country/KAZ/
Kazakhstan,KAZ,Mikhail,Shakhmatov,Mikhail Shakhmatov,"Shakhmatov, Mikhail",mikhail shakhmatov,https://www.imo-official.org/results/individual/country/KAZ/
Kazakhstan,KAZ,Alexandr,Shakiyev,Alexandr Shakiyev,"Shakiyev, Alexandr",alexandr shakiyev,https://www.imo-official.org/results/individual/country/KAZ/
Kazakhstan,KAZ,Margulan,Sharel,Margulan Sharel,"Sharel, Margulan",margulan sharel,https://www.imo-official.org/results/individual/country/KAZ/
Kazakhstan,KAZ,Nurtas,Shyntas,Nurtas Shyntas,"Shyntas, Nurtas",nurtas shyntas,https://www.imo-official.org/results/individual/country/KAZ/
Kazakhstan,KAZ,Igor,Stassiy,Igor Stassiy,"Stassiy, Igor",igor stassiy,https://www.imo-official.org/results/individual/country/KAZ/
Kazakhstan,KAZ,Rustem,Takhanov,Rustem Takhanov,"Takhanov, Rustem",rustem takhanov,https://www.imo-official.org/results/individual/country/KAZ/
Kazakhstan,KAZ,Yuriy,Ten,Yuriy Ten,"Ten, Yuriy",ten yuriy,https://www.imo-official.org/results/individual/country/KAZ/
Kazakhstan,KAZ,Rustam,Timirbekov,Rustam Timirbekov,"Timirbekov, Rustam",rustam timirbekov,https://www.imo-official.org/results/individual/country/KAZ/
Kazakhstan,KAZ,Arnur,Toktabayev,Arnur Toktabayev,"Toktabayev, Arnur",arnur toktabayev,https://www.imo-official.org/results/individual/country/KAZ/
Kazakhstan,KAZ,Alisher,Tortay,Alisher Tortay,"Tortay, Alisher",alisher tortay,https://www.imo-official.org/results/individual/country/KAZ/
Kazakhstan,KAZ,Alexey,Tsekhovoy,Alexey Tsekhovoy,"Tsekhovoy, Alexey",alexey tsekhovoy,https://www.imo-official.org/results/individual/country/KAZ/
Kazakhstan,KAZ,Vitaliy,Tsvayer,Vitaliy Tsvayer,"Tsvayer, Vitaliy",tsvayer vitaliy,https://www.imo-official.org/results/individual/country/KAZ/
Kazakhstan,KAZ,Daulet,Turetaev,Daulet Turetaev,"Turetaev, Daulet",daulet turetaev,https://www.imo-official.org/results/individual/country/KAZ/
Kazakhstan,KAZ,Aizana,Turmukhametova,Aizana Turmukhametova,"Turmukhametova, Aizana",aizana turmukhametova,https://www.imo-official.org/results/individual/country/KAZ/
Kazakhstan,KAZ,Azamat,Ukpegaziyev,Azamat Ukpegaziyev,"Ukpegaziyev, Azamat",azamat ukpegaziyev,https://www.imo-official.org/results/individual/country/KAZ/
Kazakhstan,KAZ,Sergey,Umentayev,Sergey Umentayev,"Umentayev, Sergey",sergey umentayev,https://www.imo-official.org/results/individual/country/KAZ/
Kazakhstan,KAZ,Baurzhan,Urgunshbayev,Baurzhan Urgunshbayev,"Urgunshbayev, Baurzhan",baurzhan urgunshbayev,https://www.imo-official.org/results/individual/country/KAZ/
Kazakhstan,KAZ,Ulan,Usserkulov,Ulan Usserkulov,"Usserkulov, Ulan",ulan usserkulov,https://www.imo-official.org/results/individual/country/KAZ/
Kazakhstan,KAZ,Anton,Vassilyev,Anton Vassilyev,"Vassilyev, Anton",anton vassilyev,https://www.imo-official.org/results/individual/country/KAZ/
Kazakhstan,KAZ,Sossin,Viktor,Sossin Viktor,"Viktor, Sossin",sossin viktor,https://www.imo-official.org/results/individual/country/KAZ/
Kazakhstan,KAZ,Yevgeni,Yakovlev,Yevgeni Yakovlev,"Yakovlev, Yevgeni",yakovlev yevgeni,https://www.imo-official.org/results/individual/country/KAZ/
Kazakhstan,KAZ,Dinmukhamed,Yegeubayev,Dinmukhamed Yegeubayev,"Yegeubayev, Dinmukhamed",dinmukhamed yegeubayev,https://www.imo-official.org/results/individual/country/KAZ/
Kazakhstan,KAZ,Damir,Yeliusizov,Damir Yeliusizov,"Yeliusizov, Damir",damir yeliusizov,https://www.imo-official.org/results/individual/country/KAZ/
Kazakhstan,KAZ,Ali,Yerkebulanuly,Ali Yerkebulanuly,"Yerkebulanuly, Ali",ali yerkebulanuly,https://www.imo-official.org/results/individual/country/KAZ/
Kazakhstan,KAZ,Tussupbekov,Yerkin,Tussupbekov Yerkin,"Yerkin, Tussupbekov",tussupbekov yerkin,https://www.imo-official.org/results/individual/country/KAZ/
Kazakhstan,KAZ,Zhandos,Yessenbayev,Zhandos Yessenbayev,"Yessenbayev, Zhandos",yessenbayev zhandos,https://www.imo-official.org/results/individual/country/KAZ/
Kazakhstan,KAZ,Kuat,Yessenov,Kuat Yessenov,"Yessenov, Kuat",kuat yessenov,https://www.imo-official.org/results/individual/country/KAZ/
Kazakhstan,KAZ,Miron,Yurkevich,Miron Yurkevich,"Yurkevich, Miron",miron yurkevich,https://www.imo-official.org/results/individual/country/KAZ/
Kazakhstan,KAZ,Alexander,Zaitsev,Alexander Zaitsev,"Zaitsev, Alexander",alexander zaitsev,https://www.imo-official.org/results/individual/country/KAZ/
Kazakhstan,KAZ,Zhaidarzhan,Zataev,Zhaidarzhan Zataev,"Zataev, Zhaidarzhan",zataev zhaidarzhan,https://www.imo-official.org/results/individual/country/KAZ/
Kazakhstan,KAZ,Adilet,Zauytkhan,Adilet Zauytkhan,"Zauytkhan, Adilet",adilet zauytkhan,https://www.imo-official.org/results/individual/country/KAZ/
Kazakhstan,KAZ,Medet,Zhanbulatuly,Medet Zhanbulatuly,"Zhanbulatuly, Medet",medet zhanbulatuly,https://www.imo-official.org/results/individual/country/KAZ/
Kazakhstan,KAZ,Daulet,Zhanguzin,Daulet Zhanguzin,"Zhanguzin, Daulet",daulet zhanguzin,https://www.imo-official.org/results/individual/country/KAZ/
Kazakhstan,KAZ,Asan,Zholdassov,Asan Zholdassov,"Zholdassov, Asan",asan zholdassov,https://www.imo-official.org/results/individual/country/KAZ/
Kazakhstan,KAZ,Kairat,Zhubayev,Kairat Zhubayev,"Zhubayev, Kairat",kairat zhubayev,https://www.imo-official.org/results/individual/country/KAZ/
Kazakhstan,KAZ,Aibatyr,Zhumagulov,Aibatyr Zhumagulov,"Zhumagulov, Aibatyr",aibatyr zhumagulov,https://www.imo-official.org/results/individual/country/KAZ/
Kazakhstan,KAZ,Aman,Zhumekeshov,Aman Zhumekeshov,"Zhumekeshov, Aman",aman zhumekeshov,https://www.imo-official.org/results/individual/country/KAZ/
Kazakhstan,KAZ,Alikhan,Zimanov,Alikhan Zimanov,"Zimanov, Alikhan",alikhan zimanov,https://www.imo-official.org/results/individual/country/KAZ/
Kazakhstan,KAZ,Temirkhan,Zimanov,Temirkhan Zimanov,"Zimanov, Temirkhan",temirkhan zimanov,https://www.imo-official.org/results/individual/country/KAZ/
Kyrgyzstan,KGZ,Adilbek,Abdirasulov,Adilbek Abdirasulov,"Abdirasulov, Adilbek",abdirasulov adilbek,https://www.imo-official.org/results/individual/country/KGZ/
Kyrgyzstan,KGZ,Amirbek,Abdirasulov,Amirbek Abdirasulov,"Abdirasulov, Amirbek",abdirasulov amirbek,https://www.imo-official.org/results/individual/country/KGZ/
Kyrgyzstan,KGZ,Bektur,Abdisatarov,Bektur Abdisatarov,"Abdisatarov, Bektur",abdisatarov bektur,https://www.imo-official.org/results/individual/country/KGZ/
Kyrgyzstan,KGZ,Bekten,Abduvaliev,Bekten Abduvaliev,"Abduvaliev, Bekten",abduvaliev bekten,https://www.imo-official.org/results/individual/country/KGZ/
Kyrgyzstan,KGZ,Murat,Abduvaliev,Murat Abduvaliev,"Abduvaliev, Murat",abduvaliev murat,https://www.imo-official.org/results/individual/country/KGZ/
Kyrgyzstan,KGZ,Illarion,Abdykaimov,Illarion Abdykaimov,"Abdykaimov, Illarion",abdykaimov illarion,https://www.imo-official.org/results/individual/country/KGZ/
Kyrgyzstan,KGZ,Aktanbek,Aidarov,Aktanbek Aidarov,"Aidarov, Aktanbek",aidarov aktanbek,https://www.imo-official.org/results/individual/country/KGZ/
Kyrgyzstan,KGZ,Timur,Akeneev,Timur Akeneev,"Akeneev, Timur",akeneev timur,https://www.imo-official.org/results/individual/country/KGZ/
Kyrgyzstan,KGZ,Ariet,Akimov,Ariet Akimov,"Akimov, Ariet",akimov ariet,https://www.imo-official.org/results/individual/country/KGZ/
Kyrgyzstan,KGZ,Aibek,Alanov,Aibek Alanov,"Alanov, Aibek",aibek alanov,https://www.imo-official.org/results/individual/country/KGZ/
Kyrgyzstan,KGZ,Kubanychbek,Aliev,Kubanychbek Aliev,"Aliev, Kubanychbek",aliev kubanychbek,https://www.imo-official.org/results/individual/country/KGZ/
Kyrgyzstan,KGZ,Aibar,Amanov,Aibar Amanov,"Amanov, Aibar",aibar amanov,https://www.imo-official.org/results/individual/country/KGZ/
Kyrgyzstan,KGZ,Talgat,Amanov,Talgat Amanov,"Amanov, Talgat",amanov talgat,https://www.imo-official.org/results/individual/country/KGZ/
Kyrgyzstan,KGZ,Elnura,Anarbai kyzy,Elnura Anarbai kyzy,"Anarbai kyzy, Elnura",anarbai elnura kyzy,https://www.imo-official.org/results/individual/country/KGZ/
Kyrgyzstan,KGZ,Erdan,Apiev,Erdan Apiev,"Apiev, Erdan",apiev erdan,https://www.imo-official.org/results/individual/country/KGZ/
Kyrgyzstan,KGZ,Almaz,Arpachiyev,Almaz Arpachiyev,"Arpachiyev, Almaz",almaz arpachiyev,https://www.imo-official.org/results/individual/country/KGZ/
Kyrgyzstan,KGZ,Kanybek,Asanbekov,Kanybek Asanbekov,"Asanbekov, Kanybek",asanbekov kanybek,https://www.imo-official.org/results/individual/country/KGZ/
Kyrgyzstan,KGZ,Aidin,Asankadyrov,Aidin Asankadyrov,"Asankadyrov, Aidin",aidin asankadyrov,https://www.imo-official.org/results/individual/country/KGZ/
Kyrgyzstan,KGZ,Nurulla,Ashimov,Nurulla Ashimov,"Ashimov, Nurulla",ashimov nurulla,https://www.imo-official.org/results/individual/country/KGZ/
Kyrgyzstan,KGZ,Arstan,Ashyrbekov,Arstan Ashyrbekov,"Ashyrbekov, Arstan",arstan ashyrbekov,https://www.imo-official.org/results/individual/country/KGZ/
Kyrgyzstan,KGZ,Azamat,Askarov,Azamat Askarov,"Askarov, Azamat",askarov azamat,https://www.imo-official.org/results/individual/country/KGZ/
Kyrgyzstan,KGZ,Tilek,Askerbekov,Tilek Askerbekov,"Askerbekov, Tilek",askerbekov tilek,https://www.imo-official.org/results/individual/country/KGZ/
Kyrgyzstan,KGZ,Dautbek,Atabekov,Dautbek Atabekov,"Atabekov, Dautbek",atabekov dautbek,https://www.imo-official.org/results/individual/country/KGZ/
Kyrgyzstan,KGZ,Derkenbaev,Azamat,Derkenbaev Azamat,"Azamat, Derkenbaev",azamat derkenbaev,https://www.imo-official.org/results/individual/country/KGZ/
Kyrgyzstan,KGZ,Saadinur,Azisbek Uulu,Saadinur Azisbek Uulu,"Azisbek Uulu, Saadinur",azisbek saadinur uulu,https://www.imo-official.org/results/individual/country/KGZ/
Kyrgyzstan,KGZ,Susarbek,Baibaev,Susarbek Baibaev,"Baibaev, Susarbek",baibaev susarbek,https://www.imo-official.org/results/individual/country/KGZ/
Kyrgyzstan,KGZ,Talgat,Baktybekov,Talgat Baktybekov,"Baktybekov, Talgat",baktybekov talgat,https://www.imo-official.org/results/individual/country/KGZ/
Kyrgyzstan,KGZ,Evgenii,Balai,Evgenii Balai,"Balai, Evgenii",balai evgenii,https://www.imo-official.org/results/individual/country/KGZ/
Kyrgyzstan,KGZ,Nikita,Balykin,Nikita Balykin,"Balykin, Nikita",balykin nikita,https://www.imo-official.org/results/individual/country/KGZ/
Kyrgyzstan,KGZ,Syimyk,Barchynbek Uulu,Syimyk Barchynbek Uulu,"Barchynbek Uulu, Syimyk",barchynbek syimyk uulu,https://www.imo-official.org/results/individual/country/KGZ/
Kyrgyzstan,KGZ,Ermek,Bekbolot Uulu,Ermek Bekbolot Uulu,"Bekbolot Uulu, Ermek",bekbolot ermek uulu,https://www.imo-official.org/results/individual/country/KGZ/
Kyrgyzstan,KGZ,Dinara,Bekova,Dinara Bekova,"Bekova, Dinara",bekova dinara,https://www.imo-official.org/results/individual/country/KGZ/
Kyrgyzstan,KGZ,Myrzabek,Belekov,Myrzabek Belekov,"Belekov, Myrzabek",belekov myrzabek,https://www.imo-official.org/results/individual/country/KGZ/
Kyrgyzstan,KGZ,Ian,Bobrus,Ian Bobrus,"Bobrus, Ian",bobrus ian,https://www.imo-official.org/results/individual/country/KGZ/
Kyrgyzstan,KGZ,Akim,Borbuev,Akim Borbuev,"Borbuev, Akim",akim borbuev,https://www.imo-official.org/results/individual/country/KGZ/
Kyrgyzstan,KGZ,Vladimir,Buravlev,Vladimir Buravlev,"Buravlev, Vladimir",buravlev vladimir,https://www.imo-official.org/results/individual/country/KGZ/
Kyrgyzstan,KGZ,Begaaly,Chiketaev,Begaaly Chiketaev,"Chiketaev, Begaaly",begaaly chiketaev,https://www.imo-official.org/results/individual/country/KGZ/
Kyrgyzstan,KGZ,Aibek,Djolbunov,Aibek Djolbunov,"Djolbunov, Aibek",aibek djolbunov,https://www.imo-official.org/results/individual/country/KGZ/
Kyrgyzstan,KGZ,Assel,Djoumagoulova,Assel Djoumagoulova,"Djoumagoulova, Assel",assel djoumagoulova,https://www.imo-official.org/results/individual/country/KGZ/
Kyrgyzstan,KGZ,Bekjan,Djumabaev,Bekjan Djumabaev,"Djumabaev, Bekjan",bekjan djumabaev,https://www.imo-official.org/results/individual/country/KGZ/
Kyrgyzstan,KGZ,Talay,Djumabaev,Talay Djumabaev,"Djumabaev, Talay",djumabaev talay,https://www.imo-official.org/results/individual/country/KGZ/
Kyrgyzstan,KGZ,Adil,Duishenaliev,Adil Duishenaliev,"Duishenaliev, Adil",adil duishenaliev,https://www.imo-official.org/results/individual/country/KGZ/
Kyrgyzstan,KGZ,Nurtilek,Duishobaev,Nurtilek Duishobaev,"Duishobaev, Nurtilek",duishobaev nurtilek,https://www.imo-official.org/results/individual/country/KGZ/
Kyrgyzstan,KGZ,Zhantai,Dzhusupov,Zhantai Dzhusupov,"Dzhusupov, Zhantai",dzhusupov zhantai,https://www.imo-official.org/results/individual/country/KGZ/
Kyrgyzstan,KGZ,Beknazar,Emilzhanov,Beknazar Emilzhanov,"Emilzhanov, Beknazar",beknazar emilzhanov,https://www.imo-official.org/results/individual/country/KGZ/
Kyrgyzstan,KGZ,Beknazar,Esenbek Uulu,Beknazar Esenbek Uulu,"Esenbek Uulu, Beknazar",beknazar esenbek uulu,https://www.imo-official.org/results/individual/country/KGZ/
Kyrgyzstan,KGZ,Erbol,Esengulov,Erbol Esengulov,"Esengulov, Erbol",erbol esengulov,https://www.imo-official.org/results/individual/country/KGZ/
Kyrgyzstan,KGZ,Kairat,Eshbolotov,Kairat Eshbolotov,"Eshbolotov, Kairat",eshbolotov kairat,https://www.imo-official.org/results/individual/country/KGZ/
Kyrgyzstan,KGZ,Nursultan,Eshperov,Nursultan Eshperov,"Eshperov, Nursultan",eshperov nursultan,https://www.imo-official.org/results/individual/country/KGZ/
Kyrgyzstan,KGZ,Igor,Grebennikov,Igor Grebennikov,"Grebennikov, Igor",grebennikov igor,https://www.imo-official.org/results/individual/country/KGZ/
Kyrgyzstan,KGZ,Yuri,Hudobin,Yuri Hudobin,"Hudobin, Yuri",hudobin yuri,https://www.imo-official.org/results/individual/country/KGZ/
Kyrgyzstan,KGZ,Suyunbek,Ibraev,Suyunbek Ibraev,"Ibraev, Suyunbek",ibraev suyunbek,https://www.imo-official.org/results/individual/country/KGZ/
Kyrgyzstan,KGZ,Aizhan,Ibraimova,Aizhan Ibraimova,"Ibraimova, Aizhan",aizhan ibraimova,https://www.imo-official.org/results/individual/country/KGZ/
Kyrgyzstan,KGZ,Abdygany,Isaev,Abdygany Isaev,"Isaev, Abdygany",abdygany isaev,https://www.imo-official.org/results/individual/country/KGZ/
Kyrgyzstan,KGZ,Ikbolgon,Isakov,Ikbolgon Isakov,"Isakov, Ikbolgon",ikbolgon isakov,https://www.imo-official.org/results/individual/country/KGZ/
Kyrgyzstan,KGZ,Makhamadkhan,Ishmatov,Makhamadkhan Ishmatov,"Ishmatov, Makhamadkhan",ishmatov makhamadkhan,https://www.imo-official.org/results/individual/country/KGZ/
Kyrgyzstan,KGZ,Eldar,Iskanderov,Eldar Iskanderov,"Iskanderov, Eldar",eldar iskanderov,https://www.imo-official.org/results/individual/country/KGZ/
Kyrgyzstan,KGZ,Pavel,Kaganski,Pavel Kaganski,"Kaganski, Pavel",kaganski pavel,https://www.imo-official.org/results/individual/country/KGZ/
Kyrgyzstan,KGZ,Ilkhomzhon,Kalandarov,Ilkhomzhon Kalandarov,"Kalandarov, Ilkhomzhon",ilkhomzhon kalandarov,https://www.imo-official.org/results/individual/country/KGZ/
Kyrgyzstan,KGZ,Nurazem,Kaldybaev,Nurazem Kaldybaev,"Kaldybaev, Nurazem",kaldybaev nurazem,https://www.imo-official.org/results/individual/country/KGZ/
Kyrgyzstan,KGZ,Alibek,Kalykov,Alibek Kalykov,"Kalykov, Alibek",alibek kalykov,https://www.imo-official.org/results/individual/country/KGZ/
Kyrgyzstan,KGZ,Zhyldyz,Kambaraalieva,Zhyldyz Kambaraalieva,"Kambaraalieva, Zhyldyz",kambaraalieva zhyldyz,https://www.imo-official.org/results/individual/country/KGZ/
Kyrgyzstan,KGZ,Kerim,Kaparov,Kerim Kaparov,"Kaparov, Kerim",kaparov kerim,https://www.imo-official.org/results/individual/country/KGZ/
Kyrgyzstan,KGZ,Nurdoolot,Kaparov,Nurdoolot Kaparov,"Kaparov, Nurdoolot",kaparov nurdoolot,https://www.imo-official.org/results/individual/country/KGZ/
Kyrgyzstan,KGZ,Isken,Kenzhebaev,Isken Kenzhebaev,"Kenzhebaev, Isken",isken kenzhebaev,https://www.imo-official.org/results/individual/country/KGZ/
Kyrgyzstan,KGZ,Bolot,Kerimbaev,Bolot Kerimbaev,"Kerimbaev, Bolot",bolot kerimbaev,https://www.imo-official.org/results/individual/country/KGZ/
Kyrgyzstan,KGZ,Nazar,Kirgizbaev,Nazar Kirgizbaev,"Kirgizbaev, Nazar",kirgizbaev nazar,https://www.imo-official.org/results/individual/country/KGZ/
Kyrgyzstan,KGZ,Nazar Azizbekovich,Kirgizbaev,Nazar Azizbekovich Kirgizbaev,"Kirgizbaev, Nazar Azizbekovich",azizbekovich kirgizbaev nazar,https://www.imo-official.org/results/individual/country/KGZ/
Kyrgyzstan,KGZ,Fedor,Korniiash,Fedor Korniiash,"Korniiash, Fedor",fedor korniiash,https://www.imo-official.org/results/individual/country/KGZ/
Kyrgyzstan,KGZ,Danil,Koshuev,Danil Koshuev,"Koshuev, Danil",danil koshuev,https://www.imo-official.org/results/individual/country/KGZ/
Kyrgyzstan,KGZ,Murat,Kubanychbekov,Murat Kubanychbekov,"Kubanychbekov, Murat",kubanychbekov murat,https://www.imo-official.org/results/individual/country/KGZ/
Kyrgyzstan,KGZ,Azamat,Kubatov,Azamat Kubatov,"Kubatov, Azamat",azamat kubatov,https://www.imo-official.org/results/individual/country/KGZ/
Kyrgyzstan,KGZ,Turar,Kulanbaeva,Turar Kulanbaeva,"Kulanbaeva, Turar",kulanbaeva turar,https://www.imo-official.org/results/individual/country/KGZ/
Kyrgyzstan,KGZ,Temirlan,Kydyraliev,Temirlan Kydyraliev,"Kydyraliev, Temirlan",kydyraliev temirlan,https://www.imo-official.org/results/individual/country/KGZ/
Kyrgyzstan,KGZ,Kanat,Kyrgyzbaev,Kanat Kyrgyzbaev,"Kyrgyzbaev, Kanat",kanat kyrgyzbaev,https://www.imo-official.org/results/individual/country/KGZ/
Kyrgyzstan,KGZ,Sovetbet,Madichov,Sovetbet Madichov,"Madichov, Sovetbet",madichov sovetbet,https://www.imo-official.org/results/individual/country/KGZ/
Kyrgyzstan,KGZ,Ikrim,Mamarajapov,Ikrim Mamarajapov,"Mamarajapov, Ikrim",ikrim mamarajapov,https://www.imo-official.org/results/individual/country/KGZ/
Kyrgyzstan,KGZ,Mamatkasym,Mamarusul Uulu,Mamatkasym Mamarusul Uulu,"Mamarusul Uulu, Mamatkasym",mamarusul mamatkasym uulu,https://www.imo-official.org/results/individual/country/KGZ/
Kyrgyzstan,KGZ,Bektur,Mambetov,Bektur Mambetov,"Mambetov, Bektur",bektur mambetov,https://www.imo-official.org/results/individual/country/KGZ/
Kyrgyzstan,KGZ,Timur,Mambetov,Timur Mambetov,"Mambetov, Timur",mambetov timur,https://www.imo-official.org/results/individual/country/KGZ/
Kyrgyzstan,KGZ,Juri,Mamotenko,Juri Mamotenko,"Mamotenko, Juri",juri mamotenko,https://www.imo-official.org/results/individual/country/KGZ/
Kyrgyzstan,KGZ,Timyr,Mamyrov,Timyr Mamyrov,"Mamyrov, Timyr",mamyrov timyr,https://www.imo-official.org/results/individual/country/KGZ/
Kyrgyzstan,KGZ,Talgar,Marlis Uulu,Talgar Marlis Uulu,"Marlis Uulu, Talgar",marlis talgar uulu,https://www.imo-official.org/results/individual/country/KGZ/
Kyrgyzstan,KGZ,Saidbek,Mavlianov,Saidbek Mavlianov,"Mavlianov, Saidbek",mavlianov saidbek,https://www.imo-official.org/results/individual/country/KGZ/
Kyrgyzstan,KGZ,Erlan,Moldoshov,Erlan Moldoshov,"Moldoshov, Erlan",erlan moldoshov,https://www.imo-official.org/results/individual/country/KGZ/
Kyrgyzstan,KGZ,Alim,Moskalenko,Alim Moskalenko,"Moskalenko, Alim",alim moskalenko,https://www.imo-official.org/results/individual/country/KGZ/
Kyrgyzstan,KGZ,Vladimir,Mun,Vladimir Mun,"Mun, Vladimir",mun vladimir,https://www.imo-official.org/results/individual/country/KGZ/
Kyrgyzstan,KGZ,Nazar,Muratbek Uulu,Nazar Muratbek Uulu,"Muratbek Uulu, Nazar",muratbek nazar uulu,https://www.imo-official.org/results/individual/country/KGZ/
Kyrgyzstan,KGZ,Sultan,Musakhodzhaev,Sultan Musakhodzhaev,"Musakhodzhaev, Sultan",musakhodzhaev sultan,https://www.imo-official.org/results/individual/country/KGZ/
Kyrgyzstan,KGZ,Arzymat,Myktybekov,Arzymat Myktybekov,"Myktybekov, Arzymat",arzymat myktybekov,https://www.imo-official.org/results/individual/country/KGZ/
Kyrgyzstan,KGZ,Ruslan,Nadyrbek Yyly,Ruslan Nadyrbek Yyly,"Nadyrbek Yyly, Ruslan",nadyrbek ruslan yyly,https://www.imo-official.org/results/individual/country/KGZ/
Kyrgyzstan,KGZ,Anvar,Nigmatullin,Anvar Nigmatullin,"Nigmatullin, Anvar",anvar nigmatullin,https://www.imo-official.org/results/individual/country/KGZ/
Kyrgyzstan,KGZ,Zhakshylyk,Nurlanov,Zhakshylyk Nurlanov,"Nurlanov, Zhakshylyk",nurlanov zhakshylyk,https://www.imo-official.org/results/individual/country/KGZ/
Kyrgyzstan,KGZ,Azizbek,Omorkulov,Azizbek Omorkulov,"Omorkulov, Azizbek",azizbek omorkulov,https://www.imo-official.org/results/individual/country/KGZ/
Kyrgyzstan,KGZ,Turgunbek,Omurkanov,Turgunbek Omurkanov,"Omurkanov, Turgunbek",omurkanov turgunbek,https://www.imo-official.org/results/individual/country/KGZ/
Kyrgyzstan,KGZ,Ulanbek,Omurkanov,Ulanbek Omurkanov,"Omurkanov, Ulanbek",omurkanov ulanbek,https://www.imo-official.org/results/individual/country/KGZ/
Kyrgyzstan,KGZ,Jenishbek,Omurzak Uulu,Jenishbek Omurzak Uulu,"Omurzak Uulu, Jenishbek",jenishbek omurzak uulu,https://www.imo-official.org/results/individual/country/KGZ/
Kyrgyzstan,KGZ,Viktor,Pak,Viktor Pak,"Pak, Viktor",pak viktor,https://www.imo-official.org/results/individual/country/KGZ/
Kyrgyzstan,KGZ,Kudaiar,Pirimbaev,Kudaiar Pirimbaev,"Pirimbaev, Kudaiar",kudaiar pirimbaev,https://www.imo-official.org/results/individual/country/KGZ/
Kyrgyzstan,KGZ,Aleksei,Polianski,Aleksei Polianski,"Polianski, Aleksei",aleksei polianski,https://www.imo-official.org/results/individual/country/KGZ/
Kyrgyzstan,KGZ,Arzybek,Priev,Arzybek Priev,"Priev, Arzybek",arzybek priev,https://www.imo-official.org/results/individual/country/KGZ/
Kyrgyzstan,KGZ,Sergey,Rakhmatullin,Sergey Rakhmatullin,"Rakhmatullin, Sergey",rakhmatullin sergey,https://www.imo-official.org/results/individual/country/KGZ/
Kyrgyzstan,KGZ,Ayzhan,Sadyrova,Ayzhan Sadyrova,"Sadyrova, Ayzhan",ayzhan sadyrova,https://www.imo-official.org/results/individual/country/KGZ/
Kyrgyzstan,KGZ,Nurlal,Sagynov,Nurlal Sagynov,"Sagynov, Nurlal",nurlal sagynov,https://www.imo-official.org/results/individual/country/KGZ/
Kyrgyzstan,KGZ,Arlan,Sayat,Arlan Sayat,"Sayat, Arlan",arlan sayat,https://www.imo-official.org/results/individual/country/KGZ/
Kyrgyzstan,KGZ,Alexander,Shamanaev,Alexander Shamanaev,"Shamanaev, Alexander",alexander shamanaev,https://www.imo-official.org/results/individual/country/KGZ/
Kyrgyzstan,KGZ,Erkinai,Shamshidinova,Erkinai Shamshidinova,"Shamshidinova, Erkinai",erkinai shamshidinova,https://www.imo-official.org/results/individual/country/KGZ/
Kyrgyzstan,KGZ,Azizbek,Shekeev,Azizbek Shekeev,"Shekeev, Azizbek",azizbek shekeev,https://www.imo-official.org/results/individual/country/KGZ/
Kyrgyzstan,KGZ,Mullakhashim,Simai,Mullakhashim Simai,"Simai, Mullakhashim",mullakhashim simai,https://www.imo-official.org/results/individual/country/KGZ/
Kyrgyzstan,KGZ,Gleb,Sizov,Gleb Sizov,"Sizov, Gleb",gleb sizov,https://www.imo-official.org/results/individual/country/KGZ/
Kyrgyzstan,KGZ,Radik,Srajidinov,Radik Srajidinov,"Srajidinov, Radik",radik srajidinov,https://www.imo-official.org/results/individual/country/KGZ/
Kyrgyzstan,KGZ,Ilias,Subanov,Ilias Subanov,"Subanov, Ilias",ilias subanov,https://www.imo-official.org/results/individual/country/KGZ/
Kyrgyzstan,KGZ,Munduzbek,Subanov,Munduzbek Subanov,"Subanov, Munduzbek",munduzbek subanov,https://www.imo-official.org/results/individual/country/KGZ/
Kyrgyzstan,KGZ,Timur,Sulaimonov,Timur Sulaimonov,"Sulaimonov, Timur",sulaimonov timur,https://www.imo-official.org/results/individual/country/KGZ/
Kyrgyzstan,KGZ,Outchkovnbek,Tachbaev,Outchkovnbek Tachbaev,"Tachbaev, Outchkovnbek",outchkovnbek tachbaev,https://www.imo-official.org/results/individual/country/KGZ/
Kyrgyzstan,KGZ,Nurdin,Takenov,Nurdin Takenov,"Takenov, Nurdin",nurdin takenov,https://www.imo-official.org/results/individual/country/KGZ/
Kyrgyzstan,KGZ,Konstantin,Tarmyshov,Konstantin Tarmyshov,"Tarmyshov, Konstantin",konstantin tarmyshov,https://www.imo-official.org/results/individual/country/KGZ/
Kyrgyzstan,KGZ,Ernist,Tilenbaev,Ernist Tilenbaev,"Tilenbaev, Ernist",ernist tilenbaev,https://www.imo-official.org/results/individual/country/KGZ/
Kyrgyzstan,KGZ,Iliazbek,Tileshbaev,Iliazbek Tileshbaev,"Tileshbaev, Iliazbek",iliazbek tileshbaev,https://www.imo-official.org/results/individual/country/KGZ/
Kyrgyzstan,KGZ,Oleg,Timotchenko,Oleg Timotchenko,"Timotchenko, Oleg",oleg timotchenko,https://www.imo-official.org/results/individual/country/KGZ/
Kyrgyzstan,KGZ,Vitaliy,Tkachenko,Vitaliy Tkachenko,"Tkachenko, Vitaliy",tkachenko vitaliy,https://www.imo-official.org/results/individual/country/KGZ/
Kyrgyzstan,KGZ,Pavel,Toktaliev,Pavel Toktaliev,"Toktaliev, Pavel",pavel toktaliev,https://www.imo-official.org/results/individual/country/KGZ/
Kyrgyzstan,KGZ,Meerim,Topchubaeva,Meerim Topchubaeva,"Topchubaeva, Meerim",meerim topchubaeva,https://www.imo-official.org/results/individual/country/KGZ/
Kyrgyzstan,KGZ,Nurgul,Ukueva,Nurgul Ukueva,"Ukueva, Nurgul",nurgul ukueva,https://www.imo-official.org/results/individual/country/KGZ/
Kyrgyzstan,KGZ,Akzhol,Umurzak Uulu,Akzhol Umurzak Uulu,"Umurzak Uulu, Akzhol",akzhol umurzak uulu,https://www.imo-official.org/results/individual/country/KGZ/
Kyrgyzstan,KGZ,Bekbolot,Urmatuulu,Bekbolot Urmatuulu,"Urmatuulu, Bekbolot",bekbolot urmatuulu,https://www.imo-official.org/results/individual/country/KGZ/
Kyrgyzstan,KGZ,Evgeniy,Wainberg,Evgeniy Wainberg,"Wainberg, Evgeniy",evgeniy wainberg,https://www.imo-official.org/results/individual/country/KGZ/
Kyrgyzstan,KGZ,Azamat,Zhabykeev,Azamat Zhabykeev,"Zhabykeev, Azamat",azamat zhabykeev,https://www.imo-official.org/results/individual/country/KGZ/
Kyrgyzstan,KGZ,Zhanatbek,Zheenbaev,Zhanatbek Zheenbaev,"Zheenbaev, Zhanatbek",zhanatbek zheenbaev,https://www.imo-official.org/results/individual/country/KGZ/
Kyrgyzstan,KGZ,Aiturgan,Zheenbekova,Aiturgan Zheenbekova,"Zheenbekova, Aiturgan",aiturgan zheenbekova,https://www.imo-official.org/results/individual/country/KGZ/
Kyrgyzstan,KGZ,Doslan,Zheksheev,Doslan Zheksheev,"Zheksheev, Doslan",doslan zheksheev,https://www.imo-official.org/results/individual/country/KGZ/
Kyrgyzstan,KGZ,Bekzhol,Zholdubai Uulu,Bekzhol Zholdubai Uulu,"Zholdubai Uulu, Bekzhol",bekzhol uulu zholdubai,https://www.imo-official.org/results/individual/country/KGZ/
Kyrgyzstan,KGZ,Tilekbek,Zhoroev,Tilekbek Zhoroev,"Zhoroev, Tilekbek",tilekbek zhoroev,https://www.imo-official.org/results/individual/country/KGZ/
Kyrgyzstan,KGZ,Syrgak,Zhylkybaev,Syrgak Zhylkybaev,"Zhylkybaev, Syrgak",syrgak zhylkybaev,https://www.imo-official.org/results/individual/country/KGZ/
Macau,MAC,Vai Meng,Aliás Ng,Vai Meng Aliás Ng,"Aliás Ng, Vai Meng",alias meng ng vai,https://www.imo-official.org/results/individual/country/MAC/
Macau,MAC,Cheok Him,Chan,Cheok Him Chan,"Chan, Cheok Him",chan cheok him,https://www.imo-official.org/results/individual/country/MAC/
Macau,MAC,Iat Kei,Chan,Iat Kei Chan,"Chan, Iat Kei",chan iat kei,https://www.imo-official.org/results/individual/country/MAC/
Macau,MAC,Wai Chong,Chan,Wai Chong Chan,"Chan, Wai Chong",chan chong wai,https://www.imo-official.org/results/individual/country/MAC/
Macau,MAC,Ho Kei,Chang,Ho Kei Chang,"Chang, Ho Kei",chang ho kei,https://www.imo-official.org/results/individual/country/MAC/
Macau,MAC,Ieng,Chang,Ieng Chang,"Chang, Ieng",chang ieng,https://www.imo-official.org/results/individual/country/MAC/
Macau,MAC,Kuok Fai,Chao,Kuok Fai Chao,"Chao, Kuok Fai",chao fai kuok,https://www.imo-official.org/results/individual/country/MAC/
Macau,MAC,Weng,Chap Wong,Weng Chap Wong,"Chap Wong, Weng",chap weng wong,https://www.imo-official.org/results/individual/country/MAC/
Macau,MAC,Hou Tin,Chau,Hou Tin Chau,"Chau, Hou Tin",chau hou tin,https://www.imo-official.org/results/individual/country/MAC/
Macau,MAC,Chan Hou,Che,Chan Hou Che,"Che, Chan Hou",chan che hou,https://www.imo-official.org/results/individual/country/MAC/
Macau,MAC,I,Cheang,I Cheang,"Cheang, I",cheang i,https://www.imo-official.org/results/individual/country/MAC/
Macau,MAC,Kai Un,Cheang,Kai Un Cheang,"Cheang, Kai Un",cheang kai un,https://www.imo-official.org/results/individual/country/MAC/
Macau,MAC,Ngou Hin,Cheang,Ngou Hin Cheang,"Cheang, Ngou Hin",cheang hin ngou,https://www.imo-official.org/results/individual/country/MAC/
Macau,MAC,Weng Chi,Cheng,Weng Chi Cheng,"Cheng, Weng Chi",cheng chi weng,https://www.imo-official.org/results/individual/country/MAC/
Macau,MAC,Chi Weng,Cheong,Chi Weng Cheong,"Cheong, Chi Weng",cheong chi weng,https://www.imo-official.org/results/individual/country/MAC/
Macau,MAC,Va Cheng,Cheong,Va Cheng Cheong,"Cheong, Va Cheng",cheng cheong va,https://www.imo-official.org/results/individual/country/MAC/
Macau,MAC,Weng,Cheong Ao Ieong,Weng Cheong Ao Ieong,"Cheong Ao Ieong, Weng",ao cheong ieong weng,https://www.imo-official.org/results/individual/country/MAC/
Macau,MAC,Cheng In,Cheung,Cheng In Cheung,"Cheung, Cheng In",cheng cheung in,https://www.imo-official.org/results/individual/country/MAC/
Macau,MAC,Kuan Wa,Choi,Kuan Wa Choi,"Choi, Kuan Wa",choi kuan wa,https://www.imo-official.org/results/individual/country/MAC/
Macau,MAC,Lai U,Choi,Lai U Choi,"Choi, Lai U",choi lai u,https://www.imo-official.org/results/individual/country/MAC/
Macau,MAC,Sai Chi,Choi,Sai Chi Choi,"Choi, Sai Chi",chi choi sai,https://www.imo-official.org/results/individual/country/MAC/
Macau,MAC,Keng Wai,Chong,Keng Wai Chong,"Chong, Keng Wai",chong keng wai,https://www.imo-official.org/results/individual/country/MAC/
Macau,MAC,Wai Choi,Chong,Wai Choi Chong,"Chong, Wai Choi",choi chong wai,https://www.imo-official.org/results/individual/country/MAC/
Macau,MAC,Iek Heng,Chu,Iek Heng Chu,"Chu, Iek Heng",chu heng iek,https://www.imo-official.org/results/individual/country/MAC/
Macau,MAC,Shun Yin,Chu,Shun Yin Chu,"Chu, Shun Yin",chu shun yin,https://www.imo-official.org/results/individual/country/MAC/
Macau,MAC,Tan Ieong,Chu,Tan Ieong Chu,"Chu, Tan Ieong",chu ieong tan,https://www.imo-official.org/results/individual/country/MAC/
Macau,MAC,Wai In,Chu,Wai In Chu,"Chu, Wai In",chu in wai,https://www.imo-official.org/results/individual/country/MAC/
Macau,MAC,Keng,Chung Ng,Keng Chung Ng,"Chung Ng, Keng",chung keng ng,https://www.imo-official.org/results/individual/country/MAC/
Macau,MAC,Kai,Chung Tam,Kai Chung Tam,"Chung Tam, Kai",chung kai tam,https://www.imo-official.org/results/individual/country/MAC/
Macau,MAC,Chi,Fai Chung,Chi Fai Chung,"Fai Chung, Chi",chi chung fai,https://www.imo-official.org/results/individual/country/MAC/
Macau,MAC,I No,Fan,I No Fan,"Fan, I No",fan i no,https://www.imo-official.org/results/individual/country/MAC/
Macau,MAC,Hoi Cheng,Fong,Hoi Cheng Fong,"Fong, Hoi Cheng",cheng fong hoi,https://www.imo-official.org/results/individual/country/MAC/
Macau,MAC,Kin,Gong Yuen,Kin Gong Yuen,"Gong Yuen, Kin",gong kin yuen,https://www.imo-official.org/results/individual/country/MAC/
Macau,MAC,Chun I,Ho,Chun I Ho,"Ho, Chun I",chun ho i,https://www.imo-official.org/results/individual/country/MAC/
Macau,MAC,In Lok,Ho,In Lok Ho,"Ho, In Lok",ho in lok,https://www.imo-official.org/results/individual/country/MAC/
Macau,MAC,Chu Hong,Hoi,Chu Hong Hoi,"Hoi, Chu Hong",chu hoi hong,https://www.imo-official.org/results/individual/country/MAC/
Macau,MAC,Chu Peng,Hoi,Chu Peng Hoi,"Hoi, Chu Peng",chu hoi peng,https://www.imo-official.org/results/individual/country/MAC/
Macau,MAC,Kong Hong,Hoi,Kong Hong Hoi,"Hoi, Kong Hong",hoi hong kong,https://www.imo-official.org/results/individual/country/MAC/
Macau,MAC,Sio Kuan,Hoi,Sio Kuan Hoi,"Hoi, Sio Kuan",hoi kuan sio,https://www.imo-official.org/results/individual/country/MAC/
Macau,MAC,Song Pok,Hong,Song Pok Hong,"Hong, Song Pok",hong pok song,https://www.imo-official.org/results/individual/country/MAC/
Macau,MAC,Pak,Hou Che,Pak Hou Che,"Hou Che, Pak",che hou pak,https://www.imo-official.org/results/individual/country/MAC/
Macau,MAC,Fong,I Che,Fong I Che,"I Che, Fong",che fong i,https://www.imo-official.org/results/individual/country/MAC/
Macau,MAC,Hoi Cheong,Iam,Hoi Cheong Iam,"Iam, Hoi Cheong",cheong hoi iam,https://www.imo-official.org/results/individual/country/MAC/
Macau,MAC,Pak,Ian Fong,Pak Ian Fong,"Ian Fong, Pak",fong ian pak,https://www.imo-official.org/results/individual/country/MAC/
Macau,MAC,Chi Wa,Iao,Chi Wa Iao,"Iao, Chi Wa",chi iao wa,https://www.imo-official.org/results/individual/country/MAC/
Macau,MAC,Hong Wai,Ieong,Hong Wai Ieong,"Ieong, Hong Wai",hong ieong wai,https://www.imo-official.org/results/individual/country/MAC/
Macau,MAC,Ka Chon,Ieong,Ka Chon Ieong,"Ieong, Ka Chon",chon ieong ka,https://www.imo-official.org/results/individual/country/MAC/
Macau,MAC,Koi On,Ieong,Koi On Ieong,"Ieong, Koi On",ieong koi on,https://www.imo-official.org/results/individual/country/MAC/
Macau,MAC,Chan Wa,Io,Chan Wa Io,"Io, Chan Wa",chan io wa,https://www.imo-official.org/results/individual/country/MAC/
Macau,MAC,Choi,Iok Lam,Choi Iok Lam,"Iok Lam, Choi",choi iok lam,https://www.imo-official.org/results/individual/country/MAC/
Macau,MAC,Hou Meng,Ip,Hou Meng Ip,"Ip, Hou Meng",hou ip meng,https://www.imo-official.org/results/individual/country/MAC/
Macau,MAC,Wa,Kam Chang,Wa Kam Chang,"Kam Chang, Wa",chang kam wa,https://www.imo-official.org/results/individual/country/MAC/
Macau,MAC,Ieng,Kit Wong,Ieng Kit Wong,"Kit Wong, Ieng",ieng kit wong,https://www.imo-official.org/results/individual/country/MAC/
Macau,MAC,CHI PANG,LAO,CHI PANG LAO,"LAO, CHI PANG",chi lao pang,https://www.imo-official.org/results/individual/country/MAC/
Macau,MAC,Cheok Lam,Lai,Cheok Lam Lai,"Lai, Cheok Lam",cheok lai lam,https://www.imo-official.org/results/individual/country/MAC/
Macau,MAC,Wai Neng,Lai,Wai Neng Lai,"Lai, Wai Neng",lai neng wai,https://www.imo-official.org/results/individual/country/MAC/
Macau,MAC,Chi Tou,Lam,Chi Tou Lam,"Lam, Chi Tou",chi lam tou,https://www.imo-official.org/results/individual/country/MAC/
Macau,MAC,Chi Wai,Lam,Chi Wai Lam,"Lam, Chi Wai",chi lam wai,https://www.imo-official.org/results/individual/country/MAC/
Macau,MAC,Lai Teng,Lam,Lai Teng Lam,"Lam, Lai Teng",lai lam teng,https://www.imo-official.org/results/individual/country/MAC/
Macau,MAC,Chi Hou,Lao,Chi Hou Lao,"Lao, Chi Hou",chi hou lao,https://www.imo-official.org/results/individual/country/MAC/
Macau,MAC,Chi Pang,Lao,Chi Pang Lao,"Lao, Chi Pang",chi lao pang,https://www.imo-official.org/results/individual/country/MAC/
Macau,MAC,Kin Nam,Lao,Kin Nam Lao,"Lao, Kin Nam",kin lao nam,https://www.imo-official.org/results/individual/country/MAC/
Macau,MAC,Un,Lao,Un Lao,"Lao, Un",lao un,https://www.imo-official.org/results/individual/country/MAC/
Macau,MAC,Chi Fong,Lei,Chi Fong Lei,"Lei, Chi Fong",chi fong lei,https://www.imo-official.org/results/individual/country/MAC/
Macau,MAC,Chi In,Lei,Chi In Lei,"Lei, Chi In",chi in lei,https://www.imo-official.org/results/individual/country/MAC/
Macau,MAC,Chi Man,Lei,Chi Man Lei,"Lei, Chi Man",chi lei man,https://www.imo-official.org/results/individual/country/MAC/
Macau,MAC,Chon Kit,Lei,Chon Kit Lei,"Lei, Chon Kit",chon kit lei,https://www.imo-official.org/results/individual/country/MAC/
Macau,MAC,Iat Fong,Lei,Iat Fong Lei,"Lei, Iat Fong",fong iat lei,https://www.imo-official.org/results/individual/country/MAC/
Macau,MAC,Iat Pong,Lei,Iat Pong Lei,"Lei, Iat Pong",iat lei pong,https://www.imo-official.org/results/individual/country/MAC/
Macau,MAC,Ieng Lam,Lei,Ieng Lam Lei,"Lei, Ieng Lam",ieng lam lei,https://www.imo-official.org/results/individual/country/MAC/
Macau,MAC,Man Wai,Lei,Man Wai Lei,"Lei, Man Wai",lei man wai,https://www.imo-official.org/results/individual/country/MAC/
Macau,MAC,Tan,Lei,Tan Lei,"Lei, Tan",lei tan,https://www.imo-official.org/results/individual/country/MAC/
Macau,MAC,Cheng Long,Leong,Cheng Long Leong,"Leong, Cheng Long",cheng leong long,https://www.imo-official.org/results/individual/country/MAC/
Macau,MAC,Hei Chit,Leong,Hei Chit Leong,"Leong, Hei Chit",chit hei leong,https://www.imo-official.org/results/individual/country/MAC/
Macau,MAC,Kan Chun,Leong,Kan Chun Leong,"Leong, Kan Chun",chun kan leong,https://www.imo-official.org/results/individual/country/MAC/
Macau,MAC,Kuong Hang,Leong,Kuong Hang Leong,"Leong, Kuong Hang",hang kuong leong,https://www.imo-official.org/results/individual/country/MAC/
Macau,MAC,Meng Kuan,Leong,Meng Kuan Leong,"Leong, Meng Kuan",kuan leong meng,https://www.imo-official.org/results/individual/country/MAC/
Macau,MAC,Hoi Wan,Li,Hoi Wan Li,"Li, Hoi Wan",hoi li wan,https://www.imo-official.org/results/individual/country/MAC/
Macau,MAC,Zhuocheng,Li,Zhuocheng Li,"Li, Zhuocheng",li zhuocheng,https://www.imo-official.org/results/individual/country/MAC/
Macau,MAC,Jia Hao,Liang,Jia Hao Liang,"Liang, Jia Hao",hao jia liang,https://www.imo-official.org/results/individual/country/MAC/
Macau,MAC,Ka Shing,Liang,Ka Shing Liang,"Liang, Ka Shing",ka liang shing,https://www.imo-official.org/results/individual/country/MAC/
Macau,MAC,Siyang,Lin,Siyang Lin,"Lin, Siyang",lin siyang,https://www.imo-official.org/results/individual/country/MAC/
Macau,MAC,Wang Iok,Lin,Wang Iok Lin,"Lin, Wang Iok",iok lin wang,https://www.imo-official.org/results/individual/country/MAC/
Macau,MAC,Chon Long,Lio,Chon Long Lio,"Lio, Chon Long",chon lio long,https://www.imo-official.org/results/individual/country/MAC/
Macau,MAC,Ieng Wai,Lio,Ieng Wai Lio,"Lio, Ieng Wai",ieng lio wai,https://www.imo-official.org/results/individual/country/MAC/
Macau,MAC,Man Fong,Lio,Man Fong Lio,"Lio, Man Fong",fong lio man,https://www.imo-official.org/results/individual/country/MAC/
Macau,MAC,Jia De,Liu,Jia De Liu,"Liu, Jia De",de jia liu,https://www.imo-official.org/results/individual/country/MAC/
Macau,MAC,Chao Keong,Lo,Chao Keong Lo,"Lo, Chao Keong",chao keong lo,https://www.imo-official.org/results/individual/country/MAC/
Macau,MAC,Loi,Long Chio,Loi Long Chio,"Long Chio, Loi",chio loi long,https://www.imo-official.org/results/individual/country/MAC/
Macau,MAC,Chon Hei,Mak,Chon Hei Mak,"Mak, Chon Hei",chon hei mak,https://www.imo-official.org/results/individual/country/MAC/
Macau,MAC,Kuan Kun,Mak,Kuan Kun Mak,"Mak, Kuan Kun",kuan kun mak,https://www.imo-official.org/results/individual/country/MAC/
Macau,MAC,Tat Io,Mak,Tat Io Mak,"Mak, Tat Io",io mak tat,https://www.imo-official.org/results/individual/country/MAC/
Macau,MAC,Tak,Mao U,Tak Mao U,"Mao U, Tak",mao tak u,https://www.imo-official.org/results/individual/country/MAC/
Macau,MAC,Kuok,Meng Lam,Kuok Meng Lam,"Meng Lam, Kuok",kuok lam meng,https://www.imo-official.org/results/individual/country/MAC/
Macau,MAC,Chan Fai,Mio,Chan Fai Mio,"Mio, Chan Fai",chan fai mio,https://www.imo-official.org/results/individual/country/MAC/
Macau,MAC,Chon Fong,Ng,Chon Fong Ng,"Ng, Chon Fong",chon fong ng,https://www.imo-official.org/results/individual/country/MAC/
Macau,MAC,Ka Chon,Ng,Ka Chon Ng,"Ng, Ka Chon",chon ka ng,https://www.imo-official.org/results/individual/country/MAC/
Macau,MAC,Pui Chun,Ng,Pui Chun Ng,"Ng, Pui Chun",chun ng pui,https://www.imo-official.org/results/individual/country/MAC/
Macau,MAC,Tin Lam,Ng,Tin Lam Ng,"Ng, Tin Lam",lam ng tin,https://www.imo-official.org/results/individual/country/MAC/
Macau,MAC,Ho Ieng,Ngai,Ho Ieng Ngai,"Ngai, Ho Ieng",ho ieng ngai,https://www.imo-official.org/results/individual/country/MAC/
Macau,MAC,Kuan Kio,Ngai,Kuan Kio Ngai,"Ngai, Kuan Kio",kio kuan ngai,https://www.imo-official.org/results/individual/country/MAC/
Macau,MAC,Weng,On Ip,Weng On Ip,"On Ip, Weng",ip on weng,https://www.imo-official.org/results/individual/country/MAC/
Macau,MAC,Lai,Peng Wong,Lai Peng Wong,"Peng Wong, Lai",lai peng wong,https://www.imo-official.org/results/individual/country/MAC/
Macau,MAC,Edite Manuela Peixoto,Pereira,Edite Manuela Peixoto Pereira,"Pereira, Edite Manuela Peixoto",edite manuela peixoto pereira,https://www.imo-official.org/results/individual/country/MAC/
Macau,MAC,Lai Fan,Pun,Lai Fan Pun,"Pun, Lai Fan",fan lai pun,https://www.imo-official.org/results/individual/country/MAC/
Macau,MAC,Shuhe,Shen,Shuhe Shen,"Shen, Shuhe",shen shuhe,https://www.imo-official.org/results/individual/country/MAC/
Macau,MAC,Tak,Shing Wong,Tak Shing Wong,"Shing Wong, Tak",shing tak wong,https://www.imo-official.org/results/individual/country/MAC/
Macau,MAC,Hou Leong,Sio,Hou Leong Sio,"Sio, Hou Leong",hou leong sio,https://www.imo-official.org/results/individual/country/MAC/
Macau,MAC,Weng Tai,Sio,Weng Tai Sio,"Sio, Weng Tai",sio tai weng,https://www.imo-official.org/results/individual/country/MAC/
Macau,MAC,Ka Io,Sit,Ka Io Sit,"Sit, Ka Io",io ka sit,https://www.imo-official.org/results/individual/country/MAC/
Macau,MAC,Sok Fong,Song,Sok Fong Song,"Song, Sok Fong",fong sok song,https://www.imo-official.org/results/individual/country/MAC/
Macau,MAC,Man Fai,Sou,Man Fai Sou,"Sou, Man Fai",fai man sou,https://www.imo-official.org/results/individual/country/MAC/
Macau,MAC,Man Fal,Sou,Man Fal Sou,"Sou, Man Fal",fal man sou,https://www.imo-official.org/results/individual/country/MAC/
Macau,MAC,Wai Kei,Sou,Wai Kei Sou,"Sou, Wai Kei",kei sou wai,https://www.imo-official.org/results/individual/country/MAC/
Macau,MAC,Weng Seng,Sou,Weng Seng Sou,"Sou, Weng Seng",seng sou weng,https://www.imo-official.org/results/individual/country/MAC/
Macau,MAC,Hou,Tam,Hou Tam,"Tam, Hou",hou tam,https://www.imo-official.org/results/individual/country/MAC/
Macau,MAC,Wai Hong,Tam,Wai Hong Tam,"Tam, Wai Hong",hong tam wai,https://www.imo-official.org/results/individual/country/MAC/
Macau,MAC,Chi Chon,Tang,Chi Chon Tang,"Tang, Chi Chon",chi chon tang,https://www.imo-official.org/results/individual/country/MAC/
Macau,MAC,Cho Hou,Tang,Cho Hou Tang,"Tang, Cho Hou",cho hou tang,https://www.imo-official.org/results/individual/country/MAC/
Macau,MAC,Pui Un,Tang,Pui Un Tang,"Tang, Pui Un",pui tang un,https://www.imo-official.org/results/individual/country/MAC/
Macau,MAC,Sin Fan,Tang,Sin Fan Tang,"Tang, Sin Fan",fan sin tang,https://www.imo-official.org/results/individual/country/MAC/
Macau,MAC,Chou,Tat Hoi,Chou Tat Hoi,"Tat Hoi, Chou",chou hoi tat,https://www.imo-official.org/results/individual/country/MAC/
Macau,MAC,Keng Hang,Tong,Keng Hang Tong,"Tong, Keng Hang",hang keng tong,https://www.imo-official.org/results/individual/country/MAC/
Macau,MAC,Kin Wai,Tong,Kin Wai Tong,"Tong, Kin Wai",kin tong wai,https://www.imo-official.org/results/individual/country/MAC/
Macau,MAC,Kai Man,U,Kai Man U,"U, Kai Man",kai man u,https://www.imo-official.org/results/individual/country/MAC/
Macau,MAC,Kuok Wai,U,Kuok Wai U,"U, Kuok Wai",kuok u wai,https://www.imo-official.org/results/individual/country/MAC/
Macau,MAC,Chong Un,Un,Chong Un Un,"Un, Chong Un",chong un un,https://www.imo-official.org/results/individual/country/MAC/
Macau,MAC,Ka Fai,Un,Ka Fai Un,"Un, Ka Fai",fai ka un,https://www.imo-official.org/results/individual/country/MAC/
Macau,MAC,Chon,Wan,Chon Wan,"Wan, Chon",chon wan,https://www.imo-official.org/results/individual/country/MAC/
Macau,MAC,Antonio,Wong,Antonio Wong,"Wong, Antonio",antonio wong,https://www.imo-official.org/results/individual/country/MAC/
Macau,MAC,Chi Choi,Wong,Chi Choi Wong,"Wong, Chi Choi",chi choi wong,https://www.imo-official.org/results/individual/country/MAC/
Macau,MAC,Chi Ian,Wong,Chi Ian Wong,"Wong, Chi Ian",chi ian wong,https://www.imo-official.org/results/individual/country/MAC/
Macau,MAC,Chon Kit,Wong,Chon Kit Wong,"Wong, Chon Kit",chon kit wong,https://www.imo-official.org/results/individual/country/MAC/
Macau,MAC,Leong Kit,Wong,Leong Kit Wong,"Wong, Leong Kit",kit leong wong,https://www.imo-official.org/results/individual/country/MAC/
Macau,MAC,Pang Leong,Wong,Pang Leong Wong,"Wong, Pang Leong",leong pang wong,https://www.imo-official.org/results/individual/country/MAC/
Macau,MAC,Chon Meng,Wu,Chon Meng Wu,"Wu, Chon Meng",chon meng wu,https://www.imo-official.org/results/individual/country/MAC/
Macau,MAC,Hoi,Xu,Hoi Xu,"Xu, Hoi",hoi xu,https://www.imo-official.org/results/individual/country/MAC/
Macau,MAC,Chon Hou,Ye,Chon Hou Ye,"Ye, Chon Hou",chon hou ye,https://www.imo-official.org/results/individual/country/MAC/
Macau,MAC,Ka Veng,Yuen,Ka Veng Yuen,"Yuen, Ka Veng",ka veng yuen,https://www.imo-official.org/results/individual/country/MAC/
Malaysia,MAS,Muhamad Aliff Fuad,Abdul Kudus,Muhamad Aliff Fuad Abdul Kudus,"Abdul Kudus, Muhamad Aliff Fuad",abdul aliff fuad kudus muhamad,https://www.imo-official.org/results/individual/country/MAS/
Malaysia,MAS,Ahmad Safwan,Ahmad Kamal Hayati,Ahmad Safwan Ahmad Kamal Hayati,"Ahmad Kamal Hayati, Ahmad Safwan",ahmad ahmad hayati kamal safwan,https://www.imo-official.org/results/individual/country/MAS/
Malaysia,MAS,Muhamad,Amir Bin Mohd Fadzil,Muhamad Amir Bin Mohd Fadzil,"Amir Bin Mohd Fadzil, Muhamad",amir bin fadzil mohd muhamad,https://www.imo-official.org/results/individual/country/MAS/
Malaysia,MAS,Mohd,Arif Mohd Sharif,Mohd Arif Mohd Sharif,"Arif Mohd Sharif, Mohd",arif mohd mohd sharif,https://www.imo-official.org/results/individual/country/MAS/
Malaysia,MAS,Asmara,Asmadi B. Aris,Asmara Asmadi B. Aris,"Asmadi B. Aris, Asmara",aris asmadi asmara b,https://www.imo-official.org/results/individual/country/MAS/
Malaysia,MAS,Yin Kheng,Au,Yin Kheng Au,"Au, Yin Kheng",au kheng yin,https://www.imo-official.org/results/individual/country/MAS/
Malaysia,MAS,Zulkifli,Aziz,Zulkifli Aziz,"Aziz, Zulkifli",aziz zulkifli,https://www.imo-official.org/results/individual/country/MAS/
Malaysia,MAS,Muhammad-Ikhwan,Azla,Muhammad-Ikhwan Azla,"Azla, Muhammad-Ikhwan",azla ikhwan muhammad,https://www.imo-official.org/results/individual/country/MAS/
Malaysia,MAS,Ahmad Nurfaris,Baderulnizam,Ahmad Nurfaris Baderulnizam,"Baderulnizam, Ahmad Nurfaris",ahmad baderulnizam nurfaris,https://www.imo-official.org/results/individual/country/MAS/
Malaysia,MAS,Nuraini,Binti Ibrahim,Nuraini Binti Ibrahim,"Binti Ibrahim, Nuraini",binti ibrahim nuraini,https://www.imo-official.org/results/individual/country/MAS/
Malaysia,MAS,Yi Di,Boon,Yi Di Boon,"Boon, Yi Di",boon di yi,https://www.imo-official.org/results/individual/country/MAS/
Malaysia,MAS,Ivan,Chan Guan Yu,Ivan Chan Guan Yu,"Chan Guan Yu, Ivan",chan guan ivan yu,https://www.imo-official.org/results/individual/country/MAS/
Malaysia,MAS,Ivan,Chan Kai Chin,Ivan Chan Kai Chin,"Chan Kai Chin, Ivan",chan chin ivan kai,https://www.imo-official.org/results/individual/country/MAS/
Malaysia,MAS,Chan,Chia Khow,Chan Chia Khow,"Chia Khow, Chan",chan chia khow,https://www.imo-official.org/results/individual/country/MAS/
Malaysia,MAS,Liew,Chien Hao,Liew Chien Hao,"Chien Hao, Liew",chien hao liew,https://www.imo-official.org/results/individual/country/MAS/
Malaysia,MAS,Weng,Choh Cheong,Weng Choh Cheong,"Choh Cheong, Weng",cheong choh weng,https://www.imo-official.org/results/individual/country/MAS/
Malaysia,MAS,Brandon,Choo Sze How,Brandon Choo Sze How,"Choo Sze How, Brandon",brandon choo how sze,https://www.imo-official.org/results/individual/country/MAS/
Malaysia,MAS,Jia Herng,Chuah,Jia Herng Chuah,"Chuah, Jia Herng",chuah herng jia,https://www.imo-official.org/results/individual/country/MAS/
Malaysia,MAS,Wei Jian,Chuah,Wei Jian Chuah,"Chuah, Wei Jian",chuah jian wei,https://www.imo-official.org/results/individual/country/MAS/
Malaysia,MAS,Fwu Huey,Eng,Fwu Huey Eng,"Eng, Fwu Huey",eng fwu huey,https://www.imo-official.org/results/individual/country/MAS/
Malaysia,MAS,Mohamad Farzan Mohamad,Fadhlillah,Mohamad Farzan Mohamad Fadhlillah,"Fadhlillah, Mohamad Farzan Mohamad",fadhlillah farzan mohamad mohamad,https://www.imo-official.org/results/individual/country/MAS/
Malaysia,MAS,Ahmad,Faiz Ahmad Pauzi,Ahmad Faiz Ahmad Pauzi,"Faiz Ahmad Pauzi, Ahmad",ahmad ahmad faiz pauzi,https://www.imo-official.org/results/individual/country/MAS/
Malaysia,MAS,Sean,Gee Zhing,Sean Gee Zhing,"Gee Zhing, Sean",gee sean zhing,https://www.imo-official.org/results/individual/country/MAS/
Malaysia,MAS,Wei Jie,Goh,Wei Jie Goh,"Goh, Wei Jie",goh jie wei,https://www.imo-official.org/results/individual/country/MAS/
Malaysia,MAS,Ivan Chan,Guan Yu,Ivan Chan Guan Yu,"Guan Yu, Ivan Chan",chan guan ivan yu,https://www.imo-official.org/results/individual/country/MAS/
Malaysia,MAS,Chern,Han Lim,Chern Han Lim,"Han Lim, Chern",chern han lim,https://www.imo-official.org/results/individual/country/MAS/
Malaysia,MAS,Janson,Ho,Janson Ho,"Ho, Janson",ho janson,https://www.imo-official.org/results/individual/country/MAS/
Malaysia,MAS,Vee,Hua Zhi,Vee Hua Zhi,"Hua Zhi, Vee",hua vee zhi,https://www.imo-official.org/results/individual/country/MAS/
Malaysia,MAS,Wan Hussein,Husswan Hadi,Wan Hussein Husswan Hadi,"Husswan Hadi, Wan Hussein",hadi hussein husswan wan,https://www.imo-official.org/results/individual/country/MAS/
Malaysia,MAS,Hulwan Afif,Idris,Hulwan Afif Idris,"Idris, Hulwan Afif",afif hulwan idris,https://www.imo-official.org/results/individual/country/MAS/
Malaysia,MAS,Muhammad,Ilyas Mohd Ramdzan,Muhammad Ilyas Mohd Ramdzan,"Ilyas Mohd Ramdzan, Muhammad",ilyas mohd muhammad ramdzan,https://www.imo-official.org/results/individual/country/MAS/
Malaysia,MAS,Ahmad-Fahmi,Ismail,Ahmad-Fahmi Ismail,"Ismail, Ahmad-Fahmi",ahmad fahmi ismail,https://www.imo-official.org/results/individual/country/MAS/
Malaysia,MAS,Ho,Janson,Ho Janson,"Janson, Ho",ho janson,https://www.imo-official.org/results/individual/country/MAS/
Malaysia,MAS,Wong,Jer Ren,Wong Jer Ren,"Jer Ren, Wong",jer ren wong,https://www.imo-official.org/results/individual/country/MAS/
Malaysia,MAS,Japheth,Jianwen Lim,Japheth Jianwen Lim,"Jianwen Lim, Japheth",japheth jianwen lim,https://www.imo-official.org/results/individual/country/MAS/
Malaysia,MAS,Muhammad Syafiq,Johar,Muhammad Syafiq Johar,"Johar, Muhammad Syafiq",johar muhammad syafiq,https://www.imo-official.org/results/individual/country/MAS/
Malaysia,MAS,Yow,Kah Lun,Yow Kah Lun,"Kah Lun, Yow",kah lun yow,https://www.imo-official.org/results/individual/country/MAS/
Malaysia,MAS,Joshua Lim,Kai Tsen,Joshua Lim Kai Tsen,"Kai Tsen, Joshua Lim",joshua kai lim tsen,https://www.imo-official.org/results/individual/country/MAS/
Malaysia,MAS,Justin Lim,Kai Ze,Justin Lim Kai Ze,"Kai Ze, Justin Lim",justin kai lim ze,https://www.imo-official.org/results/individual/country/MAS/
Malaysia,MAS,Muhammad Aqil,Kamarudin,Muhammad Aqil Kamarudin,"Kamarudin, Muhammad Aqil",aqil kamarudin muhammad,https://www.imo-official.org/results/individual/country/MAS/
Malaysia,MAS,Daryl Lee,Ker Ru,Daryl Lee Ker Ru,"Ker Ru, Daryl Lee",daryl ker lee ru,https://www.imo-official.org/results/individual/country/MAS/
Malaysia,MAS,Zi-Jian,Khor,Zi-Jian Khor,"Khor, Zi-Jian",jian khor zi,https://www.imo-official.org/results/individual/country/MAS/
Malaysia,MAS,Tan,Kin Aun,Tan Kin Aun,"Kin Aun, Tan",aun kin tan,https://www.imo-official.org/results/individual/country/MAS/
Malaysia,MAS,Ern,Kok,Ern Kok,"Kok, Ern",ern kok,https://www.imo-official.org/results/individual/country/MAS/
Malaysia,MAS,Yen-Hau,Kok,Yen-Hau Kok,"Kok, Yen-Hau",hau kok yen,https://www.imo-official.org/results/individual/country/MAS/
Malaysia,MAS,Loh,Kwong Weng,Loh Kwong Weng,"Kwong Weng, Loh",kwong loh weng,https://www.imo-official.org/results/individual/country/MAS/
Malaysia,MAS,Tan,Li Xuan,Tan Li Xuan,"Li Xuan, Tan",li tan xuan,https://www.imo-official.org/results/individual/country/MAS/
Malaysia,MAS,Hun Hui,Liew,Hun Hui Liew,"Liew, Hun Hui",hui hun liew,https://www.imo-official.org/results/individual/country/MAS/
Malaysia,MAS,Kwong Weng,Loh,Kwong Weng Loh,"Loh, Kwong Weng",kwong loh weng,https://www.imo-official.org/results/individual/country/MAS/
Malaysia,MAS,Leia Mayssa,Masyerin,Leia Mayssa Masyerin,"Masyerin, Leia Mayssa",leia masyerin mayssa,https://www.imo-official.org/results/individual/country/MAS/
Malaysia,MAS,Tan,Min Heng,Tan Min Heng,"Min Heng, Tan",heng min tan,https://www.imo-official.org/results/individual/country/MAS/
Malaysia,MAS,Chia,Ming Han,Chia Ming Han,"Ming Han, Chia",chia han ming,https://www.imo-official.org/results/individual/country/MAS/
Malaysia,MAS,Muhammad Hafizudeen,Mohamad Saman,Muhammad Hafizudeen Mohamad Saman,"Mohamad Saman, Muhammad Hafizudeen",hafizudeen mohamad muhammad saman,https://www.imo-official.org/results/individual/country/MAS/
Malaysia,MAS,Aamierul Harith Helmi,Mohd Talhar Sulaiman,Aamierul Harith Helmi Mohd Talhar Sulaiman,"Mohd Talhar Sulaiman, Aamierul Harith Helmi",aamierul harith helmi mohd sulaiman talhar,https://www.imo-official.org/results/individual/country/MAS/
Malaysia,MAS,Zanial,Muhammad Saifuddin,Zanial Muhammad Saifuddin,"Muhammad Saifuddin, Zanial",muhammad saifuddin zanial,https://www.imo-official.org/results/individual/country/MAS/
Malaysia,MAS,Maerzad Mohamad,Nazmi,Maerzad Mohamad Nazmi,"Nazmi, Maerzad Mohamad",maerzad mohamad nazmi,https://www.imo-official.org/results/individual/country/MAS/
Malaysia,MAS,Set Foong,Ng,Set Foong Ng,"Ng, Set Foong",foong ng set,https://www.imo-official.org/results/individual/country/MAS/
Malaysia,MAS,Muhammad Afiq,Noorman,Muhammad Afiq Noorman,"Noorman, Muhammad Afiq",afiq muhammad noorman,https://www.imo-official.org/results/individual/country/MAS/
Malaysia,MAS,Nur Fitri Azmeer,Nordin,Nur Fitri Azmeer Nordin,"Nordin, Nur Fitri Azmeer",azmeer fitri nordin nur,https://www.imo-official.org/results/individual/country/MAS/
Malaysia,MAS,Darren Chung Lee,Ong,Darren Chung Lee Ong,"Ong, Darren Chung Lee",chung darren lee ong,https://www.imo-official.org/results/individual/country/MAS/
Malaysia,MAS,Jonathan,Ramachandran,Jonathan Ramachandran,"Ramachandran, Jonathan",jonathan ramachandran,https://www.imo-official.org/results/individual/country/MAS/
Malaysia,MAS,Mohd. Suhaimi,Ramly,Mohd. Suhaimi Ramly,"Ramly, Mohd. Suhaimi",mohd ramly suhaimi,https://www.imo-official.org/results/individual/country/MAS/
Malaysia,MAS,Daryl Lee Ker,Ru,Daryl Lee Ker Ru,"Ru, Daryl Lee Ker",daryl ker lee ru,https://www.imo-official.org/results/individual/country/MAS/
Malaysia,MAS,Tan,Rui Xuen,Tan Rui Xuen,"Rui Xuen, Tan",rui tan xuen,https://www.imo-official.org/results/individual/country/MAS/
Malaysia,MAS,Hanissa,Shamsuddin,Hanissa Shamsuddin,"Shamsuddin, Hanissa",hanissa shamsuddin,https://www.imo-official.org/results/individual/country/MAS/
Malaysia,MAS,Wee,Shen Teo,Wee Shen Teo,"Shen Teo, Wee",shen teo wee,https://www.imo-official.org/results/individual/country/MAS/
Malaysia,MAS,Ong,Shien Jin,Ong Shien Jin,"Shien Jin, Ong",jin ong shien,https://www.imo-official.org/results/individual/country/MAS/
Malaysia,MAS,How,Si Wei,How Si Wei,"Si Wei, How",how si wei,https://www.imo-official.org/results/individual/country/MAS/
Malaysia,MAS,How,Si Yu,How Si Yu,"Si Yu, How",how si yu,https://www.imo-official.org/results/individual/country/MAS/
Malaysia,MAS,Yu-Sheng,Soon,Yu-Sheng Soon,"Soon, Yu-Sheng",sheng soon yu,https://www.imo-official.org/results/individual/country/MAS/
Malaysia,MAS,Liew,Sze Kheong,Liew Sze Kheong,"Sze Kheong, Liew",kheong liew sze,https://www.imo-official.org/results/individual/country/MAS/
Malaysia,MAS,Mozaid,Tajuddin,Mozaid Tajuddin,"Tajuddin, Mozaid",mozaid tajuddin,https://www.imo-official.org/results/individual/country/MAS/
Malaysia,MAS,Jonathan Ming Yu,Tan,Jonathan Ming Yu Tan,"Tan, Jonathan Ming Yu",jonathan ming tan yu,https://www.imo-official.org/results/individual/country/MAS/
Malaysia,MAS,Min Heng,Tan,Min Heng Tan,"Tan, Min Heng",heng min tan,https://www.imo-official.org/results/individual/country/MAS/
Malaysia,MAS,Ta-Sheng,Tan,Ta-Sheng Tan,"Tan, Ta-Sheng",sheng ta tan,https://www.imo-official.org/results/individual/country/MAS/
Malaysia,MAS,Ian George,Taye Cheng Ean,Ian George Taye Cheng Ean,"Taye Cheng Ean, Ian George",cheng ean george ian taye,https://www.imo-official.org/results/individual/country/MAS/
Malaysia,MAS,Cheong,Tee Jin,Cheong Tee Jin,"Tee Jin, Cheong",cheong jin tee,https://www.imo-official.org/results/individual/country/MAS/
Malaysia,MAS,Chaang Tze Shen,Tristan,Chaang Tze Shen Tristan,"Tristan, Chaang Tze Shen",chaang shen tristan tze,https://www.imo-official.org/results/individual/country/MAS/
Malaysia,MAS,Chaang,Tze Shen Tristan,Chaang Tze Shen Tristan,"Tze Shen Tristan, Chaang",chaang shen tristan tze,https://www.imo-official.org/results/individual/country/MAS/
Malaysia,MAS,Liew,Voon Yen,Liew Voon Yen,"Voon Yen, Liew",liew voon yen,https://www.imo-official.org/results/individual/country/MAS/
Malaysia,MAS,Goh,Wei Jie,Goh Wei Jie,"Wei Jie, Goh",goh jie wei,https://www.imo-official.org/results/individual/country/MAS/
Malaysia,MAS,Theam,Wing Chun,Theam Wing Chun,"Wing Chun, Theam",chun theam wing,https://www.imo-official.org/results/individual/country/MAS/
Malaysia,MAS,Jer Ren,Wong,Jer Ren Wong,"Wong, Jer Ren",jer ren wong,https://www.imo-official.org/results/individual/country/MAS/
Malaysia,MAS,Foong,Yake Ho,Foong Yake Ho,"Yake Ho, Foong",foong ho yake,https://www.imo-official.org/results/individual/country/MAS/
Malaysia,MAS,Kok,Yen Hau,Kok Yen Hau,"Yen Hau, Kok",hau kok yen,https://www.imo-official.org/results/individual/country/MAS/
Malaysia,MAS,Yi Shuen,Yeoh,Yi Shuen Yeoh,"Yeoh, Yi Shuen",shuen yeoh yi,https://www.imo-official.org/results/individual/country/MAS/
Malaysia,MAS,Chang Yang,Yew,Chang Yang Yew,"Yew, Chang Yang",chang yang yew,https://www.imo-official.org/results/individual/country/MAS/
Malaysia,MAS,Khong,Yi Kye,Khong Yi Kye,"Yi Kye, Khong",khong kye yi,https://www.imo-official.org/results/individual/country/MAS/
Malaysia,MAS,Yeoh,Yi Shuen,Yeoh Yi Shuen,"Yi Shuen, Yeoh",shuen yeoh yi,https://www.imo-official.org/results/individual/country/MAS/
Malaysia,MAS,Saw,Yihui,Saw Yihui,"Yihui, Saw",saw yihui,https://www.imo-official.org/results/individual/country/MAS/
Malaysia,MAS,Tham,Ying Hong,Tham Ying Hong,"Ying Hong, Tham",hong tham ying,https://www.imo-official.org/results/individual/country/MAS/
Malaysia,MAS,Cheng,You Seng,Cheng You Seng,"You Seng, Cheng",cheng seng you,https://www.imo-official.org/results/individual/country/MAS/
Malaysia,MAS,Jasmine,Yow,Jasmine Yow,"Yow, Jasmine",jasmine yow,https://www.imo-official.org/results/individual/country/MAS/
Malaysia,MAS,Lim,Yu Wei,Lim Yu Wei,"Yu Wei, Lim",lim wei yu,https://www.imo-official.org/results/individual/country/MAS/
Malaysia,MAS,M. Saifuddin,Zanial,M. Saifuddin Zanial,"Zanial, M. Saifuddin",m saifuddin zanial,https://www.imo-official.org/results/individual/country/MAS/
Malaysia,MAS,Anzo Teh,Zhao Yang,Anzo Teh Zhao Yang,"Zhao Yang, Anzo Teh",anzo teh yang zhao,https://www.imo-official.org/results/individual/country/MAS/
Malaysia,MAS,Loke,Zhi Kin,Loke Zhi Kin,"Zhi Kin, Loke",kin loke zhi,https://www.imo-official.org/results/individual/country/MAS/
Malaysia,MAS,Wan,Zhiyang,Wan Zhiyang,"Zhiyang, Wan",wan zhiyang,https://www.imo-official.org/results/individual/country/MAS/
Malaysia,MAS,Yeoh,Zi Song,Yeoh Zi Song,"Zi Song, Yeoh",song yeoh zi,https://www.imo-official.org/results/individual/country/MAS/
Malaysia,MAS,Muhammad Faiz,Zulbadli,Muhammad Faiz Zulbadli,"Zulbadli, Muhammad Faiz",faiz muhammad zulbadli,https://www.imo-official.org/results/individual/country/MAS/
Malaysia,MAS,Shazryl Shafyz,Zulrushdi,Shazryl Shafyz Zulrushdi,"Zulrushdi, Shazryl Shafyz",shafyz shazryl zulrushdi,https://www.imo-official.org/results/individual/country/MAS/
Mexico,MEX,Bernardo Manuel,Abrego Lerma,Bernardo Manuel Abrego Lerma,"Abrego Lerma, Bernardo Manuel",abrego bernardo lerma manuel,https://www.imo-official.org/results/individual/country/MEX/
Mexico,MEX,Edgar Raúl,Acosta Villaseñor,Edgar Raúl Acosta Villaseñor,"Acosta Villaseñor, Edgar Raúl",acosta edgar raul villasenor,https://www.imo-official.org/results/individual/country/MEX/
Mexico,MEX,Julio César,Aguilar Cabrera,Julio César Aguilar Cabrera,"Aguilar Cabrera, Julio César",aguilar cabrera cesar julio,https://www.imo-official.org/results/individual/country/MEX/
Mexico,MEX,Juan Antonio,Aguilera Mendoza,Juan Antonio Aguilera Mendoza,"Aguilera Mendoza, Juan Antonio",aguilera antonio juan mendoza,https://www.imo-official.org/results/individual/country/MEX/
Mexico,MEX,Ernesto,Alarcón Zaldo,Ernesto Alarcón Zaldo,"Alarcón Zaldo, Ernesto",alarcon ernesto zaldo,https://www.imo-official.org/results/individual/country/MEX/
Mexico,MEX,Víctor Hugo,Almendra Hernández,Víctor Hugo Almendra Hernández,"Almendra Hernández, Víctor Hugo",almendra hernandez hugo victor,https://www.imo-official.org/results/individual/country/MEX/
Mexico,MEX,Patricio Tlacaélel,Alva Pufleau,Patricio Tlacaélel Alva Pufleau,"Alva Pufleau, Patricio Tlacaélel",alva patricio pufleau tlacaelel,https://www.imo-official.org/results/individual/country/MEX/
Mexico,MEX,Octavio,Arizmendi Echegaray,Octavio Arizmendi Echegaray,"Arizmendi Echegaray, Octavio",arizmendi echegaray octavio,https://www.imo-official.org/results/individual/country/MEX/
Mexico,MEX,Omar Farid,Astudillo Marbán,Omar Farid Astudillo Marbán,"Astudillo Marbán, Omar Farid",astudillo farid marban omar,https://www.imo-official.org/results/individual/country/MEX/
Mexico,MEX,Sergio,Barajas Félix,Sergio Barajas Félix,"Barajas Félix, Sergio",barajas felix sergio,https://www.imo-official.org/results/individual/country/MEX/
Mexico,MEX,Alan,Barreto Jaime,Alan Barreto Jaime,"Barreto Jaime, Alan",alan barreto jaime,https://www.imo-official.org/results/individual/country/MEX/
Mexico,MEX,Héctor Francisco,Bautista González,Héctor Francisco Bautista González,"Bautista González, Héctor Francisco",bautista francisco gonzalez hector,https://www.imo-official.org/results/individual/country/MEX/
Mexico,MEX,Georges,Belanger Albarrán,Georges Belanger Albarrán,"Belanger Albarrán, Georges",albarran belanger georges,https://www.imo-official.org/results/individual/country/MEX/
Mexico,MEX,Victor Manuel,Bernal Ramírez,Victor Manuel Bernal Ramírez,"Bernal Ramírez, Victor Manuel",bernal manuel ramirez victor,https://www.imo-official.org/results/individual/country/MEX/
Mexico,MEX,Kevin William,Beuchot Castellanos,Kevin William Beuchot Castellanos,"Beuchot Castellanos, Kevin William",beuchot castellanos kevin william,https://www.imo-official.org/results/individual/country/MEX/
Mexico,MEX,César,Bibiano Velasco,César Bibiano Velasco,"Bibiano Velasco, César",bibiano cesar velasco,https://www.imo-official.org/results/individual/country/MEX/
Mexico,MEX,Andrés,Bonilla Suárez,Andrés Bonilla Suárez,"Bonilla Suárez, Andrés",andres bonilla suarez,https://www.imo-official.org/results/individual/country/MEX/
Mexico,MEX,Emmanuel,Buenrostro Briseño,Emmanuel Buenrostro Briseño,"Buenrostro Briseño, Emmanuel",briseno buenrostro emmanuel,https://www.imo-official.org/results/individual/country/MEX/
Mexico,MEX,Isaac,Buenrostro Morales,Isaac Buenrostro Morales,"Buenrostro Morales, Isaac",buenrostro isaac morales,https://www.imo-official.org/results/individual/country/MEX/
Mexico,MEX,Irving Daniel,Calderón Camacho,Irving Daniel Calderón Camacho,"Calderón Camacho, Irving Daniel",calderon camacho daniel irving,https://www.imo-official.org/results/individual/country/MEX/
Mexico,MEX,Omar Antolín,Camarena,Omar Antolín Camarena,"Camarena, Omar Antolín",antolin camarena omar,https://www.imo-official.org/results/individual/country/MEX/
Mexico,MEX,Andrés,Campero Núñez,Andrés Campero Núñez,"Campero Núñez, Andrés",andres campero nunez,https://www.imo-official.org/results/individual/country/MEX/
Mexico,MEX,Fernando,Campos García,Fernando Campos García,"Campos García, Fernando",campos fernando garcia,https://www.imo-official.org/results/individual/country/MEX/
Mexico,MEX,Tomas Francisco,Cantú Rodríguez,Tomas Francisco Cantú Rodríguez,"Cantú Rodríguez, Tomas Francisco",cantu francisco rodriguez tomas,https://www.imo-official.org/results/individual/country/MEX/
Mexico,MEX,Tomás Francisco,Cantú Rodríguez,Tomás Francisco Cantú Rodríguez,"Cantú Rodríguez, Tomás Francisco",cantu francisco rodriguez tomas,https://www.imo-official.org/results/individual/country/MEX/
Mexico,MEX,Javier,Caram Quiros,Javier Caram Quiros,"Caram Quiros, Javier",caram javier quiros,https://www.imo-official.org/results/individual/country/MEX/
Mexico,MEX,Javier,Caram Quirós,Javier Caram Quirós,"Caram Quirós, Javier",caram javier quiros,https://www.imo-official.org/results/individual/country/MEX/
Mexico,MEX,Andrea Sarahí,Cascante Duarte,Andrea Sarahí Cascante Duarte,"Cascante Duarte, Andrea Sarahí",andrea cascante duarte sarahi,https://www.imo-official.org/results/individual/country/MEX/
Mexico,MEX,Jaime Ignacio,Cervantes González,Jaime Ignacio Cervantes González,"Cervantes González, Jaime Ignacio",cervantes gonzalez ignacio jaime,https://www.imo-official.org/results/individual/country/MEX/
Mexico,MEX,Leonardo Mikel,Cervantes Mateos,Leonardo Mikel Cervantes Mateos,"Cervantes Mateos, Leonardo Mikel",cervantes leonardo mateos mikel,https://www.imo-official.org/results/individual/country/MEX/
Mexico,MEX,Enrique,Cetina Canúl,Enrique Cetina Canúl,"Cetina Canúl, Enrique",canul cetina enrique,https://www.imo-official.org/results/individual/country/MEX/
Mexico,MEX,Luis Enrique,Chacon Ochoa,Luis Enrique Chacon Ochoa,"Chacon Ochoa, Luis Enrique",chacon enrique luis ochoa,https://www.imo-official.org/results/individual/country/MEX/
Mexico,MEX,Mauricio Esteban,Chacón Tirado,Mauricio Esteban Chacón Tirado,"Chacón Tirado, Mauricio Esteban",chacon esteban mauricio tirado,https://www.imo-official.org/results/individual/country/MEX/
Mexico,MEX,Enrique,Chiu Han,Enrique Chiu Han,"Chiu Han, Enrique",chiu enrique han,https://www.imo-official.org/results/individual/country/MEX/
Mexico,MEX,Javier Alejandro,Chávez Domínguez,Javier Alejandro Chávez Domínguez,"Chávez Domínguez, Javier Alejandro",alejandro chavez dominguez javier,https://www.imo-official.org/results/individual/country/MEX/
Mexico,MEX,Roberto Debray,Chávez Gándara,Roberto Debray Chávez Gándara,"Chávez Gándara, Roberto Debray",chavez debray gandara roberto,https://www.imo-official.org/results/individual/country/MEX/
Mexico,MEX,Luis,Cruz Romo,Luis Cruz Romo,"Cruz Romo, Luis",cruz luis romo,https://www.imo-official.org/results/individual/country/MEX/
Mexico,MEX,Carlos Ramos,Cuevas,Carlos Ramos Cuevas,"Cuevas, Carlos Ramos",carlos cuevas ramos,https://www.imo-official.org/results/individual/country/MEX/
Mexico,MEX,Luis Alfonso,De la Cruz Color,Luis Alfonso De la Cruz Color,"De la Cruz Color, Luis Alfonso",alfonso color cruz de la luis,https://www.imo-official.org/results/individual/country/MEX/
Mexico,MEX,Juan Ricardo,De la O Flores,Juan Ricardo De la O Flores,"De la O Flores, Juan Ricardo",de flores juan la o ricardo,https://www.imo-official.org/results/individual/country/MEX/
Mexico,MEX,Víctor Antonio,Domínguez Silva,Víctor Antonio Domínguez Silva,"Domínguez Silva, Víctor Antonio",antonio dominguez silva victor,https://www.imo-official.org/results/individual/country/MEX/
Mexico,MEX,Manuel Enrique,Dosal Bustillos,Manuel Enrique Dosal Bustillos,"Dosal Bustillos, Manuel Enrique",bustillos dosal enrique manuel,https://www.imo-official.org/results/individual/country/MEX/
Mexico,MEX,Eduardo,Dueñez Guzmán,Eduardo Dueñez Guzmán,"Dueñez Guzmán, Eduardo",duenez eduardo guzman,https://www.imo-official.org/results/individual/country/MEX/
Mexico,MEX,Edgar,Duéñez Guzmán,Edgar Duéñez Guzmán,"Duéñez Guzmán, Edgar",duenez edgar guzman,https://www.imo-official.org/results/individual/country/MEX/
Mexico,MEX,Julio César,Díaz Calderón,Julio César Díaz Calderón,"Díaz Calderón, Julio César",calderon cesar diaz julio,https://www.imo-official.org/results/individual/country/MEX/
Mexico,MEX,Manuel Alejandro,Espinosa García,Manuel Alejandro Espinosa García,"Espinosa García, Manuel Alejandro",alejandro espinosa garcia manuel,https://www.imo-official.org/results/individual/country/MEX/
Mexico,MEX,Malors Emilio,Espinosa Lara,Malors Emilio Espinosa Lara,"Espinosa Lara, Malors Emilio",emilio espinosa lara malors,https://www.imo-official.org/results/individual/country/MEX/
Mexico,MEX,Samuel,Estala Arias,Samuel Estala Arias,"Estala Arias, Samuel",arias estala samuel,https://www.imo-official.org/results/individual/country/MEX/
Mexico,MEX,Ana Paula,Estrada Vargas,Ana Paula Estrada Vargas,"Estrada Vargas, Ana Paula",ana estrada paula vargas,https://www.imo-official.org/results/individual/country/MEX/
Mexico,MEX,Marco Antonio,Figueroa Ibarra,Marco Antonio Figueroa Ibarra,"Figueroa Ibarra, Marco Antonio",antonio figueroa ibarra marco,https://www.imo-official.org/results/individual/country/MEX/
Mexico,MEX,Héctor Raymundo,Flores Cantú,Héctor Raymundo Flores Cantú,"Flores Cantú, Héctor Raymundo",cantu flores hector raymundo,https://www.imo-official.org/results/individual/country/MEX/
Mexico,MEX,Ciro Filemón,Flores Riviera,Ciro Filemón Flores Riviera,"Flores Riviera, Ciro Filemón",ciro filemon flores riviera,https://www.imo-official.org/results/individual/country/MEX/
Mexico,MEX,José Luis,Flores Silva,José Luis Flores Silva,"Flores Silva, José Luis",flores jose luis silva,https://www.imo-official.org/results/individual/country/MEX/
Mexico,MEX,Erik Alejandro,Gallegos Baños,Erik Alejandro Gallegos Baños,"Gallegos Baños, Erik Alejandro",alejandro banos erik gallegos,https://www.imo-official.org/results/individual/country/MEX/
Mexico,MEX,Héctor Daniel,García Lara,Héctor Daniel García Lara,"García Lara, Héctor Daniel",daniel garcia hector lara,https://www.imo-official.org/results/individual/country/MEX/
Mexico,MEX,Leonardo Ariel,García Morán,Leonardo Ariel García Morán,"García Morán, Leonardo Ariel",ariel garcia leonardo moran,https://www.imo-official.org/results/individual/country/MEX/
Mexico,MEX,Luis Miguel,García Velázquez,Luis Miguel García Velázquez,"García Velázquez, Luis Miguel",garcia luis miguel velazquez,https://www.imo-official.org/results/individual/country/MEX/
Mexico,MEX,Jorge,Garza Vargas,Jorge Garza Vargas,"Garza Vargas, Jorge",garza jorge vargas,https://www.imo-official.org/results/individual/country/MEX/
Mexico,MEX,Jorge Alberto,Godínez García,Jorge Alberto Godínez García,"Godínez García, Jorge Alberto",alberto garcia godinez jorge,https://www.imo-official.org/results/individual/country/MEX/
Mexico,MEX,Jorge Ignacio,González Cázares,Jorge Ignacio González Cázares,"González Cázares, Jorge Ignacio",cazares gonzalez ignacio jorge,https://www.imo-official.org/results/individual/country/MEX/
Mexico,MEX,Iván,González Gallo González,Iván González Gallo González,"González Gallo González, Iván",gallo gonzalez gonzalez ivan,https://www.imo-official.org/results/individual/country/MEX/
Mexico,MEX,Cecilia Isabel,González Tokman,Cecilia Isabel González Tokman,"González Tokman, Cecilia Isabel",cecilia gonzalez isabel tokman,https://www.imo-official.org/results/individual/country/MEX/
Mexico,MEX,David,Guadalupe Torres Flores,David Guadalupe Torres Flores,"Guadalupe Torres Flores, David",david flores guadalupe torres,https://www.imo-official.org/results/individual/country/MEX/
Mexico,MEX,Rogelio,Guerrero Reyes,Rogelio Guerrero Reyes,"Guerrero Reyes, Rogelio",guerrero reyes rogelio,https://www.imo-official.org/results/individual/country/MEX/
Mexico,MEX,Guevara Manuel Ángel,Guevara López,Guevara Manuel Ángel Guevara López,"Guevara López, Guevara Manuel Ángel",angel guevara guevara lopez manuel,https://www.imo-official.org/results/individual/country/MEX/
Mexico,MEX,Bruno,Gutiérrez Chávez,Bruno Gutiérrez Chávez,"Gutiérrez Chávez, Bruno",bruno chavez gutierrez,https://www.imo-official.org/results/individual/country/MEX/
Mexico,MEX,Carlos,Gálvez García,Carlos Gálvez García,"Gálvez García, Carlos",carlos galvez garcia,https://www.imo-official.org/results/individual/country/MEX/
Mexico,MEX,Raúl,Gómez Muñoz,Raúl Gómez Muñoz,"Gómez Muñoz, Raúl",gomez munoz raul,https://www.imo-official.org/results/individual/country/MEX/
Mexico,MEX,Oscar Samuel,Henney Arthur,Oscar Samuel Henney Arthur,"Henney Arthur, Oscar Samuel",arthur henney oscar samuel,https://www.imo-official.org/results/individual/country/MEX/
Mexico,MEX,Emiliano,Hernández Barranco,Emiliano Hernández Barranco,"Hernández Barranco, Emiliano",barranco emiliano hernandez,https://www.imo-official.org/results/individual/country/MEX/
Mexico,MEX,Flavio,Hernández González,Flavio Hernández González,"Hernández González, Flavio",flavio gonzalez hernandez,https://www.imo-official.org/results/individual/country/MEX/
Mexico,MEX,Rodrigo Jesús,Hernández Gutiérrez,Rodrigo Jesús Hernández Gutiérrez,"Hernández Gutiérrez, Rodrigo Jesús",gutierrez hernandez jesus rodrigo,https://www.imo-official.org/results/individual/country/MEX/
Mexico,MEX,Iván Joshua,Hernández Máynez,Iván Joshua Hernández Máynez,"Hernández Máynez, Iván Joshua",hernandez ivan joshua maynez,https://www.imo-official.org/results/individual/country/MEX/
Mexico,MEX,Eric Iván,Hernández Palacios,Eric Iván Hernández Palacios,"Hernández Palacios, Eric Iván",eric hernandez ivan palacios,https://www.imo-official.org/results/individual/country/MEX/
Mexico,MEX,Sigfrido,Hernández Román,Sigfrido Hernández Román,"Hernández Román, Sigfrido",hernandez roman sigfrido,https://www.imo-official.org/results/individual/country/MEX/
Mexico,MEX,Yoalli Mabel,Hidalgo Pontet,Yoalli Mabel Hidalgo Pontet,"Hidalgo Pontet, Yoalli Mabel",hidalgo mabel pontet yoalli,https://www.imo-official.org/results/individual/country/MEX/
Mexico,MEX,Takumi,Higashida Martínez,Takumi Higashida Martínez,"Higashida Martínez, Takumi",higashida martinez takumi,https://www.imo-official.org/results/individual/country/MEX/
Mexico,MEX,Diego,Hinojosa Tellez,Diego Hinojosa Tellez,"Hinojosa Tellez, Diego",diego hinojosa tellez,https://www.imo-official.org/results/individual/country/MEX/
Mexico,MEX,Ana,Illanes Martínez de la Vega,Ana Illanes Martínez de la Vega,"Illanes Martínez de la Vega, Ana",ana de illanes la martinez vega,https://www.imo-official.org/results/individual/country/MEX/
Mexico,MEX,Luis Ángel,Isaías Castellanos,Luis Ángel Isaías Castellanos,"Isaías Castellanos, Luis Ángel",angel castellanos isaias luis,https://www.imo-official.org/results/individual/country/MEX/
Mexico,MEX,Ana Paula,Jiménez Díaz,Ana Paula Jiménez Díaz,"Jiménez Díaz, Ana Paula",ana diaz jimenez paula,https://www.imo-official.org/results/individual/country/MEX/
Mexico,MEX,Juan,Jiménez Ramírez,Juan Jiménez Ramírez,"Jiménez Ramírez, Juan",jimenez juan ramirez,https://www.imo-official.org/results/individual/country/MEX/
Mexico,MEX,Isaac Jair,Jiménez Uribe,Isaac Jair Jiménez Uribe,"Jiménez Uribe, Isaac Jair",isaac jair jimenez uribe,https://www.imo-official.org/results/individual/country/MEX/
Mexico,MEX,Mateo Iván,Latapi Acosta,Mateo Iván Latapi Acosta,"Latapi Acosta, Mateo Iván",acosta ivan latapi mateo,https://www.imo-official.org/results/individual/country/MEX/
Mexico,MEX,Mateo Iván,Latapí Acosta,Mateo Iván Latapí Acosta,"Latapí Acosta, Mateo Iván",acosta ivan latapi mateo,https://www.imo-official.org/results/individual/country/MEX/
Mexico,MEX,Christian,Lelong Imaz,Christian Lelong Imaz,"Lelong Imaz, Christian",christian imaz lelong,https://www.imo-official.org/results/individual/country/MEX/
Mexico,MEX,Felipe,Lemaitre Carabias,Felipe Lemaitre Carabias,"Lemaitre Carabias, Felipe",carabias felipe lemaitre,https://www.imo-official.org/results/individual/country/MEX/
Mexico,MEX,Marcos Ignacio,Leyva Barrita,Marcos Ignacio Leyva Barrita,"Leyva Barrita, Marcos Ignacio",barrita ignacio leyva marcos,https://www.imo-official.org/results/individual/country/MEX/
Mexico,MEX,Carlos Enrique,Leñero Leal,Carlos Enrique Leñero Leal,"Leñero Leal, Carlos Enrique",carlos enrique leal lenero,https://www.imo-official.org/results/individual/country/MEX/
Mexico,MEX,Antonio Alberto,Loaiza Rivera,Antonio Alberto Loaiza Rivera,"Loaiza Rivera, Antonio Alberto",alberto antonio loaiza rivera,https://www.imo-official.org/results/individual/country/MEX/
Mexico,MEX,Ernesto,Lupercio Lara,Ernesto Lupercio Lara,"Lupercio Lara, Ernesto",ernesto lara lupercio,https://www.imo-official.org/results/individual/country/MEX/
Mexico,MEX,Manuel Guillermo,López Buenfil,Manuel Guillermo López Buenfil,"López Buenfil, Manuel Guillermo",buenfil guillermo lopez manuel,https://www.imo-official.org/results/individual/country/MEX/
Mexico,MEX,Antonio,López Guzmán,Antonio López Guzmán,"López Guzmán, Antonio",antonio guzman lopez,https://www.imo-official.org/results/individual/country/MEX/
Mexico,MEX,Francisco Javier,López López,Francisco Javier López López,"López López, Francisco Javier",francisco javier lopez lopez,https://www.imo-official.org/results/individual/country/MEX/
Mexico,MEX,Gabriel,López Walle,Gabriel López Walle,"López Walle, Gabriel",gabriel lopez walle,https://www.imo-official.org/results/individual/country/MEX/
Mexico,MEX,Lucía,López de Medrano Álvarez,Lucía López de Medrano Álvarez,"López de Medrano Álvarez, Lucía",alvarez de lopez lucia medrano,https://www.imo-official.org/results/individual/country/MEX/
Mexico,MEX,Aldo René,Maldonaldo Duarte,Aldo René Maldonaldo Duarte,"Maldonaldo Duarte, Aldo René",aldo duarte maldonaldo rene,https://www.imo-official.org/results/individual/country/MEX/
Mexico,MEX,Gabriela,Mallen Ornelas,Gabriela Mallen Ornelas,"Mallen Ornelas, Gabriela",gabriela mallen ornelas,https://www.imo-official.org/results/individual/country/MEX/
Mexico,MEX,Erick Alejandro,Mancera Dávila,Erick Alejandro Mancera Dávila,"Mancera Dávila, Erick Alejandro",alejandro davila erick mancera,https://www.imo-official.org/results/individual/country/MEX/
Mexico,MEX,Juan Luis,Manriquez Sequera,Juan Luis Manriquez Sequera,"Manriquez Sequera, Juan Luis",juan luis manriquez sequera,https://www.imo-official.org/results/individual/country/MEX/
Mexico,MEX,Edmundo,Marrufo Padilla,Edmundo Marrufo Padilla,"Marrufo Padilla, Edmundo",edmundo marrufo padilla,https://www.imo-official.org/results/individual/country/MEX/
Mexico,MEX,Luis Eduardo,Martínez Aguirre,Luis Eduardo Martínez Aguirre,"Martínez Aguirre, Luis Eduardo",aguirre eduardo luis martinez,https://www.imo-official.org/results/individual/country/MEX/
Mexico,MEX,Raúl,Marín Carrera,Raúl Marín Carrera,"Marín Carrera, Raúl",carrera marin raul,https://www.imo-official.org/results/individual/country/MEX/
Mexico,MEX,Raúl,Medina Hernández,Raúl Medina Hernández,"Medina Hernández, Raúl",hernandez medina raul,https://www.imo-official.org/results/individual/country/MEX/
Mexico,MEX,Adán,Medrano Martín del Campo,Adán Medrano Martín del Campo,"Medrano Martín del Campo, Adán",adan campo del martin medrano,https://www.imo-official.org/results/individual/country/MEX/
Mexico,MEX,Olga,Medrano Martín del Campo,Olga Medrano Martín del Campo,"Medrano Martín del Campo, Olga",campo del martin medrano olga,https://www.imo-official.org/results/individual/country/MEX/
Mexico,MEX,Francisco Emanuel,Mendoza González,Francisco Emanuel Mendoza González,"Mendoza González, Francisco Emanuel",emanuel francisco gonzalez mendoza,https://www.imo-official.org/results/individual/country/MEX/
Mexico,MEX,Rodrigo,Mendoza Orozco,Rodrigo Mendoza Orozco,"Mendoza Orozco, Rodrigo",mendoza orozco rodrigo,https://www.imo-official.org/results/individual/country/MEX/
Mexico,MEX,Pablo,Meré Hidalgo,Pablo Meré Hidalgo,"Meré Hidalgo, Pablo",hidalgo mere pablo,https://www.imo-official.org/results/individual/country/MEX/
Mexico,MEX,José Luis,Miranda Olvera,José Luis Miranda Olvera,"Miranda Olvera, José Luis",jose luis miranda olvera,https://www.imo-official.org/results/individual/country/MEX/
Mexico,MEX,David José,Mireles Morales,David José Mireles Morales,"Mireles Morales, David José",david jose mireles morales,https://www.imo-official.org/results/individual/country/MEX/
Mexico,MEX,Gonzalo,Montalván Gámez,Gonzalo Montalván Gámez,"Montalván Gámez, Gonzalo",gamez gonzalo montalvan,https://www.imo-official.org/results/individual/country/MEX/
Mexico,MEX,Humberto,Montalván Gámez,Humberto Montalván Gámez,"Montalván Gámez, Humberto",gamez humberto montalvan,https://www.imo-official.org/results/individual/country/MEX/
Mexico,MEX,Sebastián,Montemayor Trujillo,Sebastián Montemayor Trujillo,"Montemayor Trujillo, Sebastián",montemayor sebastian trujillo,https://www.imo-official.org/results/individual/country/MEX/
Mexico,MEX,Manuel Jesús,Novelo Puc,Manuel Jesús Novelo Puc,"Novelo Puc, Manuel Jesús",jesus manuel novelo puc,https://www.imo-official.org/results/individual/country/MEX/
Mexico,MEX,Daniel Alejandro,Ochoa Quintero,Daniel Alejandro Ochoa Quintero,"Ochoa Quintero, Daniel Alejandro",alejandro daniel ochoa quintero,https://www.imo-official.org/results/individual/country/MEX/
Mexico,MEX,Cristian Manuel,Oliva Avilés,Cristian Manuel Oliva Avilés,"Oliva Avilés, Cristian Manuel",aviles cristian manuel oliva,https://www.imo-official.org/results/individual/country/MEX/
Mexico,MEX,Antonio,Olivas Martinez,Antonio Olivas Martinez,"Olivas Martinez, Antonio",antonio martinez olivas,https://www.imo-official.org/results/individual/country/MEX/
Mexico,MEX,Juan Carlos,Ortiz Rhoton,Juan Carlos Ortiz Rhoton,"Ortiz Rhoton, Juan Carlos",carlos juan ortiz rhoton,https://www.imo-official.org/results/individual/country/MEX/
Mexico,MEX,Aldo,Pacchiano Camacho,Aldo Pacchiano Camacho,"Pacchiano Camacho, Aldo",aldo camacho pacchiano,https://www.imo-official.org/results/individual/country/MEX/
Mexico,MEX,Antonio,Peimbert Torres,Antonio Peimbert Torres,"Peimbert Torres, Antonio",antonio peimbert torres,https://www.imo-official.org/results/individual/country/MEX/
Mexico,MEX,Daniel,Perales Anaya,Daniel Perales Anaya,"Perales Anaya, Daniel",anaya daniel perales,https://www.imo-official.org/results/individual/country/MEX/
Mexico,MEX,Williams,Peralta Lazo,Williams Peralta Lazo,"Peralta Lazo, Williams",lazo peralta williams,https://www.imo-official.org/results/individual/country/MEX/
Mexico,MEX,Alfredo Alef,Pineda Reyes,Alfredo Alef Pineda Reyes,"Pineda Reyes, Alfredo Alef",alef alfredo pineda reyes,https://www.imo-official.org/results/individual/country/MEX/
Mexico,MEX,Javier,Polanco González,Javier Polanco González,"Polanco González, Javier",gonzalez javier polanco,https://www.imo-official.org/results/individual/country/MEX/
Mexico,MEX,Jesús,Puente Arrubarrena,Jesús Puente Arrubarrena,"Puente Arrubarrena, Jesús",arrubarrena jesus puente,https://www.imo-official.org/results/individual/country/MEX/
Mexico,MEX,Rodrigo,Pérez Blackaller,Rodrigo Pérez Blackaller,"Pérez Blackaller, Rodrigo",blackaller perez rodrigo,https://www.imo-official.org/results/individual/country/MEX/
Mexico,MEX,Jorge,Pérez Hernández,Jorge Pérez Hernández,"Pérez Hernández, Jorge",hernandez jorge perez,https://www.imo-official.org/results/individual/country/MEX/
Mexico,MEX,Jaime Enrique,Pérez Terrazas,Jaime Enrique Pérez Terrazas,"Pérez Terrazas, Jaime Enrique",enrique jaime perez terrazas,https://www.imo-official.org/results/individual/country/MEX/
Mexico,MEX,Miguel,Raggi Pérez,Miguel Raggi Pérez,"Raggi Pérez, Miguel",miguel perez raggi,https://www.imo-official.org/results/individual/country/MEX/
Mexico,MEX,Carlos Emilio,Ramos Aguilar,Carlos Emilio Ramos Aguilar,"Ramos Aguilar, Carlos Emilio",aguilar carlos emilio ramos,https://www.imo-official.org/results/individual/country/MEX/
Mexico,MEX,Luis Xavier,Ramos Tormo,Luis Xavier Ramos Tormo,"Ramos Tormo, Luis Xavier",luis ramos tormo xavier,https://www.imo-official.org/results/individual/country/MEX/
Mexico,MEX,José Antonio,Ramírez Robledo,José Antonio Ramírez Robledo,"Ramírez Robledo, José Antonio",antonio jose ramirez robledo,https://www.imo-official.org/results/individual/country/MEX/
Mexico,MEX,Eric,Ransom Treviño,Eric Ransom Treviño,"Ransom Treviño, Eric",eric ransom trevino,https://www.imo-official.org/results/individual/country/MEX/
Mexico,MEX,José Alejandro,Reyes González,José Alejandro Reyes González,"Reyes González, José Alejandro",alejandro gonzalez jose reyes,https://www.imo-official.org/results/individual/country/MEX/
Mexico,MEX,Juan Daniel,Reyes Pérez,Juan Daniel Reyes Pérez,"Reyes Pérez, Juan Daniel",daniel juan perez reyes,https://www.imo-official.org/results/individual/country/MEX/
Mexico,MEX,Sergio,Robles Ulloa,Sergio Robles Ulloa,"Robles Ulloa, Sergio",robles sergio ulloa,https://www.imo-official.org/results/individual/country/MEX/
Mexico,MEX,Luis Fernando,Rodríguez Acosta,Luis Fernando Rodríguez Acosta,"Rodríguez Acosta, Luis Fernando",acosta fernando luis rodriguez,https://www.imo-official.org/results/individual/country/MEX/
Mexico,MEX,César Ernesto,Rodríguez Angón,César Ernesto Rodríguez Angón,"Rodríguez Angón, César Ernesto",angon cesar ernesto rodriguez,https://www.imo-official.org/results/individual/country/MEX/
Mexico,MEX,Eric Iván,Rodríguez Prieto,Eric Iván Rodríguez Prieto,"Rodríguez Prieto, Eric Iván",eric ivan prieto rodriguez,https://www.imo-official.org/results/individual/country/MEX/
Mexico,MEX,Jesús,Rodríguez Viorato,Jesús Rodríguez Viorato,"Rodríguez Viorato, Jesús",jesus rodriguez viorato,https://www.imo-official.org/results/individual/country/MEX/
Mexico,MEX,Edgardo,Roldán Pensado,Edgardo Roldán Pensado,"Roldán Pensado, Edgardo",edgardo pensado roldan,https://www.imo-official.org/results/individual/country/MEX/
Mexico,MEX,Benito Fabián,Romero Jiménez,Benito Fabián Romero Jiménez,"Romero Jiménez, Benito Fabián",benito fabian jimenez romero,https://www.imo-official.org/results/individual/country/MEX/
Mexico,MEX,Diego Alonso,Roque Montoya,Diego Alonso Roque Montoya,"Roque Montoya, Diego Alonso",alonso diego montoya roque,https://www.imo-official.org/results/individual/country/MEX/
Mexico,MEX,Cristos,Ruiz Toscano,Cristos Ruiz Toscano,"Ruiz Toscano, Cristos",cristos ruiz toscano,https://www.imo-official.org/results/individual/country/MEX/
Mexico,MEX,César,Ruíz Meraz,César Ruíz Meraz,"Ruíz Meraz, César",cesar meraz ruiz,https://www.imo-official.org/results/individual/country/MEX/
Mexico,MEX,David,Sanginés Sayavedra,David Sanginés Sayavedra,"Sanginés Sayavedra, David",david sangines sayavedra,https://www.imo-official.org/results/individual/country/MEX/
Mexico,MEX,Pawel,Sanjuán Szklarz,Pawel Sanjuán Szklarz,"Sanjuán Szklarz, Pawel",pawel sanjuan szklarz,https://www.imo-official.org/results/individual/country/MEX/
Mexico,MEX,Raúl,Segura Acevedo,Raúl Segura Acevedo,"Segura Acevedo, Raúl",acevedo raul segura,https://www.imo-official.org/results/individual/country/MEX/
Mexico,MEX,Pablo,Soberón Bravo,Pablo Soberón Bravo,"Soberón Bravo, Pablo",bravo pablo soberon,https://www.imo-official.org/results/individual/country/MEX/
Mexico,MEX,Oriol Andreu,Sole Pi,Oriol Andreu Sole Pi,"Sole Pi, Oriol Andreu",andreu oriol pi sole,https://www.imo-official.org/results/individual/country/MEX/
Mexico,MEX,Didier Adán,Solís Gamboa,Didier Adán Solís Gamboa,"Solís Gamboa, Didier Adán",adan didier gamboa solis,https://www.imo-official.org/results/individual/country/MEX/
Mexico,MEX,Maximiliano,Sánchez Garza,Maximiliano Sánchez Garza,"Sánchez Garza, Maximiliano",garza maximiliano sanchez,https://www.imo-official.org/results/individual/country/MEX/
Mexico,MEX,Pedro David,Sánchez Salazar,Pedro David Sánchez Salazar,"Sánchez Salazar, Pedro David",david pedro salazar sanchez,https://www.imo-official.org/results/individual/country/MEX/
Mexico,MEX,Rosemberg,Toalá Enríquez,Rosemberg Toalá Enríquez,"Toalá Enríquez, Rosemberg",enriquez rosemberg toala,https://www.imo-official.org/results/individual/country/MEX/
Mexico,MEX,Juan Dámaso,Torres Rodríguez,Juan Dámaso Torres Rodríguez,"Torres Rodríguez, Juan Dámaso",damaso juan rodriguez torres,https://www.imo-official.org/results/individual/country/MEX/
Mexico,MEX,Ricardo,Torres Rodríguez,Ricardo Torres Rodríguez,"Torres Rodríguez, Ricardo",ricardo rodriguez torres,https://www.imo-official.org/results/individual/country/MEX/
Mexico,MEX,Iker,Torres Terrazas,Iker Torres Terrazas,"Torres Terrazas, Iker",iker terrazas torres,https://www.imo-official.org/results/individual/country/MEX/
Mexico,MEX,Blas René,Treviño Tijerina,Blas René Treviño Tijerina,"Treviño Tijerina, Blas René",blas rene tijerina trevino,https://www.imo-official.org/results/individual/country/MEX/
Mexico,MEX,José Ramón,Tuirán Rangel,José Ramón Tuirán Rangel,"Tuirán Rangel, José Ramón",jose ramon rangel tuiran,https://www.imo-official.org/results/individual/country/MEX/
Mexico,MEX,Juan Antonio,Valera Olguin,Juan Antonio Valera Olguin,"Valera Olguin, Juan Antonio",antonio juan olguin valera,https://www.imo-official.org/results/individual/country/MEX/
Mexico,MEX,Pablo Alhui,Valeriano Quiroz,Pablo Alhui Valeriano Quiroz,"Valeriano Quiroz, Pablo Alhui",alhui pablo quiroz valeriano,https://www.imo-official.org/results/individual/country/MEX/
Mexico,MEX,Carlos,Vargas Obieta,Carlos Vargas Obieta,"Vargas Obieta, Carlos",carlos obieta vargas,https://www.imo-official.org/results/individual/country/MEX/
Mexico,MEX,Javier Flavio,Vigueras Gómez,Javier Flavio Vigueras Gómez,"Vigueras Gómez, Javier Flavio",flavio gomez javier vigueras,https://www.imo-official.org/results/individual/country/MEX/
Mexico,MEX,Carlos Alberto,Villalvazo Jáuregui,Carlos Alberto Villalvazo Jáuregui,"Villalvazo Jáuregui, Carlos Alberto",alberto carlos jauregui villalvazo,https://www.imo-official.org/results/individual/country/MEX/
Mexico,MEX,Héctor Juan,Villarreal Corona,Héctor Juan Villarreal Corona,"Villarreal Corona, Héctor Juan",corona hector juan villarreal,https://www.imo-official.org/results/individual/country/MEX/
Mexico,MEX,Diego Alfonso,Villarreal Grimaldo,Diego Alfonso Villarreal Grimaldo,"Villarreal Grimaldo, Diego Alfonso",alfonso diego grimaldo villarreal,https://www.imo-official.org/results/individual/country/MEX/
Mexico,MEX,Eduardo,Villegas Ortega,Eduardo Villegas Ortega,"Villegas Ortega, Eduardo",eduardo ortega villegas,https://www.imo-official.org/results/individual/country/MEX/
Mexico,MEX,José Andrés,Zamora Moncada,José Andrés Zamora Moncada,"Zamora Moncada, José Andrés",andres jose moncada zamora,https://www.imo-official.org/results/individual/country/MEX/
Mexico,MEX,Francisco Javier,Zaragoza Martínez,Francisco Javier Zaragoza Martínez,"Zaragoza Martínez, Francisco Javier",francisco javier martinez zaragoza,https://www.imo-official.org/results/individual/country/MEX/
Mexico,MEX,Raúl,Zepeda Cruz,Raúl Zepeda Cruz,"Zepeda Cruz, Raúl",cruz raul zepeda,https://www.imo-official.org/results/individual/country/MEX/
Mexico,MEX,Angel Emilio,de León Gutiérrez,Angel Emilio de León Gutiérrez,"de León Gutiérrez, Angel Emilio",angel de emilio gutierrez leon,https://www.imo-official.org/results/individual/country/MEX/
Mexico,MEX,Marco Antonio,Ávila Ponce de Léon,Marco Antonio Ávila Ponce de Léon,"Ávila Ponce de Léon, Marco Antonio",antonio avila de leon marco ponce,https://www.imo-official.org/results/individual/country/MEX/
Mongolia,MNG,Anu,Altangerel,Anu Altangerel,"Altangerel, Anu",altangerel anu,https://www.imo-official.org/results/individual/country/MNG/
Mongolia,MNG,Chinchuluun,Altannar,Chinchuluun Altannar,"Altannar, Chinchuluun",altannar chinchuluun,https://www.imo-official.org/results/individual/country/MNG/
Mongolia,MNG,Paglatshaw,Altanzog,Paglatshaw Altanzog,"Altanzog, Paglatshaw",altanzog paglatshaw,https://www.imo-official.org/results/individual/country/MNG/
Mongolia,MNG,Nyamdavaa,Amar,Nyamdavaa Amar,"Amar, Nyamdavaa",amar nyamdavaa,https://www.imo-official.org/results/individual/country/MNG/
Mongolia,MNG,Sumiyabat,Amarjargal,Sumiyabat Amarjargal,"Amarjargal, Sumiyabat",amarjargal sumiyabat,https://www.imo-official.org/results/individual/country/MNG/
Mongolia,MNG,Agchbayar,Amarsanaa,Agchbayar Amarsanaa,"Amarsanaa, Agchbayar",agchbayar amarsanaa,https://www.imo-official.org/results/individual/country/MNG/
Mongolia,MNG,Bat-Erdene,Amarsanaa,Bat-Erdene Amarsanaa,"Amarsanaa, Bat-Erdene",amarsanaa bat erdene,https://www.imo-official.org/results/individual/country/MNG/
Mongolia,MNG,Sukhbat,Amartugs,Sukhbat Amartugs,"Amartugs, Sukhbat",amartugs sukhbat,https://www.imo-official.org/results/individual/country/MNG/
Mongolia,MNG,Purevzaya,Amarzaya,Purevzaya Amarzaya,"Amarzaya, Purevzaya",amarzaya purevzaya,https://www.imo-official.org/results/individual/country/MNG/
Mongolia,MNG,Daariimaa,Amgalan,Daariimaa Amgalan,"Amgalan, Daariimaa",amgalan daariimaa,https://www.imo-official.org/results/individual/country/MNG/
Mongolia,MNG,Daschdabaa,Amgalan,Daschdabaa Amgalan,"Amgalan, Daschdabaa",amgalan daschdabaa,https://www.imo-official.org/results/individual/country/MNG/
Mongolia,MNG,Iveel,Arvis,Iveel Arvis,"Arvis, Iveel",arvis iveel,https://www.imo-official.org/results/individual/country/MNG/
Mongolia,MNG,Ganbat,Atarsaikhan,Ganbat Atarsaikhan,"Atarsaikhan, Ganbat",atarsaikhan ganbat,https://www.imo-official.org/results/individual/country/MNG/
Mongolia,MNG,Sudory,Aviramedin,Sudory Aviramedin,"Aviramedin, Sudory",aviramedin sudory,https://www.imo-official.org/results/individual/country/MNG/
Mongolia,MNG,Bayarjargal,B.,Bayarjargal B.,"B., Bayarjargal",b bayarjargal,https://www.imo-official.org/results/individual/country/MNG/
Mongolia,MNG,Enkhbayar,B.,Enkhbayar B.,"B., Enkhbayar",b enkhbayar,https://www.imo-official.org/results/individual/country/MNG/
Mongolia,MNG,Battsengel,Baansajav,Battsengel Baansajav,"Baansajav, Battsengel",baansajav battsengel,https://www.imo-official.org/results/individual/country/MNG/
Mongolia,MNG,Ch.,Baasandorj,Ch. Baasandorj,"Baasandorj, Ch.",baasandorj ch,https://www.imo-official.org/results/individual/country/MNG/
Mongolia,MNG,Sumiya,Baasandorj,Sumiya Baasandorj,"Baasandorj, Sumiya",baasandorj sumiya,https://www.imo-official.org/results/individual/country/MNG/
Mongolia,MNG,Tumur,Baasanjav,Tumur Baasanjav,"Baasanjav, Tumur",baasanjav tumur,https://www.imo-official.org/results/individual/country/MNG/
Mongolia,MNG,Altangerel,Baatar,Altangerel Baatar,"Baatar, Altangerel",altangerel baatar,https://www.imo-official.org/results/individual/country/MNG/
Mongolia,MNG,Batniam,Baatarjab,Batniam Baatarjab,"Baatarjab, Batniam",baatarjab batniam,https://www.imo-official.org/results/individual/country/MNG/
Mongolia,MNG,Gantuya,Badamgarav,Gantuya Badamgarav,"Badamgarav, Gantuya",badamgarav gantuya,https://www.imo-official.org/results/individual/country/MNG/
Mongolia,MNG,Huldorj,Balcanjavin,Huldorj Balcanjavin,"Balcanjavin, Huldorj",balcanjavin huldorj,https://www.imo-official.org/results/individual/country/MNG/
Mongolia,MNG,Naranhuu,Baldandorzhijn,Naranhuu Baldandorzhijn,"Baldandorzhijn, Naranhuu",baldandorzhijn naranhuu,https://www.imo-official.org/results/individual/country/MNG/
Mongolia,MNG,Batgerel,Balt,Batgerel Balt,"Balt, Batgerel",balt batgerel,https://www.imo-official.org/results/individual/country/MNG/
Mongolia,MNG,Bayasgalan,Bansragchiyn,Bayasgalan Bansragchiyn,"Bansragchiyn, Bayasgalan",bansragchiyn bayasgalan,https://www.imo-official.org/results/individual/country/MNG/
Mongolia,MNG,Dorjsuren,Baramsai,Dorjsuren Baramsai,"Baramsai, Dorjsuren",baramsai dorjsuren,https://www.imo-official.org/results/individual/country/MNG/
Mongolia,MNG,Suwda,Bat,Suwda Bat,"Bat, Suwda",bat suwda,https://www.imo-official.org/results/individual/country/MNG/
Mongolia,MNG,Tschoimpegyn,Bat,Tschoimpegyn Bat,"Bat, Tschoimpegyn",bat tschoimpegyn,https://www.imo-official.org/results/individual/country/MNG/
Mongolia,MNG,Bilegdemberel,Bat-Amgalan,Bilegdemberel Bat-Amgalan,"Bat-Amgalan, Bilegdemberel",amgalan bat bilegdemberel,https://www.imo-official.org/results/individual/country/MNG/
Mongolia,MNG,Balhuu,Batbayasgalan,Balhuu Batbayasgalan,"Batbayasgalan, Balhuu",balhuu batbayasgalan,https://www.imo-official.org/results/individual/country/MNG/
Mongolia,MNG,?,Batbold,? Batbold,"Batbold, ?",batbold,https://www.imo-official.org/results/individual/country/MNG/
Mongolia,MNG,Batsambuu,Batbold,Batsambuu Batbold,"Batbold, Batsambuu",batbold batsambuu,https://www.imo-official.org/results/individual/country/MNG/
Mongolia,MNG,Damdingyn,Batdelger,Damdingyn Batdelger,"Batdelger, Damdingyn",batdelger damdingyn,https://www.imo-official.org/results/individual/country/MNG/
Mongolia,MNG,Purev,Batdelger,Purev Batdelger,"Batdelger, Purev",batdelger purev,https://www.imo-official.org/results/individual/country/MNG/
Mongolia,MNG,R.,Batdelger,R. Batdelger,"Batdelger, R.",batdelger r,https://www.imo-official.org/results/individual/country/MNG/
Mongolia,MNG,Tenuunsaikhan,Batlkhagva,Tenuunsaikhan Batlkhagva,"Batlkhagva, Tenuunsaikhan",batlkhagva tenuunsaikhan,https://www.imo-official.org/results/individual/country/MNG/
Mongolia,MNG,Zulsar,Batmunkh,Zulsar Batmunkh,"Batmunkh, Zulsar",batmunkh zulsar,https://www.imo-official.org/results/individual/country/MNG/
Mongolia,MNG,Davaanyahyin,Batnasan,Davaanyahyin Batnasan,"Batnasan, Davaanyahyin",batnasan davaanyahyin,https://www.imo-official.org/results/individual/country/MNG/
Mongolia,MNG,Bat-Orgil,Batsaikhan,Bat-Orgil Batsaikhan,"Batsaikhan, Bat-Orgil",bat batsaikhan orgil,https://www.imo-official.org/results/individual/country/MNG/
Mongolia,MNG,Batkhuyag,Batsaikhan,Batkhuyag Batsaikhan,"Batsaikhan, Batkhuyag",batkhuyag batsaikhan,https://www.imo-official.org/results/individual/country/MNG/
Mongolia,MNG,Batmend,Batsaikhan,Batmend Batsaikhan,"Batsaikhan, Batmend",batmend batsaikhan,https://www.imo-official.org/results/individual/country/MNG/
Mongolia,MNG,Dolgormaa,Batsaikhan,Dolgormaa Batsaikhan,"Batsaikhan, Dolgormaa",batsaikhan dolgormaa,https://www.imo-official.org/results/individual/country/MNG/
Mongolia,MNG,Munkhtselmeg,Battsengel,Munkhtselmeg Battsengel,"Battsengel, Munkhtselmeg",battsengel munkhtselmeg,https://www.imo-official.org/results/individual/country/MNG/
Mongolia,MNG,Turbat,Battsengel,Turbat Battsengel,"Battsengel, Turbat",battsengel turbat,https://www.imo-official.org/results/individual/country/MNG/
Mongolia,MNG,Bat-Od,Battseren,Bat-Od Battseren,"Battseren, Bat-Od",bat battseren od,https://www.imo-official.org/results/individual/country/MNG/
Mongolia,MNG,Bayarsaihan,Battulga,Bayarsaihan Battulga,"Battulga, Bayarsaihan",battulga bayarsaihan,https://www.imo-official.org/results/individual/country/MNG/
Mongolia,MNG,Ulziibat,Battulga,Ulziibat Battulga,"Battulga, Ulziibat",battulga ulziibat,https://www.imo-official.org/results/individual/country/MNG/
Mongolia,MNG,Dashzevgeyin,Battumur,Dashzevgeyin Battumur,"Battumur, Dashzevgeyin",battumur dashzevgeyin,https://www.imo-official.org/results/individual/country/MNG/
Mongolia,MNG,Nyamsurengiin,Batzaya,Nyamsurengiin Batzaya,"Batzaya, Nyamsurengiin",batzaya nyamsurengiin,https://www.imo-official.org/results/individual/country/MNG/
Mongolia,MNG,Degzsurengyin,Batzoric,Degzsurengyin Batzoric,"Batzoric, Degzsurengyin",batzoric degzsurengyin,https://www.imo-official.org/results/individual/country/MNG/
Mongolia,MNG,Badam,Batzorig,Badam Batzorig,"Batzorig, Badam",badam batzorig,https://www.imo-official.org/results/individual/country/MNG/
Mongolia,MNG,Mendbayar,Bayambadorj,Mendbayar Bayambadorj,"Bayambadorj, Mendbayar",bayambadorj mendbayar,https://www.imo-official.org/results/individual/country/MNG/
Mongolia,MNG,Ulambayar,Bayansangiin,Ulambayar Bayansangiin,"Bayansangiin, Ulambayar",bayansangiin ulambayar,https://www.imo-official.org/results/individual/country/MNG/
Mongolia,MNG,Belgutei,Bayar,Belgutei Bayar,"Bayar, Belgutei",bayar belgutei,https://www.imo-official.org/results/individual/country/MNG/
Mongolia,MNG,Erdenebayar,Bayarmagnai,Erdenebayar Bayarmagnai,"Bayarmagnai, Erdenebayar",bayarmagnai erdenebayar,https://www.imo-official.org/results/individual/country/MNG/
Mongolia,MNG,Mongol,Bayarpurev,Mongol Bayarpurev,"Bayarpurev, Mongol",bayarpurev mongol,https://www.imo-official.org/results/individual/country/MNG/
Mongolia,MNG,Tumendemberel,Bilegbaatar,Tumendemberel Bilegbaatar,"Bilegbaatar, Tumendemberel",bilegbaatar tumendemberel,https://www.imo-official.org/results/individual/country/MNG/
Mongolia,MNG,Munkh-Erdene,Bold,Munkh-Erdene Bold,"Bold, Munkh-Erdene",bold erdene munkh,https://www.imo-official.org/results/individual/country/MNG/
Mongolia,MNG,Myagmarjav,Bold,Myagmarjav Bold,"Bold, Myagmarjav",bold myagmarjav,https://www.imo-official.org/results/individual/country/MNG/
Mongolia,MNG,Ankhbayar,Boldbaatar,Ankhbayar Boldbaatar,"Boldbaatar, Ankhbayar",ankhbayar boldbaatar,https://www.imo-official.org/results/individual/country/MNG/
Mongolia,MNG,Khantushig,Boldbaatar,Khantushig Boldbaatar,"Boldbaatar, Khantushig",boldbaatar khantushig,https://www.imo-official.org/results/individual/country/MNG/
Mongolia,MNG,Tuvshindalai,Boldbaatar,Tuvshindalai Boldbaatar,"Boldbaatar, Tuvshindalai",boldbaatar tuvshindalai,https://www.imo-official.org/results/individual/country/MNG/
Mongolia,MNG,Denzengyn,Boldnjam,Denzengyn Boldnjam,"Boldnjam, Denzengyn",boldnjam denzengyn,https://www.imo-official.org/results/individual/country/MNG/
Mongolia,MNG,Tuguldur,Bolorchuluun,Tuguldur Bolorchuluun,"Bolorchuluun, Tuguldur",bolorchuluun tuguldur,https://www.imo-official.org/results/individual/country/MNG/
Mongolia,MNG,J.,Buinnemeh,J. Buinnemeh,"Buinnemeh, J.",buinnemeh j,https://www.imo-official.org/results/individual/country/MNG/
Mongolia,MNG,Luvsanbyamba,Buyankhuu,Luvsanbyamba Buyankhuu,"Buyankhuu, Luvsanbyamba",buyankhuu luvsanbyamba,https://www.imo-official.org/results/individual/country/MNG/
Mongolia,MNG,Bajasgalan,Cembelzogt,Bajasgalan Cembelzogt,"Cembelzogt, Bajasgalan",bajasgalan cembelzogt,https://www.imo-official.org/results/individual/country/MNG/
Mongolia,MNG,Enhbold,Cendzhavin,Enhbold Cendzhavin,"Cendzhavin, Enhbold",cendzhavin enhbold,https://www.imo-official.org/results/individual/country/MNG/
Mongolia,MNG,Sugardorj,Chagnaadorj,Sugardorj Chagnaadorj,"Chagnaadorj, Sugardorj",chagnaadorj sugardorj,https://www.imo-official.org/results/individual/country/MNG/
Mongolia,MNG,Chingun,Chindegsuren,Chingun Chindegsuren,"Chindegsuren, Chingun",chindegsuren chingun,https://www.imo-official.org/results/individual/country/MNG/
Mongolia,MNG,Ochbadrakhyin,Chuluunbaatar,Ochbadrakhyin Chuluunbaatar,"Chuluunbaatar, Ochbadrakhyin",chuluunbaatar ochbadrakhyin,https://www.imo-official.org/results/individual/country/MNG/
Mongolia,MNG,Zolboo,Chuluunbaatar,Zolboo Chuluunbaatar,"Chuluunbaatar, Zolboo",chuluunbaatar zolboo,https://www.imo-official.org/results/individual/country/MNG/
Mongolia,MNG,?,Dabasteren,? Dabasteren,"Dabasteren, ?",dabasteren,https://www.imo-official.org/results/individual/country/MNG/
Mongolia,MNG,Beging,Dalsurhghing,Beging Dalsurhghing,"Dalsurhghing, Beging",beging dalsurhghing,https://www.imo-official.org/results/individual/country/MNG/
Mongolia,MNG,Erdehebayar,Dambasirengijn,Erdehebayar Dambasirengijn,"Dambasirengijn, Erdehebayar",dambasirengijn erdehebayar,https://www.imo-official.org/results/individual/country/MNG/
Mongolia,MNG,Awgaanzeren,Damdinsuren,Awgaanzeren Damdinsuren,"Damdinsuren, Awgaanzeren",awgaanzeren damdinsuren,https://www.imo-official.org/results/individual/country/MNG/
Mongolia,MNG,Erdenebulgan,Damdinsuren,Erdenebulgan Damdinsuren,"Damdinsuren, Erdenebulgan",damdinsuren erdenebulgan,https://www.imo-official.org/results/individual/country/MNG/
Mongolia,MNG,Chuluunbaatar,Damdinsurengijn,Chuluunbaatar Damdinsurengijn,"Damdinsurengijn, Chuluunbaatar",chuluunbaatar damdinsurengijn,https://www.imo-official.org/results/individual/country/MNG/
Mongolia,MNG,Zh.,Dashdorzh,Zh. Dashdorzh,"Dashdorzh, Zh.",dashdorzh zh,https://www.imo-official.org/results/individual/country/MNG/
Mongolia,MNG,Hashbajar,Dashseren,Hashbajar Dashseren,"Dashseren, Hashbajar",dashseren hashbajar,https://www.imo-official.org/results/individual/country/MNG/
Mongolia,MNG,B.,Davaadorj,B. Davaadorj,"Davaadorj, B.",b davaadorj,https://www.imo-official.org/results/individual/country/MNG/
Mongolia,MNG,Khuslen,Davaadorj,Khuslen Davaadorj,"Davaadorj, Khuslen",davaadorj khuslen,https://www.imo-official.org/results/individual/country/MNG/
Mongolia,MNG,Dayantsolmon,Davag,Dayantsolmon Davag,"Davag, Dayantsolmon",davag dayantsolmon,https://www.imo-official.org/results/individual/country/MNG/
Mongolia,MNG,Batzorig,Delger,Batzorig Delger,"Delger, Batzorig",batzorig delger,https://www.imo-official.org/results/individual/country/MNG/
Mongolia,MNG,Enerelt,Delgerdalai,Enerelt Delgerdalai,"Delgerdalai, Enerelt",delgerdalai enerelt,https://www.imo-official.org/results/individual/country/MNG/
Mongolia,MNG,S.,Demberel,S. Demberel,"Demberel, S.",demberel s,https://www.imo-official.org/results/individual/country/MNG/
Mongolia,MNG,Byambajav,Demchigsuren,Byambajav Demchigsuren,"Demchigsuren, Byambajav",byambajav demchigsuren,https://www.imo-official.org/results/individual/country/MNG/
Mongolia,MNG,?,Dolgor,? Dolgor,"Dolgor, ?",dolgor,https://www.imo-official.org/results/individual/country/MNG/
Mongolia,MNG,Zezgee,Dondow,Zezgee Dondow,"Dondow, Zezgee",dondow zezgee,https://www.imo-official.org/results/individual/country/MNG/
Mongolia,MNG,Bjambashaw,Dordsh,Bjambashaw Dordsh,"Dordsh, Bjambashaw",bjambashaw dordsh,https://www.imo-official.org/results/individual/country/MNG/
Mongolia,MNG,Orloh,Dorzhaydabin,Orloh Dorzhaydabin,"Dorzhaydabin, Orloh",dorzhaydabin orloh,https://www.imo-official.org/results/individual/country/MNG/
Mongolia,MNG,Jargalsaikhan,Dulmaa,Jargalsaikhan Dulmaa,"Dulmaa, Jargalsaikhan",dulmaa jargalsaikhan,https://www.imo-official.org/results/individual/country/MNG/
Mongolia,MNG,Tschmdin,Enchbat,Tschmdin Enchbat,"Enchbat, Tschmdin",enchbat tschmdin,https://www.imo-official.org/results/individual/country/MNG/
Mongolia,MNG,C.,Enhbold,C. Enhbold,"Enhbold, C.",c enhbold,https://www.imo-official.org/results/individual/country/MNG/
Mongolia,MNG,Temuge,Enkhbaatar,Temuge Enkhbaatar,"Enkhbaatar, Temuge",enkhbaatar temuge,https://www.imo-official.org/results/individual/country/MNG/
Mongolia,MNG,Nyambaa,Enkhbat,Nyambaa Enkhbat,"Enkhbat, Nyambaa",enkhbat nyambaa,https://www.imo-official.org/results/individual/country/MNG/
Mongolia,MNG,Altantsetsegiin,Enkhbayar,Altantsetsegiin Enkhbayar,"Enkhbayar, Altantsetsegiin",altantsetsegiin enkhbayar,https://www.imo-official.org/results/individual/country/MNG/
Mongolia,MNG,Bayartogtoka,Enkhbayar,Bayartogtoka Enkhbayar,"Enkhbayar, Bayartogtoka",bayartogtoka enkhbayar,https://www.imo-official.org/results/individual/country/MNG/
Mongolia,MNG,Dorjpalamyin,Enkhbayar,Dorjpalamyin Enkhbayar,"Enkhbayar, Dorjpalamyin",dorjpalamyin enkhbayar,https://www.imo-official.org/results/individual/country/MNG/
Mongolia,MNG,Sanduijav,Enkhbayar,Sanduijav Enkhbayar,"Enkhbayar, Sanduijav",enkhbayar sanduijav,https://www.imo-official.org/results/individual/country/MNG/
Mongolia,MNG,Turbat,Enkhbayar,Turbat Enkhbayar,"Enkhbayar, Turbat",enkhbayar turbat,https://www.imo-official.org/results/individual/country/MNG/
Mongolia,MNG,Ishjamts,Enkhchuluun,Ishjamts Enkhchuluun,"Enkhchuluun, Ishjamts",enkhchuluun ishjamts,https://www.imo-official.org/results/individual/country/MNG/
Mongolia,MNG,Mendsaikhan,Enkhsaikhan,Mendsaikhan Enkhsaikhan,"Enkhsaikhan, Mendsaikhan",enkhsaikhan mendsaikhan,https://www.imo-official.org/results/individual/country/MNG/
Mongolia,MNG,Enkhzaya,Enkhtaivan,Enkhzaya Enkhtaivan,"Enkhtaivan, Enkhzaya",enkhtaivan enkhzaya,https://www.imo-official.org/results/individual/country/MNG/
Mongolia,MNG,Luvsandagva,Enkhtaivan,Luvsandagva Enkhtaivan,"Enkhtaivan, Luvsandagva",enkhtaivan luvsandagva,https://www.imo-official.org/results/individual/country/MNG/
Mongolia,MNG,Nyambaa,Erdembat,Nyambaa Erdembat,"Erdembat, Nyambaa",erdembat nyambaa,https://www.imo-official.org/results/individual/country/MNG/
Mongolia,MNG,Janchivdorj,Erdembilegt,Janchivdorj Erdembilegt,"Erdembilegt, Janchivdorj",erdembilegt janchivdorj,https://www.imo-official.org/results/individual/country/MNG/
Mongolia,MNG,Dashhuugiin,Erdene,Dashhuugiin Erdene,"Erdene, Dashhuugiin",dashhuugiin erdene,https://www.imo-official.org/results/individual/country/MNG/
Mongolia,MNG,S.,Erdene,S. Erdene,"Erdene, S.",erdene s,https://www.imo-official.org/results/individual/country/MNG/
Mongolia,MNG,Orgil-Erdene,Erdenebaatar,Orgil-Erdene Erdenebaatar,"Erdenebaatar, Orgil-Erdene",erdene erdenebaatar orgil,https://www.imo-official.org/results/individual/country/MNG/
Mongolia,MNG,Erdenebileg,Erdenebat,Erdenebileg Erdenebat,"Erdenebat, Erdenebileg",erdenebat erdenebileg,https://www.imo-official.org/results/individual/country/MNG/
Mongolia,MNG,Sh.,Erdenebat,Sh. Erdenebat,"Erdenebat, Sh.",erdenebat sh,https://www.imo-official.org/results/individual/country/MNG/
Mongolia,MNG,Baasandorj,Erdenebileg,Baasandorj Erdenebileg,"Erdenebileg, Baasandorj",baasandorj erdenebileg,https://www.imo-official.org/results/individual/country/MNG/
Mongolia,MNG,Batbajar,Ergzengijn,Batbajar Ergzengijn,"Ergzengijn, Batbajar",batbajar ergzengijn,https://www.imo-official.org/results/individual/country/MNG/
Mongolia,MNG,?,Erhemvajr,? Erhemvajr,"Erhemvajr, ?",erhemvajr,https://www.imo-official.org/results/individual/country/MNG/
Mongolia,MNG,?,G.,? G.,"G., ?",g,https://www.imo-official.org/results/individual/country/MNG/
Mongolia,MNG,Bayarmagnai,G.,Bayarmagnai G.,"G., Bayarmagnai",bayarmagnai g,https://www.imo-official.org/results/individual/country/MNG/
Mongolia,MNG,Tsogbadral,Galaabaatar,Tsogbadral Galaabaatar,"Galaabaatar, Tsogbadral",galaabaatar tsogbadral,https://www.imo-official.org/results/individual/country/MNG/
Mongolia,MNG,Tuvdendorj,Galbaatar,Tuvdendorj Galbaatar,"Galbaatar, Tuvdendorj",galbaatar tuvdendorj,https://www.imo-official.org/results/individual/country/MNG/
Mongolia,MNG,Amarsanaa,Ganbaatar,Amarsanaa Ganbaatar,"Ganbaatar, Amarsanaa",amarsanaa ganbaatar,https://www.imo-official.org/results/individual/country/MNG/
Mongolia,MNG,Baldandoj,Ganbat,Baldandoj Ganbat,"Ganbat, Baldandoj",baldandoj ganbat,https://www.imo-official.org/results/individual/country/MNG/
Mongolia,MNG,Bayannamsrai,Ganbat,Bayannamsrai Ganbat,"Ganbat, Bayannamsrai",bayannamsrai ganbat,https://www.imo-official.org/results/individual/country/MNG/
Mongolia,MNG,Enkhtaivan,Ganbat,Enkhtaivan Ganbat,"Ganbat, Enkhtaivan",enkhtaivan ganbat,https://www.imo-official.org/results/individual/country/MNG/
Mongolia,MNG,S.,Ganbat,S. Ganbat,"Ganbat, S.",ganbat s,https://www.imo-official.org/results/individual/country/MNG/
Mongolia,MNG,Bayarjavkhlan,Ganbold,Bayarjavkhlan Ganbold,"Ganbold, Bayarjavkhlan",bayarjavkhlan ganbold,https://www.imo-official.org/results/individual/country/MNG/
Mongolia,MNG,Dalaitseren,Ganbold,Dalaitseren Ganbold,"Ganbold, Dalaitseren",dalaitseren ganbold,https://www.imo-official.org/results/individual/country/MNG/
Mongolia,MNG,L.,Ganbold,L. Ganbold,"Ganbold, L.",ganbold l,https://www.imo-official.org/results/individual/country/MNG/
Mongolia,MNG,S.,Ganbold,S. Ganbold,"Ganbold, S.",ganbold s,https://www.imo-official.org/results/individual/country/MNG/
Mongolia,MNG,Jargai,Gansuch,Jargai Gansuch,"Gansuch, Jargai",gansuch jargai,https://www.imo-official.org/results/individual/country/MNG/
Mongolia,MNG,Batzaya,Gantsooj,Batzaya Gantsooj,"Gantsooj, Batzaya",batzaya gantsooj,https://www.imo-official.org/results/individual/country/MNG/
Mongolia,MNG,Monkhbayar,Gantumur,Monkhbayar Gantumur,"Gantumur, Monkhbayar",gantumur monkhbayar,https://www.imo-official.org/results/individual/country/MNG/
Mongolia,MNG,Dashdorjiin,Ganzorig,Dashdorjiin Ganzorig,"Ganzorig, Dashdorjiin",dashdorjiin ganzorig,https://www.imo-official.org/results/individual/country/MNG/
Mongolia,MNG,Badamsuren,Garamhandin,Badamsuren Garamhandin,"Garamhandin, Badamsuren",badamsuren garamhandin,https://www.imo-official.org/results/individual/country/MNG/
Mongolia,MNG,Ariuna,Gendenzhamcin,Ariuna Gendenzhamcin,"Gendenzhamcin, Ariuna",ariuna gendenzhamcin,https://www.imo-official.org/results/individual/country/MNG/
Mongolia,MNG,Oyundari,Gerelt,Oyundari Gerelt,"Gerelt, Oyundari",gerelt oyundari,https://www.imo-official.org/results/individual/country/MNG/
Mongolia,MNG,Zorigt,Gombosuren,Zorigt Gombosuren,"Gombosuren, Zorigt",gombosuren zorigt,https://www.imo-official.org/results/individual/country/MNG/
Mongolia,MNG,Jhandos,Halek,Jhandos Halek,"Halek, Jhandos",halek jhandos,https://www.imo-official.org/results/individual/country/MNG/
Mongolia,MNG,Dambin,Haltar,Dambin Haltar,"Haltar, Dambin",dambin haltar,https://www.imo-official.org/results/individual/country/MNG/
Mongolia,MNG,Dashtserengiin,Hashbayar,Dashtserengiin Hashbayar,"Hashbayar, Dashtserengiin",dashtserengiin hashbayar,https://www.imo-official.org/results/individual/country/MNG/
Mongolia,MNG,Beh-Ochir,Hulgun,Beh-Ochir Hulgun,"Hulgun, Beh-Ochir",beh hulgun ochir,https://www.imo-official.org/results/individual/country/MNG/
Mongolia,MNG,Sainjargal,Huyagdorj,Sainjargal Huyagdorj,"Huyagdorj, Sainjargal",huyagdorj sainjargal,https://www.imo-official.org/results/individual/country/MNG/
Mongolia,MNG,Tsogbayar,Idertsogt,Tsogbayar Idertsogt,"Idertsogt, Tsogbayar",idertsogt tsogbayar,https://www.imo-official.org/results/individual/country/MNG/
Mongolia,MNG,M.,Itgel,M. Itgel,"Itgel, M.",itgel m,https://www.imo-official.org/results/individual/country/MNG/
Mongolia,MNG,?,Ja.,? Ja.,"Ja., ?",ja,https://www.imo-official.org/results/individual/country/MNG/
Mongolia,MNG,Munkhzul,Janchiv,Munkhzul Janchiv,"Janchiv, Munkhzul",janchiv munkhzul,https://www.imo-official.org/results/individual/country/MNG/
Mongolia,MNG,Ishdorj,Javkhlant,Ishdorj Javkhlant,"Javkhlant, Ishdorj",ishdorj javkhlant,https://www.imo-official.org/results/individual/country/MNG/
Mongolia,MNG,?,Ji.,? Ji.,"Ji., ?",ji,https://www.imo-official.org/results/individual/country/MNG/
Mongolia,MNG,Lkhachinjalbuu,Khatanbaatar,Lkhachinjalbuu Khatanbaatar,"Khatanbaatar, Lkhachinjalbuu",khatanbaatar lkhachinjalbuu,https://www.imo-official.org/results/individual/country/MNG/
Mongolia,MNG,Nursoltan,Khavalbolot,Nursoltan Khavalbolot,"Khavalbolot, Nursoltan",khavalbolot nursoltan,https://www.imo-official.org/results/individual/country/MNG/
Mongolia,MNG,Sanjaakhuu,Khenzii,Sanjaakhuu Khenzii,"Khenzii, Sanjaakhuu",khenzii sanjaakhuu,https://www.imo-official.org/results/individual/country/MNG/
Mongolia,MNG,Jamsran,Khosbayar,Jamsran Khosbayar,"Khosbayar, Jamsran",jamsran khosbayar,https://www.imo-official.org/results/individual/country/MNG/
Mongolia,MNG,Tahu,Kinaiatin,Tahu Kinaiatin,"Kinaiatin, Tahu",kinaiatin tahu,https://www.imo-official.org/results/individual/country/MNG/
Mongolia,MNG,Enkhjargal,Lkhagvajav,Enkhjargal Lkhagvajav,"Lkhagvajav, Enkhjargal",enkhjargal lkhagvajav,https://www.imo-official.org/results/individual/country/MNG/
Mongolia,MNG,Buuruu,Lkhagvaochir,Buuruu Lkhagvaochir,"Lkhagvaochir, Buuruu",buuruu lkhagvaochir,https://www.imo-official.org/results/individual/country/MNG/
Mongolia,MNG,Luvsandondov,Lkhamsuren,Luvsandondov Lkhamsuren,"Lkhamsuren, Luvsandondov",lkhamsuren luvsandondov,https://www.imo-official.org/results/individual/country/MNG/
Mongolia,MNG,?,M.,? M.,"M., ?",m,https://www.imo-official.org/results/individual/country/MNG/
Mongolia,MNG,Lkhanaajav,Mijiddorj,Lkhanaajav Mijiddorj,"Mijiddorj, Lkhanaajav",lkhanaajav mijiddorj,https://www.imo-official.org/results/individual/country/MNG/
Mongolia,MNG,Cevegmidin,Mizhidorzh,Cevegmidin Mizhidorzh,"Mizhidorzh, Cevegmidin",cevegmidin mizhidorzh,https://www.imo-official.org/results/individual/country/MNG/
Mongolia,MNG,P.,Monjanhan,P. Monjanhan,"Monjanhan, P.",monjanhan p,https://www.imo-official.org/results/individual/country/MNG/
Mongolia,MNG,B.,Munhtur,B. Munhtur,"Munhtur, B.",b munhtur,https://www.imo-official.org/results/individual/country/MNG/
Mongolia,MNG,Anand,Munkh-Erdene,Anand Munkh-Erdene,"Munkh-Erdene, Anand",anand erdene munkh,https://www.imo-official.org/results/individual/country/MNG/
Mongolia,MNG,Unubold,Munkhbat,Unubold Munkhbat,"Munkhbat, Unubold",munkhbat unubold,https://www.imo-official.org/results/individual/country/MNG/
Mongolia,MNG,Amin-Erdene,Munkhbayar,Amin-Erdene Munkhbayar,"Munkhbayar, Amin-Erdene",amin erdene munkhbayar,https://www.imo-official.org/results/individual/country/MNG/
Mongolia,MNG,Namdag,Namhajzhancangijn,Namdag Namhajzhancangijn,"Namhajzhancangijn, Namdag",namdag namhajzhancangijn,https://www.imo-official.org/results/individual/country/MNG/
Mongolia,MNG,Baljinnyam,Namsrai,Baljinnyam Namsrai,"Namsrai, Baljinnyam",baljinnyam namsrai,https://www.imo-official.org/results/individual/country/MNG/
Mongolia,MNG,Byambajav,Namsraijav,Byambajav Namsraijav,"Namsraijav, Byambajav",byambajav namsraijav,https://www.imo-official.org/results/individual/country/MNG/
Mongolia,MNG,Urdiinbish,Narankhuu,Urdiinbish Narankhuu,"Narankhuu, Urdiinbish",narankhuu urdiinbish,https://www.imo-official.org/results/individual/country/MNG/
Mongolia,MNG,Odontsengl,NyamErdene,Odontsengl NyamErdene,"NyamErdene, Odontsengl",nyamerdene odontsengl,https://www.imo-official.org/results/individual/country/MNG/
Mongolia,MNG,Enkhbayasgalan,Nyamaa,Enkhbayasgalan Nyamaa,"Nyamaa, Enkhbayasgalan",enkhbayasgalan nyamaa,https://www.imo-official.org/results/individual/country/MNG/
Mongolia,MNG,Erkhes,Nyamsaikhan,Erkhes Nyamsaikhan,"Nyamsaikhan, Erkhes",erkhes nyamsaikhan,https://www.imo-official.org/results/individual/country/MNG/
Mongolia,MNG,Bilegsaikhan,Nyamtseren,Bilegsaikhan Nyamtseren,"Nyamtseren, Bilegsaikhan",bilegsaikhan nyamtseren,https://www.imo-official.org/results/individual/country/MNG/
Mongolia,MNG,?,O.,? O.,"O., ?",o,https://www.imo-official.org/results/individual/country/MNG/
Mongolia,MNG,Batsukh,Ochirbat,Batsukh Ochirbat,"Ochirbat, Batsukh",batsukh ochirbat,https://www.imo-official.org/results/individual/country/MNG/
Mongolia,MNG,Erkhesbold,Ochirkhuu,Erkhesbold Ochirkhuu,"Ochirkhuu, Erkhesbold",erkhesbold ochirkhuu,https://www.imo-official.org/results/individual/country/MNG/
Mongolia,MNG,Zorigoo,Ochirkhuyag,Zorigoo Ochirkhuyag,"Ochirkhuyag, Zorigoo",ochirkhuyag zorigoo,https://www.imo-official.org/results/individual/country/MNG/
Mongolia,MNG,Ratschagin,Odnjan,Ratschagin Odnjan,"Odnjan, Ratschagin",odnjan ratschagin,https://www.imo-official.org/results/individual/country/MNG/
Mongolia,MNG,Tengis,Odonbaatar,Tengis Odonbaatar,"Odonbaatar, Tengis",odonbaatar tengis,https://www.imo-official.org/results/individual/country/MNG/
Mongolia,MNG,Bodrol,Olonbaatar,Bodrol Olonbaatar,"Olonbaatar, Bodrol",bodrol olonbaatar,https://www.imo-official.org/results/individual/country/MNG/
Mongolia,MNG,Purevkuu,Orgil,Purevkuu Orgil,"Orgil, Purevkuu",orgil purevkuu,https://www.imo-official.org/results/individual/country/MNG/
Mongolia,MNG,Misheel,Otgonbayar,Misheel Otgonbayar,"Otgonbayar, Misheel",misheel otgonbayar,https://www.imo-official.org/results/individual/country/MNG/
Mongolia,MNG,Uuye,Otgonbayar,Uuye Otgonbayar,"Otgonbayar, Uuye",otgonbayar uuye,https://www.imo-official.org/results/individual/country/MNG/
Mongolia,MNG,Batbaatar,Otgonrat,Batbaatar Otgonrat,"Otgonrat, Batbaatar",batbaatar otgonrat,https://www.imo-official.org/results/individual/country/MNG/
Mongolia,MNG,Byambadorj,Otgonsuren,Byambadorj Otgonsuren,"Otgonsuren, Byambadorj",byambadorj otgonsuren,https://www.imo-official.org/results/individual/country/MNG/
Mongolia,MNG,?,S.,? S.,"S., ?",s,https://www.imo-official.org/results/individual/country/MNG/
Mongolia,MNG,?,Sainbajr,? Sainbajr,"Sainbajr, ?",sainbajr,https://www.imo-official.org/results/individual/country/MNG/
Mongolia,MNG,Namnandorj,Sansarkhuu,Namnandorj Sansarkhuu,"Sansarkhuu, Namnandorj",namnandorj sansarkhuu,https://www.imo-official.org/results/individual/country/MNG/
Mongolia,MNG,Baterdene,Scharaw,Baterdene Scharaw,"Scharaw, Baterdene",baterdene scharaw,https://www.imo-official.org/results/individual/country/MNG/
Mongolia,MNG,Zolbayar,Shagdar,Zolbayar Shagdar,"Shagdar, Zolbayar",shagdar zolbayar,https://www.imo-official.org/results/individual/country/MNG/
Mongolia,MNG,Bilguudei,Shinezul,Bilguudei Shinezul,"Shinezul, Bilguudei",bilguudei shinezul,https://www.imo-official.org/results/individual/country/MNG/
Mongolia,MNG,Naranbat,Sodnomin,Naranbat Sodnomin,"Sodnomin, Naranbat",naranbat sodnomin,https://www.imo-official.org/results/individual/country/MNG/
Mongolia,MNG,B.,Sol,B. Sol,"Sol, B.",b sol,https://www.imo-official.org/results/individual/country/MNG/
Mongolia,MNG,Manlai,Sonor,Manlai Sonor,"Sonor, Manlai",manlai sonor,https://www.imo-official.org/results/individual/country/MNG/
Mongolia,MNG,Tsend-Ayush,Sosorbaram,Tsend-Ayush Sosorbaram,"Sosorbaram, Tsend-Ayush",ayush sosorbaram tsend,https://www.imo-official.org/results/individual/country/MNG/
Mongolia,MNG,Tendvater,Sotnomin,Tendvater Sotnomin,"Sotnomin, Tendvater",sotnomin tendvater,https://www.imo-official.org/results/individual/country/MNG/
Mongolia,MNG,Batsuren,Sotovin,Batsuren Sotovin,"Sotovin, Batsuren",batsuren sotovin,https://www.imo-official.org/results/individual/country/MNG/
Mongolia,MNG,T.,Sughir,T. Sughir,"Sughir, T.",sughir t,https://www.imo-official.org/results/individual/country/MNG/
Mongolia,MNG,Sainbayar,Sukhbaatar,Sainbayar Sukhbaatar,"Sukhbaatar, Sainbayar",sainbayar sukhbaatar,https://www.imo-official.org/results/individual/country/MNG/
Mongolia,MNG,?,T.,? T.,"T., ?",t,https://www.imo-official.org/results/individual/country/MNG/
Mongolia,MNG,Bilguungerelt,Tamir,Bilguungerelt Tamir,"Tamir, Bilguungerelt",bilguungerelt tamir,https://www.imo-official.org/results/individual/country/MNG/
Mongolia,MNG,Purebbajar,Thengel,Purebbajar Thengel,"Thengel, Purebbajar",purebbajar thengel,https://www.imo-official.org/results/individual/country/MNG/
Mongolia,MNG,Murat,Tochtoin,Murat Tochtoin,"Tochtoin, Murat",murat tochtoin,https://www.imo-official.org/results/individual/country/MNG/
Mongolia,MNG,B.,Togtoh,B. Togtoh,"Togtoh, B.",b togtoh,https://www.imo-official.org/results/individual/country/MNG/
Mongolia,MNG,G.,Tolt,G. Tolt,"Tolt, G.",g tolt,https://www.imo-official.org/results/individual/country/MNG/
Mongolia,MNG,Chinzorig,Ts.,Chinzorig Ts.,"Ts., Chinzorig",chinzorig ts,https://www.imo-official.org/results/individual/country/MNG/
Mongolia,MNG,Battogtokh,Tsagaan,Battogtokh Tsagaan,"Tsagaan, Battogtokh",battogtokh tsagaan,https://www.imo-official.org/results/individual/country/MNG/
Mongolia,MNG,Serenchumgyn,Tschargalsaichan,Serenchumgyn Tschargalsaichan,"Tschargalsaichan, Serenchumgyn",serenchumgyn tschargalsaichan,https://www.imo-official.org/results/individual/country/MNG/
Mongolia,MNG,?,Tsebenrabdan,? Tsebenrabdan,"Tsebenrabdan, ?",tsebenrabdan,https://www.imo-official.org/results/individual/country/MNG/
Mongolia,MNG,Bat-Erdene,Tsend,Bat-Erdene Tsend,"Tsend, Bat-Erdene",bat erdene tsend,https://www.imo-official.org/results/individual/country/MNG/
Mongolia,MNG,Enkhbaatar,Tsenguun,Enkhbaatar Tsenguun,"Tsenguun, Enkhbaatar",enkhbaatar tsenguun,https://www.imo-official.org/results/individual/country/MNG/
Mongolia,MNG,Gerelt,Tserenjigmid,Gerelt Tserenjigmid,"Tserenjigmid, Gerelt",gerelt tserenjigmid,https://www.imo-official.org/results/individual/country/MNG/
Mongolia,MNG,Tsenguun,Tsogbadrah,Tsenguun Tsogbadrah,"Tsogbadrah, Tsenguun",tsenguun tsogbadrah,https://www.imo-official.org/results/individual/country/MNG/
Mongolia,MNG,Iveel,Tsogsuren,Iveel Tsogsuren,"Tsogsuren, Iveel",iveel tsogsuren,https://www.imo-official.org/results/individual/country/MNG/
Mongolia,MNG,Saikhanbileg,Tsogtgerel,Saikhanbileg Tsogtgerel,"Tsogtgerel, Saikhanbileg",saikhanbileg tsogtgerel,https://www.imo-official.org/results/individual/country/MNG/
Mongolia,MNG,Saizmaa,Tsogzolmaa,Saizmaa Tsogzolmaa,"Tsogzolmaa, Saizmaa",saizmaa tsogzolmaa,https://www.imo-official.org/results/individual/country/MNG/
Mongolia,MNG,D.,Tubshinjargal,D. Tubshinjargal,"Tubshinjargal, D.",d tubshinjargal,https://www.imo-official.org/results/individual/country/MNG/
Mongolia,MNG,Minjur,Tudevjafîn,Minjur Tudevjafîn,"Tudevjafîn, Minjur",minjur tudevjafin,https://www.imo-official.org/results/individual/country/MNG/
Mongolia,MNG,Khulan,Tumenbayar,Khulan Tumenbayar,"Tumenbayar, Khulan",khulan tumenbayar,https://www.imo-official.org/results/individual/country/MNG/
Mongolia,MNG,Baasanjav,Tumur,Baasanjav Tumur,"Tumur, Baasanjav",baasanjav tumur,https://www.imo-official.org/results/individual/country/MNG/
Mongolia,MNG,Enkhzaya,Tunge Tamgat,Enkhzaya Tunge Tamgat,"Tunge Tamgat, Enkhzaya",enkhzaya tamgat tunge,https://www.imo-official.org/results/individual/country/MNG/
Mongolia,MNG,Zorigt,Ulzibat,Zorigt Ulzibat,"Ulzibat, Zorigt",ulzibat zorigt,https://www.imo-official.org/results/individual/country/MNG/
Mongolia,MNG,?,V.,? V.,"V., ?",v,https://www.imo-official.org/results/individual/country/MNG/
Mongolia,MNG,Ulziibold,Yadamsuren,Ulziibold Yadamsuren,"Yadamsuren, Ulziibold",ulziibold yadamsuren,https://www.imo-official.org/results/individual/country/MNG/
Mongolia,MNG,Bayarsaikhan,Zagdaa,Bayarsaikhan Zagdaa,"Zagdaa, Bayarsaikhan",bayarsaikhan zagdaa,https://www.imo-official.org/results/individual/country/MNG/
Mongolia,MNG,Bajaraa,Zhambaagijn,Bajaraa Zhambaagijn,"Zhambaagijn, Bajaraa",bajaraa zhambaagijn,https://www.imo-official.org/results/individual/country/MNG/
Mongolia,MNG,Bolor-Erdene,Zolbayar,Bolor-Erdene Zolbayar,"Zolbayar, Bolor-Erdene",bolor erdene zolbayar,https://www.imo-official.org/results/individual/country/MNG/
Mongolia,MNG,Khongor,Zorigt,Khongor Zorigt,"Zorigt, Khongor",khongor zorigt,https://www.imo-official.org/results/individual/country/MNG/
Nepal,NPL,Aayam,Acharya,Aayam Acharya,"Acharya, Aayam",aayam acharya,https://www.imo-official.org/results/individual/country/NPL/
Nepal,NPL,Suraj,Acharya,Suraj Acharya,"Acharya, Suraj",acharya suraj,https://www.imo-official.org/results/individual/country/NPL/
Nepal,NPL,Swikriti,Acharya,Swikriti Acharya,"Acharya, Swikriti",acharya swikriti,https://www.imo-official.org/results/individual/country/NPL/
Nepal,NPL,Prabin,Adhikari,Prabin Adhikari,"Adhikari, Prabin",adhikari prabin,https://www.imo-official.org/results/individual/country/NPL/
Nepal,NPL,Prajit,Adhikari,Prajit Adhikari,"Adhikari, Prajit",adhikari prajit,https://www.imo-official.org/results/individual/country/NPL/
Nepal,NPL,Sahil,Aryal,Sahil Aryal,"Aryal, Sahil",aryal sahil,https://www.imo-official.org/results/individual/country/NPL/
Nepal,NPL,Sohil,Aryal,Sohil Aryal,"Aryal, Sohil",aryal sohil,https://www.imo-official.org/results/individual/country/NPL/
Nepal,NPL,Suman,Banskota,Suman Banskota,"Banskota, Suman",banskota suman,https://www.imo-official.org/results/individual/country/NPL/
Nepal,NPL,Nayam,Barun,Nayam Barun,"Barun, Nayam",barun nayam,https://www.imo-official.org/results/individual/country/NPL/
Nepal,NPL,Saurav,Bastola,Saurav Bastola,"Bastola, Saurav",bastola saurav,https://www.imo-official.org/results/individual/country/NPL/
Nepal,NPL,Pratik,Bhandari,Pratik Bhandari,"Bhandari, Pratik",bhandari pratik,https://www.imo-official.org/results/individual/country/NPL/
Nepal,NPL,Sampanna,Bhandari,Sampanna Bhandari,"Bhandari, Sampanna",bhandari sampanna,https://www.imo-official.org/results/individual/country/NPL/
Nepal,NPL,Ruchee,Bhatta,Ruchee Bhatta,"Bhatta, Ruchee",bhatta ruchee,https://www.imo-official.org/results/individual/country/NPL/
Nepal,NPL,Rahul,Bhujel,Rahul Bhujel,"Bhujel, Rahul",bhujel rahul,https://www.imo-official.org/results/individual/country/NPL/
Nepal,NPL,Drone,Chaudhary,Drone Chaudhary,"Chaudhary, Drone",chaudhary drone,https://www.imo-official.org/results/individual/country/NPL/
Nepal,NPL,Rojan,Dangol,Rojan Dangol,"Dangol, Rojan",dangol rojan,https://www.imo-official.org/results/individual/country/NPL/
Nepal,NPL,Kritesh,Dhakal,Kritesh Dhakal,"Dhakal, Kritesh",dhakal kritesh,https://www.imo-official.org/results/individual/country/NPL/
Nepal,NPL,Saugat,Dhakal,Saugat Dhakal,"Dhakal, Saugat",dhakal saugat,https://www.imo-official.org/results/individual/country/NPL/
Nepal,NPL,Sandesh,Dhungana,Sandesh Dhungana,"Dhungana, Sandesh",dhungana sandesh,https://www.imo-official.org/results/individual/country/NPL/
Nepal,NPL,Dikshant,Dulal,Dikshant Dulal,"Dulal, Dikshant",dikshant dulal,https://www.imo-official.org/results/individual/country/NPL/
Nepal,NPL,Sarthak,Giri,Sarthak Giri,"Giri, Sarthak",giri sarthak,https://www.imo-official.org/results/individual/country/NPL/
Nepal,NPL,Prabesh,Humagain,Prabesh Humagain,"Humagain, Prabesh",humagain prabesh,https://www.imo-official.org/results/individual/country/NPL/
Nepal,NPL,Mission,Joshi,Mission Joshi,"Joshi, Mission",joshi mission,https://www.imo-official.org/results/individual/country/NPL/
Nepal,NPL,Darshan,KC,Darshan KC,"KC, Darshan",darshan kc,https://www.imo-official.org/results/individual/country/NPL/
Nepal,NPL,Jagat,Kafle,Jagat Kafle,"Kafle, Jagat",jagat kafle,https://www.imo-official.org/results/individual/country/NPL/
Nepal,NPL,Yugantar,Kalakheti,Yugantar Kalakheti,"Kalakheti, Yugantar",kalakheti yugantar,https://www.imo-official.org/results/individual/country/NPL/
Nepal,NPL,Nischal,Karki,Nischal Karki,"Karki, Nischal",karki nischal,https://www.imo-official.org/results/individual/country/NPL/
Nepal,NPL,Aabartan Man,Karmacharya,Aabartan Man Karmacharya,"Karmacharya, Aabartan Man",aabartan karmacharya man,https://www.imo-official.org/results/individual/country/NPL/
Nepal,NPL,Awanish,Khanal,Awanish Khanal,"Khanal, Awanish",awanish khanal,https://www.imo-official.org/results/individual/country/NPL/
Nepal,NPL,Nishan,Khatri,Nishan Khatri,"Khatri, Nishan",khatri nishan,https://www.imo-official.org/results/individual/country/NPL/
Nepal,NPL,Saurabh,Koju,Saurabh Koju,"Koju, Saurabh",koju saurabh,https://www.imo-official.org/results/individual/country/NPL/
Nepal,NPL,Prabin Kumar,Mahato,Prabin Kumar Mahato,"Mahato, Prabin Kumar",kumar mahato prabin,https://www.imo-official.org/results/individual/country/NPL/
Nepal,NPL,Naman,Maheshwari,Naman Maheshwari,"Maheshwari, Naman",maheshwari naman,https://www.imo-official.org/results/individual/country/NPL/
Nepal,NPL,Aashish,Mishra,Aashish Mishra,"Mishra, Aashish",aashish mishra,https://www.imo-official.org/results/individual/country/NPL/
Nepal,NPL,Kartikesh,Mishra,Kartikesh Mishra,"Mishra, Kartikesh",kartikesh mishra,https://www.imo-official.org/results/individual/country/NPL/
Nepal,NPL,Raunak Ranjan,Mishra,Raunak Ranjan Mishra,"Mishra, Raunak Ranjan",mishra ranjan raunak,https://www.imo-official.org/results/individual/country/NPL/
Nepal,NPL,Prakash,Pant,Prakash Pant,"Pant, Prakash",pant prakash,https://www.imo-official.org/results/individual/country/NPL/
Nepal,NPL,Bibek,Panthi,Bibek Panthi,"Panthi, Bibek",bibek panthi,https://www.imo-official.org/results/individual/country/NPL/
Nepal,NPL,Bivek,Panthi,Bivek Panthi,"Panthi, Bivek",bivek panthi,https://www.imo-official.org/results/individual/country/NPL/
Nepal,NPL,Ajay,Pokharel,Ajay Pokharel,"Pokharel, Ajay",ajay pokharel,https://www.imo-official.org/results/individual/country/NPL/
Nepal,NPL,Arij,Pokhrel,Arij Pokhrel,"Pokhrel, Arij",arij pokhrel,https://www.imo-official.org/results/individual/country/NPL/
Nepal,NPL,Pragyesh,Poudel,Pragyesh Poudel,"Poudel, Pragyesh",poudel pragyesh,https://www.imo-official.org/results/individual/country/NPL/
Nepal,NPL,Kapil,Sharma,Kapil Sharma,"Sharma, Kapil",kapil sharma,https://www.imo-official.org/results/individual/country/NPL/
Nepal,NPL,Shreyash,Sharma Bastola,Shreyash Sharma Bastola,"Sharma Bastola, Shreyash",bastola sharma shreyash,https://www.imo-official.org/results/individual/country/NPL/
Nepal,NPL,Prashanna,Shrestha,Prashanna Shrestha,"Shrestha, Prashanna",prashanna shrestha,https://www.imo-official.org/results/individual/country/NPL/
Nepal,NPL,Sumiran,Subedi,Sumiran Subedi,"Subedi, Sumiran",subedi sumiran,https://www.imo-official.org/results/individual/country/NPL/
Nepal,NPL,Aayush,Thagunna,Aayush Thagunna,"Thagunna, Aayush",aayush thagunna,https://www.imo-official.org/results/individual/country/NPL/
Nepal,NPL,Prasiddha,Thapa,Prasiddha Thapa,"Thapa, Prasiddha",prasiddha thapa,https://www.imo-official.org/results/individual/country/NPL/
Nepal,NPL,Vivek,Yadav,Vivek Yadav,"Yadav, Vivek",vivek yadav,https://www.imo-official.org/results/individual/country/NPL/
Nepal,NPL,Yuvraj,sarda,Yuvraj sarda,"sarda, Yuvraj",sarda yuvraj,https://www.imo-official.org/results/individual/country/NPL/
Netherlands,NLD,Josiah,'t Hart,Josiah 't Hart,"'t Hart, Josiah",hart josiah t,https://www.imo-official.org/results/individual/country/NLD/
Netherlands,NLD,Erik,Admiraal,Erik Admiraal,"Admiraal, Erik",admiraal erik,https://www.imo-official.org/results/individual/country/NLD/
Netherlands,NLD,Lec,Alkema,Lec Alkema,"Alkema, Lec",alkema lec,https://www.imo-official.org/results/individual/country/NLD/
Netherlands,NLD,Roel,Alkemade,Roel Alkemade,"Alkemade, Roel",alkemade roel,https://www.imo-official.org/results/individual/country/NLD/
Netherlands,NLD,Victor,Allis,Victor Allis,"Allis, Victor",allis victor,https://www.imo-official.org/results/individual/country/NLD/
Netherlands,NLD,Pierre,America,Pierre America,"America, Pierre",america pierre,https://www.imo-official.org/results/individual/country/NLD/
Netherlands,NLD,Kevin,Backhouse,Kevin Backhouse,"Backhouse, Kevin",backhouse kevin,https://www.imo-official.org/results/individual/country/NLD/
Netherlands,NLD,Lance,Bakker,Lance Bakker,"Bakker, Lance",bakker lance,https://www.imo-official.org/results/individual/country/NLD/
Netherlands,NLD,Ronald,Beekelaar,Ronald Beekelaar,"Beekelaar, Ronald",beekelaar ronald,https://www.imo-official.org/results/individual/country/NLD/
Netherlands,NLD,Herbert,Beltman,Herbert Beltman,"Beltman, Herbert",beltman herbert,https://www.imo-official.org/results/individual/country/NLD/
Netherlands,NLD,Guus,Berkelmans,Guus Berkelmans,"Berkelmans, Guus",berkelmans guus,https://www.imo-official.org/results/individual/country/NLD/
Netherlands,NLD,Wouter,Berkelmans,Wouter Berkelmans,"Berkelmans, Wouter",berkelmans wouter,https://www.imo-official.org/results/individual/country/NLD/
Netherlands,NLD,Niels,Besseling,Niels Besseling,"Besseling, Niels",besseling niels,https://www.imo-official.org/results/individual/country/NLD/
Netherlands,NLD,Thomas,Beuman,Thomas Beuman,"Beuman, Thomas",beuman thomas,https://www.imo-official.org/results/individual/country/NLD/
Netherlands,NLD,Jochum van der,Bij,Jochum van der Bij,"Bij, Jochum van der",bij der jochum van,https://www.imo-official.org/results/individual/country/NLD/
Netherlands,NLD,Hildo,Bijl,Hildo Bijl,"Bijl, Hildo",bijl hildo,https://www.imo-official.org/results/individual/country/NLD/
Netherlands,NLD,Ronald,Blaak,Ronald Blaak,"Blaak, Ronald",blaak ronald,https://www.imo-official.org/results/individual/country/NLD/
Netherlands,NLD,Jelle,Bloemendaal,Jelle Bloemendaal,"Bloemendaal, Jelle",bloemendaal jelle,https://www.imo-official.org/results/individual/country/NLD/
Netherlands,NLD,Esther,Bod,Esther Bod,"Bod, Esther",bod esther,https://www.imo-official.org/results/individual/country/NLD/
Netherlands,NLD,Tysger,Boelens,Tysger Boelens,"Boelens, Tysger",boelens tysger,https://www.imo-official.org/results/individual/country/NLD/
Netherlands,NLD,Sjoerd,Boersma,Sjoerd Boersma,"Boersma, Sjoerd",boersma sjoerd,https://www.imo-official.org/results/individual/country/NLD/
Netherlands,NLD,Segher,Boessenkool,Segher Boessenkool,"Boessenkool, Segher",boessenkool segher,https://www.imo-official.org/results/individual/country/NLD/
Netherlands,NLD,Peter,Boots,Peter Boots,"Boots, Peter",boots peter,https://www.imo-official.org/results/individual/country/NLD/
Netherlands,NLD,Johan,Bosman,Johan Bosman,"Bosman, Johan",bosman johan,https://www.imo-official.org/results/individual/country/NLD/
Netherlands,NLD,Bram,Bouwens,Bram Bouwens,"Bouwens, Bram",bouwens bram,https://www.imo-official.org/results/individual/country/NLD/
Netherlands,NLD,Jos,Brakenhoff,Jos Brakenhoff,"Brakenhoff, Jos",brakenhoff jos,https://www.imo-official.org/results/individual/country/NLD/
Netherlands,NLD,Jan,Brinkhuis,Jan Brinkhuis,"Brinkhuis, Jan",brinkhuis jan,https://www.imo-official.org/results/individual/country/NLD/
Netherlands,NLD,Joke,Brinkhuis,Joke Brinkhuis,"Brinkhuis, Joke",brinkhuis joke,https://www.imo-official.org/results/individual/country/NLD/
Netherlands,NLD,Boaz,Brouwer,Boaz Brouwer,"Brouwer, Boaz",boaz brouwer,https://www.imo-official.org/results/individual/country/NLD/
Netherlands,NLD,Piet,Brouwer,Piet Brouwer,"Brouwer, Piet",brouwer piet,https://www.imo-official.org/results/individual/country/NLD/
Netherlands,NLD,Tim,Brouwer,Tim Brouwer,"Brouwer, Tim",brouwer tim,https://www.imo-official.org/results/individual/country/NLD/
Netherlands,NLD,Peter,Bruin,Peter Bruin,"Bruin, Peter",bruin peter,https://www.imo-official.org/results/individual/country/NLD/
Netherlands,NLD,Harry,Bruning,Harry Bruning,"Bruning, Harry",bruning harry,https://www.imo-official.org/results/individual/country/NLD/
Netherlands,NLD,Szabi,Buzogány,Szabi Buzogány,"Buzogány, Szabi",buzogany szabi,https://www.imo-official.org/results/individual/country/NLD/
Netherlands,NLD,Harm,Campmans,Harm Campmans,"Campmans, Harm",campmans harm,https://www.imo-official.org/results/individual/country/NLD/
Netherlands,NLD,Bas,Capel,Bas Capel,"Capel, Bas",bas capel,https://www.imo-official.org/results/individual/country/NLD/
Netherlands,NLD,Saskia,Chambille,Saskia Chambille,"Chambille, Saskia",chambille saskia,https://www.imo-official.org/results/individual/country/NLD/
Netherlands,NLD,Thomas,Chen,Thomas Chen,"Chen, Thomas",chen thomas,https://www.imo-official.org/results/individual/country/NLD/
Netherlands,NLD,Yuhui,Cheng,Yuhui Cheng,"Cheng, Yuhui",cheng yuhui,https://www.imo-official.org/results/individual/country/NLD/
Netherlands,NLD,Koen,Claessen,Koen Claessen,"Claessen, Koen",claessen koen,https://www.imo-official.org/results/individual/country/NLD/
Netherlands,NLD,Willem,Cleven,Willem Cleven,"Cleven, Willem",cleven willem,https://www.imo-official.org/results/individual/country/NLD/
Netherlands,NLD,Bauke,Conijn,Bauke Conijn,"Conijn, Bauke",bauke conijn,https://www.imo-official.org/results/individual/country/NLD/
Netherlands,NLD,Frans,Cornelis,Frans Cornelis,"Cornelis, Frans",cornelis frans,https://www.imo-official.org/results/individual/country/NLD/
Netherlands,NLD,Bert,Corneth,Bert Corneth,"Corneth, Bert",bert corneth,https://www.imo-official.org/results/individual/country/NLD/
Netherlands,NLD,Hugo,Cramer,Hugo Cramer,"Cramer, Hugo",cramer hugo,https://www.imo-official.org/results/individual/country/NLD/
Netherlands,NLD,Mike,Daas,Mike Daas,"Daas, Mike",daas mike,https://www.imo-official.org/results/individual/country/NLD/
Netherlands,NLD,Maarten,Derickx,Maarten Derickx,"Derickx, Maarten",derickx maarten,https://www.imo-official.org/results/individual/country/NLD/
Netherlands,NLD,Harm,Derksen,Harm Derksen,"Derksen, Harm",derksen harm,https://www.imo-official.org/results/individual/country/NLD/
Netherlands,NLD,Steven,Dijk,Steven Dijk,"Dijk, Steven",dijk steven,https://www.imo-official.org/results/individual/country/NLD/
Netherlands,NLD,Freek,Dijkstra,Freek Dijkstra,"Dijkstra, Freek",dijkstra freek,https://www.imo-official.org/results/individual/country/NLD/
Netherlands,NLD,Jerk,Doekes,Jerk Doekes,"Doekes, Jerk",doekes jerk,https://www.imo-official.org/results/individual/country/NLD/
Netherlands,NLD,Raimondo,Eggink,Raimondo Eggink,"Eggink, Raimondo",eggink raimondo,https://www.imo-official.org/results/individual/country/NLD/
Netherlands,NLD,Jan,Ehrhardt,Jan Ehrhardt,"Ehrhardt, Jan",ehrhardt jan,https://www.imo-official.org/results/individual/country/NLD/
Netherlands,NLD,Pieter,Eihgenraam,Pieter Eihgenraam,"Eihgenraam, Pieter",eihgenraam pieter,https://www.imo-official.org/results/individual/country/NLD/
Netherlands,NLD,Joop van den,Eijnde,Joop van den Eijnde,"Eijnde, Joop van den",den eijnde joop van,https://www.imo-official.org/results/individual/country/NLD/
Netherlands,NLD,Joep,Engels,Joep Engels,"Engels, Joep",engels joep,https://www.imo-official.org/results/individual/country/NLD/
Netherlands,NLD,Piet,Eygenraam,Piet Eygenraam,"Eygenraam, Piet",eygenraam piet,https://www.imo-official.org/results/individual/country/NLD/
Netherlands,NLD,Carel,Faber,Carel Faber,"Faber, Carel",carel faber,https://www.imo-official.org/results/individual/country/NLD/
Netherlands,NLD,Alex,Fekken,Alex Fekken,"Fekken, Alex",alex fekken,https://www.imo-official.org/results/individual/country/NLD/
Netherlands,NLD,Jaap,Fijnvandraat,Jaap Fijnvandraat,"Fijnvandraat, Jaap",fijnvandraat jaap,https://www.imo-official.org/results/individual/country/NLD/
Netherlands,NLD,Jesse,Fitié,Jesse Fitié,"Fitié, Jesse",fitie jesse,https://www.imo-official.org/results/individual/country/NLD/
Netherlands,NLD,Marijn,Franx,Marijn Franx,"Franx, Marijn",franx marijn,https://www.imo-official.org/results/individual/country/NLD/
Netherlands,NLD,Johan van,Gans,Johan van Gans,"Gans, Johan van",gans johan van,https://www.imo-official.org/results/individual/country/NLD/
Netherlands,NLD,Susan,Geldof,Susan Geldof,"Geldof, Susan",geldof susan,https://www.imo-official.org/results/individual/country/NLD/
Netherlands,NLD,Jovan,Gerbscheid,Jovan Gerbscheid,"Gerbscheid, Jovan",gerbscheid jovan,https://www.imo-official.org/results/individual/country/NLD/
Netherlands,NLD,Peter,Gerlagh,Peter Gerlagh,"Gerlagh, Peter",gerlagh peter,https://www.imo-official.org/results/individual/country/NLD/
Netherlands,NLD,Reyer,Gerlagh,Reyer Gerlagh,"Gerlagh, Reyer",gerlagh reyer,https://www.imo-official.org/results/individual/country/NLD/
Netherlands,NLD,Dion,Gijswijt,Dion Gijswijt,"Gijswijt, Dion",dion gijswijt,https://www.imo-official.org/results/individual/country/NLD/
Netherlands,NLD,Thorsten,Gragert,Thorsten Gragert,"Gragert, Thorsten",gragert thorsten,https://www.imo-official.org/results/individual/country/NLD/
Netherlands,NLD,Jacobus Cornelis,Groeneveld,Jacobus Cornelis Groeneveld,"Groeneveld, Jacobus Cornelis",cornelis groeneveld jacobus,https://www.imo-official.org/results/individual/country/NLD/
Netherlands,NLD,Vincent,Groenhuis,Vincent Groenhuis,"Groenhuis, Vincent",groenhuis vincent,https://www.imo-official.org/results/individual/country/NLD/
Netherlands,NLD,Ragnar,Groot Koerkamp,Ragnar Groot Koerkamp,"Groot Koerkamp, Ragnar",groot koerkamp ragnar,https://www.imo-official.org/results/individual/country/NLD/
Netherlands,NLD,Felix,Hamoen,Felix Hamoen,"Hamoen, Felix",felix hamoen,https://www.imo-official.org/results/individual/country/NLD/
Netherlands,NLD,Jeroen,Hansen,Jeroen Hansen,"Hansen, Jeroen",hansen jeroen,https://www.imo-official.org/results/individual/country/NLD/
Netherlands,NLD,Roel,Harbers,Roel Harbers,"Harbers, Roel",harbers roel,https://www.imo-official.org/results/individual/country/NLD/
Netherlands,NLD,Axel,Hartog,Axel Hartog,"Hartog, Axel",axel hartog,https://www.imo-official.org/results/individual/country/NLD/
Netherlands,NLD,Herman,Haverkort,Herman Haverkort,"Haverkort, Herman",haverkort herman,https://www.imo-official.org/results/individual/country/NLD/
Netherlands,NLD,Casper,Heimel,Casper Heimel,"Heimel, Casper",casper heimel,https://www.imo-official.org/results/individual/country/NLD/
Netherlands,NLD,Alex,Heinis,Alex Heinis,"Heinis, Alex",alex heinis,https://www.imo-official.org/results/individual/country/NLD/
Netherlands,NLD,Maxim,Hendriks,Maxim Hendriks,"Hendriks, Maxim",hendriks maxim,https://www.imo-official.org/results/individual/country/NLD/
Netherlands,NLD,Sipke-Jan,Hiemstra,Sipke-Jan Hiemstra,"Hiemstra, Sipke-Jan",hiemstra jan sipke,https://www.imo-official.org/results/individual/country/NLD/
Netherlands,NLD,Jos van der,Hijden,Jos van der Hijden,"Hijden, Jos van der",der hijden jos van,https://www.imo-official.org/results/individual/country/NLD/
Netherlands,NLD,Maarten,Hilferink,Maarten Hilferink,"Hilferink, Maarten",hilferink maarten,https://www.imo-official.org/results/individual/country/NLD/
Netherlands,NLD,Naïm,Hofstede,Naïm Hofstede,"Hofstede, Naïm",hofstede naim,https://www.imo-official.org/results/individual/country/NLD/
Netherlands,NLD,Aegle,Holkstra,Aegle Holkstra,"Holkstra, Aegle",aegle holkstra,https://www.imo-official.org/results/individual/country/NLD/
Netherlands,NLD,Frank,Hoogeveen,Frank Hoogeveen,"Hoogeveen, Frank",frank hoogeveen,https://www.imo-official.org/results/individual/country/NLD/
Netherlands,NLD,Hylke,Hoogeveen,Hylke Hoogeveen,"Hoogeveen, Hylke",hoogeveen hylke,https://www.imo-official.org/results/individual/country/NLD/
Netherlands,NLD,Jippe,Hoogeveen,Jippe Hoogeveen,"Hoogeveen, Jippe",hoogeveen jippe,https://www.imo-official.org/results/individual/country/NLD/
Netherlands,NLD,Rafaël,Houkes,Rafaël Houkes,"Houkes, Rafaël",houkes rafael,https://www.imo-official.org/results/individual/country/NLD/
Netherlands,NLD,Jeroen,Huijben,Jeroen Huijben,"Huijben, Jeroen",huijben jeroen,https://www.imo-official.org/results/individual/country/NLD/
Netherlands,NLD,Hermen Jan,Hupkes,Hermen Jan Hupkes,"Hupkes, Hermen Jan",hermen hupkes jan,https://www.imo-official.org/results/individual/country/NLD/
Netherlands,NLD,Tonny,Hurkens,Tonny Hurkens,"Hurkens, Tonny",hurkens tonny,https://www.imo-official.org/results/individual/country/NLD/
Netherlands,NLD,Henk,Hutting,Henk Hutting,"Hutting, Henk",henk hutting,https://www.imo-official.org/results/individual/country/NLD/
Netherlands,NLD,Richard,Huveneers,Richard Huveneers,"Huveneers, Richard",huveneers richard,https://www.imo-official.org/results/individual/country/NLD/
Netherlands,NLD,Paul Louis,Iske,Paul Louis Iske,"Iske, Paul Louis",iske louis paul,https://www.imo-official.org/results/individual/country/NLD/
Netherlands,NLD,Chris,Jacobs,Chris Jacobs,"Jacobs, Chris",chris jacobs,https://www.imo-official.org/results/individual/country/NLD/
Netherlands,NLD,Leon,Jacobs,Leon Jacobs,"Jacobs, Leon",jacobs leon,https://www.imo-official.org/results/individual/country/NLD/
Netherlands,NLD,Robert,Jan Kooman,Robert Jan Kooman,"Jan Kooman, Robert",jan kooman robert,https://www.imo-official.org/results/individual/country/NLD/
Netherlands,NLD,Roel,Janssen,Roel Janssen,"Janssen, Roel",janssen roel,https://www.imo-official.org/results/individual/country/NLD/
Netherlands,NLD,Jinbi,Jin,Jinbi Jin,"Jin, Jinbi",jin jinbi,https://www.imo-official.org/results/individual/country/NLD/
Netherlands,NLD,Wiebe,Kees Goodijk,Wiebe Kees Goodijk,"Kees Goodijk, Wiebe",goodijk kees wiebe,https://www.imo-official.org/results/individual/country/NLD/
Netherlands,NLD,Erik,Kieft,Erik Kieft,"Kieft, Erik",erik kieft,https://www.imo-official.org/results/individual/country/NLD/
Netherlands,NLD,Jan,Koen Annot,Jan Koen Annot,"Koen Annot, Jan",annot jan koen,https://www.imo-official.org/results/individual/country/NLD/
Netherlands,NLD,David,Kok,David Kok,"Kok, David",david kok,https://www.imo-official.org/results/individual/country/NLD/
Netherlands,NLD,Gertjan,Kok,Gertjan Kok,"Kok, Gertjan",gertjan kok,https://www.imo-official.org/results/individual/country/NLD/
Netherlands,NLD,Mads,Kok,Mads Kok,"Kok, Mads",kok mads,https://www.imo-official.org/results/individual/country/NLD/
Netherlands,NLD,Johan,Konter,Johan Konter,"Konter, Johan",johan konter,https://www.imo-official.org/results/individual/country/NLD/
Netherlands,NLD,Wietze,Koops,Wietze Koops,"Koops, Wietze",koops wietze,https://www.imo-official.org/results/individual/country/NLD/
Netherlands,NLD,Melvin,Koppens,Melvin Koppens,"Koppens, Melvin",koppens melvin,https://www.imo-official.org/results/individual/country/NLD/
Netherlands,NLD,Karst,Koymans,Karst Koymans,"Koymans, Karst",karst koymans,https://www.imo-official.org/results/individual/country/NLD/
Netherlands,NLD,Daan,Krammer,Daan Krammer,"Krammer, Daan",daan krammer,https://www.imo-official.org/results/individual/country/NLD/
Netherlands,NLD,Tobias,Kristiansen,Tobias Kristiansen,"Kristiansen, Tobias",kristiansen tobias,https://www.imo-official.org/results/individual/country/NLD/
Netherlands,NLD,Daniël,Kroes,Daniël Kroes,"Kroes, Daniël",daniel kroes,https://www.imo-official.org/results/individual/country/NLD/
Netherlands,NLD,Simon,Kronemeijer,Simon Kronemeijer,"Kronemeijer, Simon",kronemeijer simon,https://www.imo-official.org/results/individual/country/NLD/
Netherlands,NLD,Erjen,Lefeber,Erjen Lefeber,"Lefeber, Erjen",erjen lefeber,https://www.imo-official.org/results/individual/country/NLD/
Netherlands,NLD,Matthijs,Lip,Matthijs Lip,"Lip, Matthijs",lip matthijs,https://www.imo-official.org/results/individual/country/NLD/
Netherlands,NLD,Milan,Lopuhaä,Milan Lopuhaä,"Lopuhaä, Milan",lopuhaa milan,https://www.imo-official.org/results/individual/country/NLD/
Netherlands,NLD,Gerton,Lunter,Gerton Lunter,"Lunter, Gerton",gerton lunter,https://www.imo-official.org/results/individual/country/NLD/
Netherlands,NLD,Jan,Luuk Roelfsema,Jan Luuk Roelfsema,"Luuk Roelfsema, Jan",jan luuk roelfsema,https://www.imo-official.org/results/individual/country/NLD/
Netherlands,NLD,Julian,Lyczak,Julian Lyczak,"Lyczak, Julian",julian lyczak,https://www.imo-official.org/results/individual/country/NLD/
Netherlands,NLD,Matthew,Maat,Matthew Maat,"Maat, Matthew",maat matthew,https://www.imo-official.org/results/individual/country/NLD/
Netherlands,NLD,Casper,Madlener,Casper Madlener,"Madlener, Casper",casper madlener,https://www.imo-official.org/results/individual/country/NLD/
Netherlands,NLD,Eric Jan van der,Marel,Eric Jan van der Marel,"Marel, Eric Jan van der",der eric jan marel van,https://www.imo-official.org/results/individual/country/NLD/
Netherlands,NLD,Marcus,Martina,Marcus Martina,"Martina, Marcus",marcus martina,https://www.imo-official.org/results/individual/country/NLD/
Netherlands,NLD,Lisa,Meij,Lisa Meij,"Meij, Lisa",lisa meij,https://www.imo-official.org/results/individual/country/NLD/
Netherlands,NLD,Richard,Meijer,Richard Meijer,"Meijer, Richard",meijer richard,https://www.imo-official.org/results/individual/country/NLD/
Netherlands,NLD,Matthijs,Melissen,Matthijs Melissen,"Melissen, Matthijs",matthijs melissen,https://www.imo-official.org/results/individual/country/NLD/
Netherlands,NLD,Eric,Menting,Eric Menting,"Menting, Eric",eric menting,https://www.imo-official.org/results/individual/country/NLD/
Netherlands,NLD,Martijn,Mink,Martijn Mink,"Mink, Martijn",martijn mink,https://www.imo-official.org/results/individual/country/NLD/
Netherlands,NLD,Ben,Moonen,Ben Moonen,"Moonen, Ben",ben moonen,https://www.imo-official.org/results/individual/country/NLD/
Netherlands,NLD,Tjeerd,Morsch,Tjeerd Morsch,"Morsch, Tjeerd",morsch tjeerd,https://www.imo-official.org/results/individual/country/NLD/
Netherlands,NLD,Hans,Mulder,Hans Mulder,"Mulder, Hans",hans mulder,https://www.imo-official.org/results/individual/country/NLD/
Netherlands,NLD,Kyndylan,Nienhuis,Kyndylan Nienhuis,"Nienhuis, Kyndylan",kyndylan nienhuis,https://www.imo-official.org/results/individual/country/NLD/
Netherlands,NLD,Jitse,Niesen,Jitse Niesen,"Niesen, Jitse",jitse niesen,https://www.imo-official.org/results/individual/country/NLD/
Netherlands,NLD,Jeroen,Nijhof,Jeroen Nijhof,"Nijhof, Jeroen",jeroen nijhof,https://www.imo-official.org/results/individual/country/NLD/
Netherlands,NLD,Yanniek,Nitescu,Yanniek Nitescu,"Nitescu, Yanniek",nitescu yanniek,https://www.imo-official.org/results/individual/country/NLD/
Netherlands,NLD,Lian Ien,Oei,Lian Ien Oei,"Oei, Lian Ien",ien lian oei,https://www.imo-official.org/results/individual/country/NLD/
Netherlands,NLD,Wim,Oudshoorn,Wim Oudshoorn,"Oudshoorn, Wim",oudshoorn wim,https://www.imo-official.org/results/individual/country/NLD/
Netherlands,NLD,Mark,Overmars,Mark Overmars,"Overmars, Mark",mark overmars,https://www.imo-official.org/results/individual/country/NLD/
Netherlands,NLD,Jeroen,Paasschens,Jeroen Paasschens,"Paasschens, Jeroen",jeroen paasschens,https://www.imo-official.org/results/individual/country/NLD/
Netherlands,NLD,Willem Jan,Palenstijn,Willem Jan Palenstijn,"Palenstijn, Willem Jan",jan palenstijn willem,https://www.imo-official.org/results/individual/country/NLD/
Netherlands,NLD,Rene,Pannekoek,Rene Pannekoek,"Pannekoek, Rene",pannekoek rene,https://www.imo-official.org/results/individual/country/NLD/
Netherlands,NLD,Ton van der,Pasch,Ton van der Pasch,"Pasch, Ton van der",der pasch ton van,https://www.imo-official.org/results/individual/country/NLD/
Netherlands,NLD,Victor,Pessers,Victor Pessers,"Pessers, Victor",pessers victor,https://www.imo-official.org/results/individual/country/NLD/
Netherlands,NLD,Tobias,Piet,Tobias Piet,"Piet, Tobias",piet tobias,https://www.imo-official.org/results/individual/country/NLD/
Netherlands,NLD,Lars,Pos,Lars Pos,"Pos, Lars",lars pos,https://www.imo-official.org/results/individual/country/NLD/
Netherlands,NLD,Erik,Postma,Erik Postma,"Postma, Erik",erik postma,https://www.imo-official.org/results/individual/country/NLD/
Netherlands,NLD,Rob,Potting,Rob Potting,"Potting, Rob",potting rob,https://www.imo-official.org/results/individual/country/NLD/
Netherlands,NLD,Quintijn,Puite,Quintijn Puite,"Puite, Quintijn",puite quintijn,https://www.imo-official.org/results/individual/country/NLD/
Netherlands,NLD,Tim,Reijnders,Tim Reijnders,"Reijnders, Tim",reijnders tim,https://www.imo-official.org/results/individual/country/NLD/
Netherlands,NLD,Mark,Reinders,Mark Reinders,"Reinders, Mark",mark reinders,https://www.imo-official.org/results/individual/country/NLD/
Netherlands,NLD,Hans,Rieuwerts,Hans Rieuwerts,"Rieuwerts, Hans",hans rieuwerts,https://www.imo-official.org/results/individual/country/NLD/
Netherlands,NLD,Maarten,Roelofsma,Maarten Roelofsma,"Roelofsma, Maarten",maarten roelofsma,https://www.imo-official.org/results/individual/country/NLD/
Netherlands,NLD,Wim,Ruitenburg,Wim Ruitenburg,"Ruitenburg, Wim",ruitenburg wim,https://www.imo-official.org/results/individual/country/NLD/
Netherlands,NLD,Antonie Wijnand Frederik,Rutgers,Antonie Wijnand Frederik Rutgers,"Rutgers, Antonie Wijnand Frederik",antonie frederik rutgers wijnand,https://www.imo-official.org/results/individual/country/NLD/
Netherlands,NLD,Peter Christiaan,Schmale,Peter Christiaan Schmale,"Schmale, Peter Christiaan",christiaan peter schmale,https://www.imo-official.org/results/individual/country/NLD/
Netherlands,NLD,Reinier,Schmiermann,Reinier Schmiermann,"Schmiermann, Reinier",reinier schmiermann,https://www.imo-official.org/results/individual/country/NLD/
Netherlands,NLD,René,Sitters,René Sitters,"Sitters, René",rene sitters,https://www.imo-official.org/results/individual/country/NLD/
Netherlands,NLD,Colin,Smeets,Colin Smeets,"Smeets, Colin",colin smeets,https://www.imo-official.org/results/individual/country/NLD/
Netherlands,NLD,Gert Jan,Smit,Gert Jan Smit,"Smit, Gert Jan",gert jan smit,https://www.imo-official.org/results/individual/country/NLD/
Netherlands,NLD,Iris,Smit,Iris Smit,"Smit, Iris",iris smit,https://www.imo-official.org/results/individual/country/NLD/
Netherlands,NLD,Hanne,Snijders,Hanne Snijders,"Snijders, Hanne",hanne snijders,https://www.imo-official.org/results/individual/country/NLD/
Netherlands,NLD,Pim,Spelier,Pim Spelier,"Spelier, Pim",pim spelier,https://www.imo-official.org/results/individual/country/NLD/
Netherlands,NLD,Rinus,Spit,Rinus Spit,"Spit, Rinus",rinus spit,https://www.imo-official.org/results/individual/country/NLD/
Netherlands,NLD,Ryan,Staal,Ryan Staal,"Staal, Ryan",ryan staal,https://www.imo-official.org/results/individual/country/NLD/
Netherlands,NLD,Merlijn,Staps,Merlijn Staps,"Staps, Merlijn",merlijn staps,https://www.imo-official.org/results/individual/country/NLD/
Netherlands,NLD,Misha,Stassen,Misha Stassen,"Stassen, Misha",misha stassen,https://www.imo-official.org/results/individual/country/NLD/
Netherlands,NLD,Johannes,Steenstra,Johannes Steenstra,"Steenstra, Johannes",johannes steenstra,https://www.imo-official.org/results/individual/country/NLD/
Netherlands,NLD,Arjen,Stolk,Arjen Stolk,"Stolk, Arjen",arjen stolk,https://www.imo-official.org/results/individual/country/NLD/
Netherlands,NLD,Chris,Stolk,Chris Stolk,"Stolk, Chris",chris stolk,https://www.imo-official.org/results/individual/country/NLD/
Netherlands,NLD,Marco,Streng,Marco Streng,"Streng, Marco",marco streng,https://www.imo-official.org/results/individual/country/NLD/
Netherlands,NLD,Michelle,Sweering,Michelle Sweering,"Sweering, Michelle",michelle sweering,https://www.imo-official.org/results/individual/country/NLD/
Netherlands,NLD,Sietske,Tacoma,Sietske Tacoma,"Tacoma, Sietske",sietske tacoma,https://www.imo-official.org/results/individual/country/NLD/
Netherlands,NLD,Heino,Teschmacher,Heino Teschmacher,"Teschmacher, Heino",heino teschmacher,https://www.imo-official.org/results/individual/country/NLD/
Netherlands,NLD,Djurre,Tijsma,Djurre Tijsma,"Tijsma, Djurre",djurre tijsma,https://www.imo-official.org/results/individual/country/NLD/
Netherlands,NLD,Eric,Tjong Tjin Tai,Eric Tjong Tjin Tai,"Tjong Tjin Tai, Eric",eric tai tjin tjong,https://www.imo-official.org/results/individual/country/NLD/
Netherlands,NLD,Raoul,Trines,Raoul Trines,"Trines, Raoul",raoul trines,https://www.imo-official.org/results/individual/country/NLD/
Netherlands,NLD,Thian,Tromp,Thian Tromp,"Tromp, Thian",thian tromp,https://www.imo-official.org/results/individual/country/NLD/
Netherlands,NLD,Ralph,Tschopp,Ralph Tschopp,"Tschopp, Ralph",ralph tschopp,https://www.imo-official.org/results/individual/country/NLD/
Netherlands,NLD,Daniel,Tuijnman,Daniel Tuijnman,"Tuijnman, Daniel",daniel tuijnman,https://www.imo-official.org/results/individual/country/NLD/
Netherlands,NLD,Jan,Tuitman,Jan Tuitman,"Tuitman, Jan",jan tuitman,https://www.imo-official.org/results/individual/country/NLD/
Netherlands,NLD,Menke,Ubbens,Menke Ubbens,"Ubbens, Menke",menke ubbens,https://www.imo-official.org/results/individual/country/NLD/
Netherlands,NLD,Taco,Vader,Taco Vader,"Vader, Taco",taco vader,https://www.imo-official.org/results/individual/country/NLD/
Netherlands,NLD,Piet,Van Rens,Piet Van Rens,"Van Rens, Piet",piet rens van,https://www.imo-official.org/results/individual/country/NLD/
Netherlands,NLD,Jelle,Van der Knoop,Jelle Van der Knoop,"Van der Knoop, Jelle",der jelle knoop van,https://www.imo-official.org/results/individual/country/NLD/
Netherlands,NLD,Kees,Van der Velden,Kees Van der Velden,"Van der Velden, Kees",der kees van velden,https://www.imo-official.org/results/individual/country/NLD/
Netherlands,NLD,Meilof,Veeningen,Meilof Veeningen,"Veeningen, Meilof",meilof veeningen,https://www.imo-official.org/results/individual/country/NLD/
Netherlands,NLD,Jan Herman,Veldkamp,Jan Herman Veldkamp,"Veldkamp, Jan Herman",herman jan veldkamp,https://www.imo-official.org/results/individual/country/NLD/
Netherlands,NLD,Allard,Veldman,Allard Veldman,"Veldman, Allard",allard veldman,https://www.imo-official.org/results/individual/country/NLD/
Netherlands,NLD,Bas,Verseveldt,Bas Verseveldt,"Verseveldt, Bas",bas verseveldt,https://www.imo-official.org/results/individual/country/NLD/
Netherlands,NLD,Marco,Vervoort,Marco Vervoort,"Vervoort, Marco",marco vervoort,https://www.imo-official.org/results/individual/country/NLD/
Netherlands,NLD,Wim van,Viersen,Wim van Viersen,"Viersen, Wim van",van viersen wim,https://www.imo-official.org/results/individual/country/NLD/
Netherlands,NLD,Gabriel,Visser,Gabriel Visser,"Visser, Gabriel",gabriel visser,https://www.imo-official.org/results/individual/country/NLD/
Netherlands,NLD,Timco,Visser,Timco Visser,"Visser, Timco",timco visser,https://www.imo-official.org/results/individual/country/NLD/
Netherlands,NLD,Peter,Wagemans,Peter Wagemans,"Wagemans, Peter",peter wagemans,https://www.imo-official.org/results/individual/country/NLD/
Netherlands,NLD,Bart,Westra,Bart Westra,"Westra, Bart",bart westra,https://www.imo-official.org/results/individual/country/NLD/
Netherlands,NLD,Freek,Wiedijk,Freek Wiedijk,"Wiedijk, Freek",freek wiedijk,https://www.imo-official.org/results/individual/country/NLD/
Netherlands,NLD,Jan,Willem Knopper,Jan Willem Knopper,"Willem Knopper, Jan",jan knopper willem,https://www.imo-official.org/results/individual/country/NLD/
Netherlands,NLD,Jeroen,Winkel,Jeroen Winkel,"Winkel, Jeroen",jeroen winkel,https://www.imo-official.org/results/individual/country/NLD/
Netherlands,NLD,Richard,Wols,Richard Wols,"Wols, Richard",richard wols,https://www.imo-official.org/results/individual/country/NLD/
Netherlands,NLD,René,Zandbergen,René Zandbergen,"Zandbergen, René",rene zandbergen,https://www.imo-official.org/results/individual/country/NLD/
Netherlands,NLD,Hantsje,Zantema,Hantsje Zantema,"Zantema, Hantsje",hantsje zantema,https://www.imo-official.org/results/individual/country/NLD/
Netherlands,NLD,Jetze,Zoethout,Jetze Zoethout,"Zoethout, Jetze",jetze zoethout,https://www.imo-official.org/results/individual/country/NLD/
Netherlands,NLD,Wouter,Zomervrucht,Wouter Zomervrucht,"Zomervrucht, Wouter",wouter zomervrucht,https://www.imo-official.org/results/individual/country/NLD/
Netherlands,NLD,Bob,Zwetsloot,Bob Zwetsloot,"Zwetsloot, Bob",bob zwetsloot,https://www.imo-official.org/results/individual/country/NLD/
Netherlands,NLD,Harold,de Boer,Harold de Boer,"de Boer, Harold",boer de harold,https://www.imo-official.org/results/individual/country/NLD/
Netherlands,NLD,Jan,de Boer,Jan de Boer,"de Boer, Jan",boer de jan,https://www.imo-official.org/results/individual/country/NLD/
Netherlands,NLD,Michiel,de Bondt,Michiel de Bondt,"de Bondt, Michiel",bondt de michiel,https://www.imo-official.org/results/individual/country/NLD/
Netherlands,NLD,Peter,de Bruin,Peter de Bruin,"de Bruin, Peter",bruin de peter,https://www.imo-official.org/results/individual/country/NLD/
Netherlands,NLD,Daan,de Groot,Daan de Groot,"de Groot, Daan",daan de groot,https://www.imo-official.org/results/individual/country/NLD/
Netherlands,NLD,Anne,de Haan,Anne de Haan,"de Haan, Anne",anne de haan,https://www.imo-official.org/results/individual/country/NLD/
Netherlands,NLD,Marc,de Jong,Marc de Jong,"de Jong, Marc",de jong marc,https://www.imo-official.org/results/individual/country/NLD/
Netherlands,NLD,Madelon,de Kemp,Madelon de Kemp,"de Kemp, Madelon",de kemp madelon,https://www.imo-official.org/results/individual/country/NLD/
Netherlands,NLD,Gerben,de Klerk,Gerben de Klerk,"de Klerk, Gerben",de gerben klerk,https://www.imo-official.org/results/individual/country/NLD/
Netherlands,NLD,Gerard Renardel,de Lavalette,Gerard Renardel de Lavalette,"de Lavalette, Gerard Renardel",de gerard lavalette renardel,https://www.imo-official.org/results/individual/country/NLD/
Netherlands,NLD,Ronald,de Man,Ronald de Man,"de Man, Ronald",de man ronald,https://www.imo-official.org/results/individual/country/NLD/
Netherlands,NLD,Bart,de Smit,Bart de Smit,"de Smit, Bart",bart de smit,https://www.imo-official.org/results/individual/country/NLD/
Netherlands,NLD,Erick,de Vries,Erick de Vries,"de Vries, Erick",de erick vries,https://www.imo-official.org/results/individual/country/NLD/
Netherlands,NLD,Jan,de Wit,Jan de Wit,"de Wit, Jan",de jan wit,https://www.imo-official.org/results/individual/country/NLD/
Netherlands,NLD,Kees,den Tex,Kees den Tex,"den Tex, Kees",den kees tex,https://www.imo-official.org/results/individual/country/NLD/
Netherlands,NLD,Lucas,du Croo de Jong,Lucas du Croo de Jong,"du Croo de Jong, Lucas",croo de du jong lucas,https://www.imo-official.org/results/individual/country/NLD/
Netherlands,NLD,Bernard,ter Haar,Bernard ter Haar,"ter Haar, Bernard",bernard haar ter,https://www.imo-official.org/results/individual/country/NLD/
Netherlands,NLD,Eva,van Ammers,Eva van Ammers,"van Ammers, Eva",ammers eva van,https://www.imo-official.org/results/individual/country/NLD/
Netherlands,NLD,Hans,van Antwerpen,Hans van Antwerpen,"van Antwerpen, Hans",antwerpen hans van,https://www.imo-official.org/results/individual/country/NLD/
Netherlands,NLD,Raymond,van Bommel,Raymond van Bommel,"van Bommel, Raymond",bommel raymond van,https://www.imo-official.org/results/individual/country/NLD/
Netherlands,NLD,Dirk,van Bree,Dirk van Bree,"van Bree, Dirk",bree dirk van,https://www.imo-official.org/results/individual/country/NLD/
Netherlands,NLD,Erik,van Cappellen,Erik van Cappellen,"van Cappellen, Erik",cappellen erik van,https://www.imo-official.org/results/individual/country/NLD/
Netherlands,NLD,Birgit,van Dalen,Birgit van Dalen,"van Dalen, Birgit",birgit dalen van,https://www.imo-official.org/results/individual/country/NLD/
Netherlands,NLD,Kevin,van Dijk,Kevin van Dijk,"van Dijk, Kevin",dijk kevin van,https://www.imo-official.org/results/individual/country/NLD/
Netherlands,NLD,Remy,van Dobben de Bruyn,Remy van Dobben de Bruyn,"van Dobben de Bruyn, Remy",bruyn de dobben remy van,https://www.imo-official.org/results/individual/country/NLD/
Netherlands,NLD,Floris,van Doorn,Floris van Doorn,"van Doorn, Floris",doorn floris van,https://www.imo-official.org/results/individual/country/NLD/
Netherlands,NLD,Machiel,van Frankenhuijsen,Machiel van Frankenhuijsen,"van Frankenhuijsen, Machiel",frankenhuijsen machiel van,https://www.imo-official.org/results/individual/country/NLD/
Netherlands,NLD,Otto,van Hemert,Otto van Hemert,"van Hemert, Otto",hemert otto van,https://www.imo-official.org/results/individual/country/NLD/
Netherlands,NLD,Mark,van Hoeij,Mark van Hoeij,"van Hoeij, Mark",hoeij mark van,https://www.imo-official.org/results/individual/country/NLD/
Netherlands,NLD,Erik,van Holland,Erik van Holland,"van Holland, Erik",erik holland van,https://www.imo-official.org/results/individual/country/NLD/
Netherlands,NLD,Alexander,van Hoorn,Alexander van Hoorn,"van Hoorn, Alexander",alexander hoorn van,https://www.imo-official.org/results/individual/country/NLD/
Netherlands,NLD,Marc,van Leeuwen,Marc van Leeuwen,"van Leeuwen, Marc",leeuwen marc van,https://www.imo-official.org/results/individual/country/NLD/
Netherlands,NLD,Ronald,van Luijk,Ronald van Luijk,"van Luijk, Ronald",luijk ronald van,https://www.imo-official.org/results/individual/country/NLD/
Netherlands,NLD,Sander,van Noort,Sander van Noort,"van Noort, Sander",noort sander van,https://www.imo-official.org/results/individual/country/NLD/
Netherlands,NLD,Erik,van Ommeren,Erik van Ommeren,"van Ommeren, Erik",erik ommeren van,https://www.imo-official.org/results/individual/country/NLD/
Netherlands,NLD,Frank,van Overbeeke,Frank van Overbeeke,"van Overbeeke, Frank",frank overbeeke van,https://www.imo-official.org/results/individual/country/NLD/
Netherlands,NLD,Sander,van Rijnswou,Sander van Rijnswou,"van Rijnswou, Sander",rijnswou sander van,https://www.imo-official.org/results/individual/country/NLD/
Netherlands,NLD,Guido,van Rossum,Guido van Rossum,"van Rossum, Guido",guido rossum van,https://www.imo-official.org/results/individual/country/NLD/
Netherlands,NLD,Kees,van Schenk Brill,Kees van Schenk Brill,"van Schenk Brill, Kees",brill kees schenk van,https://www.imo-official.org/results/individual/country/NLD/
Netherlands,NLD,Jeroen,van Wolffelaar,Jeroen van Wolffelaar,"van Wolffelaar, Jeroen",jeroen van wolffelaar,https://www.imo-official.org/results/individual/country/NLD/
Netherlands,NLD,Nils,van de Berg,Nils van de Berg,"van de Berg, Nils",berg de nils van,https://www.imo-official.org/results/individual/country/NLD/
Netherlands,NLD,Fokko,van de Bult,Fokko van de Bult,"van de Bult, Fokko",bult de fokko van,https://www.imo-official.org/results/individual/country/NLD/
Netherlands,NLD,Bart,van de Leemput,Bart van de Leemput,"van de Leemput, Bart",bart de leemput van,https://www.imo-official.org/results/individual/country/NLD/
Netherlands,NLD,Levi,van de Pol,Levi van de Pol,"van de Pol, Levi",de levi pol van,https://www.imo-official.org/results/individual/country/NLD/
Netherlands,NLD,Lucas,van de Sande,Lucas van de Sande,"van de Sande, Lucas",de lucas sande van,https://www.imo-official.org/results/individual/country/NLD/
Netherlands,NLD,Sieds,van de Schaaf,Sieds van de Schaaf,"van de Schaaf, Sieds",de schaaf sieds van,https://www.imo-official.org/results/individual/country/NLD/
Netherlands,NLD,Bas,van den Heuvel,Bas van den Heuvel,"van den Heuvel, Bas",bas den heuvel van,https://www.imo-official.org/results/individual/country/NLD/
Netherlands,NLD,Jos,van der Bijl,Jos van der Bijl,"van der Bijl, Jos",bijl der jos van,https://www.imo-official.org/results/individual/country/NLD/
Netherlands,NLD,Joris,van der Hoeven,Joris van der Hoeven,"van der Hoeven, Joris",der hoeven joris van,https://www.imo-official.org/results/individual/country/NLD/
Netherlands,NLD,Herko,van der Meulen,Herko van der Meulen,"van der Meulen, Herko",der herko meulen van,https://www.imo-official.org/results/individual/country/NLD/
Netherlands,NLD,Matthijs,van der Poel,Matthijs van der Poel,"van der Poel, Matthijs",der matthijs poel van,https://www.imo-official.org/results/individual/country/NLD/
Netherlands,NLD,Ward,van der Schoot,Ward van der Schoot,"van der Schoot, Ward",der schoot van ward,https://www.imo-official.org/results/individual/country/NLD/
Netherlands,NLD,Paul,van der Wagt,Paul van der Wagt,"van der Wagt, Paul",der paul van wagt,https://www.imo-official.org/results/individual/country/NLD/
People's Republic of China,CHN,Jinpeng,An,Jinpeng An,"An, Jinpeng",an jinpeng,https://www.imo-official.org/results/individual/country/CHN/
People's Republic of China,CHN,Kaihua,Cai,Kaihua Cai,"Cai, Kaihua",cai kaihua,https://www.imo-official.org/results/individual/country/CHN/
People's Republic of China,CHN,Cheng,Chang,Cheng Chang,"Chang, Cheng",chang cheng,https://www.imo-official.org/results/individual/country/CHN/
People's Republic of China,CHN,Huayi,Chen,Huayi Chen,"Chen, Huayi",chen huayi,https://www.imo-official.org/results/individual/country/CHN/
People's Republic of China,CHN,Jianxin,Chen,Jianxin Chen,"Chen, Jianxin",chen jianxin,https://www.imo-official.org/results/individual/country/CHN/
People's Republic of China,CHN,Jingwen,Chen,Jingwen Chen,"Chen, Jingwen",chen jingwen,https://www.imo-official.org/results/individual/country/CHN/
People's Republic of China,CHN,Lantian,Chen,Lantian Chen,"Chen, Lantian",chen lantian,https://www.imo-official.org/results/individual/country/CHN/
People's Republic of China,CHN,Lin,Chen,Lin Chen,"Chen, Lin",chen lin,https://www.imo-official.org/results/individual/country/CHN/
People's Republic of China,CHN,Ruitao,Chen,Ruitao Chen,"Chen, Ruitao",chen ruitao,https://www.imo-official.org/results/individual/country/CHN/
People's Republic of China,CHN,Xi,Chen,Xi Chen,"Chen, Xi",chen xi,https://www.imo-official.org/results/individual/country/CHN/
People's Republic of China,CHN,Yiyi,Chen,Yiyi Chen,"Chen, Yiyi",chen yiyi,https://www.imo-official.org/results/individual/country/CHN/
People's Republic of China,CHN,Zhuo,Chen,Zhuo Chen,"Chen, Zhuo",chen zhuo,https://www.imo-official.org/results/individual/country/CHN/
People's Republic of China,CHN,Xiaolong,Cheng,Xiaolong Cheng,"Cheng, Xiaolong",cheng xiaolong,https://www.imo-official.org/results/individual/country/CHN/
People's Republic of China,CHN,Leyan,Deng,Leyan Deng,"Deng, Leyan",deng leyan,https://www.imo-official.org/results/individual/country/CHN/
People's Republic of China,CHN,Mingyang,Deng,Mingyang Deng,"Deng, Mingyang",deng mingyang,https://www.imo-official.org/results/individual/country/CHN/
People's Republic of China,CHN,Yu,Deng,Yu Deng,"Deng, Yu",deng yu,https://www.imo-official.org/results/individual/country/CHN/
People's Republic of China,CHN,Zhewen,Deng,Zhewen Deng,"Deng, Zhewen",deng zhewen,https://www.imo-official.org/results/individual/country/CHN/
People's Republic of China,CHN,Hangsheng,Diao,Hangsheng Diao,"Diao, Hangsheng",diao hangsheng,https://www.imo-official.org/results/individual/country/CHN/
People's Republic of China,CHN,Zhenyu,Dong,Zhenyu Dong,"Dong, Zhenyu",dong zhenyu,https://www.imo-official.org/results/individual/country/CHN/
People's Republic of China,CHN,Jiacong,Fang,Jiacong Fang,"Fang, Jiacong",fang jiacong,https://www.imo-official.org/results/individual/country/CHN/
People's Republic of China,CHN,Weimin,Fang,Weimin Fang,"Fang, Weimin",fang weimin,https://www.imo-official.org/results/individual/country/CHN/
People's Republic of China,CHN,Chenxu,Feng,Chenxu Feng,"Feng, Chenxu",chenxu feng,https://www.imo-official.org/results/individual/country/CHN/
People's Republic of China,CHN,Jiong,Feng,Jiong Feng,"Feng, Jiong",feng jiong,https://www.imo-official.org/results/individual/country/CHN/
People's Republic of China,CHN,Lei,Fu,Lei Fu,"Fu, Lei",fu lei,https://www.imo-official.org/results/individual/country/CHN/
People's Republic of China,CHN,Wenjie,Fu,Wenjie Fu,"Fu, Wenjie",fu wenjie,https://www.imo-official.org/results/individual/country/CHN/
People's Republic of China,CHN,Yunhao,Fu,Yunhao Fu,"Fu, Yunhao",fu yunhao,https://www.imo-official.org/results/individual/country/CHN/
People's Republic of China,CHN,Wenying,Gan,Wenying Gan,"Gan, Wenying",gan wenying,https://www.imo-official.org/results/individual/country/CHN/
People's Republic of China,CHN,Jiyang,Gao,Jiyang Gao,"Gao, Jiyang",gao jiyang,https://www.imo-official.org/results/individual/country/CHN/
People's Republic of China,CHN,Xia,Gao,Xia Gao,"Gao, Xia",gao xia,https://www.imo-official.org/results/individual/country/CHN/
People's Republic of China,CHN,Chao,Gu,Chao Gu,"Gu, Chao",chao gu,https://www.imo-official.org/results/individual/country/CHN/
People's Republic of China,CHN,Zaoyang,Guo,Zaoyang Guo,"Guo, Zaoyang",guo zaoyang,https://www.imo-official.org/results/individual/country/CHN/
People's Republic of China,CHN,Jiarui,Han,Jiarui Han,"Han, Jiarui",han jiarui,https://www.imo-official.org/results/individual/country/CHN/
People's Republic of China,CHN,Xinmiao,Han,Xinmiao Han,"Han, Xinmiao",han xinmiao,https://www.imo-official.org/results/individual/country/CHN/
People's Republic of China,CHN,Hongyu,He,Hongyu He,"He, Hongyu",he hongyu,https://www.imo-official.org/results/individual/country/CHN/
People's Republic of China,CHN,Jiafan,He,Jiafan He,"He, Jiafan",he jiafan,https://www.imo-official.org/results/individual/country/CHN/
People's Republic of China,CHN,Jianxun,He,Jianxun He,"He, Jianxun",he jianxun,https://www.imo-official.org/results/individual/country/CHN/
People's Republic of China,CHN,Simai,He,Simai He,"He, Simai",he simai,https://www.imo-official.org/results/individual/country/CHN/
People's Republic of China,CHN,Tiancheng,He,Tiancheng He,"He, Tiancheng",he tiancheng,https://www.imo-official.org/results/individual/country/CHN/
People's Republic of China,CHN,Xuhua,He,Xuhua He,"He, Xuhua",he xuhua,https://www.imo-official.org/results/individual/country/CHN/
People's Republic of China,CHN,Han,Hu,Han Hu,"Hu, Han",han hu,https://www.imo-official.org/results/individual/country/CHN/
People's Republic of China,CHN,Sulin,Hu,Sulin Hu,"Hu, Sulin",hu sulin,https://www.imo-official.org/results/individual/country/CHN/
People's Republic of China,CHN,Jiajun,Huang,Jiajun Huang,"Huang, Jiajun",huang jiajun,https://www.imo-official.org/results/individual/country/CHN/
People's Republic of China,CHN,Jiaoyang,Huang,Jiaoyang Huang,"Huang, Jiaoyang",huang jiaoyang,https://www.imo-official.org/results/individual/country/CHN/
People's Republic of China,CHN,Yishan,Huang,Yishan Huang,"Huang, Yishan",huang yishan,https://www.imo-official.org/results/individual/country/CHN/
People's Republic of China,CHN,Zhiyi,Huang,Zhiyi Huang,"Huang, Zhiyi",huang zhiyi,https://www.imo-official.org/results/individual/country/CHN/
People's Republic of China,CHN,Xiaoming,Huo,Xiaoming Huo,"Huo, Xiaoming",huo xiaoming,https://www.imo-official.org/results/individual/country/CHN/
People's Republic of China,CHN,Zeyu,Jia,Zeyu Jia,"Jia, Zeyu",jia zeyu,https://www.imo-official.org/results/individual/country/CHN/
People's Republic of China,CHN,Buxing,Jiang,Buxing Jiang,"Jiang, Buxing",buxing jiang,https://www.imo-official.org/results/individual/country/CHN/
People's Republic of China,CHN,Cheng,Jiang,Cheng Jiang,"Jiang, Cheng",cheng jiang,https://www.imo-official.org/results/individual/country/CHN/
People's Republic of China,CHN,Yuanyang,Jiang,Yuanyang Jiang,"Jiang, Yuanyang",jiang yuanyang,https://www.imo-official.org/results/individual/country/CHN/
People's Republic of China,CHN,Zhicheng,Jiang,Zhicheng Jiang,"Jiang, Zhicheng",jiang zhicheng,https://www.imo-official.org/results/individual/country/CHN/
People's Republic of China,CHN,Long,Jin,Long Jin,"Jin, Long",jin long,https://www.imo-official.org/results/individual/country/CHN/
People's Republic of China,CHN,Zhaorong,Jin,Zhaorong Jin,"Jin, Zhaorong",jin zhaorong,https://www.imo-official.org/results/individual/country/CHN/
People's Republic of China,CHN,Qin,Jing,Qin Jing,"Jing, Qin",jing qin,https://www.imo-official.org/results/individual/country/CHN/
People's Republic of China,CHN,Jiayin,Kang,Jiayin Kang,"Kang, Jiayin",jiayin kang,https://www.imo-official.org/results/individual/country/CHN/
People's Republic of China,CHN,Wenbin,Kong,Wenbin Kong,"Kong, Wenbin",kong wenbin,https://www.imo-official.org/results/individual/country/CHN/
People's Republic of China,CHN,Chao,Ku,Chao Ku,"Ku, Chao",chao ku,https://www.imo-official.org/results/individual/country/CHN/
People's Republic of China,CHN,Li,Lai,Li Lai,"Lai, Li",lai li,https://www.imo-official.org/results/individual/country/CHN/
People's Republic of China,CHN,Jialun,Li,Jialun Li,"Li, Jialun",jialun li,https://www.imo-official.org/results/individual/country/CHN/
People's Republic of China,CHN,Jinmin,Li,Jinmin Li,"Li, Jinmin",jinmin li,https://www.imo-official.org/results/individual/country/CHN/
People's Republic of China,CHN,Pingli,Li,Pingli Li,"Li, Pingli",li pingli,https://www.imo-official.org/results/individual/country/CHN/
People's Republic of China,CHN,Ting,Li,Ting Li,"Li, Ting",li ting,https://www.imo-official.org/results/individual/country/CHN/
People's Republic of China,CHN,Xianying,Li,Xianying Li,"Li, Xianying",li xianying,https://www.imo-official.org/results/individual/country/CHN/
People's Republic of China,CHN,Xin,Li,Xin Li,"Li, Xin",li xin,https://www.imo-official.org/results/individual/country/CHN/
People's Republic of China,CHN,Yixiao,Li,Yixiao Li,"Li, Yixiao",li yixiao,https://www.imo-official.org/results/individual/country/CHN/
People's Republic of China,CHN,Jingxun,Liang,Jingxun Liang,"Liang, Jingxun",jingxun liang,https://www.imo-official.org/results/individual/country/CHN/
People's Republic of China,CHN,Xingjian,Liang,Xingjian Liang,"Liang, Xingjian",liang xingjian,https://www.imo-official.org/results/individual/country/CHN/
People's Republic of China,CHN,Yubo,Liao,Yubo Liao,"Liao, Yubo",liao yubo,https://www.imo-official.org/results/individual/country/CHN/
People's Republic of China,CHN,Yuxuan,Liao,Yuxuan Liao,"Liao, Yuxuan",liao yuxuan,https://www.imo-official.org/results/individual/country/CHN/
People's Republic of China,CHN,Bo,Lin,Bo Lin,"Lin, Bo",bo lin,https://www.imo-official.org/results/individual/country/CHN/
People's Republic of China,CHN,Qiang,Lin,Qiang Lin,"Lin, Qiang",lin qiang,https://www.imo-official.org/results/individual/country/CHN/
People's Republic of China,CHN,Yizhou,Lin,Yizhou Lin,"Lin, Yizhou",lin yizhou,https://www.imo-official.org/results/individual/country/CHN/
People's Republic of China,CHN,Yuncheng,Lin,Yuncheng Lin,"Lin, Yuncheng",lin yuncheng,https://www.imo-official.org/results/individual/country/CHN/
People's Republic of China,CHN,Che,Liu,Che Liu,"Liu, Che",che liu,https://www.imo-official.org/results/individual/country/CHN/
People's Republic of China,CHN,Fu,Liu,Fu Liu,"Liu, Fu",fu liu,https://www.imo-official.org/results/individual/country/CHN/
People's Republic of China,CHN,Jiayu,Liu,Jiayu Liu,"Liu, Jiayu",jiayu liu,https://www.imo-official.org/results/individual/country/CHN/
People's Republic of China,CHN,Ruochuan,Liu,Ruochuan Liu,"Liu, Ruochuan",liu ruochuan,https://www.imo-official.org/results/individual/country/CHN/
People's Republic of China,CHN,Song,Liu,Song Liu,"Liu, Song",liu song,https://www.imo-official.org/results/individual/country/CHN/
People's Republic of China,CHN,Tongwei,Liu,Tongwei Liu,"Liu, Tongwei",liu tongwei,https://www.imo-official.org/results/individual/country/CHN/
People's Republic of China,CHN,Xiao,Liu,Xiao Liu,"Liu, Xiao",liu xiao,https://www.imo-official.org/results/individual/country/CHN/
People's Republic of China,CHN,Xiong,Liu,Xiong Liu,"Liu, Xiong",liu xiong,https://www.imo-official.org/results/individual/country/CHN/
People's Republic of China,CHN,Yang,Liu,Yang Liu,"Liu, Yang",liu yang,https://www.imo-official.org/results/individual/country/CHN/
People's Republic of China,CHN,Yutao,Liu,Yutao Liu,"Liu, Yutao",liu yutao,https://www.imo-official.org/results/individual/country/CHN/
People's Republic of China,CHN,Zhipeng,Liu,Zhipeng Liu,"Liu, Zhipeng",liu zhipeng,https://www.imo-official.org/results/individual/country/CHN/
People's Republic of China,CHN,Zhiyu,Liu,Zhiyu Liu,"Liu, Zhiyu",liu zhiyu,https://www.imo-official.org/results/individual/country/CHN/
People's Republic of China,CHN,Zichao,Long,Zichao Long,"Long, Zichao",long zichao,https://www.imo-official.org/results/individual/country/CHN/
People's Republic of China,CHN,Huazhang,Luo,Huazhang Luo,"Luo, Huazhang",huazhang luo,https://www.imo-official.org/results/individual/country/CHN/
People's Republic of China,CHN,Wei,Luo,Wei Luo,"Luo, Wei",luo wei,https://www.imo-official.org/results/individual/country/CHN/
People's Republic of China,CHN,Ye,Luo,Ye Luo,"Luo, Ye",luo ye,https://www.imo-official.org/results/individual/country/CHN/
People's Republic of China,CHN,Tengyu,Ma,Tengyu Ma,"Ma, Tengyu",ma tengyu,https://www.imo-official.org/results/individual/country/CHN/
People's Republic of China,CHN,Lingjie,Mei,Lingjie Mei,"Mei, Lingjie",lingjie mei,https://www.imo-official.org/results/individual/country/CHN/
People's Republic of China,CHN,Xiaosheng,Mu,Xiaosheng Mu,"Mu, Xiaosheng",mu xiaosheng,https://www.imo-official.org/results/individual/country/CHN/
People's Republic of China,CHN,Yi,Ni,Yi Ni,"Ni, Yi",ni yi,https://www.imo-official.org/results/individual/country/CHN/
People's Republic of China,CHN,Zipei,Nie,Zipei Nie,"Nie, Zipei",nie zipei,https://www.imo-official.org/results/individual/country/CHN/
People's Republic of China,CHN,Zexuan,Ouyang,Zexuan Ouyang,"Ouyang, Zexuan",ouyang zexuan,https://www.imo-official.org/results/individual/country/CHN/
People's Republic of China,CHN,Zigang,Pan,Zigang Pan,"Pan, Zigang",pan zigang,https://www.imo-official.org/results/individual/country/CHN/
People's Republic of China,CHN,Jianbo,Peng,Jianbo Peng,"Peng, Jianbo",jianbo peng,https://www.imo-official.org/results/individual/country/CHN/
People's Republic of China,CHN,Minyu,Peng,Minyu Peng,"Peng, Minyu",minyu peng,https://www.imo-official.org/results/individual/country/CHN/
People's Republic of China,CHN,Yebo,Peng,Yebo Peng,"Peng, Yebo",peng yebo,https://www.imo-official.org/results/individual/country/CHN/
People's Republic of China,CHN,Yuxuan,Peng,Yuxuan Peng,"Peng, Yuxuan",peng yuxuan,https://www.imo-official.org/results/individual/country/CHN/
People's Republic of China,CHN,Zhenqian,Peng,Zhenqian Peng,"Peng, Zhenqian",peng zhenqian,https://www.imo-official.org/results/individual/country/CHN/
People's Republic of China,CHN,Hongming,Pu,Hongming Pu,"Pu, Hongming",hongming pu,https://www.imo-official.org/results/individual/country/CHN/
People's Republic of China,CHN,Renrui,Qi,Renrui Qi,"Qi, Renrui",qi renrui,https://www.imo-official.org/results/individual/country/CHN/
People's Republic of China,CHN,Feng,Qu,Feng Qu,"Qu, Feng",feng qu,https://www.imo-official.org/results/individual/country/CHN/
People's Republic of China,CHN,Xiaoyu,Qu,Xiaoyu Qu,"Qu, Xiaoyu",qu xiaoyu,https://www.imo-official.org/results/individual/country/CHN/
People's Republic of China,CHN,Zhenhua,Qu,Zhenhua Qu,"Qu, Zhenhua",qu zhenhua,https://www.imo-official.org/results/individual/country/CHN/
People's Republic of China,CHN,Jiading,Rao,Jiading Rao,"Rao, Jiading",jiading rao,https://www.imo-official.org/results/individual/country/CHN/
People's Republic of China,CHN,Rui,Rao,Rui Rao,"Rao, Rui",rao rui,https://www.imo-official.org/results/individual/country/CHN/
People's Republic of China,CHN,Qingchun,Ren,Qingchun Ren,"Ren, Qingchun",qingchun ren,https://www.imo-official.org/results/individual/country/CHN/
People's Republic of China,CHN,Qiuyu,Ren,Qiuyu Ren,"Ren, Qiuyu",qiuyu ren,https://www.imo-official.org/results/individual/country/CHN/
People's Republic of China,CHN,Xuancheng,Shao,Xuancheng Shao,"Shao, Xuancheng",shao xuancheng,https://www.imo-official.org/results/individual/country/CHN/
People's Republic of China,CHN,Yiyang,She,Yiyang She,"She, Yiyang",she yiyang,https://www.imo-official.org/results/individual/country/CHN/
People's Republic of China,CHN,Caili,Shen,Caili Shen,"Shen, Caili",caili shen,https://www.imo-official.org/results/individual/country/CHN/
People's Republic of China,CHN,Jian,Shen,Jian Shen,"Shen, Jian",jian shen,https://www.imo-official.org/results/individual/country/CHN/
People's Republic of China,CHN,Kai,Shen,Kai Shen,"Shen, Kai",kai shen,https://www.imo-official.org/results/individual/country/CHN/
People's Republic of China,CHN,Haojia,Shi,Haojia Shi,"Shi, Haojia",haojia shi,https://www.imo-official.org/results/individual/country/CHN/
People's Republic of China,CHN,Zhengqin,Song,Zhengqin Song,"Song, Zhengqin",song zhengqin,https://www.imo-official.org/results/individual/country/CHN/
People's Republic of China,CHN,Jun,Su,Jun Su,"Su, Jun",jun su,https://www.imo-official.org/results/individual/country/CHN/
People's Republic of China,CHN,Qiao,Sun,Qiao Sun,"Sun, Qiao",qiao sun,https://www.imo-official.org/results/individual/country/CHN/
People's Republic of China,CHN,Xiaoming,Sun,Xiaoming Sun,"Sun, Xiaoming",sun xiaoming,https://www.imo-official.org/results/individual/country/CHN/
People's Republic of China,CHN,Hongyi,Tan,Hongyi Tan,"Tan, Hongyi",hongyi tan,https://www.imo-official.org/results/individual/country/CHN/
People's Republic of China,CHN,Ruoxi,Tang,Ruoxi Tang,"Tang, Ruoxi",ruoxi tang,https://www.imo-official.org/results/individual/country/CHN/
People's Republic of China,CHN,Jun,Teng,Jun Teng,"Teng, Jun",jun teng,https://www.imo-official.org/results/individual/country/CHN/
People's Republic of China,CHN,Xin,Wan,Xin Wan,"Wan, Xin",wan xin,https://www.imo-official.org/results/individual/country/CHN/
People's Republic of China,CHN,Bin,Wang,Bin Wang,"Wang, Bin",bin wang,https://www.imo-official.org/results/individual/country/CHN/
People's Republic of China,CHN,Botong,Wang,Botong Wang,"Wang, Botong",botong wang,https://www.imo-official.org/results/individual/country/CHN/
People's Republic of China,CHN,Chunji,Wang,Chunji Wang,"Wang, Chunji",chunji wang,https://www.imo-official.org/results/individual/country/CHN/
People's Republic of China,CHN,Feng,Wang,Feng Wang,"Wang, Feng",feng wang,https://www.imo-official.org/results/individual/country/CHN/
People's Republic of China,CHN,Haidong,Wang,Haidong Wang,"Wang, Haidong",haidong wang,https://www.imo-official.org/results/individual/country/CHN/
People's Republic of China,CHN,Haoyu,Wang,Haoyu Wang,"Wang, Haoyu",haoyu wang,https://www.imo-official.org/results/individual/country/CHN/
People's Republic of China,CHN,Jianhua,Wang,Jianhua Wang,"Wang, Jianhua",jianhua wang,https://www.imo-official.org/results/individual/country/CHN/
People's Republic of China,CHN,Jianmei,Wang,Jianmei Wang,"Wang, Jianmei",jianmei wang,https://www.imo-official.org/results/individual/country/CHN/
People's Republic of China,CHN,Lie,Wang,Lie Wang,"Wang, Lie",lie wang,https://www.imo-official.org/results/individual/country/CHN/
People's Republic of China,CHN,Nuozhou,Wang,Nuozhou Wang,"Wang, Nuozhou",nuozhou wang,https://www.imo-official.org/results/individual/country/CHN/
People's Republic of China,CHN,Shaoyu,Wang,Shaoyu Wang,"Wang, Shaoyu",shaoyu wang,https://www.imo-official.org/results/individual/country/CHN/
People's Republic of China,CHN,Song,Wang,Song Wang,"Wang, Song",song wang,https://www.imo-official.org/results/individual/country/CHN/
People's Republic of China,CHN,Wei,Wang,Wei Wang,"Wang, Wei",wang wei,https://www.imo-official.org/results/individual/country/CHN/
People's Republic of China,CHN,Xianbang,Wang,Xianbang Wang,"Wang, Xianbang",wang xianbang,https://www.imo-official.org/results/individual/country/CHN/
People's Republic of China,CHN,Xuan,Wang,Xuan Wang,"Wang, Xuan",wang xuan,https://www.imo-official.org/results/individual/country/CHN/
People's Republic of China,CHN,Yichuan,Wang,Yichuan Wang,"Wang, Yichuan",wang yichuan,https://www.imo-official.org/results/individual/country/CHN/
People's Republic of China,CHN,Yixuan,Wang,Yixuan Wang,"Wang, Yixuan",wang yixuan,https://www.imo-official.org/results/individual/country/CHN/
People's Republic of China,CHN,Zeyu,Wang,Zeyu Wang,"Wang, Zeyu",wang zeyu,https://www.imo-official.org/results/individual/country/CHN/
People's Republic of China,CHN,Zheng,Wang,Zheng Wang,"Wang, Zheng",wang zheng,https://www.imo-official.org/results/individual/country/CHN/
People's Republic of China,CHN,Chen,Wei,Chen Wei,"Wei, Chen",chen wei,https://www.imo-official.org/results/individual/country/CHN/
People's Republic of China,CHN,Dongyi,Wei,Dongyi Wei,"Wei, Dongyi",dongyi wei,https://www.imo-official.org/results/individual/country/CHN/
People's Republic of China,CHN,Guoheng,Wei,Guoheng Wei,"Wei, Guoheng",guoheng wei,https://www.imo-official.org/results/individual/country/CHN/
People's Republic of China,CHN,Hao,Wu,Hao Wu,"Wu, Hao",hao wu,https://www.imo-official.org/results/individual/country/CHN/
People's Republic of China,CHN,Jinze,Wu,Jinze Wu,"Wu, Jinze",jinze wu,https://www.imo-official.org/results/individual/country/CHN/
People's Republic of China,CHN,Mengxi,Wu,Mengxi Wu,"Wu, Mengxi",mengxi wu,https://www.imo-official.org/results/individual/country/CHN/
People's Republic of China,CHN,Sihao,Wu,Sihao Wu,"Wu, Sihao",sihao wu,https://www.imo-official.org/results/individual/country/CHN/
People's Republic of China,CHN,Tianqi,Wu,Tianqi Wu,"Wu, Tianqi",tianqi wu,https://www.imo-official.org/results/individual/country/CHN/
People's Republic of China,CHN,Zhongtao,Wu,Zhongtao Wu,"Wu, Zhongtao",wu zhongtao,https://www.imo-official.org/results/individual/country/CHN/
People's Republic of China,CHN,Chenhai,Xi,Chenhai Xi,"Xi, Chenhai",chenhai xi,https://www.imo-official.org/results/individual/country/CHN/
People's Republic of China,CHN,Yuxing,Xia,Yuxing Xia,"Xia, Yuxing",xia yuxing,https://www.imo-official.org/results/individual/country/CHN/
People's Republic of China,CHN,Zhen,Xiang,Zhen Xiang,"Xiang, Zhen",xiang zhen,https://www.imo-official.org/results/individual/country/CHN/
People's Republic of China,CHN,Liang,Xiao,Liang Xiao,"Xiao, Liang",liang xiao,https://www.imo-official.org/results/individual/country/CHN/
People's Republic of China,CHN,Wei,Xiao,Wei Xiao,"Xiao, Wei",wei xiao,https://www.imo-official.org/results/individual/country/CHN/
People's Republic of China,CHN,Yikang,Xiao,Yikang Xiao,"Xiao, Yikang",xiao yikang,https://www.imo-official.org/results/individual/country/CHN/
People's Republic of China,CHN,Baiting,Xie,Baiting Xie,"Xie, Baiting",baiting xie,https://www.imo-official.org/results/individual/country/CHN/
People's Republic of China,CHN,Changzhi,Xie,Changzhi Xie,"Xie, Changzhi",changzhi xie,https://www.imo-official.org/results/individual/country/CHN/
People's Republic of China,CHN,Qiming,Xu,Qiming Xu,"Xu, Qiming",qiming xu,https://www.imo-official.org/results/individual/country/CHN/
People's Republic of China,CHN,Binwei,Yan,Binwei Yan,"Yan, Binwei",binwei yan,https://www.imo-official.org/results/individual/country/CHN/
People's Republic of China,CHN,Huafei,Yan,Huafei Yan,"Yan, Huafei",huafei yan,https://www.imo-official.org/results/individual/country/CHN/
People's Republic of China,CHN,Jun,Yan,Jun Yan,"Yan, Jun",jun yan,https://www.imo-official.org/results/individual/country/CHN/
People's Republic of China,CHN,Baozhong,Yang,Baozhong Yang,"Yang, Baozhong",baozhong yang,https://www.imo-official.org/results/individual/country/CHN/
People's Republic of China,CHN,Ben,Yang,Ben Yang,"Yang, Ben",ben yang,https://www.imo-official.org/results/individual/country/CHN/
People's Republic of China,CHN,Chen,Yang,Chen Yang,"Yang, Chen",chen yang,https://www.imo-official.org/results/individual/country/CHN/
People's Republic of China,CHN,Ke,Yang,Ke Yang,"Yang, Ke",ke yang,https://www.imo-official.org/results/individual/country/CHN/
People's Republic of China,CHN,Shiwu,Yang,Shiwu Yang,"Yang, Shiwu",shiwu yang,https://www.imo-official.org/results/individual/country/CHN/
People's Republic of China,CHN,Yuan,Yang,Yuan Yang,"Yang, Yuan",yang yuan,https://www.imo-official.org/results/individual/country/CHN/
People's Republic of China,CHN,Bowen,Yao,Bowen Yao,"Yao, Bowen",bowen yao,https://www.imo-official.org/results/individual/country/CHN/
People's Republic of China,CHN,Jiangang,Yao,Jiangang Yao,"Yao, Jiangang",jiangang yao,https://www.imo-official.org/results/individual/country/CHN/
People's Republic of China,CHN,Rui,Yao,Rui Yao,"Yao, Rui",rui yao,https://www.imo-official.org/results/individual/country/CHN/
People's Republic of China,CHN,Yijun,Yao,Yijun Yao,"Yao, Yijun",yao yijun,https://www.imo-official.org/results/individual/country/CHN/
People's Republic of China,CHN,Qi,Ye,Qi Ye,"Ye, Qi",qi ye,https://www.imo-official.org/results/individual/country/CHN/
People's Republic of China,CHN,Yuxing,Ye,Yuxing Ye,"Ye, Yuxing",ye yuxing,https://www.imo-official.org/results/individual/country/CHN/
People's Republic of China,CHN,Jia,Yi,Jia Yi,"Yi, Jia",jia yi,https://www.imo-official.org/results/individual/country/CHN/
People's Republic of China,CHN,Chenjie,Yu,Chenjie Yu,"Yu, Chenjie",chenjie yu,https://www.imo-official.org/results/individual/country/CHN/
People's Republic of China,CHN,Jialian,Yu,Jialian Yu,"Yu, Jialian",jialian yu,https://www.imo-official.org/results/individual/country/CHN/
People's Republic of China,CHN,Jun,Yu,Jun Yu,"Yu, Jun",jun yu,https://www.imo-official.org/results/individual/country/CHN/
People's Republic of China,CHN,Ranfeng,Yu,Ranfeng Yu,"Yu, Ranfeng",ranfeng yu,https://www.imo-official.org/results/individual/country/CHN/
People's Republic of China,CHN,Yang,Yu,Yang Yu,"Yu, Yang",yang yu,https://www.imo-official.org/results/individual/country/CHN/
People's Republic of China,CHN,Hanhui,Yuan,Hanhui Yuan,"Yuan, Hanhui",hanhui yuan,https://www.imo-official.org/results/individual/country/CHN/
People's Republic of China,CHN,Xinyi,Yuan,Xinyi Yuan,"Yuan, Xinyi",xinyi yuan,https://www.imo-official.org/results/individual/country/CHN/
People's Republic of China,CHN,Zhizhen,Yuan,Zhizhen Yuan,"Yuan, Zhizhen",yuan zhizhen,https://www.imo-official.org/results/individual/country/CHN/
People's Republic of China,CHN,Zhiwei,Yun,Zhiwei Yun,"Yun, Zhiwei",yun zhiwei,https://www.imo-official.org/results/individual/country/CHN/
People's Republic of China,CHN,Xianyi,Zeng,Xianyi Zeng,"Zeng, Xianyi",xianyi zeng,https://www.imo-official.org/results/individual/country/CHN/
People's Republic of China,CHN,Yuhan,Zha,Yuhan Zha,"Zha, Yuhan",yuhan zha,https://www.imo-official.org/results/individual/country/CHN/
People's Republic of China,CHN,Bolun,Zhang,Bolun Zhang,"Zhang, Bolun",bolun zhang,https://www.imo-official.org/results/individual/country/CHN/
People's Republic of China,CHN,Cheng,Zhang,Cheng Zhang,"Zhang, Cheng",cheng zhang,https://www.imo-official.org/results/individual/country/CHN/
People's Republic of China,CHN,Hao,Zhang,Hao Zhang,"Zhang, Hao",hao zhang,https://www.imo-official.org/results/individual/country/CHN/
People's Republic of China,CHN,Hengye,Zhang,Hengye Zhang,"Zhang, Hengye",hengye zhang,https://www.imo-official.org/results/individual/country/CHN/
People's Republic of China,CHN,Jian,Zhang,Jian Zhang,"Zhang, Jian",jian zhang,https://www.imo-official.org/results/individual/country/CHN/
People's Republic of China,CHN,Lei,Zhang,Lei Zhang,"Zhang, Lei",lei zhang,https://www.imo-official.org/results/individual/country/CHN/
People's Republic of China,CHN,Lingfu,Zhang,Lingfu Zhang,"Zhang, Lingfu",lingfu zhang,https://www.imo-official.org/results/individual/country/CHN/
People's Republic of China,CHN,Lizhao,Zhang,Lizhao Zhang,"Zhang, Lizhao",lizhao zhang,https://www.imo-official.org/results/individual/country/CHN/
People's Republic of China,CHN,Lu,Zhang,Lu Zhang,"Zhang, Lu",lu zhang,https://www.imo-official.org/results/individual/country/CHN/
People's Republic of China,CHN,Min,Zhang,Min Zhang,"Zhang, Min",min zhang,https://www.imo-official.org/results/individual/country/CHN/
People's Republic of China,CHN,Ruixiang,Zhang,Ruixiang Zhang,"Zhang, Ruixiang",ruixiang zhang,https://www.imo-official.org/results/individual/country/CHN/
People's Republic of China,CHN,Shengtong,Zhang,Shengtong Zhang,"Zhang, Shengtong",shengtong zhang,https://www.imo-official.org/results/individual/country/CHN/
People's Republic of China,CHN,Xinliang,Zhang,Xinliang Zhang,"Zhang, Xinliang",xinliang zhang,https://www.imo-official.org/results/individual/country/CHN/
People's Republic of China,CHN,Yin,Zhang,Yin Zhang,"Zhang, Yin",yin zhang,https://www.imo-official.org/results/individual/country/CHN/
People's Republic of China,CHN,Yiran,Zhang,Yiran Zhang,"Zhang, Yiran",yiran zhang,https://www.imo-official.org/results/individual/country/CHN/
People's Republic of China,CHN,Zhaohui,Zhang,Zhaohui Zhang,"Zhang, Zhaohui",zhang zhaohui,https://www.imo-official.org/results/individual/country/CHN/
People's Republic of China,CHN,Zhicheng,Zhang,Zhicheng Zhang,"Zhang, Zhicheng",zhang zhicheng,https://www.imo-official.org/results/individual/country/CHN/
People's Republic of China,CHN,Zhiqiang,Zhang,Zhiqiang Zhang,"Zhang, Zhiqiang",zhang zhiqiang,https://www.imo-official.org/results/individual/country/CHN/
People's Republic of China,CHN,Tongyuan,Zhao,Tongyuan Zhao,"Zhao, Tongyuan",tongyuan zhao,https://www.imo-official.org/results/individual/country/CHN/
People's Republic of China,CHN,Yanlin,Zhao,Yanlin Zhao,"Zhao, Yanlin",yanlin zhao,https://www.imo-official.org/results/individual/country/CHN/
People's Republic of China,CHN,Changjin,Zheng,Changjin Zheng,"Zheng, Changjin",changjin zheng,https://www.imo-official.org/results/individual/country/CHN/
People's Republic of China,CHN,Fan,Zheng,Fan Zheng,"Zheng, Fan",fan zheng,https://www.imo-official.org/results/individual/country/CHN/
People's Republic of China,CHN,Hui,Zheng,Hui Zheng,"Zheng, Hui",hui zheng,https://www.imo-official.org/results/individual/country/CHN/
People's Republic of China,CHN,Zhiwei,Zheng,Zhiwei Zheng,"Zheng, Zhiwei",zheng zhiwei,https://www.imo-official.org/results/individual/country/CHN/
People's Republic of China,CHN,Hong,Zhou,Hong Zhou,"Zhou, Hong",hong zhou,https://www.imo-official.org/results/individual/country/CHN/
People's Republic of China,CHN,Tianyou,Zhou,Tianyou Zhou,"Zhou, Tianyou",tianyou zhou,https://www.imo-official.org/results/individual/country/CHN/
People's Republic of China,CHN,Tong,Zhou,Tong Zhou,"Zhou, Tong",tong zhou,https://www.imo-official.org/results/individual/country/CHN/
People's Republic of China,CHN,Xingjian,Zhou,Xingjian Zhou,"Zhou, Xingjian",xingjian zhou,https://www.imo-official.org/results/individual/country/CHN/
People's Republic of China,CHN,You,Zhou,You Zhou,"Zhou, You",you zhou,https://www.imo-official.org/results/individual/country/CHN/
People's Republic of China,CHN,Yunkun,Zhou,Yunkun Zhou,"Zhou, Yunkun",yunkun zhou,https://www.imo-official.org/results/individual/country/CHN/
People's Republic of China,CHN,Chenchang,Zhu,Chenchang Zhu,"Zhu, Chenchang",chenchang zhu,https://www.imo-official.org/results/individual/country/CHN/
People's Republic of China,CHN,Qihui,Zhu,Qihui Zhu,"Zhu, Qihui",qihui zhu,https://www.imo-official.org/results/individual/country/CHN/
People's Republic of China,CHN,Qingsan,Zhu,Qingsan Zhu,"Zhu, Qingsan",qingsan zhu,https://www.imo-official.org/results/individual/country/CHN/
People's Republic of China,CHN,Gang,Zou,Gang Zou,"Zou, Gang",gang zou,https://www.imo-official.org/results/individual/country/CHN/
People's Republic of China,CHN,Jin,Zou,Jin Zou,"Zou, Jin",jin zou,https://www.imo-official.org/results/individual/country/CHN/
People's Republic of China,CHN,Hao,Zuo,Hao Zuo,"Zuo, Hao",hao zuo,https://www.imo-official.org/results/individual/country/CHN/
Peru,PER,G.,Abarca Torres,G. Abarca Torres,"Abarca Torres, G.",abarca g torres,https://www.imo-official.org/results/individual/country/PER/
Peru,PER,Jesús Ángel,Advíncula Altamirano,Jesús Ángel Advíncula Altamirano,"Advíncula Altamirano, Jesús Ángel",advincula altamirano angel jesus,https://www.imo-official.org/results/individual/country/PER/
Peru,PER,D.,Agurre Chaman,D. Agurre Chaman,"Agurre Chaman, D.",agurre chaman d,https://www.imo-official.org/results/individual/country/PER/
Peru,PER,Luis,Alberto Manuel Solano Gar,Luis Alberto Manuel Solano Gar,"Alberto Manuel Solano Gar, Luis",alberto gar luis manuel solano,https://www.imo-official.org/results/individual/country/PER/
Peru,PER,Raul Alfredo,Alcántara Castillo,Raul Alfredo Alcántara Castillo,"Alcántara Castillo, Raul Alfredo",alcantara alfredo castillo raul,https://www.imo-official.org/results/individual/country/PER/
Peru,PER,Luis,Alegría,Luis Alegría,"Alegría, Luis",alegria luis,https://www.imo-official.org/results/individual/country/PER/
Peru,PER,Joseph,Altamirano,Joseph Altamirano,"Altamirano, Joseph",altamirano joseph,https://www.imo-official.org/results/individual/country/PER/
Peru,PER,Christian Omar,Altamirano Modesto,Christian Omar Altamirano Modesto,"Altamirano Modesto, Christian Omar",altamirano christian modesto omar,https://www.imo-official.org/results/individual/country/PER/
Peru,PER,Joseph Daniel,Altamirano Pacheco,Joseph Daniel Altamirano Pacheco,"Altamirano Pacheco, Joseph Daniel",altamirano daniel joseph pacheco,https://www.imo-official.org/results/individual/country/PER/
Peru,PER,Leandro,Alvarado,Leandro Alvarado,"Alvarado, Leandro",alvarado leandro,https://www.imo-official.org/results/individual/country/PER/
Peru,PER,Tomás Miguel,Angles Larico,Tomás Miguel Angles Larico,"Angles Larico, Tomás Miguel",angles larico miguel tomas,https://www.imo-official.org/results/individual/country/PER/
Peru,PER,Eduardo,Aragon,Eduardo Aragon,"Aragon, Eduardo",aragon eduardo,https://www.imo-official.org/results/individual/country/PER/
Peru,PER,Jimmy,Astupillo,Jimmy Astupillo,"Astupillo, Jimmy",astupillo jimmy,https://www.imo-official.org/results/individual/country/PER/
Peru,PER,Eduardo,Balbuena,Eduardo Balbuena,"Balbuena, Eduardo",balbuena eduardo,https://www.imo-official.org/results/individual/country/PER/
Peru,PER,Renzo,Balcazar,Renzo Balcazar,"Balcazar, Renzo",balcazar renzo,https://www.imo-official.org/results/individual/country/PER/
Peru,PER,Renzo Rodrigo,Balcazar Tapia,Renzo Rodrigo Balcazar Tapia,"Balcazar Tapia, Renzo Rodrigo",balcazar renzo rodrigo tapia,https://www.imo-official.org/results/individual/country/PER/
Peru,PER,Alfredo,Barra,Alfredo Barra,"Barra, Alfredo",alfredo barra,https://www.imo-official.org/results/individual/country/PER/
Peru,PER,Josue,Bautista,Josue Bautista,"Bautista, Josue",bautista josue,https://www.imo-official.org/results/individual/country/PER/
Peru,PER,Daniel,Benavides,Daniel Benavides,"Benavides, Daniel",benavides daniel,https://www.imo-official.org/results/individual/country/PER/
Peru,PER,Daniel Marcelo,Benavides Quispialaya,Daniel Marcelo Benavides Quispialaya,"Benavides Quispialaya, Daniel Marcelo",benavides daniel marcelo quispialaya,https://www.imo-official.org/results/individual/country/PER/
Peru,PER,Isaac,Brincas,Isaac Brincas,"Brincas, Isaac",brincas isaac,https://www.imo-official.org/results/individual/country/PER/
Peru,PER,?,Cabrera,? Cabrera,"Cabrera, ?",cabrera,https://www.imo-official.org/results/individual/country/PER/
Peru,PER,Joseph C.,Caceres,Joseph C. Caceres,"Caceres, Joseph C.",c caceres joseph,https://www.imo-official.org/results/individual/country/PER/
Peru,PER,Miguel Angel,Ccaccya Carhuas,Miguel Angel Ccaccya Carhuas,"Ccaccya Carhuas, Miguel Angel",angel carhuas ccaccya miguel,https://www.imo-official.org/results/individual/country/PER/
Peru,PER,Victor,Chahuilco,Victor Chahuilco,"Chahuilco, Victor",chahuilco victor,https://www.imo-official.org/results/individual/country/PER/
Peru,PER,Jazmin,Chavarri,Jazmin Chavarri,"Chavarri, Jazmin",chavarri jazmin,https://www.imo-official.org/results/individual/country/PER/
Peru,PER,Daniel,Chen Soncco Huarsaya,Daniel Chen Soncco Huarsaya,"Chen Soncco Huarsaya, Daniel",chen daniel huarsaya soncco,https://www.imo-official.org/results/individual/country/PER/
Peru,PER,Raúl Arturo,Chávez Sarmiento,Raúl Arturo Chávez Sarmiento,"Chávez Sarmiento, Raúl Arturo",arturo chavez raul sarmiento,https://www.imo-official.org/results/individual/country/PER/
Peru,PER,Andrés,Coila,Andrés Coila,"Coila, Andrés",andres coila,https://www.imo-official.org/results/individual/country/PER/
Peru,PER,Diego,Coronado,Diego Coronado,"Coronado, Diego",coronado diego,https://www.imo-official.org/results/individual/country/PER/
Peru,PER,Jemisson,Coronel Baldeón,Jemisson Coronel Baldeón,"Coronel Baldeón, Jemisson",baldeon coronel jemisson,https://www.imo-official.org/results/individual/country/PER/
Peru,PER,W.,Cruz Rojas,W. Cruz Rojas,"Cruz Rojas, W.",cruz rojas w,https://www.imo-official.org/results/individual/country/PER/
Peru,PER,Cesar,Cuenca,Cesar Cuenca,"Cuenca, Cesar",cesar cuenca,https://www.imo-official.org/results/individual/country/PER/
Peru,PER,César,Cuenca Lucero,César Cuenca Lucero,"Cuenca Lucero, César",cesar cuenca lucero,https://www.imo-official.org/results/individual/country/PER/
Peru,PER,John,Cuya,John Cuya,"Cuya, John",cuya john,https://www.imo-official.org/results/individual/country/PER/
Peru,PER,Manuel,Cáceres Polo,Manuel Cáceres Polo,"Cáceres Polo, Manuel",caceres manuel polo,https://www.imo-official.org/results/individual/country/PER/
Peru,PER,Edvard,Del Carpio Talaverano,Edvard Del Carpio Talaverano,"Del Carpio Talaverano, Edvard",carpio del edvard talaverano,https://www.imo-official.org/results/individual/country/PER/
Peru,PER,Claudio,Espinoza,Claudio Espinoza,"Espinoza, Claudio",claudio espinoza,https://www.imo-official.org/results/individual/country/PER/
Peru,PER,Claudio Vicente,Espinoza Choqquepura,Claudio Vicente Espinoza Choqquepura,"Espinoza Choqquepura, Claudio Vicente",choqquepura claudio espinoza vicente,https://www.imo-official.org/results/individual/country/PER/
Peru,PER,Jimmy,Espinoza Palacios,Jimmy Espinoza Palacios,"Espinoza Palacios, Jimmy",espinoza jimmy palacios,https://www.imo-official.org/results/individual/country/PER/
Peru,PER,Abraham,Fajardo,Abraham Fajardo,"Fajardo, Abraham",abraham fajardo,https://www.imo-official.org/results/individual/country/PER/
Peru,PER,José,Fajardo,José Fajardo,"Fajardo, José",fajardo jose,https://www.imo-official.org/results/individual/country/PER/
Peru,PER,Angelo,Farfan,Angelo Farfan,"Farfan, Angelo",angelo farfan,https://www.imo-official.org/results/individual/country/PER/
Peru,PER,Henry,Felén Chávez,Henry Felén Chávez,"Felén Chávez, Henry",chavez felen henry,https://www.imo-official.org/results/individual/country/PER/
Peru,PER,Carla,Fermin,Carla Fermin,"Fermin, Carla",carla fermin,https://www.imo-official.org/results/individual/country/PER/
Peru,PER,Jesús Alberto,Figueroa Curo,Jesús Alberto Figueroa Curo,"Figueroa Curo, Jesús Alberto",alberto curo figueroa jesus,https://www.imo-official.org/results/individual/country/PER/
Peru,PER,Renato,Gaitan,Renato Gaitan,"Gaitan, Renato",gaitan renato,https://www.imo-official.org/results/individual/country/PER/
Peru,PER,Josué Benjamín,García Piscoya,Josué Benjamín García Piscoya,"García Piscoya, Josué Benjamín",benjamin garcia josue piscoya,https://www.imo-official.org/results/individual/country/PER/
Peru,PER,José Gustavo,García Sulca,José Gustavo García Sulca,"García Sulca, José Gustavo",garcia gustavo jose sulca,https://www.imo-official.org/results/individual/country/PER/
Peru,PER,Joaquin,Guerra,Joaquin Guerra,"Guerra, Joaquin",guerra joaquin,https://www.imo-official.org/results/individual/country/PER/
Peru,PER,Percy Augusto,Guerra Ríos,Percy Augusto Guerra Ríos,"Guerra Ríos, Percy Augusto",augusto guerra percy rios,https://www.imo-official.org/results/individual/country/PER/
Peru,PER,Mijail,Gutierrez,Mijail Gutierrez,"Gutierrez, Mijail",gutierrez mijail,https://www.imo-official.org/results/individual/country/PER/
Peru,PER,Gianmarco Jaime,Gutierrez Taipe,Gianmarco Jaime Gutierrez Taipe,"Gutierrez Taipe, Gianmarco Jaime",gianmarco gutierrez jaime taipe,https://www.imo-official.org/results/individual/country/PER/
Peru,PER,Julio,Gutiérrez,Julio Gutiérrez,"Gutiérrez, Julio",gutierrez julio,https://www.imo-official.org/results/individual/country/PER/
Peru,PER,Anthony,Huarcaya Palomino,Anthony Huarcaya Palomino,"Huarcaya Palomino, Anthony",anthony huarcaya palomino,https://www.imo-official.org/results/individual/country/PER/
Peru,PER,Edgar,Huarcaya Segovia,Edgar Huarcaya Segovia,"Huarcaya Segovia, Edgar",edgar huarcaya segovia,https://www.imo-official.org/results/individual/country/PER/
Peru,PER,María Teresa,Huánuco Candia,María Teresa Huánuco Candia,"Huánuco Candia, María Teresa",candia huanuco maria teresa,https://www.imo-official.org/results/individual/country/PER/
Peru,PER,Dennis,Ichpas,Dennis Ichpas,"Ichpas, Dennis",dennis ichpas,https://www.imo-official.org/results/individual/country/PER/
Peru,PER,Fidel,Jimenez,Fidel Jimenez,"Jimenez, Fidel",fidel jimenez,https://www.imo-official.org/results/individual/country/PER/
Peru,PER,Jordan,Juarez,Jordan Juarez,"Juarez, Jordan",jordan juarez,https://www.imo-official.org/results/individual/country/PER/
Peru,PER,Jerson,La Torre,Jerson La Torre,"La Torre, Jerson",jerson la torre,https://www.imo-official.org/results/individual/country/PER/
Peru,PER,Alejandro Omar,Loyola Bartra,Alejandro Omar Loyola Bartra,"Loyola Bartra, Alejandro Omar",alejandro bartra loyola omar,https://www.imo-official.org/results/individual/country/PER/
Peru,PER,Sebastian,Lozada,Sebastian Lozada,"Lozada, Sebastian",lozada sebastian,https://www.imo-official.org/results/individual/country/PER/
Peru,PER,Flor,Luna,Flor Luna,"Luna, Flor",flor luna,https://www.imo-official.org/results/individual/country/PER/
Peru,PER,Paul Michael,Luyo Carbonero,Paul Michael Luyo Carbonero,"Luyo Carbonero, Paul Michael",carbonero luyo michael paul,https://www.imo-official.org/results/individual/country/PER/
Peru,PER,Diego,Lázaro Cusihuaman,Diego Lázaro Cusihuaman,"Lázaro Cusihuaman, Diego",cusihuaman diego lazaro,https://www.imo-official.org/results/individual/country/PER/
Peru,PER,Fernando,Manrique Montañez,Fernando Manrique Montañez,"Manrique Montañez, Fernando",fernando manrique montanez,https://www.imo-official.org/results/individual/country/PER/
Peru,PER,Monica,Martinez,Monica Martinez,"Martinez, Monica",martinez monica,https://www.imo-official.org/results/individual/country/PER/
Peru,PER,Monica,Martinez Sanchez,Monica Martinez Sanchez,"Martinez Sanchez, Monica",martinez monica sanchez,https://www.imo-official.org/results/individual/country/PER/
Peru,PER,Renzo,Martín Monteza Valdivia,Renzo Martín Monteza Valdivia,"Martín Monteza Valdivia, Renzo",martin monteza renzo valdivia,https://www.imo-official.org/results/individual/country/PER/
Peru,PER,Afid,Mauricio,Afid Mauricio,"Mauricio, Afid",afid mauricio,https://www.imo-official.org/results/individual/country/PER/
Peru,PER,Juan Pablo,Medina Jurado,Juan Pablo Medina Jurado,"Medina Jurado, Juan Pablo",juan jurado medina pablo,https://www.imo-official.org/results/individual/country/PER/
Peru,PER,Julián Alonso,Mejía Cordero,Julián Alonso Mejía Cordero,"Mejía Cordero, Julián Alonso",alonso cordero julian mejia,https://www.imo-official.org/results/individual/country/PER/
Peru,PER,Paolo Andy,Melgar Póvez,Paolo Andy Melgar Póvez,"Melgar Póvez, Paolo Andy",andy melgar paolo povez,https://www.imo-official.org/results/individual/country/PER/
Peru,PER,Jossy,Milagros Alva Gutiérrez,Jossy Milagros Alva Gutiérrez,"Milagros Alva Gutiérrez, Jossy",alva gutierrez jossy milagros,https://www.imo-official.org/results/individual/country/PER/
Peru,PER,Yohan,Min,Yohan Min,"Min, Yohan",min yohan,https://www.imo-official.org/results/individual/country/PER/
Peru,PER,Ivan,Muñoz Castillo,Ivan Muñoz Castillo,"Muñoz Castillo, Ivan",castillo ivan munoz,https://www.imo-official.org/results/individual/country/PER/
Peru,PER,Angel Gerardo,Napa Bernuy,Angel Gerardo Napa Bernuy,"Napa Bernuy, Angel Gerardo",angel bernuy gerardo napa,https://www.imo-official.org/results/individual/country/PER/
Peru,PER,Juan,Neyra,Juan Neyra,"Neyra, Juan",juan neyra,https://www.imo-official.org/results/individual/country/PER/
Peru,PER,Hugo R.,Nopo Aguilar,Hugo R. Nopo Aguilar,"Nopo Aguilar, Hugo R.",aguilar hugo nopo r,https://www.imo-official.org/results/individual/country/PER/
Peru,PER,Samir,Ochoa,Samir Ochoa,"Ochoa, Samir",ochoa samir,https://www.imo-official.org/results/individual/country/PER/
Peru,PER,Cesar,Olivares,Cesar Olivares,"Olivares, Cesar",cesar olivares,https://www.imo-official.org/results/individual/country/PER/
Peru,PER,Mario,Pariona,Mario Pariona,"Pariona, Mario",mario pariona,https://www.imo-official.org/results/individual/country/PER/
Peru,PER,Juan,Paucar Zanabria,Juan Paucar Zanabria,"Paucar Zanabria, Juan",juan paucar zanabria,https://www.imo-official.org/results/individual/country/PER/
Peru,PER,Kevin,Pomasoncco,Kevin Pomasoncco,"Pomasoncco, Kevin",kevin pomasoncco,https://www.imo-official.org/results/individual/country/PER/
Peru,PER,Carlos,Pérez,Carlos Pérez,"Pérez, Carlos",carlos perez,https://www.imo-official.org/results/individual/country/PER/
Peru,PER,Alvaro,Quezada Rojas,Alvaro Quezada Rojas,"Quezada Rojas, Alvaro",alvaro quezada rojas,https://www.imo-official.org/results/individual/country/PER/
Peru,PER,Aldo William,Quillas Paredes,Aldo William Quillas Paredes,"Quillas Paredes, Aldo William",aldo paredes quillas william,https://www.imo-official.org/results/individual/country/PER/
Peru,PER,Ricardo Jesús,Ramos Castillo,Ricardo Jesús Ramos Castillo,"Ramos Castillo, Ricardo Jesús",castillo jesus ramos ricardo,https://www.imo-official.org/results/individual/country/PER/
Peru,PER,Leonel,Requena,Leonel Requena,"Requena, Leonel",leonel requena,https://www.imo-official.org/results/individual/country/PER/
Peru,PER,J.,Rezza Sulca,J. Rezza Sulca,"Rezza Sulca, J.",j rezza sulca,https://www.imo-official.org/results/individual/country/PER/
Peru,PER,Jose,Rojas,Jose Rojas,"Rojas, Jose",jose rojas,https://www.imo-official.org/results/individual/country/PER/
Peru,PER,Daniel,Rojas Cruz,Daniel Rojas Cruz,"Rojas Cruz, Daniel",cruz daniel rojas,https://www.imo-official.org/results/individual/country/PER/
Peru,PER,Dante,Romero,Dante Romero,"Romero, Dante",dante romero,https://www.imo-official.org/results/individual/country/PER/
Peru,PER,Miguel Wilhelm,Ruiz Tupac Yupanqui,Miguel Wilhelm Ruiz Tupac Yupanqui,"Ruiz Tupac Yupanqui, Miguel Wilhelm",miguel ruiz tupac wilhelm yupanqui,https://www.imo-official.org/results/individual/country/PER/
Peru,PER,Luis,Sanchez,Luis Sanchez,"Sanchez, Luis",luis sanchez,https://www.imo-official.org/results/individual/country/PER/
Peru,PER,Rafael,Sanchez,Rafael Sanchez,"Sanchez, Rafael",rafael sanchez,https://www.imo-official.org/results/individual/country/PER/
Peru,PER,Jeysel,Santiago,Jeysel Santiago,"Santiago, Jeysel",jeysel santiago,https://www.imo-official.org/results/individual/country/PER/
Peru,PER,Aldo,Sarmiento,Aldo Sarmiento,"Sarmiento, Aldo",aldo sarmiento,https://www.imo-official.org/results/individual/country/PER/
Peru,PER,Christian,Suyo Burga,Christian Suyo Burga,"Suyo Burga, Christian",burga christian suyo,https://www.imo-official.org/results/individual/country/PER/
Peru,PER,Juan Mathius,Tasayco,Juan Mathius Tasayco,"Tasayco, Juan Mathius",juan mathius tasayco,https://www.imo-official.org/results/individual/country/PER/
Peru,PER,Víctor,Tasayco,Víctor Tasayco,"Tasayco, Víctor",tasayco victor,https://www.imo-official.org/results/individual/country/PER/
Peru,PER,Hector,Tenorio,Hector Tenorio,"Tenorio, Hector",hector tenorio,https://www.imo-official.org/results/individual/country/PER/
Peru,PER,Jorge,Tipe,Jorge Tipe,"Tipe, Jorge",jorge tipe,https://www.imo-official.org/results/individual/country/PER/
Peru,PER,Ricardo,Uceda,Ricardo Uceda,"Uceda, Ricardo",ricardo uceda,https://www.imo-official.org/results/individual/country/PER/
Peru,PER,David Emmanuel,Uribe Gavilano,David Emmanuel Uribe Gavilano,"Uribe Gavilano, David Emmanuel",david emmanuel gavilano uribe,https://www.imo-official.org/results/individual/country/PER/
Peru,PER,Enrique,Valereanho,Enrique Valereanho,"Valereanho, Enrique",enrique valereanho,https://www.imo-official.org/results/individual/country/PER/
Peru,PER,Francis M.,Valeriano C.,Francis M. Valeriano C.,"Valeriano C., Francis M.",c francis m valeriano,https://www.imo-official.org/results/individual/country/PER/
Peru,PER,Frank,Valerio,Frank Valerio,"Valerio, Frank",frank valerio,https://www.imo-official.org/results/individual/country/PER/
Peru,PER,Franco Eloy,Vargas Pallete,Franco Eloy Vargas Pallete,"Vargas Pallete, Franco Eloy",eloy franco pallete vargas,https://www.imo-official.org/results/individual/country/PER/
Peru,PER,Amilcar,Velez,Amilcar Velez,"Velez, Amilcar",amilcar velez,https://www.imo-official.org/results/individual/country/PER/
Peru,PER,Amilcar,Velez Salamanca,Amilcar Velez Salamanca,"Velez Salamanca, Amilcar",amilcar salamanca velez,https://www.imo-official.org/results/individual/country/PER/
Peru,PER,Sergio Eduardo,Vera Patino,Sergio Eduardo Vera Patino,"Vera Patino, Sergio Eduardo",eduardo patino sergio vera,https://www.imo-official.org/results/individual/country/PER/
Peru,PER,Diego Martín,Vigo Cadenillas,Diego Martín Vigo Cadenillas,"Vigo Cadenillas, Diego Martín",cadenillas diego martin vigo,https://www.imo-official.org/results/individual/country/PER/
Peru,PER,Liz,Vivas,Liz Vivas,"Vivas, Liz",liz vivas,https://www.imo-official.org/results/individual/country/PER/
Peru,PER,Alejandro Miguel,Warton Cordero,Alejandro Miguel Warton Cordero,"Warton Cordero, Alejandro Miguel",alejandro cordero miguel warton,https://www.imo-official.org/results/individual/country/PER/
Peru,PER,Anthony,Yataco Torres,Anthony Yataco Torres,"Yataco Torres, Anthony",anthony torres yataco,https://www.imo-official.org/results/individual/country/PER/
Peru,PER,Jesús,Zapata,Jesús Zapata,"Zapata, Jesús",jesus zapata,https://www.imo-official.org/results/individual/country/PER/
Philippines,PHI,Carlo Francisco Echavez,Adajar,Carlo Francisco Echavez Adajar,"Adajar, Carlo Francisco Echavez",adajar carlo echavez francisco,https://www.imo-official.org/results/individual/country/PHI/
Philippines,PHI,Alessandro,Albano,Alessandro Albano,"Albano, Alessandro",albano alessandro,https://www.imo-official.org/results/individual/country/PHI/
Philippines,PHI,Clyde Wesley,Ang,Clyde Wesley Ang,"Ang, Clyde Wesley",ang clyde wesley,https://www.imo-official.org/results/individual/country/PHI/
Philippines,PHI,Richmond,Ang,Richmond Ang,"Ang, Richmond",ang richmond,https://www.imo-official.org/results/individual/country/PHI/
Philippines,PHI,Immanuel Josiah,Balete,Immanuel Josiah Balete,"Balete, Immanuel Josiah",balete immanuel josiah,https://www.imo-official.org/results/individual/country/PHI/
Philippines,PHI,Jose Ramon,Batiller,Jose Ramon Batiller,"Batiller, Jose Ramon",batiller jose ramon,https://www.imo-official.org/results/individual/country/PHI/
Philippines,PHI,Ervin Joshua,Bautista,Ervin Joshua Bautista,"Bautista, Ervin Joshua",bautista ervin joshua,https://www.imo-official.org/results/individual/country/PHI/
Philippines,PHI,Sarji Elijah,Bona,Sarji Elijah Bona,"Bona, Sarji Elijah",bona elijah sarji,https://www.imo-official.org/results/individual/country/PHI/
Philippines,PHI,Glen,C. Ong,Glen C. Ong,"C. Ong, Glen",c glen ong,https://www.imo-official.org/results/individual/country/PHI/
Philippines,PHI,Emmanuel Osbert,Cajayon,Emmanuel Osbert Cajayon,"Cajayon, Emmanuel Osbert",cajayon emmanuel osbert,https://www.imo-official.org/results/individual/country/PHI/
Philippines,PHI,Steven Llanos,Camina,Steven Llanos Camina,"Camina, Steven Llanos",camina llanos steven,https://www.imo-official.org/results/individual/country/PHI/
Philippines,PHI,Mark Anthony T.,Carlos,Mark Anthony T. Carlos,"Carlos, Mark Anthony T.",anthony carlos mark t,https://www.imo-official.org/results/individual/country/PHI/
Philippines,PHI,Ronaldo N.,Carpio,Ronaldo N. Carpio,"Carpio, Ronaldo N.",carpio n ronaldo,https://www.imo-official.org/results/individual/country/PHI/
Philippines,PHI,Mohammad Nur,Casib,Mohammad Nur Casib,"Casib, Mohammad Nur",casib mohammad nur,https://www.imo-official.org/results/individual/country/PHI/
Philippines,PHI,Bernard,Chan,Bernard Chan,"Chan, Bernard",bernard chan,https://www.imo-official.org/results/individual/country/PHI/
Philippines,PHI,Jaryd Luke,Chan,Jaryd Luke Chan,"Chan, Jaryd Luke",chan jaryd luke,https://www.imo-official.org/results/individual/country/PHI/
Philippines,PHI,Wilbin S.,Chan,Wilbin S. Chan,"Chan, Wilbin S.",chan s wilbin,https://www.imo-official.org/results/individual/country/PHI/
Philippines,PHI,Wyant S.,Chan,Wyant S. Chan,"Chan, Wyant S.",chan s wyant,https://www.imo-official.org/results/individual/country/PHI/
Philippines,PHI,Christian Paol,Chan Shio,Christian Paol Chan Shio,"Chan Shio, Christian Paol",chan christian paol shio,https://www.imo-official.org/results/individual/country/PHI/
Philippines,PHI,Deany Hendrick,Cheng,Deany Hendrick Cheng,"Cheng, Deany Hendrick",cheng deany hendrick,https://www.imo-official.org/results/individual/country/PHI/
Philippines,PHI,Earl John Rosales,Chua,Earl John Rosales Chua,"Chua, Earl John Rosales",chua earl john rosales,https://www.imo-official.org/results/individual/country/PHI/
Philippines,PHI,Jonathan Aldric,Chua,Jonathan Aldric Chua,"Chua, Jonathan Aldric",aldric chua jonathan,https://www.imo-official.org/results/individual/country/PHI/
Philippines,PHI,Ryan Jerome,Chua,Ryan Jerome Chua,"Chua, Ryan Jerome",chua jerome ryan,https://www.imo-official.org/results/individual/country/PHI/
Philippines,PHI,Timothy John,Chua,Timothy John Chua,"Chua, Timothy John",chua john timothy,https://www.imo-official.org/results/individual/country/PHI/
Philippines,PHI,Kenneth Tan,Co,Kenneth Tan Co,"Co, Kenneth Tan",co kenneth tan,https://www.imo-official.org/results/individual/country/PHI/
Philippines,PHI,Minette O.,Co,Minette O. Co,"Co, Minette O.",co minette o,https://www.imo-official.org/results/individual/country/PHI/
Philippines,PHI,Bernard L,Cran,Bernard L Cran,"Cran, Bernard L",bernard cran l,https://www.imo-official.org/results/individual/country/PHI/
Philippines,PHI,Heindrick Franell,Cu,Heindrick Franell Cu,"Cu, Heindrick Franell",cu franell heindrick,https://www.imo-official.org/results/individual/country/PHI/
Philippines,PHI,Clark Jefferson Ng,Cue,Clark Jefferson Ng Cue,"Cue, Clark Jefferson Ng",clark cue jefferson ng,https://www.imo-official.org/results/individual/country/PHI/
Philippines,PHI,Raymund Christopher,Cuesico,Raymund Christopher Cuesico,"Cuesico, Raymund Christopher",christopher cuesico raymund,https://www.imo-official.org/results/individual/country/PHI/
Philippines,PHI,Raphael Dylan,Dalida,Raphael Dylan Dalida,"Dalida, Raphael Dylan",dalida dylan raphael,https://www.imo-official.org/results/individual/country/PHI/
Philippines,PHI,Michael,Daniel Samson,Michael Daniel Samson,"Daniel Samson, Michael",daniel michael samson,https://www.imo-official.org/results/individual/country/PHI/
Philippines,PHI,Guido,David,Guido David,"David, Guido",david guido,https://www.imo-official.org/results/individual/country/PHI/
Philippines,PHI,Paul,Dayao,Paul Dayao,"Dayao, Paul",dayao paul,https://www.imo-official.org/results/individual/country/PHI/
Philippines,PHI,Joseph,Del Callar,Joseph Del Callar,"Del Callar, Joseph",callar del joseph,https://www.imo-official.org/results/individual/country/PHI/
Philippines,PHI,Vincent,Dela Cruz,Vincent Dela Cruz,"Dela Cruz, Vincent",cruz dela vincent,https://www.imo-official.org/results/individual/country/PHI/
Philippines,PHI,Rico T,Draper,Rico T Draper,"Draper, Rico T",draper rico t,https://www.imo-official.org/results/individual/country/PHI/
Philippines,PHI,Kyle Patrick,Dulay,Kyle Patrick Dulay,"Dulay, Kyle Patrick",dulay kyle patrick,https://www.imo-official.org/results/individual/country/PHI/
Philippines,PHI,Richard,Eden,Richard Eden,"Eden, Richard",eden richard,https://www.imo-official.org/results/individual/country/PHI/
Philippines,PHI,Richard B.,Eden,Richard B. Eden,"Eden, Richard B.",b eden richard,https://www.imo-official.org/results/individual/country/PHI/
Philippines,PHI,Rhodin Evan,Escolar,Rhodin Evan Escolar,"Escolar, Rhodin Evan",escolar evan rhodin,https://www.imo-official.org/results/individual/country/PHI/
Philippines,PHI,Mateo Inigo,Espocia,Mateo Inigo Espocia,"Espocia, Mateo Inigo",espocia inigo mateo,https://www.imo-official.org/results/individual/country/PHI/
Philippines,PHI,Raymond Joseph,Fadri,Raymond Joseph Fadri,"Fadri, Raymond Joseph",fadri joseph raymond,https://www.imo-official.org/results/individual/country/PHI/
Philippines,PHI,Eric Angelo,Franco,Eric Angelo Franco,"Franco, Eric Angelo",angelo eric franco,https://www.imo-official.org/results/individual/country/PHI/
Philippines,PHI,Michael,Garcia,Michael Garcia,"Garcia, Michael",garcia michael,https://www.imo-official.org/results/individual/country/PHI/
Philippines,PHI,John,Garret C. Go,John Garret C. Go,"Garret C. Go, John",c garret go john,https://www.imo-official.org/results/individual/country/PHI/
Philippines,PHI,Jeffrey Kenneth,Go,Jeffrey Kenneth Go,"Go, Jeffrey Kenneth",go jeffrey kenneth,https://www.imo-official.org/results/individual/country/PHI/
Philippines,PHI,Matthew Andrei,Go,Matthew Andrei Go,"Go, Matthew Andrei",andrei go matthew,https://www.imo-official.org/results/individual/country/PHI/
Philippines,PHI,Vance Eldric,Go,Vance Eldric Go,"Go, Vance Eldric",eldric go vance,https://www.imo-official.org/results/individual/country/PHI/
Philippines,PHI,Alfonso P.,Gonzales III,Alfonso P. Gonzales III,"Gonzales III, Alfonso P.",alfonso gonzales iii p,https://www.imo-official.org/results/individual/country/PHI/
Philippines,PHI,Andres Rico,Gonzales III,Andres Rico Gonzales III,"Gonzales III, Andres Rico",andres gonzales iii rico,https://www.imo-official.org/results/individual/country/PHI/
Philippines,PHI,Russelle,Guadalupe,Russelle Guadalupe,"Guadalupe, Russelle",guadalupe russelle,https://www.imo-official.org/results/individual/country/PHI/
Philippines,PHI,Jon,Henri A. Ma,Jon Henri A. Ma,"Henri A. Ma, Jon",a henri jon ma,https://www.imo-official.org/results/individual/country/PHI/
Philippines,PHI,Mark John,Hermano,Mark John Hermano,"Hermano, Mark John",hermano john mark,https://www.imo-official.org/results/individual/country/PHI/
Philippines,PHI,Gian,Jeffson D. Chua,Gian Jeffson D. Chua,"Jeffson D. Chua, Gian",chua d gian jeffson,https://www.imo-official.org/results/individual/country/PHI/
Philippines,PHI,Mark,John T. Hermano,Mark John T. Hermano,"John T. Hermano, Mark",hermano john mark t,https://www.imo-official.org/results/individual/country/PHI/
Philippines,PHI,Jerome Suntay,Khohayting,Jerome Suntay Khohayting,"Khohayting, Jerome Suntay",jerome khohayting suntay,https://www.imo-official.org/results/individual/country/PHI/
Philippines,PHI,Kerwin O,Khu,Kerwin O Khu,"Khu, Kerwin O",kerwin khu o,https://www.imo-official.org/results/individual/country/PHI/
Philippines,PHI,Kirk Jon O. L.,Khu,Kirk Jon O. L. Khu,"Khu, Kirk Jon O. L.",jon khu kirk l o,https://www.imo-official.org/results/individual/country/PHI/
Philippines,PHI,Benedict,L. Chan,Benedict L. Chan,"L. Chan, Benedict",benedict chan l,https://www.imo-official.org/results/individual/country/PHI/
Philippines,PHI,Carmela Antoinette Sio,Lao,Carmela Antoinette Sio Lao,"Lao, Carmela Antoinette Sio",antoinette carmela lao sio,https://www.imo-official.org/results/individual/country/PHI/
Philippines,PHI,Ma. Czarina Angela,Lao,Ma. Czarina Angela Lao,"Lao, Ma. Czarina Angela",angela czarina lao ma,https://www.imo-official.org/results/individual/country/PHI/
Philippines,PHI,Dennis,Lee,Dennis Lee,"Lee, Dennis",dennis lee,https://www.imo-official.org/results/individual/country/PHI/
Philippines,PHI,Patrick,Lim,Patrick Lim,"Lim, Patrick",lim patrick,https://www.imo-official.org/results/individual/country/PHI/
Philippines,PHI,Robin Lester,Lim,Robin Lester Lim,"Lim, Robin Lester",lester lim robin,https://www.imo-official.org/results/individual/country/PHI/
Philippines,PHI,Winson,Lim,Winson Lim,"Lim, Winson",lim winson,https://www.imo-official.org/results/individual/country/PHI/
Philippines,PHI,Marisciel,Litong,Marisciel Litong,"Litong, Marisciel",litong marisciel,https://www.imo-official.org/results/individual/country/PHI/
Philippines,PHI,Jose Ernie C.,Lope,Jose Ernie C. Lope,"Lope, Jose Ernie C.",c ernie jose lope,https://www.imo-official.org/results/individual/country/PHI/
Philippines,PHI,Marlon,Louie M. Musngi,Marlon Louie M. Musngi,"Louie M. Musngi, Marlon",louie m marlon musngi,https://www.imo-official.org/results/individual/country/PHI/
Philippines,PHI,Victor,Luchangco,Victor Luchangco,"Luchangco, Victor",luchangco victor,https://www.imo-official.org/results/individual/country/PHI/
Philippines,PHI,Antonio Valente,Macarilay,Antonio Valente Macarilay,"Macarilay, Antonio Valente",antonio macarilay valente,https://www.imo-official.org/results/individual/country/PHI/
Philippines,PHI,Paul,Manalastas,Paul Manalastas,"Manalastas, Paul",manalastas paul,https://www.imo-official.org/results/individual/country/PHI/
Philippines,PHI,Melvin T,Marfega,Melvin T Marfega,"Marfega, Melvin T",marfega melvin t,https://www.imo-official.org/results/individual/country/PHI/
Philippines,PHI,Enrico Rolando,Martinez,Enrico Rolando Martinez,"Martinez, Enrico Rolando",enrico martinez rolando,https://www.imo-official.org/results/individual/country/PHI/
Philippines,PHI,Diogo Miguel,Moitinho de Almeida,Diogo Miguel Moitinho de Almeida,"Moitinho de Almeida, Diogo Miguel",almeida de diogo miguel moitinho,https://www.imo-official.org/results/individual/country/PHI/
Philippines,PHI,Henry Jefferson Co,Morco,Henry Jefferson Co Morco,"Morco, Henry Jefferson Co",co henry jefferson morco,https://www.imo-official.org/results/individual/country/PHI/
Philippines,PHI,Tobit James,Narciso,Tobit James Narciso,"Narciso, Tobit James",james narciso tobit,https://www.imo-official.org/results/individual/country/PHI/
Philippines,PHI,Rolando,Navarro Jr.,Rolando Navarro Jr.,"Navarro Jr., Rolando",jr navarro rolando,https://www.imo-official.org/results/individual/country/PHI/
Philippines,PHI,Nathan Gabriel,Neria,Nathan Gabriel Neria,"Neria, Nathan Gabriel",gabriel nathan neria,https://www.imo-official.org/results/individual/country/PHI/
Philippines,PHI,Karl,Oliver A. Yu,Karl Oliver A. Yu,"Oliver A. Yu, Karl",a karl oliver yu,https://www.imo-official.org/results/individual/country/PHI/
Philippines,PHI,Stephanie Anne,Oliveros,Stephanie Anne Oliveros,"Oliveros, Stephanie Anne",anne oliveros stephanie,https://www.imo-official.org/results/individual/country/PHI/
Philippines,PHI,Dion Stephan,Ong,Dion Stephan Ong,"Ong, Dion Stephan",dion ong stephan,https://www.imo-official.org/results/individual/country/PHI/
Philippines,PHI,Glen M,Ong,Glen M Ong,"Ong, Glen M",glen m ong,https://www.imo-official.org/results/individual/country/PHI/
Philippines,PHI,Karlvin Cheng,Ong,Karlvin Cheng Ong,"Ong, Karlvin Cheng",cheng karlvin ong,https://www.imo-official.org/results/individual/country/PHI/
Philippines,PHI,Ivan Remington,Or,Ivan Remington Or,"Or, Ivan Remington",ivan or remington,https://www.imo-official.org/results/individual/country/PHI/
Philippines,PHI,Alvann Walter,Paredes Dy,Alvann Walter Paredes Dy,"Paredes Dy, Alvann Walter",alvann dy paredes walter,https://www.imo-official.org/results/individual/country/PHI/
Philippines,PHI,Noel,Patron,Noel Patron,"Patron, Noel",noel patron,https://www.imo-official.org/results/individual/country/PHI/
Philippines,PHI,Albert John,Patupat,Albert John Patupat,"Patupat, Albert John",albert john patupat,https://www.imo-official.org/results/individual/country/PHI/
Philippines,PHI,Shaun Lawrence,Poh Leung,Shaun Lawrence Poh Leung,"Poh Leung, Shaun Lawrence",lawrence leung poh shaun,https://www.imo-official.org/results/individual/country/PHI/
Philippines,PHI,Shaquille Wyan,Que,Shaquille Wyan Que,"Que, Shaquille Wyan",que shaquille wyan,https://www.imo-official.org/results/individual/country/PHI/
Philippines,PHI,Tyrel,R. Tugade,Tyrel R. Tugade,"R. Tugade, Tyrel",r tugade tyrel,https://www.imo-official.org/results/individual/country/PHI/
Philippines,PHI,Marc,Rainier Dy Ngo,Marc Rainier Dy Ngo,"Rainier Dy Ngo, Marc",dy marc ngo rainier,https://www.imo-official.org/results/individual/country/PHI/
Philippines,PHI,Jayvee,Rebustillo,Jayvee Rebustillo,"Rebustillo, Jayvee",jayvee rebustillo,https://www.imo-official.org/results/individual/country/PHI/
Philippines,PHI,Rommel,Regis,Rommel Regis,"Regis, Rommel",regis rommel,https://www.imo-official.org/results/individual/country/PHI/
Philippines,PHI,Steven,Reyes,Steven Reyes,"Reyes, Steven",reyes steven,https://www.imo-official.org/results/individual/country/PHI/
Philippines,PHI,Bryce Ainsley,Sanchez,Bryce Ainsley Sanchez,"Sanchez, Bryce Ainsley",ainsley bryce sanchez,https://www.imo-official.org/results/individual/country/PHI/
Philippines,PHI,Ceferino,Sanchez,Ceferino Sanchez,"Sanchez, Ceferino",ceferino sanchez,https://www.imo-official.org/results/individual/country/PHI/
Philippines,PHI,Patrick A.,Santiago,Patrick A. Santiago,"Santiago, Patrick A.",a patrick santiago,https://www.imo-official.org/results/individual/country/PHI/
Philippines,PHI,Wesley Spencer,See,Wesley Spencer See,"See, Wesley Spencer",see spencer wesley,https://www.imo-official.org/results/individual/country/PHI/
Philippines,PHI,Adrian Reginald,Sy,Adrian Reginald Sy,"Sy, Adrian Reginald",adrian reginald sy,https://www.imo-official.org/results/individual/country/PHI/
Philippines,PHI,Darren Mendell,Sy,Darren Mendell Sy,"Sy, Darren Mendell",darren mendell sy,https://www.imo-official.org/results/individual/country/PHI/
Philippines,PHI,Jonathan,Sy,Jonathan Sy,"Sy, Jonathan",jonathan sy,https://www.imo-official.org/results/individual/country/PHI/
Philippines,PHI,Luke Sebastian,Sy,Luke Sebastian Sy,"Sy, Luke Sebastian",luke sebastian sy,https://www.imo-official.org/results/individual/country/PHI/
Philippines,PHI,Michael Sia,Sy,Michael Sia Sy,"Sy, Michael Sia",michael sia sy,https://www.imo-official.org/results/individual/country/PHI/
Philippines,PHI,Elvis,T. Chua,Elvis T. Chua,"T. Chua, Elvis",chua elvis t,https://www.imo-official.org/results/individual/country/PHI/
Philippines,PHI,May,T. Lim,May T. Lim,"T. Lim, May",lim may t,https://www.imo-official.org/results/individual/country/PHI/
Philippines,PHI,Daniel Andrew O.,Tan,Daniel Andrew O. Tan,"Tan, Daniel Andrew O.",andrew daniel o tan,https://www.imo-official.org/results/individual/country/PHI/
Philippines,PHI,Jason,Tan,Jason Tan,"Tan, Jason",jason tan,https://www.imo-official.org/results/individual/country/PHI/
Philippines,PHI,Mark Benedict,Tan,Mark Benedict Tan,"Tan, Mark Benedict",benedict mark tan,https://www.imo-official.org/results/individual/country/PHI/
Philippines,PHI,Matthew Ryan,Tan,Matthew Ryan Tan,"Tan, Matthew Ryan",matthew ryan tan,https://www.imo-official.org/results/individual/country/PHI/
Philippines,PHI,Rickson Caleb,Tan,Rickson Caleb Tan,"Tan, Rickson Caleb",caleb rickson tan,https://www.imo-official.org/results/individual/country/PHI/
Philippines,PHI,Jerome Austin,Te,Jerome Austin Te,"Te, Jerome Austin",austin jerome te,https://www.imo-official.org/results/individual/country/PHI/
Philippines,PHI,Rafael Gerardo Sto. Tomas,Tensuan,Rafael Gerardo Sto. Tomas Tensuan,"Tensuan, Rafael Gerardo Sto. Tomas",gerardo rafael sto tensuan tomas,https://www.imo-official.org/results/individual/country/PHI/
Philippines,PHI,Samuel,Timothy Dy,Samuel Timothy Dy,"Timothy Dy, Samuel",dy samuel timothy,https://www.imo-official.org/results/individual/country/PHI/
Philippines,PHI,Sherwin,Tobibio,Sherwin Tobibio,"Tobibio, Sherwin",sherwin tobibio,https://www.imo-official.org/results/individual/country/PHI/
Philippines,PHI,Vince Jan,Torres,Vince Jan Torres,"Torres, Vince Jan",jan torres vince,https://www.imo-official.org/results/individual/country/PHI/
Philippines,PHI,Sean Anderson,Ty,Sean Anderson Ty,"Ty, Sean Anderson",anderson sean ty,https://www.imo-official.org/results/individual/country/PHI/
Philippines,PHI,Macelino,Uy,Macelino Uy,"Uy, Macelino",macelino uy,https://www.imo-official.org/results/individual/country/PHI/
Philippines,PHI,Mikaela Angelina,Uy,Mikaela Angelina Uy,"Uy, Mikaela Angelina",angelina mikaela uy,https://www.imo-official.org/results/individual/country/PHI/
Philippines,PHI,Timothy L.,Uy,Timothy L. Uy,"Uy, Timothy L.",l timothy uy,https://www.imo-official.org/results/individual/country/PHI/
Philippines,PHI,Zion Skye Earl Carmelo,Uy,Zion Skye Earl Carmelo Uy,"Uy, Zion Skye Earl Carmelo",carmelo earl skye uy zion,https://www.imo-official.org/results/individual/country/PHI/
Philippines,PHI,Mark Justin,Villafuerte,Mark Justin Villafuerte,"Villafuerte, Mark Justin",justin mark villafuerte,https://www.imo-official.org/results/individual/country/PHI/
Philippines,PHI,Charles,William O. Ang,Charles William O. Ang,"William O. Ang, Charles",ang charles o william,https://www.imo-official.org/results/individual/country/PHI/
Philippines,PHI,Jonathan Santos,Wong,Jonathan Santos Wong,"Wong, Jonathan Santos",jonathan santos wong,https://www.imo-official.org/results/individual/country/PHI/
Philippines,PHI,Farrell Eldrian,Wu,Farrell Eldrian Wu,"Wu, Farrell Eldrian",eldrian farrell wu,https://www.imo-official.org/results/individual/country/PHI/
Philippines,PHI,Filbert Ephraim,Wu,Filbert Ephraim Wu,"Wu, Filbert Ephraim",ephraim filbert wu,https://www.imo-official.org/results/individual/country/PHI/
Philippines,PHI,Zheng Rong Sojor,Wu,Zheng Rong Sojor Wu,"Wu, Zheng Rong Sojor",rong sojor wu zheng,https://www.imo-official.org/results/individual/country/PHI/
Philippines,PHI,Daniel,Yagan,Daniel Yagan,"Yagan, Daniel",daniel yagan,https://www.imo-official.org/results/individual/country/PHI/
Republic of Korea,KOR,Hyoung-Jun,Ahn,Hyoung-Jun Ahn,"Ahn, Hyoung-Jun",ahn hyoung jun,https://www.imo-official.org/results/individual/country/KOR/
Republic of Korea,KOR,Jeonghyun,Ahn,Jeonghyun Ahn,"Ahn, Jeonghyun",ahn jeonghyun,https://www.imo-official.org/results/individual/country/KOR/
Republic of Korea,KOR,Joo Yong,Ahn,Joo Yong Ahn,"Ahn, Joo Yong",ahn joo yong,https://www.imo-official.org/results/individual/country/KOR/
Republic of Korea,KOR,Tae Joo,Ahn,Tae Joo Ahn,"Ahn, Tae Joo",ahn joo tae,https://www.imo-official.org/results/individual/country/KOR/
Republic of Korea,KOR,Junhwi,Bae,Junhwi Bae,"Bae, Junhwi",bae junhwi,https://www.imo-official.org/results/individual/country/KOR/
Republic of Korea,KOR,Young Jin,Bae,Young Jin Bae,"Bae, Young Jin",bae jin young,https://www.imo-official.org/results/individual/country/KOR/
Republic of Korea,KOR,Seungyoon,Baek,Seungyoon Baek,"Baek, Seungyoon",baek seungyoon,https://www.imo-official.org/results/individual/country/KOR/
Republic of Korea,KOR,Seojin,Byun,Seojin Byun,"Byun, Seojin",byun seojin,https://www.imo-official.org/results/individual/country/KOR/
Republic of Korea,KOR,Jaewon,Chang,Jaewon Chang,"Chang, Jaewon",chang jaewon,https://www.imo-official.org/results/individual/country/KOR/
Republic of Korea,KOR,Hyungjune,Cho,Hyungjune Cho,"Cho, Hyungjune",cho hyungjune,https://www.imo-official.org/results/individual/country/KOR/
Republic of Korea,KOR,Youngjun,Cho,Youngjun Cho,"Cho, Youngjun",cho youngjun,https://www.imo-official.org/results/individual/country/KOR/
Republic of Korea,KOR,Byung Hee,Choi,Byung Hee Choi,"Choi, Byung Hee",byung choi hee,https://www.imo-official.org/results/individual/country/KOR/
Republic of Korea,KOR,Hyunwoo,Choi,Hyunwoo Choi,"Choi, Hyunwoo",choi hyunwoo,https://www.imo-official.org/results/individual/country/KOR/
Republic of Korea,KOR,In Hwan,Choi,In Hwan Choi,"Choi, In Hwan",choi hwan in,https://www.imo-official.org/results/individual/country/KOR/
Republic of Korea,KOR,Jaewon,Choi,Jaewon Choi,"Choi, Jaewon",choi jaewon,https://www.imo-official.org/results/individual/country/KOR/
Republic of Korea,KOR,Kyeong Su,Choi,Kyeong Su Choi,"Choi, Kyeong Su",choi kyeong su,https://www.imo-official.org/results/individual/country/KOR/
Republic of Korea,KOR,Kyu Hyeon,Choi,Kyu Hyeon Choi,"Choi, Kyu Hyeon",choi hyeon kyu,https://www.imo-official.org/results/individual/country/KOR/
Republic of Korea,KOR,Minkyu,Choi,Minkyu Choi,"Choi, Minkyu",choi minkyu,https://www.imo-official.org/results/individual/country/KOR/
Republic of Korea,KOR,Suh Hyun,Choi,Suh Hyun Choi,"Choi, Suh Hyun",choi hyun suh,https://www.imo-official.org/results/individual/country/KOR/
Republic of Korea,KOR,Woojin,Choi,Woojin Choi,"Choi, Woojin",choi woojin,https://www.imo-official.org/results/individual/country/KOR/
Republic of Korea,KOR,Hyeongjoe,Chu,Hyeongjoe Chu,"Chu, Hyeongjoe",chu hyeongjoe,https://www.imo-official.org/results/individual/country/KOR/
Republic of Korea,KOR,Jo Han,Chu,Jo Han Chu,"Chu, Jo Han",chu han jo,https://www.imo-official.org/results/individual/country/KOR/
Republic of Korea,KOR,Jin-Min,Chung,Jin-Min Chung,"Chung, Jin-Min",chung jin min,https://www.imo-official.org/results/individual/country/KOR/
Republic of Korea,KOR,Yeong,Dae Kwon,Yeong Dae Kwon,"Dae Kwon, Yeong",dae kwon yeong,https://www.imo-official.org/results/individual/country/KOR/
Republic of Korea,KOR,Whan,Ghang,Whan Ghang,"Ghang, Whan",ghang whan,https://www.imo-official.org/results/individual/country/KOR/
Republic of Korea,KOR,Jerin,Gu,Jerin Gu,"Gu, Jerin",gu jerin,https://www.imo-official.org/results/individual/country/KOR/
Republic of Korea,KOR,Wooju,Ham,Wooju Ham,"Ham, Wooju",ham wooju,https://www.imo-official.org/results/individual/country/KOR/
Republic of Korea,KOR,Lin,Han,Lin Han,"Han, Lin",han lin,https://www.imo-official.org/results/individual/country/KOR/
Republic of Korea,KOR,Man Wong,Han,Man Wong Han,"Han, Man Wong",han man wong,https://www.imo-official.org/results/individual/country/KOR/
Republic of Korea,KOR,Jaehyeok,Heo,Jaehyeok Heo,"Heo, Jaehyeok",heo jaehyeok,https://www.imo-official.org/results/individual/country/KOR/
Republic of Korea,KOR,Won,Ho Jeong,Won Ho Jeong,"Ho Jeong, Won",ho jeong won,https://www.imo-official.org/results/individual/country/KOR/
Republic of Korea,KOR,Eui Cheon,Hong,Eui Cheon Hong,"Hong, Eui Cheon",cheon eui hong,https://www.imo-official.org/results/individual/country/KOR/
Republic of Korea,KOR,Serin,Hong,Serin Hong,"Hong, Serin",hong serin,https://www.imo-official.org/results/individual/country/KOR/
Republic of Korea,KOR,Seunguk,Hong,Seunguk Hong,"Hong, Seunguk",hong seunguk,https://www.imo-official.org/results/individual/country/KOR/
Republic of Korea,KOR,Chung Kil,Hur,Chung Kil Hur,"Hur, Chung Kil",chung hur kil,https://www.imo-official.org/results/individual/country/KOR/
Republic of Korea,KOR,Eunsu,Hur,Eunsu Hur,"Hur, Eunsu",eunsu hur,https://www.imo-official.org/results/individual/country/KOR/
Republic of Korea,KOR,Gyu-Wan,Hwang,Gyu-Wan Hwang,"Hwang, Gyu-Wan",gyu hwang wan,https://www.imo-official.org/results/individual/country/KOR/
Republic of Korea,KOR,Hyun Sub,Hwang,Hyun Sub Hwang,"Hwang, Hyun Sub",hwang hyun sub,https://www.imo-official.org/results/individual/country/KOR/
Republic of Korea,KOR,Yoon Suk,Hyun,Yoon Suk Hyun,"Hyun, Yoon Suk",hyun suk yoon,https://www.imo-official.org/results/individual/country/KOR/
Republic of Korea,KOR,Sungjin,Im,Sungjin Im,"Im, Sungjin",im sungjin,https://www.imo-official.org/results/individual/country/KOR/
Republic of Korea,KOR,Hyunjun,Jang,Hyunjun Jang,"Jang, Hyunjun",hyunjun jang,https://www.imo-official.org/results/individual/country/KOR/
Republic of Korea,KOR,Young Jun,Jang,Young Jun Jang,"Jang, Young Jun",jang jun young,https://www.imo-official.org/results/individual/country/KOR/
Republic of Korea,KOR,Eunsoo,Jee,Eunsoo Jee,"Jee, Eunsoo",eunsoo jee,https://www.imo-official.org/results/individual/country/KOR/
Republic of Korea,KOR,Se Hyun,Ji,Se Hyun Ji,"Ji, Se Hyun",hyun ji se,https://www.imo-official.org/results/individual/country/KOR/
Republic of Korea,KOR,Youngbeom,Jin,Youngbeom Jin,"Jin, Youngbeom",jin youngbeom,https://www.imo-official.org/results/individual/country/KOR/
Republic of Korea,KOR,Hong-Kwon,Jo,Hong-Kwon Jo,"Jo, Hong-Kwon",hong jo kwon,https://www.imo-official.org/results/individual/country/KOR/
Republic of Korea,KOR,Se Ik,Jo,Se Ik Jo,"Jo, Se Ik",ik jo se,https://www.imo-official.org/results/individual/country/KOR/
Republic of Korea,KOR,Junghun,Ju,Junghun Ju,"Ju, Junghun",ju junghun,https://www.imo-official.org/results/individual/country/KOR/
Republic of Korea,KOR,June Hyuk,Jung,June Hyuk Jung,"Jung, June Hyuk",hyuk june jung,https://www.imo-official.org/results/individual/country/KOR/
Republic of Korea,KOR,Junhwa,Jung,Junhwa Jung,"Jung, Junhwa",jung junhwa,https://www.imo-official.org/results/individual/country/KOR/
Republic of Korea,KOR,Young Hun,Jung,Young Hun Jung,"Jung, Young Hun",hun jung young,https://www.imo-official.org/results/individual/country/KOR/
Republic of Korea,KOR,Yuchan,Jung,Yuchan Jung,"Jung, Yuchan",jung yuchan,https://www.imo-official.org/results/individual/country/KOR/
Republic of Korea,KOR,Hyungjune,Kang,Hyungjune Kang,"Kang, Hyungjune",hyungjune kang,https://www.imo-official.org/results/individual/country/KOR/
Republic of Korea,KOR,Ji Won,Kang,Ji Won Kang,"Kang, Ji Won",ji kang won,https://www.imo-official.org/results/individual/country/KOR/
Republic of Korea,KOR,Seungyeon,Kang,Seungyeon Kang,"Kang, Seungyeon",kang seungyeon,https://www.imo-official.org/results/individual/country/KOR/
Republic of Korea,KOR,Tae Gu,Kang,Tae Gu Kang,"Kang, Tae Gu",gu kang tae,https://www.imo-official.org/results/individual/country/KOR/
Republic of Korea,KOR,Hae,Kang Lee,Hae Kang Lee,"Kang Lee, Hae",hae kang lee,https://www.imo-official.org/results/individual/country/KOR/
Republic of Korea,KOR,Joung,Keun Lim,Joung Keun Lim,"Keun Lim, Joung",joung keun lim,https://www.imo-official.org/results/individual/country/KOR/
Republic of Korea,KOR,Young-Hoon,Kiem,Young-Hoon Kiem,"Kiem, Young-Hoon",hoon kiem young,https://www.imo-official.org/results/individual/country/KOR/
Republic of Korea,KOR,Bok Gi,Kim,Bok Gi Kim,"Kim, Bok Gi",bok gi kim,https://www.imo-official.org/results/individual/country/KOR/
Republic of Korea,KOR,Bumsik,Kim,Bumsik Kim,"Kim, Bumsik",bumsik kim,https://www.imo-official.org/results/individual/country/KOR/
Republic of Korea,KOR,Bumsoo,Kim,Bumsoo Kim,"Kim, Bumsoo",bumsoo kim,https://www.imo-official.org/results/individual/country/KOR/
Republic of Korea,KOR,Byoung Hyuck,Kim,Byoung Hyuck Kim,"Kim, Byoung Hyuck",byoung hyuck kim,https://www.imo-official.org/results/individual/country/KOR/
Republic of Korea,KOR,Chaemin,Kim,Chaemin Kim,"Kim, Chaemin",chaemin kim,https://www.imo-official.org/results/individual/country/KOR/
Republic of Korea,KOR,Chaewon,Kim,Chaewon Kim,"Kim, Chaewon",chaewon kim,https://www.imo-official.org/results/individual/country/KOR/
Republic of Korea,KOR,Dain,Kim,Dain Kim,"Kim, Dain",dain kim,https://www.imo-official.org/results/individual/country/KOR/
Republic of Korea,KOR,Dano,Kim,Dano Kim,"Kim, Dano",dano kim,https://www.imo-official.org/results/individual/country/KOR/
Republic of Korea,KOR,Dong Hyo,Kim,Dong Hyo Kim,"Kim, Dong Hyo",dong hyo kim,https://www.imo-official.org/results/individual/country/KOR/
Republic of Korea,KOR,Dong Ryul,Kim,Dong Ryul Kim,"Kim, Dong Ryul",dong kim ryul,https://www.imo-official.org/results/individual/country/KOR/
Republic of Korea,KOR,Donghyun,Kim,Donghyun Kim,"Kim, Donghyun",donghyun kim,https://www.imo-official.org/results/individual/country/KOR/
Republic of Korea,KOR,Hong Sik,Kim,Hong Sik Kim,"Kim, Hong Sik",hong kim sik,https://www.imo-official.org/results/individual/country/KOR/
Republic of Korea,KOR,Hongnyung,Kim,Hongnyung Kim,"Kim, Hongnyung",hongnyung kim,https://www.imo-official.org/results/individual/country/KOR/
Republic of Korea,KOR,Hyong-Jun,Kim,Hyong-Jun Kim,"Kim, Hyong-Jun",hyong jun kim,https://www.imo-official.org/results/individual/country/KOR/
Republic of Korea,KOR,Hyun Ki,Kim,Hyun Ki Kim,"Kim, Hyun Ki",hyun ki kim,https://www.imo-official.org/results/individual/country/KOR/
Republic of Korea,KOR,Jaehyung,Kim,Jaehyung Kim,"Kim, Jaehyung",jaehyung kim,https://www.imo-official.org/results/individual/country/KOR/
Republic of Korea,KOR,Jimin,Kim,Jimin Kim,"Kim, Jimin",jimin kim,https://www.imo-official.org/results/individual/country/KOR/
Republic of Korea,KOR,Jin Tae,Kim,Jin Tae Kim,"Kim, Jin Tae",jin kim tae,https://www.imo-official.org/results/individual/country/KOR/
Republic of Korea,KOR,Junsu,Kim,Junsu Kim,"Kim, Junsu",junsu kim,https://www.imo-official.org/results/individual/country/KOR/
Republic of Korea,KOR,Ki Hong,Kim,Ki Hong Kim,"Kim, Ki Hong",hong ki kim,https://www.imo-official.org/results/individual/country/KOR/
Republic of Korea,KOR,Minhyuk,Kim,Minhyuk Kim,"Kim, Minhyuk",kim minhyuk,https://www.imo-official.org/results/individual/country/KOR/
Republic of Korea,KOR,Myoung Sup,Kim,Myoung Sup Kim,"Kim, Myoung Sup",kim myoung sup,https://www.imo-official.org/results/individual/country/KOR/
Republic of Korea,KOR,Ringi,Kim,Ringi Kim,"Kim, Ringi",kim ringi,https://www.imo-official.org/results/individual/country/KOR/
Republic of Korea,KOR,Sang-Hyun,Kim,Sang-Hyun Kim,"Kim, Sang-Hyun",hyun kim sang,https://www.imo-official.org/results/individual/country/KOR/
Republic of Korea,KOR,Sehun,Kim,Sehun Kim,"Kim, Sehun",kim sehun,https://www.imo-official.org/results/individual/country/KOR/
Republic of Korea,KOR,Suk Won,Kim,Suk Won Kim,"Kim, Suk Won",kim suk won,https://www.imo-official.org/results/individual/country/KOR/
Republic of Korea,KOR,Sung-Yoon,Kim,Sung-Yoon Kim,"Kim, Sung-Yoon",kim sung yoon,https://www.imo-official.org/results/individual/country/KOR/
Republic of Korea,KOR,Tae-Jin,Kim,Tae-Jin Kim,"Kim, Tae-Jin",jin kim tae,https://www.imo-official.org/results/individual/country/KOR/
Republic of Korea,KOR,Yoon Joo,Kim,Yoon Joo Kim,"Kim, Yoon Joo",joo kim yoon,https://www.imo-official.org/results/individual/country/KOR/
Republic of Korea,KOR,Sangyoun,Ko,Sangyoun Ko,"Ko, Sangyoun",ko sangyoun,https://www.imo-official.org/results/individual/country/KOR/
Republic of Korea,KOR,Bong-Gyun,Koh,Bong-Gyun Koh,"Koh, Bong-Gyun",bong gyun koh,https://www.imo-official.org/results/individual/country/KOR/
Republic of Korea,KOR,Young-il,Koh,Young-il Koh,"Koh, Young-il",il koh young,https://www.imo-official.org/results/individual/country/KOR/
Republic of Korea,KOR,Yu Seek,Kong,Yu Seek Kong,"Kong, Yu Seek",kong seek yu,https://www.imo-official.org/results/individual/country/KOR/
Republic of Korea,KOR,Myung,Kwang Byun,Myung Kwang Byun,"Kwang Byun, Myung",byun kwang myung,https://www.imo-official.org/results/individual/country/KOR/
Republic of Korea,KOR,Jae Kyun,Kwon,Jae Kyun Kwon,"Kwon, Jae Kyun",jae kwon kyun,https://www.imo-official.org/results/individual/country/KOR/
Republic of Korea,KOR,Minjae,Kwon,Minjae Kwon,"Kwon, Minjae",kwon minjae,https://www.imo-official.org/results/individual/country/KOR/
Republic of Korea,KOR,Suehyun,Kwon,Suehyun Kwon,"Kwon, Suehyun",kwon suehyun,https://www.imo-official.org/results/individual/country/KOR/
Republic of Korea,KOR,Dong Hun,Lee,Dong Hun Lee,"Lee, Dong Hun",dong hun lee,https://www.imo-official.org/results/individual/country/KOR/
Republic of Korea,KOR,Eun Soo,Lee,Eun Soo Lee,"Lee, Eun Soo",eun lee soo,https://www.imo-official.org/results/individual/country/KOR/
Republic of Korea,KOR,Gyudong,Lee,Gyudong Lee,"Lee, Gyudong",gyudong lee,https://www.imo-official.org/results/individual/country/KOR/
Republic of Korea,KOR,Hyeonjun,Lee,Hyeonjun Lee,"Lee, Hyeonjun",hyeonjun lee,https://www.imo-official.org/results/individual/country/KOR/
Republic of Korea,KOR,Ji Oon,Lee,Ji Oon Lee,"Lee, Ji Oon",ji lee oon,https://www.imo-official.org/results/individual/country/KOR/
Republic of Korea,KOR,Jihoo,Lee,Jihoo Lee,"Lee, Jihoo",jihoo lee,https://www.imo-official.org/results/individual/country/KOR/
Republic of Korea,KOR,Jongwon,Lee,Jongwon Lee,"Lee, Jongwon",jongwon lee,https://www.imo-official.org/results/individual/country/KOR/
Republic of Korea,KOR,Joon-Sung,Lee,Joon-Sung Lee,"Lee, Joon-Sung",joon lee sung,https://www.imo-official.org/results/individual/country/KOR/
Republic of Korea,KOR,Kyungyong,Lee,Kyungyong Lee,"Lee, Kyungyong",kyungyong lee,https://www.imo-official.org/results/individual/country/KOR/
Republic of Korea,KOR,San Ha,Lee,San Ha Lee,"Lee, San Ha",ha lee san,https://www.imo-official.org/results/individual/country/KOR/
Republic of Korea,KOR,Sang Hoon,Lee,Sang Hoon Lee,"Lee, Sang Hoon",hoon lee sang,https://www.imo-official.org/results/individual/country/KOR/
Republic of Korea,KOR,Seok Hyeong,Lee,Seok Hyeong Lee,"Lee, Seok Hyeong",hyeong lee seok,https://www.imo-official.org/results/individual/country/KOR/
Republic of Korea,KOR,Seung Chun,Lee,Seung Chun Lee,"Lee, Seung Chun",chun lee seung,https://www.imo-official.org/results/individual/country/KOR/
Republic of Korea,KOR,Seung Hyup,Lee,Seung Hyup Lee,"Lee, Seung Hyup",hyup lee seung,https://www.imo-official.org/results/individual/country/KOR/
Republic of Korea,KOR,Seung Kyun,Lee,Seung Kyun Lee,"Lee, Seung Kyun",kyun lee seung,https://www.imo-official.org/results/individual/country/KOR/
Republic of Korea,KOR,Seung Myung,Lee,Seung Myung Lee,"Lee, Seung Myung",lee myung seung,https://www.imo-official.org/results/individual/country/KOR/
Republic of Korea,KOR,Song Un,Lee,Song Un Lee,"Lee, Song Un",lee song un,https://www.imo-official.org/results/individual/country/KOR/
Republic of Korea,KOR,Songun,Lee,Songun Lee,"Lee, Songun",lee songun,https://www.imo-official.org/results/individual/country/KOR/
Republic of Korea,KOR,Soo Hong,Lee,Soo Hong Lee,"Lee, Soo Hong",hong lee soo,https://www.imo-official.org/results/individual/country/KOR/
Republic of Korea,KOR,Young Su,Lee,Young Su Lee,"Lee, Young Su",lee su young,https://www.imo-official.org/results/individual/country/KOR/
Republic of Korea,KOR,Youseong,Lee,Youseong Lee,"Lee, Youseong",lee youseong,https://www.imo-official.org/results/individual/country/KOR/
Republic of Korea,KOR,Dong Gyu,Lim,Dong Gyu Lim,"Lim, Dong Gyu",dong gyu lim,https://www.imo-official.org/results/individual/country/KOR/
Republic of Korea,KOR,Sunkyu,Lim,Sunkyu Lim,"Lim, Sunkyu",lim sunkyu,https://www.imo-official.org/results/individual/country/KOR/
Republic of Korea,KOR,Young Wook,Lyoo,Young Wook Lyoo,"Lyoo, Young Wook",lyoo wook young,https://www.imo-official.org/results/individual/country/KOR/
Republic of Korea,KOR,Cho-Hong,Min,Cho-Hong Min,"Min, Cho-Hong",cho hong min,https://www.imo-official.org/results/individual/country/KOR/
Republic of Korea,KOR,Jooncheol,Min,Jooncheol Min,"Min, Jooncheol",jooncheol min,https://www.imo-official.org/results/individual/country/KOR/
Republic of Korea,KOR,Kyo,Min Jeong,Kyo Min Jeong,"Min Jeong, Kyo",jeong kyo min,https://www.imo-official.org/results/individual/country/KOR/
Republic of Korea,KOR,Hanwool,Moon,Hanwool Moon,"Moon, Hanwool",hanwool moon,https://www.imo-official.org/results/individual/country/KOR/
Republic of Korea,KOR,Jae,Moon Yun,Jae Moon Yun,"Moon Yun, Jae",jae moon yun,https://www.imo-official.org/results/individual/country/KOR/
Republic of Korea,KOR,Ju Gang,Nam,Ju Gang Nam,"Nam, Ju Gang",gang ju nam,https://www.imo-official.org/results/individual/country/KOR/
Republic of Korea,KOR,Kyeong Sik,Nam,Kyeong Sik Nam,"Nam, Kyeong Sik",kyeong nam sik,https://www.imo-official.org/results/individual/country/KOR/
Republic of Korea,KOR,Yulhee,Nam,Yulhee Nam,"Nam, Yulhee",nam yulhee,https://www.imo-official.org/results/individual/country/KOR/
Republic of Korea,KOR,Gyu Jin,Oh,Gyu Jin Oh,"Oh, Gyu Jin",gyu jin oh,https://www.imo-official.org/results/individual/country/KOR/
Republic of Korea,KOR,Heejin,Park,Heejin Park,"Park, Heejin",heejin park,https://www.imo-official.org/results/individual/country/KOR/
Republic of Korea,KOR,Hyunjung,Park,Hyunjung Park,"Park, Hyunjung",hyunjung park,https://www.imo-official.org/results/individual/country/KOR/
Republic of Korea,KOR,Jiwoong,Park,Jiwoong Park,"Park, Jiwoong",jiwoong park,https://www.imo-official.org/results/individual/country/KOR/
Republic of Korea,KOR,Jong Won,Park,Jong Won Park,"Park, Jong Won",jong park won,https://www.imo-official.org/results/individual/country/KOR/
Republic of Korea,KOR,Joon Hong,Park,Joon Hong Park,"Park, Joon Hong",hong joon park,https://www.imo-official.org/results/individual/country/KOR/
Republic of Korea,KOR,Jun Oh,Park,Jun Oh Park,"Park, Jun Oh",jun oh park,https://www.imo-official.org/results/individual/country/KOR/
Republic of Korea,KOR,Jung Keun,Park,Jung Keun Park,"Park, Jung Keun",jung keun park,https://www.imo-official.org/results/individual/country/KOR/
Republic of Korea,KOR,Kyungjun,Park,Kyungjun Park,"Park, Kyungjun",kyungjun park,https://www.imo-official.org/results/individual/country/KOR/
Republic of Korea,KOR,Se Yong,Park,Se Yong Park,"Park, Se Yong",park se yong,https://www.imo-official.org/results/individual/country/KOR/
Republic of Korea,KOR,Sung Gi,Park,Sung Gi Park,"Park, Sung Gi",gi park sung,https://www.imo-official.org/results/individual/country/KOR/
Republic of Korea,KOR,Sung Jin,Park,Sung Jin Park,"Park, Sung Jin",jin park sung,https://www.imo-official.org/results/individual/country/KOR/
Republic of Korea,KOR,Tae Hwan,Park,Tae Hwan Park,"Park, Tae Hwan",hwan park tae,https://www.imo-official.org/results/individual/country/KOR/
Republic of Korea,KOR,Young-Han,Park,Young-Han Park,"Park, Young-Han",han park young,https://www.imo-official.org/results/individual/country/KOR/
Republic of Korea,KOR,Ho Jin,Ryu,Ho Jin Ryu,"Ryu, Ho Jin",ho jin ryu,https://www.imo-official.org/results/individual/country/KOR/
Republic of Korea,KOR,Han,Saem Yoon,Han Saem Yoon,"Saem Yoon, Han",han saem yoon,https://www.imo-official.org/results/individual/country/KOR/
Republic of Korea,KOR,Seongjin,Shim,Seongjin Shim,"Shim, Seongjin",seongjin shim,https://www.imo-official.org/results/individual/country/KOR/
Republic of Korea,KOR,Jong Hyun,Shin,Jong Hyun Shin,"Shin, Jong Hyun",hyun jong shin,https://www.imo-official.org/results/individual/country/KOR/
Republic of Korea,KOR,Jonghwa,Shin,Jonghwa Shin,"Shin, Jonghwa",jonghwa shin,https://www.imo-official.org/results/individual/country/KOR/
Republic of Korea,KOR,Sug Woo,Shin,Sug Woo Shin,"Shin, Sug Woo",shin sug woo,https://www.imo-official.org/results/individual/country/KOR/
Republic of Korea,KOR,Jeong Soo,Sim,Jeong Soo Sim,"Sim, Jeong Soo",jeong sim soo,https://www.imo-official.org/results/individual/country/KOR/
Republic of Korea,KOR,Young,Sin Kim,Young Sin Kim,"Sin Kim, Young",kim sin young,https://www.imo-official.org/results/individual/country/KOR/
Republic of Korea,KOR,Sanghun,Song,Sanghun Song,"Song, Sanghun",sanghun song,https://www.imo-official.org/results/individual/country/KOR/
Republic of Korea,KOR,Seungho,Song,Seungho Song,"Song, Seungho",seungho song,https://www.imo-official.org/results/individual/country/KOR/
Republic of Korea,KOR,Su Bin,Song,Su Bin Song,"Song, Su Bin",bin song su,https://www.imo-official.org/results/individual/country/KOR/
Republic of Korea,KOR,Yong Sue,Song,Yong Sue Song,"Song, Yong Sue",song sue yong,https://www.imo-official.org/results/individual/country/KOR/
Republic of Korea,KOR,Young Keun,Song,Young Keun Song,"Song, Young Keun",keun song young,https://www.imo-official.org/results/individual/country/KOR/
Republic of Korea,KOR,In,Suk Seo,In Suk Seo,"Suk Seo, In",in seo suk,https://www.imo-official.org/results/individual/country/KOR/
Republic of Korea,KOR,Choongyup,Sung,Choongyup Sung,"Sung, Choongyup",choongyup sung,https://www.imo-official.org/results/individual/country/KOR/
Republic of Korea,KOR,Doo,Sung Park,Doo Sung Park,"Sung Park, Doo",doo park sung,https://www.imo-official.org/results/individual/country/KOR/
Republic of Korea,KOR,Sung,Teak Jung,Sung Teak Jung,"Teak Jung, Sung",jung sung teak,https://www.imo-official.org/results/individual/country/KOR/
Republic of Korea,KOR,Sungseob,Whang,Sungseob Whang,"Whang, Sungseob",sungseob whang,https://www.imo-official.org/results/individual/country/KOR/
Republic of Korea,KOR,Jee Chul,Woo,Jee Chul Woo,"Woo, Jee Chul",chul jee woo,https://www.imo-official.org/results/individual/country/KOR/
Republic of Korea,KOR,Jin,Woo Shin,Jin Woo Shin,"Woo Shin, Jin",jin shin woo,https://www.imo-official.org/results/individual/country/KOR/
Republic of Korea,KOR,Jeha,Yang,Jeha Yang,"Yang, Jeha",jeha yang,https://www.imo-official.org/results/individual/country/KOR/
Republic of Korea,KOR,Min-Sou,Yi,Min-Sou Yi,"Yi, Min-Sou",min sou yi,https://www.imo-official.org/results/individual/country/KOR/
Republic of Korea,KOR,Seung Hyup,Yi,Seung Hyup Yi,"Yi, Seung Hyup",hyup seung yi,https://www.imo-official.org/results/individual/country/KOR/
Republic of Korea,KOR,Joon-Hyeok,Yim,Joon-Hyeok Yim,"Yim, Joon-Hyeok",hyeok joon yim,https://www.imo-official.org/results/individual/country/KOR/
Republic of Korea,KOR,Hyewon,Yoon,Hyewon Yoon,"Yoon, Hyewon",hyewon yoon,https://www.imo-official.org/results/individual/country/KOR/
Republic of Korea,KOR,Yeo-Il,Yoon,Yeo-Il Yoon,"Yoon, Yeo-Il",il yeo yoon,https://www.imo-official.org/results/individual/country/KOR/
Republic of Korea,KOR,Aaram,Yun,Aaram Yun,"Yun, Aaram",aaram yun,https://www.imo-official.org/results/individual/country/KOR/
Romania,ROU,Dan,Achihai,Dan Achihai,"Achihai, Dan",achihai dan,https://www.imo-official.org/results/individual/country/ROU/
Romania,ROU,Bogdan,Andreiu,Bogdan Andreiu,"Andreiu, Bogdan",andreiu bogdan,https://www.imo-official.org/results/individual/country/ROU/
Romania,ROU,Teodor Andrei,Andronache,Teodor Andrei Andronache,"Andronache, Teodor Andrei",andrei andronache teodor,https://www.imo-official.org/results/individual/country/ROU/
Romania,ROU,David-Andrei,Anghel,David-Andrei Anghel,"Anghel, David-Andrei",andrei anghel david,https://www.imo-official.org/results/individual/country/ROU/
Romania,ROU,Valeriu,Anisiu,Valeriu Anisiu,"Anisiu, Valeriu",anisiu valeriu,https://www.imo-official.org/results/individual/country/ROU/
Romania,ROU,Iulian,Appel,Iulian Appel,"Appel, Iulian",appel iulian,https://www.imo-official.org/results/individual/country/ROU/
Romania,ROU,Mihai-Alexandru,Ardelean,Mihai-Alexandru Ardelean,"Ardelean, Mihai-Alexandru",alexandru ardelean mihai,https://www.imo-official.org/results/individual/country/ROU/
Romania,ROU,Griua,Arsu,Griua Arsu,"Arsu, Griua",arsu griua,https://www.imo-official.org/results/individual/country/ROU/
Romania,ROU,Dragu,Atensiu,Dragu Atensiu,"Atensiu, Dragu",atensiu dragu,https://www.imo-official.org/results/individual/country/ROU/
Romania,ROU,Ovidiu Neculai,Avădănei,Ovidiu Neculai Avădănei,"Avădănei, Ovidiu Neculai",avadanei neculai ovidiu,https://www.imo-official.org/results/individual/country/ROU/
Romania,ROU,Gheorghe,Balaban,Gheorghe Balaban,"Balaban, Gheorghe",balaban gheorghe,https://www.imo-official.org/results/individual/country/ROU/
Romania,ROU,Constantin,Balasanian,Constantin Balasanian,"Balasanian, Constantin",balasanian constantin,https://www.imo-official.org/results/individual/country/ROU/
Romania,ROU,Geffry,Barad,Geffry Barad,"Barad, Geffry",barad geffry,https://www.imo-official.org/results/individual/country/ROU/
Romania,ROU,Adrian George,Barbu,Adrian George Barbu,"Barbu, Adrian George",adrian barbu george,https://www.imo-official.org/results/individual/country/ROU/
Romania,ROU,Viorel,Barbu,Viorel Barbu,"Barbu, Viorel",barbu viorel,https://www.imo-official.org/results/individual/country/ROU/
Romania,ROU,Mugurel,Barcău,Mugurel Barcău,"Barcău, Mugurel",barcau mugurel,https://www.imo-official.org/results/individual/country/ROU/
Romania,ROU,Marius,Beceanu,Marius Beceanu,"Beceanu, Marius",beceanu marius,https://www.imo-official.org/results/individual/country/ROU/
Romania,ROU,Ioan,Bejenaru,Ioan Bejenaru,"Bejenaru, Ioan",bejenaru ioan,https://www.imo-official.org/results/individual/country/ROU/
Romania,ROU,Florin,Belgun,Florin Belgun,"Belgun, Florin",belgun florin,https://www.imo-official.org/results/individual/country/ROU/
Romania,ROU,Barbu Rudolf,Berceanu,Barbu Rudolf Berceanu,"Berceanu, Barbu Rudolf",barbu berceanu rudolf,https://www.imo-official.org/results/individual/country/ROU/
Romania,ROU,Cristian,Berthaler,Cristian Berthaler,"Berthaler, Cristian",berthaler cristian,https://www.imo-official.org/results/individual/country/ROU/
Romania,ROU,Marius-Ioan,Bocanu,Marius-Ioan Bocanu,"Bocanu, Marius-Ioan",bocanu ioan marius,https://www.imo-official.org/results/individual/country/ROU/
Romania,ROU,Ciprian-Mircea,Bonciocat,Ciprian-Mircea Bonciocat,"Bonciocat, Ciprian-Mircea",bonciocat ciprian mircea,https://www.imo-official.org/results/individual/country/ROU/
Romania,ROU,Francisc,Bozgan,Francisc Bozgan,"Bozgan, Francisc",bozgan francisc,https://www.imo-official.org/results/individual/country/ROU/
Romania,ROU,Voicu,Boşcaio,Voicu Boşcaio,"Boşcaio, Voicu",boscaio voicu,https://www.imo-official.org/results/individual/country/ROU/
Romania,ROU,Mircea,Brenner,Mircea Brenner,"Brenner, Mircea",brenner mircea,https://www.imo-official.org/results/individual/country/ROU/
Romania,ROU,Virgil,Brişcă,Virgil Brişcă,"Brişcă, Virgil",brisca virgil,https://www.imo-official.org/results/individual/country/ROU/
Romania,ROU,Orest,Bucicovski,Orest Bucicovski,"Bucicovski, Orest",bucicovski orest,https://www.imo-official.org/results/individual/country/ROU/
Romania,ROU,Liliana,Bucur,Liliana Bucur,"Bucur, Liliana",bucur liliana,https://www.imo-official.org/results/individual/country/ROU/
Romania,ROU,Viorel-Andrei,Bud,Viorel-Andrei Bud,"Bud, Viorel-Andrei",andrei bud viorel,https://www.imo-official.org/results/individual/country/ROU/
Romania,ROU,Aleksandru,Buimovici,Aleksandru Buimovici,"Buimovici, Aleksandru",aleksandru buimovici,https://www.imo-official.org/results/individual/country/ROU/
Romania,ROU,Alexandru,Buium,Alexandru Buium,"Buium, Alexandru",alexandru buium,https://www.imo-official.org/results/individual/country/ROU/
Romania,ROU,Radu,Bumbăcea,Radu Bumbăcea,"Bumbăcea, Radu",bumbacea radu,https://www.imo-official.org/results/individual/country/ROU/
Romania,ROU,Nicolae,Buruiană,Nicolae Buruiană,"Buruiană, Nicolae",buruiana nicolae,https://www.imo-official.org/results/individual/country/ROU/
Romania,ROU,Serban,Buzeteanu,Serban Buzeteanu,"Buzeteanu, Serban",buzeteanu serban,https://www.imo-official.org/results/individual/country/ROU/
Romania,ROU,Octavian,Bîscă,Octavian Bîscă,"Bîscă, Octavian",bisca octavian,https://www.imo-official.org/results/individual/country/ROU/
Romania,ROU,Aleksandru,Bădescu,Aleksandru Bădescu,"Bădescu, Aleksandru",aleksandru badescu,https://www.imo-official.org/results/individual/country/ROU/
Romania,ROU,Lucian,Bădescu,Lucian Bădescu,"Bădescu, Lucian",badescu lucian,https://www.imo-official.org/results/individual/country/ROU/
Romania,ROU,Teodor,Bănică,Teodor Bănică,"Bănică, Teodor",banica teodor,https://www.imo-official.org/results/individual/country/ROU/
Romania,ROU,Eduard-Gabriel,Băzăvan,Eduard-Gabriel Băzăvan,"Băzăvan, Eduard-Gabriel",bazavan eduard gabriel,https://www.imo-official.org/results/individual/country/ROU/
Romania,ROU,Horia,Calin Pop,Horia Calin Pop,"Calin Pop, Horia",calin horia pop,https://www.imo-official.org/results/individual/country/ROU/
Romania,ROU,Mihai,Caragiu,Mihai Caragiu,"Caragiu, Mihai",caragiu mihai,https://www.imo-official.org/results/individual/country/ROU/
Romania,ROU,Ana,Caraiani,Ana Caraiani,"Caraiani, Ana",ana caraiani,https://www.imo-official.org/results/individual/country/ROU/
Romania,ROU,Tudor Darius,Cardaș,Tudor Darius Cardaș,"Cardaș, Tudor Darius",cardas darius tudor,https://www.imo-official.org/results/individual/country/ROU/
Romania,ROU,Tudor-Darius,Cardaș,Tudor-Darius Cardaș,"Cardaș, Tudor-Darius",cardas darius tudor,https://www.imo-official.org/results/individual/country/ROU/
Romania,ROU,Omer,Cerrahoglu,Omer Cerrahoglu,"Cerrahoglu, Omer",cerrahoglu omer,https://www.imo-official.org/results/individual/country/ROU/
Romania,ROU,Filip Andrei,Chindea,Filip Andrei Chindea,"Chindea, Filip Andrei",andrei chindea filip,https://www.imo-official.org/results/individual/country/ROU/
Romania,ROU,Dragosh,Chirca,Dragosh Chirca,"Chirca, Dragosh",chirca dragosh,https://www.imo-official.org/results/individual/country/ROU/
Romania,ROU,Andrei-Giovani,Chiriţă,Andrei-Giovani Chiriţă,"Chiriţă, Andrei-Giovani",andrei chirita giovani,https://www.imo-official.org/results/individual/country/ROU/
Romania,ROU,Andrei-Giovani,Chiriță,Andrei-Giovani Chiriță,"Chiriță, Andrei-Giovani",andrei chirita giovani,https://www.imo-official.org/results/individual/country/ROU/
Romania,ROU,Constantin,Chiscanu,Constantin Chiscanu,"Chiscanu, Constantin",chiscanu constantin,https://www.imo-official.org/results/individual/country/ROU/
Romania,ROU,Antonie,Ciocan,Antonie Ciocan,"Ciocan, Antonie",antonie ciocan,https://www.imo-official.org/results/individual/country/ROU/
Romania,ROU,Pavel,Ciurea,Pavel Ciurea,"Ciurea, Pavel",ciurea pavel,https://www.imo-official.org/results/individual/country/ROU/
Romania,ROU,Adrian,Clinger,Adrian Clinger,"Clinger, Adrian",adrian clinger,https://www.imo-official.org/results/individual/country/ROU/
Romania,ROU,Iustin,Coanda,Iustin Coanda,"Coanda, Iustin",coanda iustin,https://www.imo-official.org/results/individual/country/ROU/
Romania,ROU,Constantin,Cocea,Constantin Cocea,"Cocea, Constantin",cocea constantin,https://www.imo-official.org/results/individual/country/ROU/
Romania,ROU,Mihnea,Colţoiu,Mihnea Colţoiu,"Colţoiu, Mihnea",coltoiu mihnea,https://www.imo-official.org/results/individual/country/ROU/
Romania,ROU,Silviu,Coman,Silviu Coman,"Coman, Silviu",coman silviu,https://www.imo-official.org/results/individual/country/ROU/
Romania,ROU,Adrian,Corduneanu,Adrian Corduneanu,"Corduneanu, Adrian",adrian corduneanu,https://www.imo-official.org/results/individual/country/ROU/
Romania,ROU,Marius,Crainic,Marius Crainic,"Crainic, Marius",crainic marius,https://www.imo-official.org/results/individual/country/ROU/
Romania,ROU,Marius,Dabija,Marius Dabija,"Dabija, Marius",dabija marius,https://www.imo-official.org/results/individual/country/ROU/
Romania,ROU,Marius Dumitru,Dadarlat,Marius Dumitru Dadarlat,"Dadarlat, Marius Dumitru",dadarlat dumitru marius,https://www.imo-official.org/results/individual/country/ROU/
Romania,ROU,Nicuşor,Dan,Nicuşor Dan,"Dan, Nicuşor",dan nicusor,https://www.imo-official.org/results/individual/country/ROU/
Romania,ROU,Andrei,Deneanu,Andrei Deneanu,"Deneanu, Andrei",andrei deneanu,https://www.imo-official.org/results/individual/country/ROU/
Romania,ROU,Simona,Diaconu,Simona Diaconu,"Diaconu, Simona",diaconu simona,https://www.imo-official.org/results/individual/country/ROU/
Romania,ROU,Dorian,Dobrin,Dorian Dobrin,"Dobrin, Dorian",dobrin dorian,https://www.imo-official.org/results/individual/country/ROU/
Romania,ROU,Mihnea-Gabriel,Doica,Mihnea-Gabriel Doica,"Doica, Mihnea-Gabriel",doica gabriel mihnea,https://www.imo-official.org/results/individual/country/ROU/
Romania,ROU,Robert,Dragomirescu,Robert Dragomirescu,"Dragomirescu, Robert",dragomirescu robert,https://www.imo-official.org/results/individual/country/ROU/
Romania,ROU,Nicolae,Dragos Oprea,Nicolae Dragos Oprea,"Dragos Oprea, Nicolae",dragos nicolae oprea,https://www.imo-official.org/results/individual/country/ROU/
Romania,ROU,Octav,Drăgoi,Octav Drăgoi,"Drăgoi, Octav",dragoi octav,https://www.imo-official.org/results/individual/country/ROU/
Romania,ROU,Mihail-Eugen,Dumitrescu,Mihail-Eugen Dumitrescu,"Dumitrescu, Mihail-Eugen",dumitrescu eugen mihail,https://www.imo-official.org/results/individual/country/ROU/
Romania,ROU,Andrei,Dumitru,Andrei Dumitru,"Dumitru, Andrei",andrei dumitru,https://www.imo-official.org/results/individual/country/ROU/
Romania,ROU,Gheorghe,Eckstein,Gheorghe Eckstein,"Eckstein, Gheorghe",eckstein gheorghe,https://www.imo-official.org/results/individual/country/ROU/
Romania,ROU,Bogdan,Enescu,Bogdan Enescu,"Enescu, Bogdan",bogdan enescu,https://www.imo-official.org/results/individual/country/ROU/
Romania,ROU,Calin-Bogdan,Enescu,Calin-Bogdan Enescu,"Enescu, Calin-Bogdan",bogdan calin enescu,https://www.imo-official.org/results/individual/country/ROU/
Romania,ROU,Louis,Funar,Louis Funar,"Funar, Louis",funar louis,https://www.imo-official.org/results/individual/country/ROU/
Romania,ROU,Octavian,Fărcăşanu,Octavian Fărcăşanu,"Fărcăşanu, Octavian",farcasanu octavian,https://www.imo-official.org/results/individual/country/ROU/
Romania,ROU,Răzvan,Gelca,Răzvan Gelca,"Gelca, Răzvan",gelca razvan,https://www.imo-official.org/results/individual/country/ROU/
Romania,ROU,Cezar,Gheorghe,Cezar Gheorghe,"Gheorghe, Cezar",cezar gheorghe,https://www.imo-official.org/results/individual/country/ROU/
Romania,ROU,David,Ghibu,David Ghibu,"Ghibu, David",david ghibu,https://www.imo-official.org/results/individual/country/ROU/
Romania,ROU,Dragos,Ghioca,Dragos Ghioca,"Ghioca, Dragos",dragos ghioca,https://www.imo-official.org/results/individual/country/ROU/
Romania,ROU,Stefan,Ghiviriga,Stefan Ghiviriga,"Ghiviriga, Stefan",ghiviriga stefan,https://www.imo-official.org/results/individual/country/ROU/
Romania,ROU,Radu,Gologan,Radu Gologan,"Gologan, Radu",gologan radu,https://www.imo-official.org/results/individual/country/ROU/
Romania,ROU,Stefan,Gradinaru,Stefan Gradinaru,"Gradinaru, Stefan",gradinaru stefan,https://www.imo-official.org/results/individual/country/ROU/
Romania,ROU,Ştefan-Cosmin,Gramatovici,Ştefan-Cosmin Gramatovici,"Gramatovici, Ştefan-Cosmin",cosmin gramatovici stefan,https://www.imo-official.org/results/individual/country/ROU/
Romania,ROU,Cristian,Gratie,Cristian Gratie,"Gratie, Cristian",cristian gratie,https://www.imo-official.org/results/individual/country/ROU/
Romania,ROU,Luca Dan,Grecu,Luca Dan Grecu,"Grecu, Luca Dan",dan grecu luca,https://www.imo-official.org/results/individual/country/ROU/
Romania,ROU,Şerban,Grigorescu,Şerban Grigorescu,"Grigorescu, Şerban",grigorescu serban,https://www.imo-official.org/results/individual/country/ROU/
Romania,ROU,Iulian,Grindeanu,Iulian Grindeanu,"Grindeanu, Iulian",grindeanu iulian,https://www.imo-official.org/results/individual/country/ROU/
Romania,ROU,Florea,Hantila,Florea Hantila,"Hantila, Florea",florea hantila,https://www.imo-official.org/results/individual/country/ROU/
Romania,ROU,Stefan Laurenţiu,Horneţ,Stefan Laurenţiu Horneţ,"Horneţ, Stefan Laurenţiu",hornet laurentiu stefan,https://www.imo-official.org/results/individual/country/ROU/
Romania,ROU,Mihai,I. Anitescu,Mihai I. Anitescu,"I. Anitescu, Mihai",anitescu i mihai,https://www.imo-official.org/results/individual/country/ROU/
Romania,ROU,Nicolae,I. Beli,Nicolae I. Beli,"I. Beli, Nicolae",beli i nicolae,https://www.imo-official.org/results/individual/country/ROU/
Romania,ROU,Radu-Alexandru,Iacob,Radu-Alexandru Iacob,"Iacob, Radu-Alexandru",alexandru iacob radu,https://www.imo-official.org/results/individual/country/ROU/
Romania,ROU,Razvan,Iagar,Razvan Iagar,"Iagar, Razvan",iagar razvan,https://www.imo-official.org/results/individual/country/ROU/
Romania,ROU,Flaviu,Iepure,Flaviu Iepure,"Iepure, Flaviu",flaviu iepure,https://www.imo-official.org/results/individual/country/ROU/
Romania,ROU,Dragoş,Iftimie,Dragoş Iftimie,"Iftimie, Dragoş",dragos iftimie,https://www.imo-official.org/results/individual/country/ROU/
Romania,ROU,Liviu,Ignat,Liviu Ignat,"Ignat, Liviu",ignat liviu,https://www.imo-official.org/results/individual/country/ROU/
Romania,ROU,Livia Alexandra,Ilie,Livia Alexandra Ilie,"Ilie, Livia Alexandra",alexandra ilie livia,https://www.imo-official.org/results/individual/country/ROU/
Romania,ROU,Adrian,Ioana,Adrian Ioana,"Ioana, Adrian",adrian ioana,https://www.imo-official.org/results/individual/country/ROU/
Romania,ROU,Filip-Alexandru,Ion,Filip-Alexandru Ion,"Ion, Filip-Alexandru",alexandru filip ion,https://www.imo-official.org/results/individual/country/ROU/
Romania,ROU,Alexandru Dan,Ionescu,Alexandru Dan Ionescu,"Ionescu, Alexandru Dan",alexandru dan ionescu,https://www.imo-official.org/results/individual/country/ROU/
Romania,ROU,Dragoş-Ciprian,Ionescu,Dragoş-Ciprian Ionescu,"Ionescu, Dragoş-Ciprian",ciprian dragos ionescu,https://www.imo-official.org/results/individual/country/ROU/
Romania,ROU,Ştefan Adrian,Ivanovici,Ştefan Adrian Ivanovici,"Ivanovici, Ştefan Adrian",adrian ivanovici stefan,https://www.imo-official.org/results/individual/country/ROU/
Romania,ROU,Andrei,Jordan,Andrei Jordan,"Jordan, Andrei",andrei jordan,https://www.imo-official.org/results/individual/country/ROU/
Romania,ROU,Andrei,Jorza,Andrei Jorza,"Jorza, Andrei",andrei jorza,https://www.imo-official.org/results/individual/country/ROU/
Romania,ROU,Mihai,Kerciu,Mihai Kerciu,"Kerciu, Mihai",kerciu mihai,https://www.imo-official.org/results/individual/country/ROU/
Romania,ROU,Gabriel-Emanuel,Kreindler,Gabriel-Emanuel Kreindler,"Kreindler, Gabriel-Emanuel",emanuel gabriel kreindler,https://www.imo-official.org/results/individual/country/ROU/
Romania,ROU,Radu-Andrei,Lecoiu,Radu-Andrei Lecoiu,"Lecoiu, Radu-Andrei",andrei lecoiu radu,https://www.imo-official.org/results/individual/country/ROU/
Romania,ROU,Bogdan,Lungulescu,Bogdan Lungulescu,"Lungulescu, Bogdan",bogdan lungulescu,https://www.imo-official.org/results/individual/country/ROU/
Romania,ROU,Eugen,Lungulescu,Eugen Lungulescu,"Lungulescu, Eugen",eugen lungulescu,https://www.imo-official.org/results/individual/country/ROU/
Romania,ROU,George,Lusztig,George Lusztig,"Lusztig, George",george lusztig,https://www.imo-official.org/results/individual/country/ROU/
Romania,ROU,Ioan,Macarie,Ioan Macarie,"Macarie, Ioan",ioan macarie,https://www.imo-official.org/results/individual/country/ROU/
Romania,ROU,Lucian,Man,Lucian Man,"Man, Lucian",lucian man,https://www.imo-official.org/results/individual/country/ROU/
Romania,ROU,Niculae,Mandache,Niculae Mandache,"Mandache, Niculae",mandache niculae,https://www.imo-official.org/results/individual/country/ROU/
Romania,ROU,Mihai,Manea,Mihai Manea,"Manea, Mihai",manea mihai,https://www.imo-official.org/results/individual/country/ROU/
Romania,ROU,Cristian,Mangra,Cristian Mangra,"Mangra, Cristian",cristian mangra,https://www.imo-official.org/results/individual/country/ROU/
Romania,ROU,Ciprian,Manolescu,Ciprian Manolescu,"Manolescu, Ciprian",ciprian manolescu,https://www.imo-official.org/results/individual/country/ROU/
Romania,ROU,Ioan,Manolescu,Ioan Manolescu,"Manolescu, Ioan",ioan manolescu,https://www.imo-official.org/results/individual/country/ROU/
Romania,ROU,Silvan,Manolof,Silvan Manolof,"Manolof, Silvan",manolof silvan,https://www.imo-official.org/results/individual/country/ROU/
Romania,ROU,David Vlad,Marghidan,David Vlad Marghidan,"Marghidan, David Vlad",david marghidan vlad,https://www.imo-official.org/results/individual/country/ROU/
Romania,ROU,Mircea,Martin,Mircea Martin,"Martin, Mircea",martin mircea,https://www.imo-official.org/results/individual/country/ROU/
Romania,ROU,Emanuel,Mazare,Emanuel Mazare,"Mazare, Emanuel",emanuel mazare,https://www.imo-official.org/results/individual/country/ROU/
Romania,ROU,Emanuel,Mazăre,Emanuel Mazăre,"Mazăre, Emanuel",emanuel mazare,https://www.imo-official.org/results/individual/country/ROU/
Romania,ROU,Edis,Memiș,Edis Memiș,"Memiș, Edis",edis memis,https://www.imo-official.org/results/individual/country/ROU/
Romania,ROU,Dragoş-Ioan,Michnea,Dragoş-Ioan Michnea,"Michnea, Dragoş-Ioan",dragos ioan michnea,https://www.imo-official.org/results/individual/country/ROU/
Romania,ROU,Radu Horia,Mihăescu,Radu Horia Mihăescu,"Mihăescu, Radu Horia",horia mihaescu radu,https://www.imo-official.org/results/individual/country/ROU/
Romania,ROU,Livio,Milea,Livio Milea,"Milea, Livio",livio milea,https://www.imo-official.org/results/individual/country/ROU/
Romania,ROU,Alexandru Andrei,Milu,Alexandru Andrei Milu,"Milu, Alexandru Andrei",alexandru andrei milu,https://www.imo-official.org/results/individual/country/ROU/
Romania,ROU,Petru,Mironescu,Petru Mironescu,"Mironescu, Petru",mironescu petru,https://www.imo-official.org/results/individual/country/ROU/
Romania,ROU,Gabriel,Mititica,Gabriel Mititica,"Mititica, Gabriel",gabriel mititica,https://www.imo-official.org/results/individual/country/ROU/
Romania,ROU,Marius,Mitrea,Marius Mitrea,"Mitrea, Marius",marius mitrea,https://www.imo-official.org/results/individual/country/ROU/
Romania,ROU,Aida,Mitroi,Aida Mitroi,"Mitroi, Aida",aida mitroi,https://www.imo-official.org/results/individual/country/ROU/
Romania,ROU,Andrei,Moldovan,Andrei Moldovan,"Moldovan, Andrei",andrei moldovan,https://www.imo-official.org/results/individual/country/ROU/
Romania,ROU,Andrei,Moroianu,Andrei Moroianu,"Moroianu, Andrei",andrei moroianu,https://www.imo-official.org/results/individual/country/ROU/
Romania,ROU,Sergiu,Moroianu,Sergiu Moroianu,"Moroianu, Sergiu",moroianu sergiu,https://www.imo-official.org/results/individual/country/ROU/
Romania,ROU,Paul-Gabriel,Muscă,Paul-Gabriel Muscă,"Muscă, Paul-Gabriel",gabriel musca paul,https://www.imo-official.org/results/individual/country/ROU/
Romania,ROU,David-Vlad,Mărghidan,David-Vlad Mărghidan,"Mărghidan, David-Vlad",david marghidan vlad,https://www.imo-official.org/results/individual/country/ROU/
Romania,ROU,Andrei Theodore,Mărginean,Andrei Theodore Mărginean,"Mărginean, Andrei Theodore",andrei marginean theodore,https://www.imo-official.org/results/individual/country/ROU/
Romania,ROU,Dorin,N. D. Bucur,Dorin N. D. Bucur,"N. D. Bucur, Dorin",bucur d dorin n,https://www.imo-official.org/results/individual/country/ROU/
Romania,ROU,Şerban,Nacu,Şerban Nacu,"Nacu, Şerban",nacu serban,https://www.imo-official.org/results/individual/country/ROU/
Romania,ROU,Gabriel,Nagy,Gabriel Nagy,"Nagy, Gabriel",gabriel nagy,https://www.imo-official.org/results/individual/country/ROU/
Romania,ROU,Ileana,Nastase,Ileana Nastase,"Nastase, Ileana",ileana nastase,https://www.imo-official.org/results/individual/country/ROU/
Romania,ROU,Radu,Negulescu,Radu Negulescu,"Negulescu, Radu",negulescu radu,https://www.imo-official.org/results/individual/country/ROU/
Romania,ROU,Andrei,Negut,Andrei Negut,"Negut, Andrei",andrei negut,https://www.imo-official.org/results/individual/country/ROU/
Romania,ROU,Andraş,Nemethi,Andraş Nemethi,"Nemethi, Andraş",andras nemethi,https://www.imo-official.org/results/individual/country/ROU/
Romania,ROU,Alexandru,Nica,Alexandru Nica,"Nica, Alexandru",alexandru nica,https://www.imo-official.org/results/individual/country/ROU/
Romania,ROU,Ioan-Andrei,Nicolae,Ioan-Andrei Nicolae,"Nicolae, Ioan-Andrei",andrei ioan nicolae,https://www.imo-official.org/results/individual/country/ROU/
Romania,ROU,Basarab,Nicolescu,Basarab Nicolescu,"Nicolescu, Basarab",basarab nicolescu,https://www.imo-official.org/results/individual/country/ROU/
Romania,ROU,Victor,Nistor,Victor Nistor,"Nistor, Victor",nistor victor,https://www.imo-official.org/results/individual/country/ROU/
Romania,ROU,Mihai,Nişulescu,Mihai Nişulescu,"Nişulescu, Mihai",mihai nisulescu,https://www.imo-official.org/results/individual/country/ROU/
Romania,ROU,Sergiu-Ionuț,Novac,Sergiu-Ionuț Novac,"Novac, Sergiu-Ionuț",ionut novac sergiu,https://www.imo-official.org/results/individual/country/ROU/
Romania,ROU,Constantin,Năstăsescu,Constantin Năstăsescu,"Năstăsescu, Constantin",constantin nastasescu,https://www.imo-official.org/results/individual/country/ROU/
Romania,ROU,Mihnea-Andrei,Ocian,Mihnea-Andrei Ocian,"Ocian, Mihnea-Andrei",andrei mihnea ocian,https://www.imo-official.org/results/individual/country/ROU/
Romania,ROU,Adrian,Ocneanu,Adrian Ocneanu,"Ocneanu, Adrian",adrian ocneanu,https://www.imo-official.org/results/individual/country/ROU/
Romania,ROU,Adrian,Olaru,Adrian Olaru,"Olaru, Adrian",adrian olaru,https://www.imo-official.org/results/individual/country/ROU/
Romania,ROU,Dragos-Nicola,Oprea,Dragos-Nicola Oprea,"Oprea, Dragos-Nicola",dragos nicola oprea,https://www.imo-official.org/results/individual/country/ROU/
Romania,ROU,Marius,Pachiţariu,Marius Pachiţariu,"Pachiţariu, Marius",marius pachitariu,https://www.imo-official.org/results/individual/country/ROU/
Romania,ROU,Andrei,Paraschivescu,Andrei Paraschivescu,"Paraschivescu, Andrei",andrei paraschivescu,https://www.imo-official.org/results/individual/country/ROU/
Romania,ROU,Alexandru,Pascadi,Alexandru Pascadi,"Pascadi, Alexandru",alexandru pascadi,https://www.imo-official.org/results/individual/country/ROU/
Romania,ROU,Liviu,Paunescu,Liviu Paunescu,"Paunescu, Liviu",liviu paunescu,https://www.imo-official.org/results/individual/country/ROU/
Romania,ROU,Elena Mădălina,Persu,Elena Mădălina Persu,"Persu, Elena Mădălina",elena madalina persu,https://www.imo-official.org/results/individual/country/ROU/
Romania,ROU,Virgil,Petrea,Virgil Petrea,"Petrea, Virgil",petrea virgil,https://www.imo-official.org/results/individual/country/ROU/
Romania,ROU,Mihail,Pimsner,Mihail Pimsner,"Pimsner, Mihail",mihail pimsner,https://www.imo-official.org/results/individual/country/ROU/
Romania,ROU,Tudor,Plopeanu,Tudor Plopeanu,"Plopeanu, Tudor",plopeanu tudor,https://www.imo-official.org/results/individual/country/ROU/
Romania,ROU,Ioan Laurenţiu,Ploscaru,Ioan Laurenţiu Ploscaru,"Ploscaru, Ioan Laurenţiu",ioan laurentiu ploscaru,https://www.imo-official.org/results/individual/country/ROU/
Romania,ROU,Cosmin,Pohoaţă,Cosmin Pohoaţă,"Pohoaţă, Cosmin",cosmin pohoata,https://www.imo-official.org/results/individual/country/ROU/
Romania,ROU,Calin,Pop,Calin Pop,"Pop, Calin",calin pop,https://www.imo-official.org/results/individual/country/ROU/
Romania,ROU,Alexandru,Popa,Alexandru Popa,"Popa, Alexandru",alexandru popa,https://www.imo-official.org/results/individual/country/ROU/
Romania,ROU,Eugen,Popa,Eugen Popa,"Popa, Eugen",eugen popa,https://www.imo-official.org/results/individual/country/ROU/
Romania,ROU,Nicolae,Popa,Nicolae Popa,"Popa, Nicolae",nicolae popa,https://www.imo-official.org/results/individual/country/ROU/
Romania,ROU,Dragoş,Popescu,Dragoş Popescu,"Popescu, Dragoş",dragos popescu,https://www.imo-official.org/results/individual/country/ROU/
Romania,ROU,Eleodor,Popescu,Eleodor Popescu,"Popescu, Eleodor",eleodor popescu,https://www.imo-official.org/results/individual/country/ROU/
Romania,ROU,Daniel,Porumbel,Daniel Porumbel,"Porumbel, Daniel",daniel porumbel,https://www.imo-official.org/results/individual/country/ROU/
Romania,ROU,Silviu Nicolae,Predoiu,Silviu Nicolae Predoiu,"Predoiu, Silviu Nicolae",nicolae predoiu silviu,https://www.imo-official.org/results/individual/country/ROU/
Romania,ROU,Radu,Puha,Radu Puha,"Puha, Radu",puha radu,https://www.imo-official.org/results/individual/country/ROU/
Romania,ROU,Andrei-Bogdan,Puiu,Andrei-Bogdan Puiu,"Puiu, Andrei-Bogdan",andrei bogdan puiu,https://www.imo-official.org/results/individual/country/ROU/
Romania,ROU,Emy,Pîrpăriţă,Emy Pîrpăriţă,"Pîrpăriţă, Emy",emy pirparita,https://www.imo-official.org/results/individual/country/ROU/
Romania,ROU,Tudor,Pădurariu,Tudor Pădurariu,"Pădurariu, Tudor",padurariu tudor,https://www.imo-official.org/results/individual/country/ROU/
Romania,ROU,Victor,Pădureanu,Victor Pădureanu,"Pădureanu, Victor",padureanu victor,https://www.imo-official.org/results/individual/country/ROU/
Romania,ROU,Adrian,Păsculescu,Adrian Păsculescu,"Păsculescu, Adrian",adrian pasculescu,https://www.imo-official.org/results/individual/country/ROU/
Romania,ROU,Vasile,Pătraşcu,Vasile Pătraşcu,"Pătraşcu, Vasile",patrascu vasile,https://www.imo-official.org/results/individual/country/ROU/
Romania,ROU,Stefan,Radu Niculescu,Stefan Radu Niculescu,"Radu Niculescu, Stefan",niculescu radu stefan,https://www.imo-official.org/results/individual/country/ROU/
Romania,ROU,Claudiu,Raicu,Claudiu Raicu,"Raicu, Claudiu",claudiu raicu,https://www.imo-official.org/results/individual/country/ROU/
Romania,ROU,Dan,Ralescu,Dan Ralescu,"Ralescu, Dan",dan ralescu,https://www.imo-official.org/results/individual/country/ROU/
Romania,ROU,Andrei,Ratiu,Andrei Ratiu,"Ratiu, Andrei",andrei ratiu,https://www.imo-official.org/results/individual/country/ROU/
Romania,ROU,Florin,Ratiu,Florin Ratiu,"Ratiu, Florin",florin ratiu,https://www.imo-official.org/results/individual/country/ROU/
Romania,ROU,Francisc Robert,Ribciuc,Francisc Robert Ribciuc,"Ribciuc, Francisc Robert",francisc ribciuc robert,https://www.imo-official.org/results/individual/country/ROU/
Romania,ROU,Daniel - Tiberiu,Rimovecz,Daniel - Tiberiu Rimovecz,"Rimovecz, Daniel - Tiberiu",daniel rimovecz tiberiu,https://www.imo-official.org/results/individual/country/ROU/
Romania,ROU,Andrei,Rădulescu-Banu,Andrei Rădulescu-Banu,"Rădulescu-Banu, Andrei",andrei banu radulescu,https://www.imo-official.org/results/individual/country/ROU/
Romania,ROU,Ion,Saba Ştefănescu,Ion Saba Ştefănescu,"Saba Ştefănescu, Ion",ion saba stefanescu,https://www.imo-official.org/results/individual/country/ROU/
Romania,ROU,Radu,Saghin,Radu Saghin,"Saghin, Radu",radu saghin,https://www.imo-official.org/results/individual/country/ROU/
Romania,ROU,Ovidiu,Savin,Ovidiu Savin,"Savin, Ovidiu",ovidiu savin,https://www.imo-official.org/results/individual/country/ROU/
Romania,ROU,Vlad,Sergiescu,Vlad Sergiescu,"Sergiescu, Vlad",sergiescu vlad,https://www.imo-official.org/results/individual/country/ROU/
Romania,ROU,Constantin,Sevici,Constantin Sevici,"Sevici, Constantin",constantin sevici,https://www.imo-official.org/results/individual/country/ROU/
Romania,ROU,Gheorghe,Silberberg,Gheorghe Silberberg,"Silberberg, Gheorghe",gheorghe silberberg,https://www.imo-official.org/results/individual/country/ROU/
Romania,ROU,Mircea,Sofonea,Mircea Sofonea,"Sofonea, Mircea",mircea sofonea,https://www.imo-official.org/results/individual/country/ROU/
Romania,ROU,Florin,Spanu,Florin Spanu,"Spanu, Florin",florin spanu,https://www.imo-official.org/results/individual/country/ROU/
Romania,ROU,Tiberiu,Spircu,Tiberiu Spircu,"Spircu, Tiberiu",spircu tiberiu,https://www.imo-official.org/results/individual/country/ROU/
Romania,ROU,Vlad-Titus,Spătaru,Vlad-Titus Spătaru,"Spătaru, Vlad-Titus",spataru titus vlad,https://www.imo-official.org/results/individual/country/ROU/
Romania,ROU,Ştefan,Spătaru,Ştefan Spătaru,"Spătaru, Ştefan",spataru stefan,https://www.imo-official.org/results/individual/country/ROU/
Romania,ROU,Paul,Stanciu,Paul Stanciu,"Stanciu, Paul",paul stanciu,https://www.imo-official.org/results/individual/country/ROU/
Romania,ROU,George,Stoianov,George Stoianov,"Stoianov, George",george stoianov,https://www.imo-official.org/results/individual/country/ROU/
Romania,ROU,Emanuel,Stoica,Emanuel Stoica,"Stoica, Emanuel",emanuel stoica,https://www.imo-official.org/results/individual/country/ROU/
Romania,ROU,Radu-Ionut,Stoleriu,Radu-Ionut Stoleriu,"Stoleriu, Radu-Ionut",ionut radu stoleriu,https://www.imo-official.org/results/individual/country/ROU/
Romania,ROU,Radu-Ionuț,Stoleriu,Radu-Ionuț Stoleriu,"Stoleriu, Radu-Ionuț",ionut radu stoleriu,https://www.imo-official.org/results/individual/country/ROU/
Romania,ROU,Şerban,Strătilă,Şerban Strătilă,"Strătilă, Şerban",serban stratila,https://www.imo-official.org/results/individual/country/ROU/
Romania,ROU,Dan,Suciu,Dan Suciu,"Suciu, Dan",dan suciu,https://www.imo-official.org/results/individual/country/ROU/
Romania,ROU,Liviu,Suciu,Liviu Suciu,"Suciu, Liviu",liviu suciu,https://www.imo-official.org/results/individual/country/ROU/
Romania,ROU,Nicolae,Suciu,Nicolae Suciu,"Suciu, Nicolae",nicolae suciu,https://www.imo-official.org/results/individual/country/ROU/
Romania,ROU,Ioana-Maria,Tamas,Ioana-Maria Tamas,"Tamas, Ioana-Maria",ioana maria tamas,https://www.imo-official.org/results/individual/country/ROU/
Romania,ROU,Marius,Tiba,Marius Tiba,"Tiba, Marius",marius tiba,https://www.imo-official.org/results/individual/country/ROU/
Romania,ROU,Alexandra,Timofte,Alexandra Timofte,"Timofte, Alexandra",alexandra timofte,https://www.imo-official.org/results/individual/country/ROU/
Romania,ROU,Radu Alexandru,Todor,Radu Alexandru Todor,"Todor, Radu Alexandru",alexandru radu todor,https://www.imo-official.org/results/individual/country/ROU/
Romania,ROU,Mihai Horia,Tohăneanu,Mihai Horia Tohăneanu,"Tohăneanu, Mihai Horia",horia mihai tohaneanu,https://www.imo-official.org/results/individual/country/ROU/
Romania,ROU,Hai,Tran Bach,Hai Tran Bach,"Tran Bach, Hai",bach hai tran,https://www.imo-official.org/results/individual/country/ROU/
Romania,ROU,Nguyen,Tran Bach,Nguyen Tran Bach,"Tran Bach, Nguyen",bach nguyen tran,https://www.imo-official.org/results/individual/country/ROU/
Romania,ROU,Ştefan-Rareş,Tudose,Ştefan-Rareş Tudose,"Tudose, Ştefan-Rareş",rares stefan tudose,https://www.imo-official.org/results/individual/country/ROU/
Romania,ROU,Gabriel,Turinici,Gabriel Turinici,"Turinici, Gabriel",gabriel turinici,https://www.imo-official.org/results/individual/country/ROU/
Romania,ROU,Cristian,Tălău,Cristian Tălău,"Tălău, Cristian",cristian talau,https://www.imo-official.org/results/individual/country/ROU/
Romania,ROU,Daniel,Tătaru,Daniel Tătaru,"Tătaru, Daniel",daniel tataru,https://www.imo-official.org/results/individual/country/ROU/
Romania,ROU,Andrei-Bogdan,Ungureanu,Andrei-Bogdan Ungureanu,"Ungureanu, Andrei-Bogdan",andrei bogdan ungureanu,https://www.imo-official.org/results/individual/country/ROU/
Romania,ROU,Eugen,Varvaruca,Eugen Varvaruca,"Varvaruca, Eugen",eugen varvaruca,https://www.imo-official.org/results/individual/country/ROU/
Romania,ROU,Adrian,Vasiu,Adrian Vasiu,"Vasiu, Adrian",adrian vasiu,https://www.imo-official.org/results/individual/country/ROU/
Romania,ROU,Andrei,Vila,Andrei Vila,"Vila, Andrei",andrei vila,https://www.imo-official.org/results/individual/country/ROU/
Romania,ROU,Alexandru,Vinea,Alexandru Vinea,"Vinea, Alexandru",alexandru vinea,https://www.imo-official.org/results/individual/country/ROU/
Romania,ROU,Dan,Voiculescu,Dan Voiculescu,"Voiculescu, Dan",dan voiculescu,https://www.imo-official.org/results/individual/country/ROU/
Romania,ROU,Valentin,Vornicu,Valentin Vornicu,"Vornicu, Valentin",valentin vornicu,https://www.imo-official.org/results/individual/country/ROU/
Romania,ROU,Mihail,Vrăjitoru,Mihail Vrăjitoru,"Vrăjitoru, Mihail",mihail vrajitoru,https://www.imo-official.org/results/individual/country/ROU/
Romania,ROU,Dan,Vuza,Dan Vuza,"Vuza, Dan",dan vuza,https://www.imo-official.org/results/individual/country/ROU/
Romania,ROU,Iakov,Weinstein,Iakov Weinstein,"Weinstein, Iakov",iakov weinstein,https://www.imo-official.org/results/individual/country/ROU/
Romania,ROU,Martin,Weiss,Martin Weiss,"Weiss, Martin",martin weiss,https://www.imo-official.org/results/individual/country/ROU/
Romania,ROU,Alexandru,Zaharescu,Alexandru Zaharescu,"Zaharescu, Alexandru",alexandru zaharescu,https://www.imo-official.org/results/individual/country/ROU/
Romania,ROU,Adrian-Ioan,Zahariuc,Adrian-Ioan Zahariuc,"Zahariuc, Adrian-Ioan",adrian ioan zahariuc,https://www.imo-official.org/results/individual/country/ROU/
Romania,ROU,Tudor,Zamifrescu,Tudor Zamifrescu,"Zamifrescu, Tudor",tudor zamifrescu,https://www.imo-official.org/results/individual/country/ROU/
Romania,ROU,László,Zsidó,László Zsidó,"Zsidó, László",laszlo zsido,https://www.imo-official.org/results/individual/country/ROU/
Romania,ROU,Andrei,Ştefănescu,Andrei Ştefănescu,"Ştefănescu, Andrei",andrei stefanescu,https://www.imo-official.org/results/individual/country/ROU/
Romania,ROU,Dan,Ştefănică,Dan Ştefănică,"Ştefănică, Dan",dan stefanica,https://www.imo-official.org/results/individual/country/ROU/
Romania,ROU,Sebastian Mihai,Șimon,Sebastian Mihai Șimon,"Șimon, Sebastian Mihai",mihai sebastian simon,https://www.imo-official.org/results/individual/country/ROU/
Romania,ROU,Diana,Țolu,Diana Țolu,"Țolu, Diana",diana tolu,https://www.imo-official.org/results/individual/country/ROU/
Romania,ROU,Lucian-Gabriel,Țurea,Lucian-Gabriel Țurea,"Țurea, Lucian-Gabriel",gabriel lucian turea,https://www.imo-official.org/results/individual/country/ROU/
Russian Federation,RUS,Marat,Abdrakhmanov,Marat Abdrakhmanov,"Abdrakhmanov, Marat",abdrakhmanov marat,https://www.imo-official.org/results/individual/country/RUS/
Russian Federation,RUS,Irina,Anno,Irina Anno,"Anno, Irina",anno irina,https://www.imo-official.org/results/individual/country/RUS/
Russian Federation,RUS,Vasily,Astakhov,Vasily Astakhov,"Astakhov, Vasily",astakhov vasily,https://www.imo-official.org/results/individual/country/RUS/
Russian Federation,RUS,Dmitry,Babichev,Dmitry Babichev,"Babichev, Dmitry",babichev dmitry,https://www.imo-official.org/results/individual/country/RUS/
Russian Federation,RUS,Andrey,Badzyan,Andrey Badzyan,"Badzyan, Andrey",andrey badzyan,https://www.imo-official.org/results/individual/country/RUS/
Russian Federation,RUS,Budimir,Baev,Budimir Baev,"Baev, Budimir",baev budimir,https://www.imo-official.org/results/individual/country/RUS/
Russian Federation,RUS,Ivan,Bakharev,Ivan Bakharev,"Bakharev, Ivan",bakharev ivan,https://www.imo-official.org/results/individual/country/RUS/
Russian Federation,RUS,Ivan,Bazhov,Ivan Bazhov,"Bazhov, Ivan",bazhov ivan,https://www.imo-official.org/results/individual/country/RUS/
Russian Federation,RUS,Andrei,Biryuk,Andrei Biryuk,"Biryuk, Andrei",andrei biryuk,https://www.imo-official.org/results/individual/country/RUS/
Russian Federation,RUS,Ivan,Bochkov,Ivan Bochkov,"Bochkov, Ivan",bochkov ivan,https://www.imo-official.org/results/individual/country/RUS/
Russian Federation,RUS,Maksim,Bolshakov,Maksim Bolshakov,"Bolshakov, Maksim",bolshakov maksim,https://www.imo-official.org/results/individual/country/RUS/
Russian Federation,RUS,Mikhail,Bondarko,Mikhail Bondarko,"Bondarko, Mikhail",bondarko mikhail,https://www.imo-official.org/results/individual/country/RUS/
Russian Federation,RUS,Alexandre,Borissov,Alexandre Borissov,"Borissov, Alexandre",alexandre borissov,https://www.imo-official.org/results/individual/country/RUS/
Russian Federation,RUS,Roman,Boykiy,Roman Boykiy,"Boykiy, Roman",boykiy roman,https://www.imo-official.org/results/individual/country/RUS/
Russian Federation,RUS,Vladimir,Bragin,Vladimir Bragin,"Bragin, Vladimir",bragin vladimir,https://www.imo-official.org/results/individual/country/RUS/
Russian Federation,RUS,Olga,Burova,Olga Burova,"Burova, Olga",burova olga,https://www.imo-official.org/results/individual/country/RUS/
Russian Federation,RUS,Danil,Chapovalov,Danil Chapovalov,"Chapovalov, Danil",chapovalov danil,https://www.imo-official.org/results/individual/country/RUS/
Russian Federation,RUS,Nikita,Chernega,Nikita Chernega,"Chernega, Nikita",chernega nikita,https://www.imo-official.org/results/individual/country/RUS/
Russian Federation,RUS,Aleksey,Chilikov,Aleksey Chilikov,"Chilikov, Aleksey",aleksey chilikov,https://www.imo-official.org/results/individual/country/RUS/
Russian Federation,RUS,Danila,Demin,Danila Demin,"Demin, Danila",danila demin,https://www.imo-official.org/results/individual/country/RUS/
Russian Federation,RUS,Rostislav,Devyatov,Rostislav Devyatov,"Devyatov, Rostislav",devyatov rostislav,https://www.imo-official.org/results/individual/country/RUS/
Russian Federation,RUS,Maxim,Didin,Maxim Didin,"Didin, Maxim",didin maxim,https://www.imo-official.org/results/individual/country/RUS/
Russian Federation,RUS,Natalia,Dobrinskaia,Natalia Dobrinskaia,"Dobrinskaia, Natalia",dobrinskaia natalia,https://www.imo-official.org/results/individual/country/RUS/
Russian Federation,RUS,Nikita,Dobronravov,Nikita Dobronravov,"Dobronravov, Nikita",dobronravov nikita,https://www.imo-official.org/results/individual/country/RUS/
Russian Federation,RUS,Nikolai,Dourov,Nikolai Dourov,"Dourov, Nikolai",dourov nikolai,https://www.imo-official.org/results/individual/country/RUS/
Russian Federation,RUS,Vladimir,Dremov,Vladimir Dremov,"Dremov, Vladimir",dremov vladimir,https://www.imo-official.org/results/individual/country/RUS/
Russian Federation,RUS,Sergey,Drozdov,Sergey Drozdov,"Drozdov, Sergey",drozdov sergey,https://www.imo-official.org/results/individual/country/RUS/
Russian Federation,RUS,Mikhail,Dubashinskiy,Mikhail Dubashinskiy,"Dubashinskiy, Mikhail",dubashinskiy mikhail,https://www.imo-official.org/results/individual/country/RUS/
Russian Federation,RUS,Anna,Dyubina,Anna Dyubina,"Dyubina, Anna",anna dyubina,https://www.imo-official.org/results/individual/country/RUS/
Russian Federation,RUS,Dmitry,Egorov,Dmitry Egorov,"Egorov, Dmitry",dmitry egorov,https://www.imo-official.org/results/individual/country/RUS/
Russian Federation,RUS,Stanislav,Erokhin,Stanislav Erokhin,"Erokhin, Stanislav",erokhin stanislav,https://www.imo-official.org/results/individual/country/RUS/
Russian Federation,RUS,Alexey,Esin,Alexey Esin,"Esin, Alexey",alexey esin,https://www.imo-official.org/results/individual/country/RUS/
Russian Federation,RUS,Veronika,Essaoulova,Veronika Essaoulova,"Essaoulova, Veronika",essaoulova veronika,https://www.imo-official.org/results/individual/country/RUS/
Russian Federation,RUS,Anton,Evseev,Anton Evseev,"Evseev, Anton",anton evseev,https://www.imo-official.org/results/individual/country/RUS/
Russian Federation,RUS,Roman,Fedorov,Roman Fedorov,"Fedorov, Roman",fedorov roman,https://www.imo-official.org/results/individual/country/RUS/
Russian Federation,RUS,Alexei,Fedotov,Alexei Fedotov,"Fedotov, Alexei",alexei fedotov,https://www.imo-official.org/results/individual/country/RUS/
Russian Federation,RUS,Ivan,Frolov,Ivan Frolov,"Frolov, Ivan",frolov ivan,https://www.imo-official.org/results/individual/country/RUS/
Russian Federation,RUS,Ivan,Gaidai-Turlov,Ivan Gaidai-Turlov,"Gaidai-Turlov, Ivan",gaidai ivan turlov,https://www.imo-official.org/results/individual/country/RUS/
Russian Federation,RUS,Alexandre,Gaifoulline,Alexandre Gaifoulline,"Gaifoulline, Alexandre",alexandre gaifoulline,https://www.imo-official.org/results/individual/country/RUS/
Russian Federation,RUS,Mikhail,Garber,Mikhail Garber,"Garber, Mikhail",garber mikhail,https://www.imo-official.org/results/individual/country/RUS/
Russian Federation,RUS,Andrey,Gavrilyuk,Andrey Gavrilyuk,"Gavrilyuk, Andrey",andrey gavrilyuk,https://www.imo-official.org/results/individual/country/RUS/
Russian Federation,RUS,Artur,Gerasimenko,Artur Gerasimenko,"Gerasimenko, Artur",artur gerasimenko,https://www.imo-official.org/results/individual/country/RUS/
Russian Federation,RUS,Nikita,Gladkov,Nikita Gladkov,"Gladkov, Nikita",gladkov nikita,https://www.imo-official.org/results/individual/country/RUS/
Russian Federation,RUS,Alexei,Glazirine,Alexei Glazirine,"Glazirine, Alexei",alexei glazirine,https://www.imo-official.org/results/individual/country/RUS/
Russian Federation,RUS,Alexander,Glazman,Alexander Glazman,"Glazman, Alexander",alexander glazman,https://www.imo-official.org/results/individual/country/RUS/
Russian Federation,RUS,Oleg,Gol'berg,Oleg Gol'berg,"Gol'berg, Oleg",berg gol oleg,https://www.imo-official.org/results/individual/country/RUS/
Russian Federation,RUS,Evgeny,Gorinov,Evgeny Gorinov,"Gorinov, Evgeny",evgeny gorinov,https://www.imo-official.org/results/individual/country/RUS/
Russian Federation,RUS,Nikolay,Gravin,Nikolay Gravin,"Gravin, Nikolay",gravin nikolay,https://www.imo-official.org/results/individual/country/RUS/
Russian Federation,RUS,Mikhail,Grigorev,Mikhail Grigorev,"Grigorev, Mikhail",grigorev mikhail,https://www.imo-official.org/results/individual/country/RUS/
Russian Federation,RUS,Dmitrii,Grishko,Dmitrii Grishko,"Grishko, Dmitrii",dmitrii grishko,https://www.imo-official.org/results/individual/country/RUS/
Russian Federation,RUS,Pavel,Gubkin,Pavel Gubkin,"Gubkin, Pavel",gubkin pavel,https://www.imo-official.org/results/individual/country/RUS/
Russian Federation,RUS,Aidar,Ibragimov,Aidar Ibragimov,"Ibragimov, Aidar",aidar ibragimov,https://www.imo-official.org/results/individual/country/RUS/
Russian Federation,RUS,Maria,Ilyukhina,Maria Ilyukhina,"Ilyukhina, Maria",ilyukhina maria,https://www.imo-official.org/results/individual/country/RUS/
Russian Federation,RUS,Mikhail,Isaev,Mikhail Isaev,"Isaev, Mikhail",isaev mikhail,https://www.imo-official.org/results/individual/country/RUS/
Russian Federation,RUS,Ruslan,Ismailov,Ruslan Ismailov,"Ismailov, Ruslan",ismailov ruslan,https://www.imo-official.org/results/individual/country/RUS/
Russian Federation,RUS,Matvei,Isupov,Matvei Isupov,"Isupov, Matvei",isupov matvei,https://www.imo-official.org/results/individual/country/RUS/
Russian Federation,RUS,Grigorii,Iurgin,Grigorii Iurgin,"Iurgin, Grigorii",grigorii iurgin,https://www.imo-official.org/results/individual/country/RUS/
Russian Federation,RUS,Mikhail,Ivanov,Mikhail Ivanov,"Ivanov, Mikhail",ivanov mikhail,https://www.imo-official.org/results/individual/country/RUS/
Russian Federation,RUS,Fedor,Ivlev,Fedor Ivlev,"Ivlev, Fedor",fedor ivlev,https://www.imo-official.org/results/individual/country/RUS/
Russian Federation,RUS,Nikita,Kalinin,Nikita Kalinin,"Kalinin, Nikita",kalinin nikita,https://www.imo-official.org/results/individual/country/RUS/
Russian Federation,RUS,Aleksandr,Kalmynin,Aleksandr Kalmynin,"Kalmynin, Aleksandr",aleksandr kalmynin,https://www.imo-official.org/results/individual/country/RUS/
Russian Federation,RUS,Nikita,Karagodin,Nikita Karagodin,"Karagodin, Nikita",karagodin nikita,https://www.imo-official.org/results/individual/country/RUS/
Russian Federation,RUS,Roman,Karasev,Roman Karasev,"Karasev, Roman",karasev roman,https://www.imo-official.org/results/individual/country/RUS/
Russian Federation,RUS,Dmitry,Karpov,Dmitry Karpov,"Karpov, Dmitry",dmitry karpov,https://www.imo-official.org/results/individual/country/RUS/
Russian Federation,RUS,Ilia,Katsev,Ilia Katsev,"Katsev, Ilia",ilia katsev,https://www.imo-official.org/results/individual/country/RUS/
Russian Federation,RUS,Alexey,Katyshev,Alexey Katyshev,"Katyshev, Alexey",alexey katyshev,https://www.imo-official.org/results/individual/country/RUS/
Russian Federation,RUS,Andrei,Khaliavine,Andrei Khaliavine,"Khaliavine, Andrei",andrei khaliavine,https://www.imo-official.org/results/individual/country/RUS/
Russian Federation,RUS,Daniil,Kliuev,Daniil Kliuev,"Kliuev, Daniil",daniil kliuev,https://www.imo-official.org/results/individual/country/RUS/
Russian Federation,RUS,Timofey,Kovalev,Timofey Kovalev,"Kovalev, Timofey",kovalev timofey,https://www.imo-official.org/results/individual/country/RUS/
Russian Federation,RUS,Pavel,Kozhevnikov,Pavel Kozhevnikov,"Kozhevnikov, Pavel",kozhevnikov pavel,https://www.imo-official.org/results/individual/country/RUS/
Russian Federation,RUS,Pavel,Kozlov,Pavel Kozlov,"Kozlov, Pavel",kozlov pavel,https://www.imo-official.org/results/individual/country/RUS/
Russian Federation,RUS,Dmitry,Krachun,Dmitry Krachun,"Krachun, Dmitry",dmitry krachun,https://www.imo-official.org/results/individual/country/RUS/
Russian Federation,RUS,Roman,Kravchenko,Roman Kravchenko,"Kravchenko, Roman",kravchenko roman,https://www.imo-official.org/results/individual/country/RUS/
Russian Federation,RUS,Dmitrii,Krekov,Dmitrii Krekov,"Krekov, Dmitrii",dmitrii krekov,https://www.imo-official.org/results/individual/country/RUS/
Russian Federation,RUS,Stanislav,Krymskii,Stanislav Krymskii,"Krymskii, Stanislav",krymskii stanislav,https://www.imo-official.org/results/individual/country/RUS/
Russian Federation,RUS,Nikita,Kudyk,Nikita Kudyk,"Kudyk, Nikita",kudyk nikita,https://www.imo-official.org/results/individual/country/RUS/
Russian Federation,RUS,Valeriy,Kulishov,Valeriy Kulishov,"Kulishov, Valeriy",kulishov valeriy,https://www.imo-official.org/results/individual/country/RUS/
Russian Federation,RUS,Alexander,Kuznetsov,Alexander Kuznetsov,"Kuznetsov, Alexander",alexander kuznetsov,https://www.imo-official.org/results/individual/country/RUS/
Russian Federation,RUS,Alexei,Lebedev,Alexei Lebedev,"Lebedev, Alexei",alexei lebedev,https://www.imo-official.org/results/individual/country/RUS/
Russian Federation,RUS,Mikhail,Leptchinski,Mikhail Leptchinski,"Leptchinski, Mikhail",leptchinski mikhail,https://www.imo-official.org/results/individual/country/RUS/
Russian Federation,RUS,Yury,Lifshits,Yury Lifshits,"Lifshits, Yury",lifshits yury,https://www.imo-official.org/results/individual/country/RUS/
Russian Federation,RUS,Sergei,Luchinin,Sergei Luchinin,"Luchinin, Sergei",luchinin sergei,https://www.imo-official.org/results/individual/country/RUS/
Russian Federation,RUS,Aleksey,Lvov,Aleksey Lvov,"Lvov, Aleksey",aleksey lvov,https://www.imo-official.org/results/individual/country/RUS/
Russian Federation,RUS,Alexey,Lvov,Alexey Lvov,"Lvov, Alexey",alexey lvov,https://www.imo-official.org/results/individual/country/RUS/
Russian Federation,RUS,Alexander,Magazinov,Alexander Magazinov,"Magazinov, Alexander",alexander magazinov,https://www.imo-official.org/results/individual/country/RUS/
Russian Federation,RUS,Iouri,Makarytchev,Iouri Makarytchev,"Makarytchev, Iouri",iouri makarytchev,https://www.imo-official.org/results/individual/country/RUS/
Russian Federation,RUS,Marsel,Matdinov,Marsel Matdinov,"Matdinov, Marsel",marsel matdinov,https://www.imo-official.org/results/individual/country/RUS/
Russian Federation,RUS,Alexander,Matushkin,Alexander Matushkin,"Matushkin, Alexander",alexander matushkin,https://www.imo-official.org/results/individual/country/RUS/
Russian Federation,RUS,Konstantin,Matveev,Konstantin Matveev,"Matveev, Konstantin",konstantin matveev,https://www.imo-official.org/results/individual/country/RUS/
Russian Federation,RUS,Ivan,Mitrofanov,Ivan Mitrofanov,"Mitrofanov, Ivan",ivan mitrofanov,https://www.imo-official.org/results/individual/country/RUS/
Russian Federation,RUS,Mikhail,Mitrofanov,Mikhail Mitrofanov,"Mitrofanov, Mikhail",mikhail mitrofanov,https://www.imo-official.org/results/individual/country/RUS/
Russian Federation,RUS,Vasily,Mokin,Vasily Mokin,"Mokin, Vasily",mokin vasily,https://www.imo-official.org/results/individual/country/RUS/
Russian Federation,RUS,Gleb,Nenashev,Gleb Nenashev,"Nenashev, Gleb",gleb nenashev,https://www.imo-official.org/results/individual/country/RUS/
Russian Federation,RUS,Michail,Nikulin,Michail Nikulin,"Nikulin, Michail",michail nikulin,https://www.imo-official.org/results/individual/country/RUS/
Russian Federation,RUS,Serguei,Norine,Serguei Norine,"Norine, Serguei",norine serguei,https://www.imo-official.org/results/individual/country/RUS/
Russian Federation,RUS,Timofey,Obraztsov,Timofey Obraztsov,"Obraztsov, Timofey",obraztsov timofey,https://www.imo-official.org/results/individual/country/RUS/
Russian Federation,RUS,Victor,Omelyanenko,Victor Omelyanenko,"Omelyanenko, Victor",omelyanenko victor,https://www.imo-official.org/results/individual/country/RUS/
Russian Federation,RUS,Mikhail,Ostrovski,Mikhail Ostrovski,"Ostrovski, Mikhail",mikhail ostrovski,https://www.imo-official.org/results/individual/country/RUS/
Russian Federation,RUS,Serguei,Ouzdine,Serguei Ouzdine,"Ouzdine, Serguei",ouzdine serguei,https://www.imo-official.org/results/individual/country/RUS/
Russian Federation,RUS,Alexey,Pakharev,Alexey Pakharev,"Pakharev, Alexey",alexey pakharev,https://www.imo-official.org/results/individual/country/RUS/
Russian Federation,RUS,Dmitry,Panov,Dmitry Panov,"Panov, Dmitry",dmitry panov,https://www.imo-official.org/results/individual/country/RUS/
Russian Federation,RUS,Dmitry,Permyakov,Dmitry Permyakov,"Permyakov, Dmitry",dmitry permyakov,https://www.imo-official.org/results/individual/country/RUS/
Russian Federation,RUS,Fedor,Petrov,Fedor Petrov,"Petrov, Fedor",fedor petrov,https://www.imo-official.org/results/individual/country/RUS/
Russian Federation,RUS,Vladimir,Petrov,Vladimir Petrov,"Petrov, Vladimir",petrov vladimir,https://www.imo-official.org/results/individual/country/RUS/
Russian Federation,RUS,Nadejda,Petukhova,Nadejda Petukhova,"Petukhova, Nadejda",nadejda petukhova,https://www.imo-official.org/results/individual/country/RUS/
Russian Federation,RUS,Yulia,Pevtsova,Yulia Pevtsova,"Pevtsova, Yulia",pevtsova yulia,https://www.imo-official.org/results/individual/country/RUS/
Russian Federation,RUS,Alexei,Poiarkov,Alexei Poiarkov,"Poiarkov, Alexei",alexei poiarkov,https://www.imo-official.org/results/individual/country/RUS/
Russian Federation,RUS,Anton,Pozdnyakov,Anton Pozdnyakov,"Pozdnyakov, Anton",anton pozdnyakov,https://www.imo-official.org/results/individual/country/RUS/
Russian Federation,RUS,Arina,Prokudina,Arina Prokudina,"Prokudina, Arina",arina prokudina,https://www.imo-official.org/results/individual/country/RUS/
Russian Federation,RUS,Vadim,Retinskii,Vadim Retinskii,"Retinskii, Vadim",retinskii vadim,https://www.imo-official.org/results/individual/country/RUS/
Russian Federation,RUS,Egor,Riabov,Egor Riabov,"Riabov, Egor",egor riabov,https://www.imo-official.org/results/individual/country/RUS/
Russian Federation,RUS,Elizaveta,Rosenblum,Elizaveta Rosenblum,"Rosenblum, Elizaveta",elizaveta rosenblum,https://www.imo-official.org/results/individual/country/RUS/
Russian Federation,RUS,Elena,Roudo,Elena Roudo,"Roudo, Elena",elena roudo,https://www.imo-official.org/results/individual/country/RUS/
Russian Federation,RUS,Anton,Rozenberg,Anton Rozenberg,"Rozenberg, Anton",anton rozenberg,https://www.imo-official.org/results/individual/country/RUS/
Russian Federation,RUS,Anton,Sadovnichiy,Anton Sadovnichiy,"Sadovnichiy, Anton",anton sadovnichiy,https://www.imo-official.org/results/individual/country/RUS/
Russian Federation,RUS,Konstantin,Salikhov,Konstantin Salikhov,"Salikhov, Konstantin",konstantin salikhov,https://www.imo-official.org/results/individual/country/RUS/
Russian Federation,RUS,Ruslan,Salimov,Ruslan Salimov,"Salimov, Ruslan",ruslan salimov,https://www.imo-official.org/results/individual/country/RUS/
Russian Federation,RUS,Kirill,Savenkov,Kirill Savenkov,"Savenkov, Kirill",kirill savenkov,https://www.imo-official.org/results/individual/country/RUS/
Russian Federation,RUS,Lev,Shabanov,Lev Shabanov,"Shabanov, Lev",lev shabanov,https://www.imo-official.org/results/individual/country/RUS/
Russian Federation,RUS,Andrey,Shevtsov,Andrey Shevtsov,"Shevtsov, Andrey",andrey shevtsov,https://www.imo-official.org/results/individual/country/RUS/
Russian Federation,RUS,Dmitry,Shiryaev,Dmitry Shiryaev,"Shiryaev, Dmitry",dmitry shiryaev,https://www.imo-official.org/results/individual/country/RUS/
Russian Federation,RUS,Andrey,Shishko,Andrey Shishko,"Shishko, Andrey",andrey shishko,https://www.imo-official.org/results/individual/country/RUS/
Russian Federation,RUS,Igor,Shnurnikov,Igor Shnurnikov,"Shnurnikov, Igor",igor shnurnikov,https://www.imo-official.org/results/individual/country/RUS/
Russian Federation,RUS,Danil,Sibgatullin,Danil Sibgatullin,"Sibgatullin, Danil",danil sibgatullin,https://www.imo-official.org/results/individual/country/RUS/
Russian Federation,RUS,Alexander,Skvortsov,Alexander Skvortsov,"Skvortsov, Alexander",alexander skvortsov,https://www.imo-official.org/results/individual/country/RUS/
Russian Federation,RUS,Alexander,Smirnov,Alexander Smirnov,"Smirnov, Alexander",alexander smirnov,https://www.imo-official.org/results/individual/country/RUS/
Russian Federation,RUS,Oleg,Smirnov,Oleg Smirnov,"Smirnov, Oleg",oleg smirnov,https://www.imo-official.org/results/individual/country/RUS/
Russian Federation,RUS,Serguei,Sokolov,Serguei Sokolov,"Sokolov, Serguei",serguei sokolov,https://www.imo-official.org/results/individual/country/RUS/
Russian Federation,RUS,Sergey,Spiridonov,Sergey Spiridonov,"Spiridonov, Sergey",sergey spiridonov,https://www.imo-official.org/results/individual/country/RUS/
Russian Federation,RUS,Oleg,Styrt,Oleg Styrt,"Styrt, Oleg",oleg styrt,https://www.imo-official.org/results/individual/country/RUS/
Russian Federation,RUS,Kirill,Sukhov,Kirill Sukhov,"Sukhov, Kirill",kirill sukhov,https://www.imo-official.org/results/individual/country/RUS/
Russian Federation,RUS,Dmitri,Tchelkak,Dmitri Tchelkak,"Tchelkak, Dmitri",dmitri tchelkak,https://www.imo-official.org/results/individual/country/RUS/
Russian Federation,RUS,Evgueni,Tcherepanov,Evgueni Tcherepanov,"Tcherepanov, Evgueni",evgueni tcherepanov,https://www.imo-official.org/results/individual/country/RUS/
Russian Federation,RUS,Alexander,Tsigler,Alexander Tsigler,"Tsigler, Alexander",alexander tsigler,https://www.imo-official.org/results/individual/country/RUS/
Russian Federation,RUS,Maksim,Turevskii,Maksim Turevskii,"Turevskii, Maksim",maksim turevskii,https://www.imo-official.org/results/individual/country/RUS/
Russian Federation,RUS,Kirill,Tyshchuk,Kirill Tyshchuk,"Tyshchuk, Kirill",kirill tyshchuk,https://www.imo-official.org/results/individual/country/RUS/
Russian Federation,RUS,Konstantin,Tyshchuk,Konstantin Tyshchuk,"Tyshchuk, Konstantin",konstantin tyshchuk,https://www.imo-official.org/results/individual/country/RUS/
Russian Federation,RUS,Georgii,Veprev,Georgii Veprev,"Veprev, Georgii",georgii veprev,https://www.imo-official.org/results/individual/country/RUS/
Russian Federation,RUS,Andrey,Volgin,Andrey Volgin,"Volgin, Andrey",andrey volgin,https://www.imo-official.org/results/individual/country/RUS/
Russian Federation,RUS,Vladislav,Volkov,Vladislav Volkov,"Volkov, Vladislav",vladislav volkov,https://www.imo-official.org/results/individual/country/RUS/
Russian Federation,RUS,Yury,Volkov,Yury Volkov,"Volkov, Yury",volkov yury,https://www.imo-official.org/results/individual/country/RUS/
Russian Federation,RUS,Aleksei,Volostnov,Aleksei Volostnov,"Volostnov, Aleksei",aleksei volostnov,https://www.imo-official.org/results/individual/country/RUS/
Russian Federation,RUS,Andrei,Vorobiev,Andrei Vorobiev,"Vorobiev, Andrei",andrei vorobiev,https://www.imo-official.org/results/individual/country/RUS/
Russian Federation,RUS,Egor,Voronetckii,Egor Voronetckii,"Voronetckii, Egor",egor voronetckii,https://www.imo-official.org/results/individual/country/RUS/
Russian Federation,RUS,Dmitri,Zaporojets,Dmitri Zaporojets,"Zaporojets, Dmitri",dmitri zaporojets,https://www.imo-official.org/results/individual/country/RUS/
Russian Federation,RUS,Pavel,Zatitskiy,Pavel Zatitskiy,"Zatitskiy, Pavel",pavel zatitskiy,https://www.imo-official.org/results/individual/country/RUS/
Russian Federation,RUS,Timofey,Zaytsev,Timofey Zaytsev,"Zaytsev, Timofey",timofey zaytsev,https://www.imo-official.org/results/individual/country/RUS/
Russian Federation,RUS,Aleksandr,Zimin,Aleksandr Zimin,"Zimin, Aleksandr",aleksandr zimin,https://www.imo-official.org/results/individual/country/RUS/
Singapore,SGP,Jie Jun,Ang,Jie Jun Ang,"Ang, Jie Jun",ang jie jun,https://www.imo-official.org/results/individual/country/SGP/
Singapore,SGP,Yan Sheng,Ang,Yan Sheng Ang,"Ang, Yan Sheng",ang sheng yan,https://www.imo-official.org/results/individual/country/SGP/
Singapore,SGP,Vincent Brian,Arifin Tjeng,Vincent Brian Arifin Tjeng,"Arifin Tjeng, Vincent Brian",arifin brian tjeng vincent,https://www.imo-official.org/results/individual/country/SGP/
Singapore,SGP,Tse Yang Lucas,Boo,Tse Yang Lucas Boo,"Boo, Tse Yang Lucas",boo lucas tse yang,https://www.imo-official.org/results/individual/country/SGP/
Singapore,SGP,Hock-Peng,Chan,Hock-Peng Chan,"Chan, Hock-Peng",chan hock peng,https://www.imo-official.org/results/individual/country/SGP/
Singapore,SGP,Ryan Jun Neng,Chan,Ryan Jun Neng Chan,"Chan, Ryan Jun Neng",chan jun neng ryan,https://www.imo-official.org/results/individual/country/SGP/
Singapore,SGP,Chongli Daniel,Chen,Chongli Daniel Chen,"Chen, Chongli Daniel",chen chongli daniel,https://www.imo-official.org/results/individual/country/SGP/
Singapore,SGP,Puhua,Cheng,Puhua Cheng,"Cheng, Puhua",cheng puhua,https://www.imo-official.org/results/individual/country/SGP/
Singapore,SGP,Wenhao,Cheng,Wenhao Cheng,"Cheng, Wenhao",cheng wenhao,https://www.imo-official.org/results/individual/country/SGP/
Singapore,SGP,Kok-Wui,Cheong,Kok-Wui Cheong,"Cheong, Kok-Wui",cheong kok wui,https://www.imo-official.org/results/individual/country/SGP/
Singapore,SGP,Clarence Xuan Da,Chew,Clarence Xuan Da Chew,"Chew, Clarence Xuan Da",chew clarence da xuan,https://www.imo-official.org/results/individual/country/SGP/
Singapore,SGP,Keyn-Hantz Edden,Chew,Keyn-Hantz Edden Chew,"Chew, Keyn-Hantz Edden",chew edden hantz keyn,https://www.imo-official.org/results/individual/country/SGP/
Singapore,SGP,Shevonne,Chia,Shevonne Chia,"Chia, Shevonne",chia shevonne,https://www.imo-official.org/results/individual/country/SGP/
Singapore,SGP,Jia-Han,Chiam,Jia-Han Chiam,"Chiam, Jia-Han",chiam han jia,https://www.imo-official.org/results/individual/country/SGP/
Singapore,SGP,Jeffrey,Chin How Pang,Jeffrey Chin How Pang,"Chin How Pang, Jeffrey",chin how jeffrey pang,https://www.imo-official.org/results/individual/country/SGP/
Singapore,SGP,Kai Fong Ernest,Chong,Kai Fong Ernest Chong,"Chong, Kai Fong Ernest",chong ernest fong kai,https://www.imo-official.org/results/individual/country/SGP/
Singapore,SGP,Han Ping,Chor,Han Ping Chor,"Chor, Han Ping",chor han ping,https://www.imo-official.org/results/individual/country/SGP/
Singapore,SGP,Chek Beng,Chua,Chek Beng Chua,"Chua, Chek Beng",beng chek chua,https://www.imo-official.org/results/individual/country/SGP/
Singapore,SGP,Kiat,Chuan Tan,Kiat Chuan Tan,"Chuan Tan, Kiat",chuan kiat tan,https://www.imo-official.org/results/individual/country/SGP/
Singapore,SGP,Weiyu,Colin Tan,Weiyu Colin Tan,"Colin Tan, Weiyu",colin tan weiyu,https://www.imo-official.org/results/individual/country/SGP/
Singapore,SGP,Yue,Ding,Yue Ding,"Ding, Yue",ding yue,https://www.imo-official.org/results/individual/country/SGP/
Singapore,SGP,Yuxiang Lucas,Gao,Yuxiang Lucas Gao,"Gao, Yuxiang Lucas",gao lucas yuxiang,https://www.imo-official.org/results/individual/country/SGP/
Singapore,SGP,Zixiang,Gao,Zixiang Gao,"Gao, Zixiang",gao zixiang,https://www.imo-official.org/results/individual/country/SGP/
Singapore,SGP,Boon Leng,Goh,Boon Leng Goh,"Goh, Boon Leng",boon goh leng,https://www.imo-official.org/results/individual/country/SGP/
Singapore,SGP,Hao Xiang Gabriel,Goh,Hao Xiang Gabriel Goh,"Goh, Hao Xiang Gabriel",gabriel goh hao xiang,https://www.imo-official.org/results/individual/country/SGP/
Singapore,SGP,Jun Le,Goh,Jun Le Goh,"Goh, Jun Le",goh jun le,https://www.imo-official.org/results/individual/country/SGP/
Singapore,SGP,Ruimin,He,Ruimin He,"He, Ruimin",he ruimin,https://www.imo-official.org/results/individual/country/SGP/
Singapore,SGP,Chui Ping,Ho,Chui Ping Ho,"Ho, Chui Ping",chui ho ping,https://www.imo-official.org/results/individual/country/SGP/
Singapore,SGP,Jun Wei,Ho,Jun Wei Ho,"Ho, Jun Wei",ho jun wei,https://www.imo-official.org/results/individual/country/SGP/
Singapore,SGP,Bryan Kuen-Yew,Hooi,Bryan Kuen-Yew Hooi,"Hooi, Bryan Kuen-Yew",bryan hooi kuen yew,https://www.imo-official.org/results/individual/country/SGP/
Singapore,SGP,Xinghui,Hu,Xinghui Hu,"Hu, Xinghui",hu xinghui,https://www.imo-official.org/results/individual/country/SGP/
Singapore,SGP,Cheng Jiann,Huah,Cheng Jiann Huah,"Huah, Cheng Jiann",cheng huah jiann,https://www.imo-official.org/results/individual/country/SGP/
Singapore,SGP,Yonsi Daniel,Hue,Yonsi Daniel Hue,"Hue, Yonsi Daniel",daniel hue yonsi,https://www.imo-official.org/results/individual/country/SGP/
Singapore,SGP,Zihuai,Jin,Zihuai Jin,"Jin, Zihuai",jin zihuai,https://www.imo-official.org/results/individual/country/SGP/
Singapore,SGP,Dominic Lee,Jun,Dominic Lee Jun,"Jun, Dominic Lee",dominic jun lee,https://www.imo-official.org/results/individual/country/SGP/
Singapore,SGP,Yi-Huak,Koh,Yi-Huak Koh,"Koh, Yi-Huak",huak koh yi,https://www.imo-official.org/results/individual/country/SGP/
Singapore,SGP,Chong Luck Ryan,Kor,Chong Luck Ryan Kor,"Kor, Chong Luck Ryan",chong kor luck ryan,https://www.imo-official.org/results/individual/country/SGP/
Singapore,SGP,Jun Jie Joseph,Kuan,Jun Jie Joseph Kuan,"Kuan, Jun Jie Joseph",jie joseph jun kuan,https://www.imo-official.org/results/individual/country/SGP/
Singapore,SGP,Chin Lum,Kwa,Chin Lum Kwa,"Kwa, Chin Lum",chin kwa lum,https://www.imo-official.org/results/individual/country/SGP/
Singapore,SGP,Pengchong,Lai,Pengchong Lai,"Lai, Pengchong",lai pengchong,https://www.imo-official.org/results/individual/country/SGP/
Singapore,SGP,Vui Chap,Lam,Vui Chap Lam,"Lam, Vui Chap",chap lam vui,https://www.imo-official.org/results/individual/country/SGP/
Singapore,SGP,Hua Jun Eugene,Lee,Hua Jun Eugene Lee,"Lee, Hua Jun Eugene",eugene hua jun lee,https://www.imo-official.org/results/individual/country/SGP/
Singapore,SGP,Ker Yang,Lee,Ker Yang Lee,"Lee, Ker Yang",ker lee yang,https://www.imo-official.org/results/individual/country/SGP/
Singapore,SGP,Mun Yew,Lee,Mun Yew Lee,"Lee, Mun Yew",lee mun yew,https://www.imo-official.org/results/individual/country/SGP/
Singapore,SGP,You Jun,Lee,You Jun Lee,"Lee, You Jun",jun lee you,https://www.imo-official.org/results/individual/country/SGP/
Singapore,SGP,Lei,Lei,Lei Lei,"Lei, Lei",lei lei,https://www.imo-official.org/results/individual/country/SGP/
Singapore,SGP,Wing Lup,Leong,Wing Lup Leong,"Leong, Wing Lup",leong lup wing,https://www.imo-official.org/results/individual/country/SGP/
Singapore,SGP,Zachary Ngaihang,Leung,Zachary Ngaihang Leung,"Leung, Zachary Ngaihang",leung ngaihang zachary,https://www.imo-official.org/results/individual/country/SGP/
Singapore,SGP,Er Lu Lawrence,Li,Er Lu Lawrence Li,"Li, Er Lu Lawrence",er lawrence li lu,https://www.imo-official.org/results/individual/country/SGP/
Singapore,SGP,Hong Yi,Li,Hong Yi Li,"Li, Hong Yi",hong li yi,https://www.imo-official.org/results/individual/country/SGP/
Singapore,SGP,Chu Wee,Lim,Chu Wee Lim,"Lim, Chu Wee",chu lim wee,https://www.imo-official.org/results/individual/country/SGP/
Singapore,SGP,Glen Wei An,Lim,Glen Wei An Lim,"Lim, Glen Wei An",an glen lim wei,https://www.imo-official.org/results/individual/country/SGP/
Singapore,SGP,Jeck,Lim,Jeck Lim,"Lim, Jeck",jeck lim,https://www.imo-official.org/results/individual/country/SGP/
Singapore,SGP,Jing-Yee,Lim,Jing-Yee Lim,"Lim, Jing-Yee",jing lim yee,https://www.imo-official.org/results/individual/country/SGP/
Singapore,SGP,Jun Ren,Lim,Jun Ren Lim,"Lim, Jun Ren",jun lim ren,https://www.imo-official.org/results/individual/country/SGP/
Singapore,SGP,Li Ying,Lim,Li Ying Lim,"Lim, Li Ying",li lim ying,https://www.imo-official.org/results/individual/country/SGP/
Singapore,SGP,Wei Quan,Lim,Wei Quan Lim,"Lim, Wei Quan",lim quan wei,https://www.imo-official.org/results/individual/country/SGP/
Singapore,SGP,Yee Fun,Lim,Yee Fun Lim,"Lim, Yee Fun",fun lim yee,https://www.imo-official.org/results/individual/country/SGP/
Singapore,SGP,Yin,Lim,Yin Lim,"Lim, Yin",lim yin,https://www.imo-official.org/results/individual/country/SGP/
Singapore,SGP,Kewei David,Lin,Kewei David Lin,"Lin, Kewei David",david kewei lin,https://www.imo-official.org/results/individual/country/SGP/
Singapore,SGP,Shaowei,Lin,Shaowei Lin,"Lin, Shaowei",lin shaowei,https://www.imo-official.org/results/individual/country/SGP/
Singapore,SGP,Zhiwei Calvin,Lin,Zhiwei Calvin Lin,"Lin, Zhiwei Calvin",calvin lin zhiwei,https://www.imo-official.org/results/individual/country/SGP/
Singapore,SGP,Ziwei,Lin,Ziwei Lin,"Lin, Ziwei",lin ziwei,https://www.imo-official.org/results/individual/country/SGP/
Singapore,SGP,Yan Hao,Ling,Yan Hao Ling,"Ling, Yan Hao",hao ling yan,https://www.imo-official.org/results/individual/country/SGP/
Singapore,SGP,Yijia,Liu,Yijia Liu,"Liu, Yijia",liu yijia,https://www.imo-official.org/results/individual/country/SGP/
Singapore,SGP,Yao Chen Ivan,Loh,Yao Chen Ivan Loh,"Loh, Yao Chen Ivan",chen ivan loh yao,https://www.imo-official.org/results/individual/country/SGP/
Singapore,SGP,Gar Goei,Loke,Gar Goei Loke,"Loke, Gar Goei",gar goei loke,https://www.imo-official.org/results/individual/country/SGP/
Singapore,SGP,Choo Ray,Low,Choo Ray Low,"Low, Choo Ray",choo low ray,https://www.imo-official.org/results/individual/country/SGP/
Singapore,SGP,Tian Wen Daniel,Low,Tian Wen Daniel Low,"Low, Tian Wen Daniel",daniel low tian wen,https://www.imo-official.org/results/individual/country/SGP/
Singapore,SGP,Hung,Low Tzer,Hung Low Tzer,"Low Tzer, Hung",hung low tzer,https://www.imo-official.org/results/individual/country/SGP/
Singapore,SGP,Shang Yi,Lu,Shang Yi Lu,"Lu, Shang Yi",lu shang yi,https://www.imo-official.org/results/individual/country/SGP/
Singapore,SGP,Zhao Yu,Ma,Zhao Yu Ma,"Ma, Zhao Yu",ma yu zhao,https://www.imo-official.org/results/individual/country/SGP/
Singapore,SGP,Dazhe,Meng,Dazhe Meng,"Meng, Dazhe",dazhe meng,https://www.imo-official.org/results/individual/country/SGP/
Singapore,SGP,Chee We,Ng,Chee We Ng,"Ng, Chee We",chee ng we,https://www.imo-official.org/results/individual/country/SGP/
Singapore,SGP,Lup Keen,Ng,Lup Keen Ng,"Ng, Lup Keen",keen lup ng,https://www.imo-official.org/results/individual/country/SGP/
Singapore,SGP,Wan Long,Ng,Wan Long Ng,"Ng, Wan Long",long ng wan,https://www.imo-official.org/results/individual/country/SGP/
Singapore,SGP,Yangyi Aloysius,Ng,Yangyi Aloysius Ng,"Ng, Yangyi Aloysius",aloysius ng yangyi,https://www.imo-official.org/results/individual/country/SGP/
Singapore,SGP,Yu Peng,Ng,Yu Peng Ng,"Ng, Yu Peng",ng peng yu,https://www.imo-official.org/results/individual/country/SGP/
Singapore,SGP,Ngiap-Teng,Ngan,Ngiap-Teng Ngan,"Ngan, Ngiap-Teng",ngan ngiap teng,https://www.imo-official.org/results/individual/country/SGP/
Singapore,SGP,"Ee Shua, Etienne",Ong,"Ee Shua, Etienne Ong","Ong, Ee Shua, Etienne",ee etienne ong shua,https://www.imo-official.org/results/individual/country/SGP/
Singapore,SGP,Chin How Jeffrey,Pang,Chin How Jeffrey Pang,"Pang, Chin How Jeffrey",chin how jeffrey pang,https://www.imo-official.org/results/individual/country/SGP/
Singapore,SGP,Ki Khoon,Pang,Ki Khoon Pang,"Pang, Ki Khoon",khoon ki pang,https://www.imo-official.org/results/individual/country/SGP/
Singapore,SGP,Siu Taur,Pang,Siu Taur Pang,"Pang, Siu Taur",pang siu taur,https://www.imo-official.org/results/individual/country/SGP/
Singapore,SGP,Yan Xi,Peh,Yan Xi Peh,"Peh, Yan Xi",peh xi yan,https://www.imo-official.org/results/individual/country/SGP/
Singapore,SGP,Wee,Peng Tay,Wee Peng Tay,"Peng Tay, Wee",peng tay wee,https://www.imo-official.org/results/individual/country/SGP/
Singapore,SGP,Han,Ping Davin Chor,Han Ping Davin Chor,"Ping Davin Chor, Han",chor davin han ping,https://www.imo-official.org/results/individual/country/SGP/
Singapore,SGP,Wei,Quan Julius Poh,Wei Quan Julius Poh,"Quan Julius Poh, Wei",julius poh quan wei,https://www.imo-official.org/results/individual/country/SGP/
Singapore,SGP,Anand Bharathwaj,Rajagopalan,Anand Bharathwaj Rajagopalan,"Rajagopalan, Anand Bharathwaj",anand bharathwaj rajagopalan,https://www.imo-official.org/results/individual/country/SGP/
Singapore,SGP,Drew Michael Terren,Ramirez,Drew Michael Terren Ramirez,"Ramirez, Drew Michael Terren",drew michael ramirez terren,https://www.imo-official.org/results/individual/country/SGP/
Singapore,SGP,Yong,Sheng Soh,Yong Sheng Soh,"Sheng Soh, Yong",sheng soh yong,https://www.imo-official.org/results/individual/country/SGP/
Singapore,SGP,Cheng,Shi,Cheng Shi,"Shi, Cheng",cheng shi,https://www.imo-official.org/results/individual/country/SGP/
Singapore,SGP,Jia Min Charmaine,Sia,Jia Min Charmaine Sia,"Sia, Jia Min Charmaine",charmaine jia min sia,https://www.imo-official.org/results/individual/country/SGP/
Singapore,SGP,Chong Kian,Soh,Chong Kian Soh,"Soh, Chong Kian",chong kian soh,https://www.imo-official.org/results/individual/country/SGP/
Singapore,SGP,Chee Hau,Tan,Chee Hau Tan,"Tan, Chee Hau",chee hau tan,https://www.imo-official.org/results/individual/country/SGP/
Singapore,SGP,Chong Hui,Tan,Chong Hui Tan,"Tan, Chong Hui",chong hui tan,https://www.imo-official.org/results/individual/country/SGP/
Singapore,SGP,Choon Siang,Tan,Choon Siang Tan,"Tan, Choon Siang",choon siang tan,https://www.imo-official.org/results/individual/country/SGP/
Singapore,SGP,Joel Junyao,Tan,Joel Junyao Tan,"Tan, Joel Junyao",joel junyao tan,https://www.imo-official.org/results/individual/country/SGP/
Singapore,SGP,Junyao Joel,Tan,Junyao Joel Tan,"Tan, Junyao Joel",joel junyao tan,https://www.imo-official.org/results/individual/country/SGP/
Singapore,SGP,Sheldon Kieren,Tan,Sheldon Kieren Tan,"Tan, Sheldon Kieren",kieren sheldon tan,https://www.imo-official.org/results/individual/country/SGP/
Singapore,SGP,Siah Yong,Tan,Siah Yong Tan,"Tan, Siah Yong",siah tan yong,https://www.imo-official.org/results/individual/country/SGP/
Singapore,SGP,Swee Heng,Tan,Swee Heng Tan,"Tan, Swee Heng",heng swee tan,https://www.imo-official.org/results/individual/country/SGP/
Singapore,SGP,Wee Kean,Tan,Wee Kean Tan,"Tan, Wee Kean",kean tan wee,https://www.imo-official.org/results/individual/country/SGP/
Singapore,SGP,Xu Chen,Tan,Xu Chen Tan,"Tan, Xu Chen",chen tan xu,https://www.imo-official.org/results/individual/country/SGP/
Singapore,SGP,Daniel,Tan Kwang Pang,Daniel Tan Kwang Pang,"Tan Kwang Pang, Daniel",daniel kwang pang tan,https://www.imo-official.org/results/individual/country/SGP/
Singapore,SGP,Hsiu Khuern,Tang,Hsiu Khuern Tang,"Tang, Hsiu Khuern",hsiu khuern tang,https://www.imo-official.org/results/individual/country/SGP/
Singapore,SGP,Pang Siu,Taur,Pang Siu Taur,"Taur, Pang Siu",pang siu taur,https://www.imo-official.org/results/individual/country/SGP/
Singapore,SGP,Jingyi Kenneth,Tay,Jingyi Kenneth Tay,"Tay, Jingyi Kenneth",jingyi kenneth tay,https://www.imo-official.org/results/individual/country/SGP/
Singapore,SGP,Kah Keng,Tay,Kah Keng Tay,"Tay, Kah Keng",kah keng tay,https://www.imo-official.org/results/individual/country/SGP/
Singapore,SGP,Kah Seng,Tay,Kah Seng Tay,"Tay, Kah Seng",kah seng tay,https://www.imo-official.org/results/individual/country/SGP/
Singapore,SGP,Wei En Joel,Tay,Wei En Joel Tay,"Tay, Wei En Joel",en joel tay wei,https://www.imo-official.org/results/individual/country/SGP/
Singapore,SGP,Kenneth,Tay Jingyi,Kenneth Tay Jingyi,"Tay Jingyi, Kenneth",jingyi kenneth tay,https://www.imo-official.org/results/individual/country/SGP/
Singapore,SGP,Joel,Tay Wei En,Joel Tay Wei En,"Tay Wei En, Joel",en joel tay wei,https://www.imo-official.org/results/individual/country/SGP/
Singapore,SGP,Wee Hoe,Teck,Wee Hoe Teck,"Teck, Wee Hoe",hoe teck wee,https://www.imo-official.org/results/individual/country/SGP/
Singapore,SGP,Hoe,Teck Wee,Hoe Teck Wee,"Teck Wee, Hoe",hoe teck wee,https://www.imo-official.org/results/individual/country/SGP/
Singapore,SGP,Huei Chung,Teng,Huei Chung Teng,"Teng, Huei Chung",chung huei teng,https://www.imo-official.org/results/individual/country/SGP/
Singapore,SGP,Zhi Xiang Raphael,Teng,Zhi Xiang Raphael Teng,"Teng, Zhi Xiang Raphael",raphael teng xiang zhi,https://www.imo-official.org/results/individual/country/SGP/
Singapore,SGP,Wei Hao,Teo,Wei Hao Teo,"Teo, Wei Hao",hao teo wei,https://www.imo-official.org/results/individual/country/SGP/
Singapore,SGP,Drew Michael,Terren Ramirez,Drew Michael Terren Ramirez,"Terren Ramirez, Drew Michael",drew michael ramirez terren,https://www.imo-official.org/results/individual/country/SGP/
Singapore,SGP,Yi Xiang,Tey,Yi Xiang Tey,"Tey, Yi Xiang",tey xiang yi,https://www.imo-official.org/results/individual/country/SGP/
Singapore,SGP,Nicholas Ming Qiang,Tham,Nicholas Ming Qiang Tham,"Tham, Nicholas Ming Qiang",ming nicholas qiang tham,https://www.imo-official.org/results/individual/country/SGP/
Singapore,SGP,Zheng Kang,Tham,Zheng Kang Tham,"Tham, Zheng Kang",kang tham zheng,https://www.imo-official.org/results/individual/country/SGP/
Singapore,SGP,Senkodan,Thevendran,Senkodan Thevendran,"Thevendran, Senkodan",senkodan thevendran,https://www.imo-official.org/results/individual/country/SGP/
Singapore,SGP,Akash,Thiagarajan,Akash Thiagarajan,"Thiagarajan, Akash",akash thiagarajan,https://www.imo-official.org/results/individual/country/SGP/
Singapore,SGP,Jia Hao Barry,Tng,Jia Hao Barry Tng,"Tng, Jia Hao Barry",barry hao jia tng,https://www.imo-official.org/results/individual/country/SGP/
Singapore,SGP,David Hui Kai,Toh,David Hui Kai Toh,"Toh, David Hui Kai",david hui kai toh,https://www.imo-official.org/results/individual/country/SGP/
Singapore,SGP,Dylan Shan Hong,Toh,Dylan Shan Hong Toh,"Toh, Dylan Shan Hong",dylan hong shan toh,https://www.imo-official.org/results/individual/country/SGP/
Singapore,SGP,Chan,Vee Chong,Chan Vee Chong,"Vee Chong, Chan",chan chong vee,https://www.imo-official.org/results/individual/country/SGP/
Singapore,SGP,Bryan Peng Jun,Wang,Bryan Peng Jun Wang,"Wang, Bryan Peng Jun",bryan jun peng wang,https://www.imo-official.org/results/individual/country/SGP/
Singapore,SGP,Jianzhi,Wang,Jianzhi Wang,"Wang, Jianzhi",jianzhi wang,https://www.imo-official.org/results/individual/country/SGP/
Singapore,SGP,Yi,Wang,Yi Wang,"Wang, Yi",wang yi,https://www.imo-official.org/results/individual/country/SGP/
Singapore,SGP,Gabriel Ying Lin,Wong,Gabriel Ying Lin Wong,"Wong, Gabriel Ying Lin",gabriel lin wong ying,https://www.imo-official.org/results/individual/country/SGP/
Singapore,SGP,Li,Woon Lim,Li Woon Lim,"Woon Lim, Li",li lim woon,https://www.imo-official.org/results/individual/country/SGP/
Singapore,SGP,Jiawei,Wu,Jiawei Wu,"Wu, Jiawei",jiawei wu,https://www.imo-official.org/results/individual/country/SGP/
Singapore,SGP,Xinyue,Wu,Xinyue Wu,"Wu, Xinyue",wu xinyue,https://www.imo-official.org/results/individual/country/SGP/
Singapore,SGP,Boyang Brian,Xiao,Boyang Brian Xiao,"Xiao, Boyang Brian",boyang brian xiao,https://www.imo-official.org/results/individual/country/SGP/
Singapore,SGP,Andrew,Yan-Tak Ng,Andrew Yan-Tak Ng,"Yan-Tak Ng, Andrew",andrew ng tak yan,https://www.imo-official.org/results/individual/country/SGP/
Singapore,SGP,Yihan,Yang,Yihan Yang,"Yang, Yihan",yang yihan,https://www.imo-official.org/results/individual/country/SGP/
Singapore,SGP,Gary Yuen Long,Yeh,Gary Yuen Long Yeh,"Yeh, Gary Yuen Long",gary long yeh yuen,https://www.imo-official.org/results/individual/country/SGP/
Singapore,SGP,Keng Hee,Yeo,Keng Hee Yeo,"Yeo, Keng Hee",hee keng yeo,https://www.imo-official.org/results/individual/country/SGP/
Singapore,SGP,Yong Yeow,Yeoh,Yong Yeow Yeoh,"Yeoh, Yong Yeow",yeoh yeow yong,https://www.imo-official.org/results/individual/country/SGP/
Singapore,SGP,Han,Yin Hsi,Han Yin Hsi,"Yin Hsi, Han",han hsi yin,https://www.imo-official.org/results/individual/country/SGP/
Singapore,SGP,Changkai,Yu,Changkai Yu,"Yu, Changkai",changkai yu,https://www.imo-official.org/results/individual/country/SGP/
Singapore,SGP,Qinxi,Yu,Qinxi Yu,"Yu, Qinxi",qinxi yu,https://www.imo-official.org/results/individual/country/SGP/
Singapore,SGP,Ngai-Hang,Zachary Leun,Ngai-Hang Zachary Leun,"Zachary Leun, Ngai-Hang",hang leun ngai zachary,https://www.imo-official.org/results/individual/country/SGP/
Singapore,SGP,Juntao,Zhang,Juntao Zhang,"Zhang, Juntao",juntao zhang,https://www.imo-official.org/results/individual/country/SGP/
Singapore,SGP,Yan,Zhao,Yan Zhao,"Zhao, Yan",yan zhao,https://www.imo-official.org/results/individual/country/SGP/
Singapore,SGP,Yaoqi,Zhao,Yaoqi Zhao,"Zhao, Yaoqi",yaoqi zhao,https://www.imo-official.org/results/individual/country/SGP/
South Africa,SAF,Elitca,Atanasova Mitova,Elitca Atanasova Mitova,"Atanasova Mitova, Elitca",atanasova elitca mitova,https://www.imo-official.org/results/individual/country/SAF/
South Africa,SAF,Steve,Bailey,Steve Bailey,"Bailey, Steve",bailey steve,https://www.imo-official.org/results/individual/country/SAF/
South Africa,SAF,Liam,Baker,Liam Baker,"Baker, Liam",baker liam,https://www.imo-official.org/results/individual/country/SAF/
South Africa,SAF,Moied,Baleg,Moied Baleg,"Baleg, Moied",baleg moied,https://www.imo-official.org/results/individual/country/SAF/
South Africa,SAF,Dirk,Basson,Dirk Basson,"Basson, Dirk",basson dirk,https://www.imo-official.org/results/individual/country/SAF/
South Africa,SAF,Ryan,Benjamin,Ryan Benjamin,"Benjamin, Ryan",benjamin ryan,https://www.imo-official.org/results/individual/country/SAF/
South Africa,SAF,Kgaogelo Benedict,Bopape,Kgaogelo Benedict Bopape,"Bopape, Kgaogelo Benedict",benedict bopape kgaogelo,https://www.imo-official.org/results/individual/country/SAF/
South Africa,SAF,Kgaugelo,Bopape,Kgaugelo Bopape,"Bopape, Kgaugelo",bopape kgaugelo,https://www.imo-official.org/results/individual/country/SAF/
South Africa,SAF,Charles James,Bradshaw,Charles James Bradshaw,"Bradshaw, Charles James",bradshaw charles james,https://www.imo-official.org/results/individual/country/SAF/
South Africa,SAF,David Neal,Broodryk,David Neal Broodryk,"Broodryk, David Neal",broodryk david neal,https://www.imo-official.org/results/individual/country/SAF/
South Africa,SAF,Hugo,Bruwer,Hugo Bruwer,"Bruwer, Hugo",bruwer hugo,https://www.imo-official.org/results/individual/country/SAF/
South Africa,SAF,James Stephen,Chalmers,James Stephen Chalmers,"Chalmers, James Stephen",chalmers james stephen,https://www.imo-official.org/results/individual/country/SAF/
South Africa,SAF,Mickey,Chew,Mickey Chew,"Chew, Mickey",chew mickey,https://www.imo-official.org/results/individual/country/SAF/
South Africa,SAF,Dirk Badenhorst,Coetzee,Dirk Badenhorst Coetzee,"Coetzee, Dirk Badenhorst",badenhorst coetzee dirk,https://www.imo-official.org/results/individual/country/SAF/
South Africa,SAF,Francois Jacobus,Conradie,Francois Jacobus Conradie,"Conradie, Francois Jacobus",conradie francois jacobus,https://www.imo-official.org/results/individual/country/SAF/
South Africa,SAF,Jacques,Conradie,Jacques Conradie,"Conradie, Jacques",conradie jacques,https://www.imo-official.org/results/individual/country/SAF/
South Africa,SAF,Andrew Howard,Cruise,Andrew Howard Cruise,"Cruise, Andrew Howard",andrew cruise howard,https://www.imo-official.org/results/individual/country/SAF/
South Africa,SAF,Ben-Eben,De Klerk,Ben-Eben De Klerk,"De Klerk, Ben-Eben",ben de eben klerk,https://www.imo-official.org/results/individual/country/SAF/
South Africa,SAF,Lauren,Denny,Lauren Denny,"Denny, Lauren",denny lauren,https://www.imo-official.org/results/individual/country/SAF/
South Africa,SAF,Rocco,Duvenhage,Rocco Duvenhage,"Duvenhage, Rocco",duvenhage rocco,https://www.imo-official.org/results/individual/country/SAF/
South Africa,SAF,Kira,Düsterwald,Kira Düsterwald,"Düsterwald, Kira",dusterwald kira,https://www.imo-official.org/results/individual/country/SAF/
South Africa,SAF,Dario,Fanucchi,Dario Fanucchi,"Fanucchi, Dario",dario fanucchi,https://www.imo-official.org/results/individual/country/SAF/
South Africa,SAF,Kylie,Fenner,Kylie Fenner,"Fenner, Kylie",fenner kylie,https://www.imo-official.org/results/individual/country/SAF/
South Africa,SAF,David,Fraser,David Fraser,"Fraser, David",david fraser,https://www.imo-official.org/results/individual/country/SAF/
South Africa,SAF,Arlton,Gilbert,Arlton Gilbert,"Gilbert, Arlton",arlton gilbert,https://www.imo-official.org/results/individual/country/SAF/
South Africa,SAF,Nashlen,Govindasamy,Nashlen Govindasamy,"Govindasamy, Nashlen",govindasamy nashlen,https://www.imo-official.org/results/individual/country/SAF/
South Africa,SAF,Ellen,Grant-Smith,Ellen Grant-Smith,"Grant-Smith, Ellen",ellen grant smith,https://www.imo-official.org/results/individual/country/SAF/
South Africa,SAF,Noah Moshe,Greenblatt,Noah Moshe Greenblatt,"Greenblatt, Noah Moshe",greenblatt moshe noah,https://www.imo-official.org/results/individual/country/SAF/
South Africa,SAF,Timothy,Hamilton Lawrance,Timothy Hamilton Lawrance,"Hamilton Lawrance, Timothy",hamilton lawrance timothy,https://www.imo-official.org/results/individual/country/SAF/
South Africa,SAF,David,Hatton,David Hatton,"Hatton, David",david hatton,https://www.imo-official.org/results/individual/country/SAF/
South Africa,SAF,Rainer,Hoft,Rainer Hoft,"Hoft, Rainer",hoft rainer,https://www.imo-official.org/results/individual/country/SAF/
South Africa,SAF,Yan-Xun,Hu,Yan-Xun Hu,"Hu, Yan-Xun",hu xun yan,https://www.imo-official.org/results/individual/country/SAF/
South Africa,SAF,Greg,Jackson,Greg Jackson,"Jackson, Greg",greg jackson,https://www.imo-official.org/results/individual/country/SAF/
South Africa,SAF,Glenton,Jelbert,Glenton Jelbert,"Jelbert, Glenton",glenton jelbert,https://www.imo-official.org/results/individual/country/SAF/
South Africa,SAF,Tyrone Chibuzo,Kasi,Tyrone Chibuzo Kasi,"Kasi, Tyrone Chibuzo",chibuzo kasi tyrone,https://www.imo-official.org/results/individual/country/SAF/
South Africa,SAF,Minkyum,Kim,Minkyum Kim,"Kim, Minkyum",kim minkyum,https://www.imo-official.org/results/individual/country/SAF/
South Africa,SAF,Youkyum,Kim,Youkyum Kim,"Kim, Youkyum",kim youkyum,https://www.imo-official.org/results/individual/country/SAF/
South Africa,SAF,Brian Justin,Kipps,Brian Justin Kipps,"Kipps, Brian Justin",brian justin kipps,https://www.imo-official.org/results/individual/country/SAF/
South Africa,SAF,Ralf,Kistner,Ralf Kistner,"Kistner, Ralf",kistner ralf,https://www.imo-official.org/results/individual/country/SAF/
South Africa,SAF,Benjamin Frederick,Kleyn,Benjamin Frederick Kleyn,"Kleyn, Benjamin Frederick",benjamin frederick kleyn,https://www.imo-official.org/results/individual/country/SAF/
South Africa,SAF,Nicholas,Kroon,Nicholas Kroon,"Kroon, Nicholas",kroon nicholas,https://www.imo-official.org/results/individual/country/SAF/
South Africa,SAF,Shaylan,Lalloo,Shaylan Lalloo,"Lalloo, Shaylan",lalloo shaylan,https://www.imo-official.org/results/individual/country/SAF/
South Africa,SAF,Hilton,Lange,Hilton Lange,"Lange, Hilton",hilton lange,https://www.imo-official.org/results/individual/country/SAF/
South Africa,SAF,Xiaoyuan,Li,Xiaoyuan Li,"Li, Xiaoyuan",li xiaoyuan,https://www.imo-official.org/results/individual/country/SAF/
South Africa,SAF,Yi,Lou,Yi Lou,"Lou, Yi",lou yi,https://www.imo-official.org/results/individual/country/SAF/
South Africa,SAF,Ernest Christiaan,Lötter,Ernest Christiaan Lötter,"Lötter, Ernest Christiaan",christiaan ernest lotter,https://www.imo-official.org/results/individual/country/SAF/
South Africa,SAF,Ben Lucius,Maree,Ben Lucius Maree,"Maree, Ben Lucius",ben lucius maree,https://www.imo-official.org/results/individual/country/SAF/
South Africa,SAF,Ralph,McDougall,Ralph McDougall,"McDougall, Ralph",mcdougall ralph,https://www.imo-official.org/results/individual/country/SAF/
South Africa,SAF,Ralph Johannes,McDougall,Ralph Johannes McDougall,"McDougall, Ralph Johannes",johannes mcdougall ralph,https://www.imo-official.org/results/individual/country/SAF/
South Africa,SAF,Andrew,McGregor,Andrew McGregor,"McGregor, Andrew",andrew mcgregor,https://www.imo-official.org/results/individual/country/SAF/
South Africa,SAF,David,Mee,David Mee,"Mee, David",david mee,https://www.imo-official.org/results/individual/country/SAF/
South Africa,SAF,Bruce,Merry,Bruce Merry,"Merry, Bruce",bruce merry,https://www.imo-official.org/results/individual/country/SAF/
South Africa,SAF,Theo,Mokgatlhe,Theo Mokgatlhe,"Mokgatlhe, Theo",mokgatlhe theo,https://www.imo-official.org/results/individual/country/SAF/
South Africa,SAF,Kavilan,Moodley,Kavilan Moodley,"Moodley, Kavilan",kavilan moodley,https://www.imo-official.org/results/individual/country/SAF/
South Africa,SAF,Ashraf,Moolla,Ashraf Moolla,"Moolla, Ashraf",ashraf moolla,https://www.imo-official.org/results/individual/country/SAF/
South Africa,SAF,Haroon,Moolla,Haroon Moolla,"Moolla, Haroon",haroon moolla,https://www.imo-official.org/results/individual/country/SAF/
South Africa,SAF,Muhammad Saadiq,Moolla,Muhammad Saadiq Moolla,"Moolla, Muhammad Saadiq",moolla muhammad saadiq,https://www.imo-official.org/results/individual/country/SAF/
South Africa,SAF,Pieter,Mostert,Pieter Mostert,"Mostert, Pieter",mostert pieter,https://www.imo-official.org/results/individual/country/SAF/
South Africa,SAF,Taariq,Mowzer,Taariq Mowzer,"Mowzer, Taariq",mowzer taariq,https://www.imo-official.org/results/individual/country/SAF/
South Africa,SAF,Yaseen,Mowzer,Yaseen Mowzer,"Mowzer, Yaseen",mowzer yaseen,https://www.imo-official.org/results/individual/country/SAF/
South Africa,SAF,Aaron Jude,Naidu,Aaron Jude Naidu,"Naidu, Aaron Jude",aaron jude naidu,https://www.imo-official.org/results/individual/country/SAF/
South Africa,SAF,Dylan,Nelson,Dylan Nelson,"Nelson, Dylan",dylan nelson,https://www.imo-official.org/results/individual/country/SAF/
South Africa,SAF,Mark,Nicholas Berman,Mark Nicholas Berman,"Nicholas Berman, Mark",berman mark nicholas,https://www.imo-official.org/results/individual/country/SAF/
South Africa,SAF,Desislava,Nikolov,Desislava Nikolov,"Nikolov, Desislava",desislava nikolov,https://www.imo-official.org/results/individual/country/SAF/
South Africa,SAF,Neil,Olver,Neil Olver,"Olver, Neil",neil olver,https://www.imo-official.org/results/individual/country/SAF/
South Africa,SAF,Dirk Johannes Jacobus,Oosthuizen,Dirk Johannes Jacobus Oosthuizen,"Oosthuizen, Dirk Johannes Jacobus",dirk jacobus johannes oosthuizen,https://www.imo-official.org/results/individual/country/SAF/
South Africa,SAF,Yao-Hung,Ou,Yao-Hung Ou,"Ou, Yao-Hung",hung ou yao,https://www.imo-official.org/results/individual/country/SAF/
South Africa,SAF,Tae Jun,Park,Tae Jun Park,"Park, Tae Jun",jun park tae,https://www.imo-official.org/results/individual/country/SAF/
South Africa,SAF,Adam Marc,Paster,Adam Marc Paster,"Paster, Adam Marc",adam marc paster,https://www.imo-official.org/results/individual/country/SAF/
South Africa,SAF,Kerry,Porrill,Kerry Porrill,"Porrill, Kerry",kerry porrill,https://www.imo-official.org/results/individual/country/SAF/
South Africa,SAF,Bradley,Preston,Bradley Preston,"Preston, Bradley",bradley preston,https://www.imo-official.org/results/individual/country/SAF/
South Africa,SAF,Pocoyo,Pun,Pocoyo Pun,"Pun, Pocoyo",pocoyo pun,https://www.imo-official.org/results/individual/country/SAF/
South Africa,SAF,Andi,Qu,Andi Qu,"Qu, Andi",andi qu,https://www.imo-official.org/results/individual/country/SAF/
South Africa,SAF,Sanjiv,Ranchod,Sanjiv Ranchod,"Ranchod, Sanjiv",ranchod sanjiv,https://www.imo-official.org/results/individual/country/SAF/
South Africa,SAF,Emmanual Michael,Rassou,Emmanual Michael Rassou,"Rassou, Emmanual Michael",emmanual michael rassou,https://www.imo-official.org/results/individual/country/SAF/
South Africa,SAF,Emmanuel Michael,Rassou,Emmanuel Michael Rassou,"Rassou, Emmanuel Michael",emmanuel michael rassou,https://www.imo-official.org/results/individual/country/SAF/
South Africa,SAF,Noah Karl,Rassou,Noah Karl Rassou,"Rassou, Noah Karl",karl noah rassou,https://www.imo-official.org/results/individual/country/SAF/
South Africa,SAF,Gayle,Renay Sher,Gayle Renay Sher,"Renay Sher, Gayle",gayle renay sher,https://www.imo-official.org/results/individual/country/SAF/
South Africa,SAF,Juliette,Roux,Juliette Roux,"Roux, Juliette",juliette roux,https://www.imo-official.org/results/individual/country/SAF/
South Africa,SAF,Bronson,Rudner,Bronson Rudner,"Rudner, Bronson",bronson rudner,https://www.imo-official.org/results/individual/country/SAF/
South Africa,SAF,Timothy,Schlesinger,Timothy Schlesinger,"Schlesinger, Timothy",schlesinger timothy,https://www.imo-official.org/results/individual/country/SAF/
South Africa,SAF,Richard,Schneider,Richard Schneider,"Schneider, Richard",richard schneider,https://www.imo-official.org/results/individual/country/SAF/
South Africa,SAF,Brian,Shand,Brian Shand,"Shand, Brian",brian shand,https://www.imo-official.org/results/individual/country/SAF/
South Africa,SAF,Alex Dineo,Sinclair-Smith,Alex Dineo Sinclair-Smith,"Sinclair-Smith, Alex Dineo",alex dineo sinclair smith,https://www.imo-official.org/results/individual/country/SAF/
South Africa,SAF,Andrew,Skeen,Andrew Skeen,"Skeen, Andrew",andrew skeen,https://www.imo-official.org/results/individual/country/SAF/
South Africa,SAF,Jared,Slater,Jared Slater,"Slater, Jared",jared slater,https://www.imo-official.org/results/individual/country/SAF/
South Africa,SAF,Jon Bradley,Smit,Jon Bradley Smit,"Smit, Jon Bradley",bradley jon smit,https://www.imo-official.org/results/individual/country/SAF/
South Africa,SAF,Junho,Son,Junho Son,"Son, Junho",junho son,https://www.imo-official.org/results/individual/country/SAF/
South Africa,SAF,Robert Andrew,Spencer,Robert Andrew Spencer,"Spencer, Robert Andrew",andrew robert spencer,https://www.imo-official.org/results/individual/country/SAF/
South Africa,SAF,Maciej,Stankiewicz,Maciej Stankiewicz,"Stankiewicz, Maciej",maciej stankiewicz,https://www.imo-official.org/results/individual/country/SAF/
South Africa,SAF,Dalian,Sunder,Dalian Sunder,"Sunder, Dalian",dalian sunder,https://www.imo-official.org/results/individual/country/SAF/
South Africa,SAF,Henry Robert,Thackeray,Henry Robert Thackeray,"Thackeray, Henry Robert",henry robert thackeray,https://www.imo-official.org/results/individual/country/SAF/
South Africa,SAF,Shen,Tian,Shen Tian,"Tian, Shen",shen tian,https://www.imo-official.org/results/individual/country/SAF/
South Africa,SAF,Tiaan George,Towsen,Tiaan George Towsen,"Towsen, Tiaan George",george tiaan towsen,https://www.imo-official.org/results/individual/country/SAF/
South Africa,SAF,Emile,Tredoux,Emile Tredoux,"Tredoux, Emile",emile tredoux,https://www.imo-official.org/results/individual/country/SAF/
South Africa,SAF,Amanda Georgina,Turner,Amanda Georgina Turner,"Turner, Amanda Georgina",amanda georgina turner,https://www.imo-official.org/results/individual/country/SAF/
South Africa,SAF,Hendrie Louis,Uys,Hendrie Louis Uys,"Uys, Hendrie Louis",hendrie louis uys,https://www.imo-official.org/results/individual/country/SAF/
South Africa,SAF,Robin,Visser,Robin Visser,"Visser, Robin",robin visser,https://www.imo-official.org/results/individual/country/SAF/
South Africa,SAF,Ruichen,Wang,Ruichen Wang,"Wang, Ruichen",ruichen wang,https://www.imo-official.org/results/individual/country/SAF/
South Africa,SAF,Jean Michael,Weight,Jean Michael Weight,"Weight, Jean Michael",jean michael weight,https://www.imo-official.org/results/individual/country/SAF/
South Africa,SAF,Sean,Wentzel,Sean Wentzel,"Wentzel, Sean",sean wentzel,https://www.imo-official.org/results/individual/country/SAF/
South Africa,SAF,Adri,Wessels,Adri Wessels,"Wessels, Adri",adri wessels,https://www.imo-official.org/results/individual/country/SAF/
South Africa,SAF,Harry,Wiggins,Harry Wiggins,"Wiggins, Harry",harry wiggins,https://www.imo-official.org/results/individual/country/SAF/
South Africa,SAF,Eli Max,Williams,Eli Max Williams,"Williams, Eli Max",eli max williams,https://www.imo-official.org/results/individual/country/SAF/
South Africa,SAF,Daniel,Wright,Daniel Wright,"Wright, Daniel",daniel wright,https://www.imo-official.org/results/individual/country/SAF/
South Africa,SAF,Yian,Xu,Yian Xu,"Xu, Yian",xu yian,https://www.imo-official.org/results/individual/country/SAF/
South Africa,SAF,Gerhard,du Toit,Gerhard du Toit,"du Toit, Gerhard",du gerhard toit,https://www.imo-official.org/results/individual/country/SAF/
South Africa,SAF,Jacobus,van Zyl,Jacobus van Zyl,"van Zyl, Jacobus",jacobus van zyl,https://www.imo-official.org/results/individual/country/SAF/
South Africa,SAF,Jan,van Zyl Smit,Jan van Zyl Smit,"van Zyl Smit, Jan",jan smit van zyl,https://www.imo-official.org/results/individual/country/SAF/
South Africa,SAF,Nicolaas,van der Mey,Nicolaas van der Mey,"van der Mey, Nicolaas",der mey nicolaas van,https://www.imo-official.org/results/individual/country/SAF/
South Africa,SAF,Emil,van der Walt,Emil van der Walt,"van der Walt, Emil",der emil van walt,https://www.imo-official.org/results/individual/country/SAF/
South Africa,SAF,Ingrid,von Glehn,Ingrid von Glehn,"von Glehn, Ingrid",glehn ingrid von,https://www.imo-official.org/results/individual/country/SAF/
South Africa,SAF,Tamara,von Glehn,Tamara von Glehn,"von Glehn, Tamara",glehn tamara von,https://www.imo-official.org/results/individual/country/SAF/
Sri Lanka,LKA,Buddhima Kasun Fernando,Akurugodage,Buddhima Kasun Fernando Akurugodage,"Akurugodage, Buddhima Kasun Fernando",akurugodage buddhima fernando kasun,https://www.imo-official.org/results/individual/country/LKA/
Sri Lanka,LKA,Thishanka,Alahakoon,Thishanka Alahakoon,"Alahakoon, Thishanka",alahakoon thishanka,https://www.imo-official.org/results/individual/country/LKA/
Sri Lanka,LKA,W. M. H. M.,Alles,W. M. H. M. Alles,"Alles, W. M. H. M.",alles h m m w,https://www.imo-official.org/results/individual/country/LKA/
Sri Lanka,LKA,Praveen Charuka,Athauda Arachchi,Praveen Charuka Athauda Arachchi,"Athauda Arachchi, Praveen Charuka",arachchi athauda charuka praveen,https://www.imo-official.org/results/individual/country/LKA/
Sri Lanka,LKA,A. M. S. S. A. U. B.,Attanayake,A. M. S. S. A. U. B. Attanayake,"Attanayake, A. M. S. S. A. U. B.",a a attanayake b m s s u,https://www.imo-official.org/results/individual/country/LKA/
Sri Lanka,LKA,Sandaru Thathsara,Balahewa,Sandaru Thathsara Balahewa,"Balahewa, Sandaru Thathsara",balahewa sandaru thathsara,https://www.imo-official.org/results/individual/country/LKA/
Sri Lanka,LKA,Hitihami Mudiyanselage Mihiru Anushka,Bandara,Hitihami Mudiyanselage Mihiru Anushka Bandara,"Bandara, Hitihami Mudiyanselage Mihiru Anushka",anushka bandara hitihami mihiru mudiyanselage,https://www.imo-official.org/results/individual/country/LKA/
Sri Lanka,LKA,H. M. C. M.,Bandara Abeysing,H. M. C. M. Bandara Abeysing,"Bandara Abeysing, H. M. C. M.",abeysing bandara c h m m,https://www.imo-official.org/results/individual/country/LKA/
Sri Lanka,LKA,Ukkiraperuvaluthipillai,Barath Umasankaran,Ukkiraperuvaluthipillai Barath Umasankaran,"Barath Umasankaran, Ukkiraperuvaluthipillai",barath ukkiraperuvaluthipillai umasankaran,https://www.imo-official.org/results/individual/country/LKA/
Sri Lanka,LKA,Chethana Chathuprabha,Belpa Godage,Chethana Chathuprabha Belpa Godage,"Belpa Godage, Chethana Chathuprabha",belpa chathuprabha chethana godage,https://www.imo-official.org/results/individual/country/LKA/
Sri Lanka,LKA,Udayanga,Chandimal de Silva,Udayanga Chandimal de Silva,"Chandimal de Silva, Udayanga",chandimal de silva udayanga,https://www.imo-official.org/results/individual/country/LKA/
Sri Lanka,LKA,Walakulu Arachcair,Chathura Gunathilake,Walakulu Arachcair Chathura Gunathilake,"Chathura Gunathilake, Walakulu Arachcair",arachcair chathura gunathilake walakulu,https://www.imo-official.org/results/individual/country/LKA/
Sri Lanka,LKA,Thirimadura Menaka,De Zoysa,Thirimadura Menaka De Zoysa,"De Zoysa, Thirimadura Menaka",de menaka thirimadura zoysa,https://www.imo-official.org/results/individual/country/LKA/
Sri Lanka,LKA,C. D. A. N.,Dharmasena,C. D. A. N. Dharmasena,"Dharmasena, C. D. A. N.",a c d dharmasena n,https://www.imo-official.org/results/individual/country/LKA/
Sri Lanka,LKA,Nuwan,Didula De Silva,Nuwan Didula De Silva,"Didula De Silva, Nuwan",de didula nuwan silva,https://www.imo-official.org/results/individual/country/LKA/
Sri Lanka,LKA,P. K. S.,Dimuthurathna,P. K. S. Dimuthurathna,"Dimuthurathna, P. K. S.",dimuthurathna k p s,https://www.imo-official.org/results/individual/country/LKA/
Sri Lanka,LKA,Chethiya Meghawarna,Dissanayake,Chethiya Meghawarna Dissanayake,"Dissanayake, Chethiya Meghawarna",chethiya dissanayake meghawarna,https://www.imo-official.org/results/individual/country/LKA/
Sri Lanka,LKA,Isuru Dilanka,Fernando,Isuru Dilanka Fernando,"Fernando, Isuru Dilanka",dilanka fernando isuru,https://www.imo-official.org/results/individual/country/LKA/
Sri Lanka,LKA,Mahamarakkalage Dileepa Yasas,Fernando,Mahamarakkalage Dileepa Yasas Fernando,"Fernando, Mahamarakkalage Dileepa Yasas",dileepa fernando mahamarakkalage yasas,https://www.imo-official.org/results/individual/country/LKA/
Sri Lanka,LKA,Mukundadura Yasod Sankalpa,Fonseka,Mukundadura Yasod Sankalpa Fonseka,"Fonseka, Mukundadura Yasod Sankalpa",fonseka mukundadura sankalpa yasod,https://www.imo-official.org/results/individual/country/LKA/
Sri Lanka,LKA,Buddhima Ruwanmini Gamlath,Gamlath Ralalage,Buddhima Ruwanmini Gamlath Gamlath Ralalage,"Gamlath Ralalage, Buddhima Ruwanmini Gamlath",buddhima gamlath gamlath ralalage ruwanmini,https://www.imo-official.org/results/individual/country/LKA/
Sri Lanka,LKA,Sooriyaarachchige Don Manuja Shamith,Gunawardana,Sooriyaarachchige Don Manuja Shamith Gunawardana,"Gunawardana, Sooriyaarachchige Don Manuja Shamith",don gunawardana manuja shamith sooriyaarachchige,https://www.imo-official.org/results/individual/country/LKA/
Sri Lanka,LKA,Wadu Mestrige Laksara Vindya Dulaj,Gunawardena,Wadu Mestrige Laksara Vindya Dulaj Gunawardena,"Gunawardena, Wadu Mestrige Laksara Vindya Dulaj",dulaj gunawardena laksara mestrige vindya wadu,https://www.imo-official.org/results/individual/country/LKA/
Sri Lanka,LKA,H. M. Denura Adithya Bandara,Herath,H. M. Denura Adithya Bandara Herath,"Herath, H. M. Denura Adithya Bandara",adithya bandara denura h herath m,https://www.imo-official.org/results/individual/country/LKA/
Sri Lanka,LKA,Charuka Nishala Kulathunga Bandara,Herath Mudiyanselage,Charuka Nishala Kulathunga Bandara Herath Mudiyanselage,"Herath Mudiyanselage, Charuka Nishala Kulathunga Bandara",bandara charuka herath kulathunga mudiyanselage nishala,https://www.imo-official.org/results/individual/country/LKA/
Sri Lanka,LKA,Bandara,Hitihami Mudiyanselage Navindu Hansana,Bandara Hitihami Mudiyanselage Navindu Hansana,"Hitihami Mudiyanselage Navindu Hansana, Bandara",bandara hansana hitihami mudiyanselage navindu,https://www.imo-official.org/results/individual/country/LKA/
Sri Lanka,LKA,Thuwaragesh,Jayachandran,Thuwaragesh Jayachandran,"Jayachandran, Thuwaragesh",jayachandran thuwaragesh,https://www.imo-official.org/results/individual/country/LKA/
Sri Lanka,LKA,Batugahage Don Lasitha Vishwajith,Jayasinghe,Batugahage Don Lasitha Vishwajith Jayasinghe,"Jayasinghe, Batugahage Don Lasitha Vishwajith",batugahage don jayasinghe lasitha vishwajith,https://www.imo-official.org/results/individual/country/LKA/
Sri Lanka,LKA,Varuna Parinda,Jayasiri,Varuna Parinda Jayasiri,"Jayasiri, Varuna Parinda",jayasiri parinda varuna,https://www.imo-official.org/results/individual/country/LKA/
Sri Lanka,LKA,Dimithri Nimantha Perera,K Warnakulasuriya J Patabendige,Dimithri Nimantha Perera K Warnakulasuriya J Patabendige,"K Warnakulasuriya J Patabendige, Dimithri Nimantha Perera",dimithri j k nimantha patabendige perera warnakulasuriya,https://www.imo-official.org/results/individual/country/LKA/
Sri Lanka,LKA,Kirthevasan,Kandasamy,Kirthevasan Kandasamy,"Kandasamy, Kirthevasan",kandasamy kirthevasan,https://www.imo-official.org/results/individual/country/LKA/
Sri Lanka,LKA,H. R. M. D. T. B.,Karunatilaka,H. R. M. D. T. B. Karunatilaka,"Karunatilaka, H. R. M. D. T. B.",b d h karunatilaka m r t,https://www.imo-official.org/results/individual/country/LKA/
Sri Lanka,LKA,Indika Harindra,Katugampala,Indika Harindra Katugampala,"Katugampala, Indika Harindra",harindra indika katugampala,https://www.imo-official.org/results/individual/country/LKA/
Sri Lanka,LKA,Osama Mahmood,Khawar,Osama Mahmood Khawar,"Khawar, Osama Mahmood",khawar mahmood osama,https://www.imo-official.org/results/individual/country/LKA/
Sri Lanka,LKA,Taein,Ko,Taein Ko,"Ko, Taein",ko taein,https://www.imo-official.org/results/individual/country/LKA/
Sri Lanka,LKA,Kisara Sandaluka,Kodithuwakku,Kisara Sandaluka Kodithuwakku,"Kodithuwakku, Kisara Sandaluka",kisara kodithuwakku sandaluka,https://www.imo-official.org/results/individual/country/LKA/
Sri Lanka,LKA,Shenal Santhush,Kotuwewatta,Shenal Santhush Kotuwewatta,"Kotuwewatta, Shenal Santhush",kotuwewatta santhush shenal,https://www.imo-official.org/results/individual/country/LKA/
Sri Lanka,LKA,Sithija Abhishek,Kotuwewatta,Sithija Abhishek Kotuwewatta,"Kotuwewatta, Sithija Abhishek",abhishek kotuwewatta sithija,https://www.imo-official.org/results/individual/country/LKA/
Sri Lanka,LKA,Roshan,Lakmal Gunarathna,Roshan Lakmal Gunarathna,"Lakmal Gunarathna, Roshan",gunarathna lakmal roshan,https://www.imo-official.org/results/individual/country/LKA/
Sri Lanka,LKA,L. M.,Liyanage,L. M. Liyanage,"Liyanage, L. M.",l liyanage m,https://www.imo-official.org/results/individual/country/LKA/
Sri Lanka,LKA,Najith Wasana,Liyanage,Najith Wasana Liyanage,"Liyanage, Najith Wasana",liyanage najith wasana,https://www.imo-official.org/results/individual/country/LKA/
Sri Lanka,LKA,Lajanugan,Logeswaran,Lajanugan Logeswaran,"Logeswaran, Lajanugan",lajanugan logeswaran,https://www.imo-official.org/results/individual/country/LKA/
Sri Lanka,LKA,Pathegama Gam Acharige,Madhura Pankaja Pathegama,Pathegama Gam Acharige Madhura Pankaja Pathegama,"Madhura Pankaja Pathegama, Pathegama Gam Acharige",acharige gam madhura pankaja pathegama pathegama,https://www.imo-official.org/results/individual/country/LKA/
Sri Lanka,LKA,Ghaura Abheendra,Mahabaduge,Ghaura Abheendra Mahabaduge,"Mahabaduge, Ghaura Abheendra",abheendra ghaura mahabaduge,https://www.imo-official.org/results/individual/country/LKA/
Sri Lanka,LKA,Shithila Vibheetha,Mahabaduge,Shithila Vibheetha Mahabaduge,"Mahabaduge, Shithila Vibheetha",mahabaduge shithila vibheetha,https://www.imo-official.org/results/individual/country/LKA/
Sri Lanka,LKA,Rankothge Buddhihemal,Mahindaratne,Rankothge Buddhihemal Mahindaratne,"Mahindaratne, Rankothge Buddhihemal",buddhihemal mahindaratne rankothge,https://www.imo-official.org/results/individual/country/LKA/
Sri Lanka,LKA,Cheran,Malsri Vithanage,Cheran Malsri Vithanage,"Malsri Vithanage, Cheran",cheran malsri vithanage,https://www.imo-official.org/results/individual/country/LKA/
Sri Lanka,LKA,Isuru Damindha,Manchanayaka Mudiyanselage,Isuru Damindha Manchanayaka Mudiyanselage,"Manchanayaka Mudiyanselage, Isuru Damindha",damindha isuru manchanayaka mudiyanselage,https://www.imo-official.org/results/individual/country/LKA/
Sri Lanka,LKA,Shyam,Mehraaj Reyal,Shyam Mehraaj Reyal,"Mehraaj Reyal, Shyam",mehraaj reyal shyam,https://www.imo-official.org/results/individual/country/LKA/
Sri Lanka,LKA,Mohamed Afham,Mohamed Aflal,Mohamed Afham Mohamed Aflal,"Mohamed Aflal, Mohamed Afham",afham aflal mohamed mohamed,https://www.imo-official.org/results/individual/country/LKA/
Sri Lanka,LKA,Missaka,N. Warusawitharana,Missaka N. Warusawitharana,"N. Warusawitharana, Missaka",missaka n warusawitharana,https://www.imo-official.org/results/individual/country/LKA/
Sri Lanka,LKA,P. S.,Namasivayam,P. S. Namasivayam,"Namasivayam, P. S.",namasivayam p s,https://www.imo-official.org/results/individual/country/LKA/
Sri Lanka,LKA,Sathiparan,Navaratnarajah,Sathiparan Navaratnarajah,"Navaratnarajah, Sathiparan",navaratnarajah sathiparan,https://www.imo-official.org/results/individual/country/LKA/
Sri Lanka,LKA,Nuwan Chamara,Pallewela,Nuwan Chamara Pallewela,"Pallewela, Nuwan Chamara",chamara nuwan pallewela,https://www.imo-official.org/results/individual/country/LKA/
Sri Lanka,LKA,Ruwimal Yasantha,Pathiraja,Ruwimal Yasantha Pathiraja,"Pathiraja, Ruwimal Yasantha",pathiraja ruwimal yasantha,https://www.imo-official.org/results/individual/country/LKA/
Sri Lanka,LKA,Pathirannehelage Luchitha Disal,Pathirana,Pathirannehelage Luchitha Disal Pathirana,"Pathirana, Pathirannehelage Luchitha Disal",disal luchitha pathirana pathirannehelage,https://www.imo-official.org/results/individual/country/LKA/
Sri Lanka,LKA,Thamidu Naween Pathirana,Pathirannahalage,Thamidu Naween Pathirana Pathirannahalage,"Pathirannahalage, Thamidu Naween Pathirana",naween pathirana pathirannahalage thamidu,https://www.imo-official.org/results/individual/country/LKA/
Sri Lanka,LKA,Gonaduwage Maneth Banula,Perera,Gonaduwage Maneth Banula Perera,"Perera, Gonaduwage Maneth Banula",banula gonaduwage maneth perera,https://www.imo-official.org/results/individual/country/LKA/
Sri Lanka,LKA,Jayasundara Liyanage Pasindu Rumal,Perera,Jayasundara Liyanage Pasindu Rumal Perera,"Perera, Jayasundara Liyanage Pasindu Rumal",jayasundara liyanage pasindu perera rumal,https://www.imo-official.org/results/individual/country/LKA/
Sri Lanka,LKA,Rajawasala Ukattage Don Janith Dulmina,Rajawasala,Rajawasala Ukattage Don Janith Dulmina Rajawasala,"Rajawasala, Rajawasala Ukattage Don Janith Dulmina",don dulmina janith rajawasala rajawasala ukattage,https://www.imo-official.org/results/individual/country/LKA/
Sri Lanka,LKA,Wijelath Mohotalage Don Kanchana Nisal,Ranasinghe,Wijelath Mohotalage Don Kanchana Nisal Ranasinghe,"Ranasinghe, Wijelath Mohotalage Don Kanchana Nisal",don kanchana mohotalage nisal ranasinghe wijelath,https://www.imo-official.org/results/individual/country/LKA/
Sri Lanka,LKA,Wijelath Mohotalage Don Sandil Sandipa,Ranasinghe,Wijelath Mohotalage Don Sandil Sandipa Ranasinghe,"Ranasinghe, Wijelath Mohotalage Don Sandil Sandipa",don mohotalage ranasinghe sandil sandipa wijelath,https://www.imo-official.org/results/individual/country/LKA/
Sri Lanka,LKA,Ganganath Kevin Ravindu Bandara,Ranatunga,Ganganath Kevin Ravindu Bandara Ranatunga,"Ranatunga, Ganganath Kevin Ravindu Bandara",bandara ganganath kevin ranatunga ravindu,https://www.imo-official.org/results/individual/country/LKA/
Sri Lanka,LKA,Thilina Bandara Ratnayaka,Ratnayaka Mudiyanselage,Thilina Bandara Ratnayaka Ratnayaka Mudiyanselage,"Ratnayaka Mudiyanselage, Thilina Bandara Ratnayaka",bandara mudiyanselage ratnayaka ratnayaka thilina,https://www.imo-official.org/results/individual/country/LKA/
Sri Lanka,LKA,Gambheera Arachchige,Rusiru Rangika,Gambheera Arachchige Rusiru Rangika,"Rusiru Rangika, Gambheera Arachchige",arachchige gambheera rangika rusiru,https://www.imo-official.org/results/individual/country/LKA/
Sri Lanka,LKA,Guruge,Ruvini Audarya,Guruge Ruvini Audarya,"Ruvini Audarya, Guruge",audarya guruge ruvini,https://www.imo-official.org/results/individual/country/LKA/
Sri Lanka,LKA,Aravinda Kanchana,Ruwanpathirana,Aravinda Kanchana Ruwanpathirana,"Ruwanpathirana, Aravinda Kanchana",aravinda kanchana ruwanpathirana,https://www.imo-official.org/results/individual/country/LKA/
Sri Lanka,LKA,Supun Thamara,Samarakoon,Supun Thamara Samarakoon,"Samarakoon, Supun Thamara",samarakoon supun thamara,https://www.imo-official.org/results/individual/country/LKA/
Sri Lanka,LKA,Nipuna Randunu,Samarasekara,Nipuna Randunu Samarasekara,"Samarasekara, Nipuna Randunu",nipuna randunu samarasekara,https://www.imo-official.org/results/individual/country/LKA/
Sri Lanka,LKA,Wedige Melanka,Saroad,Wedige Melanka Saroad,"Saroad, Wedige Melanka",melanka saroad wedige,https://www.imo-official.org/results/individual/country/LKA/
Sri Lanka,LKA,Kalaapan,Selvamagesan,Kalaapan Selvamagesan,"Selvamagesan, Kalaapan",kalaapan selvamagesan,https://www.imo-official.org/results/individual/country/LKA/
Sri Lanka,LKA,Ramesh,Selvaraj,Ramesh Selvaraj,"Selvaraj, Ramesh",ramesh selvaraj,https://www.imo-official.org/results/individual/country/LKA/
Sri Lanka,LKA,Dinal Sandaru,Senadeera Pathirana,Dinal Sandaru Senadeera Pathirana,"Senadeera Pathirana, Dinal Sandaru",dinal pathirana sandaru senadeera,https://www.imo-official.org/results/individual/country/LKA/
Sri Lanka,LKA,Thameera Priyadarshi,Senanayaka,Thameera Priyadarshi Senanayaka,"Senanayaka, Thameera Priyadarshi",priyadarshi senanayaka thameera,https://www.imo-official.org/results/individual/country/LKA/
Sri Lanka,LKA,W. A. S. C.,Settinayake,W. A. S. C. Settinayake,"Settinayake, W. A. S. C.",a c s settinayake w,https://www.imo-official.org/results/individual/country/LKA/
Sri Lanka,LKA,Jayamuni Mario Shashindra Srimal,Silva,Jayamuni Mario Shashindra Srimal Silva,"Silva, Jayamuni Mario Shashindra Srimal",jayamuni mario shashindra silva srimal,https://www.imo-official.org/results/individual/country/LKA/
Sri Lanka,LKA,W. M. D.,Soysa,W. M. D. Soysa,"Soysa, W. M. D.",d m soysa w,https://www.imo-official.org/results/individual/country/LKA/
Sri Lanka,LKA,Dulanjanie,Sumanasena,Dulanjanie Sumanasena,"Sumanasena, Dulanjanie",dulanjanie sumanasena,https://www.imo-official.org/results/individual/country/LKA/
Sri Lanka,LKA,Kirshanthan,Sundararajah,Kirshanthan Sundararajah,"Sundararajah, Kirshanthan",kirshanthan sundararajah,https://www.imo-official.org/results/individual/country/LKA/
Sri Lanka,LKA,I. E.,Suriarachchi,I. E. Suriarachchi,"Suriarachchi, I. E.",e i suriarachchi,https://www.imo-official.org/results/individual/country/LKA/
Sri Lanka,LKA,Tharmarajah,Tharmini,Tharmarajah Tharmini,"Tharmini, Tharmarajah",tharmarajah tharmini,https://www.imo-official.org/results/individual/country/LKA/
Sri Lanka,LKA,Thirukkumaran,Theiventhiran,Thirukkumaran Theiventhiran,"Theiventhiran, Thirukkumaran",theiventhiran thirukkumaran,https://www.imo-official.org/results/individual/country/LKA/
Sri Lanka,LKA,Kanewala,Thejaka Amila Jayasekara,Kanewala Thejaka Amila Jayasekara,"Thejaka Amila Jayasekara, Kanewala",amila jayasekara kanewala thejaka,https://www.imo-official.org/results/individual/country/LKA/
Sri Lanka,LKA,Rohan,Thiwanka Wimalasuriya,Rohan Thiwanka Wimalasuriya,"Thiwanka Wimalasuriya, Rohan",rohan thiwanka wimalasuriya,https://www.imo-official.org/results/individual/country/LKA/
Sri Lanka,LKA,Sandun,Viraj Wimalaguna Kodituwa,Sandun Viraj Wimalaguna Kodituwa,"Viraj Wimalaguna Kodituwa, Sandun",kodituwa sandun viraj wimalaguna,https://www.imo-official.org/results/individual/country/LKA/
Sri Lanka,LKA,Thellabura Vithanachchige Nelushi,Vithanachchi,Thellabura Vithanachchige Nelushi Vithanachchi,"Vithanachchi, Thellabura Vithanachchige Nelushi",nelushi thellabura vithanachchi vithanachchige,https://www.imo-official.org/results/individual/country/LKA/
Sri Lanka,LKA,Chandhopama Thidas Bandara,Wanasinghe,Chandhopama Thidas Bandara Wanasinghe,"Wanasinghe, Chandhopama Thidas Bandara",bandara chandhopama thidas wanasinghe,https://www.imo-official.org/results/individual/country/LKA/
Sri Lanka,LKA,Don Anton Tharindu Kumar Warnakula,Warnakulaarachchiralalage,Don Anton Tharindu Kumar Warnakula Warnakulaarachchiralalage,"Warnakulaarachchiralalage, Don Anton Tharindu Kumar Warnakula",anton don kumar tharindu warnakula warnakulaarachchiralalage,https://www.imo-official.org/results/individual/country/LKA/
Sri Lanka,LKA,Rehan Adithya,Weerakoon,Rehan Adithya Weerakoon,"Weerakoon, Rehan Adithya",adithya rehan weerakoon,https://www.imo-official.org/results/individual/country/LKA/
Sri Lanka,LKA,Maleen Hasanka Abeydeera,Weeraratna Patabendige,Maleen Hasanka Abeydeera Weeraratna Patabendige,"Weeraratna Patabendige, Maleen Hasanka Abeydeera",abeydeera hasanka maleen patabendige weeraratna,https://www.imo-official.org/results/individual/country/LKA/
Sri Lanka,LKA,Thenura Dilruk,Wickramaratna,Thenura Dilruk Wickramaratna,"Wickramaratna, Thenura Dilruk",dilruk thenura wickramaratna,https://www.imo-official.org/results/individual/country/LKA/
Sri Lanka,LKA,Viduranga Bandara,Wijekoon,Viduranga Bandara Wijekoon,"Wijekoon, Viduranga Bandara",bandara viduranga wijekoon,https://www.imo-official.org/results/individual/country/LKA/
Sri Lanka,LKA,Samitha Yohan Abeysinghe,Wijepala Abeysinghe Mudiyanselage,Samitha Yohan Abeysinghe Wijepala Abeysinghe Mudiyanselage,"Wijepala Abeysinghe Mudiyanselage, Samitha Yohan Abeysinghe",abeysinghe abeysinghe mudiyanselage samitha wijepala yohan,https://www.imo-official.org/results/individual/country/LKA/
Sri Lanka,LKA,Pathirannahelage Mevan Niluminda,Wijewardena,Pathirannahelage Mevan Niluminda Wijewardena,"Wijewardena, Pathirannahelage Mevan Niluminda",mevan niluminda pathirannahelage wijewardena,https://www.imo-official.org/results/individual/country/LKA/
Sri Lanka,LKA,Nisal Thejana,Withana Kankanamalage,Nisal Thejana Withana Kankanamalage,"Withana Kankanamalage, Nisal Thejana",kankanamalage nisal thejana withana,https://www.imo-official.org/results/individual/country/LKA/
Sri Lanka,LKA,Thamidu Damruwan R Bandara Kiridana,Y M W Herath Mudiyanse Ralahamillage,Thamidu Damruwan R Bandara Kiridana Y M W Herath Mudiyanse Ralahamillage,"Y M W Herath Mudiyanse Ralahamillage, Thamidu Damruwan R Bandara Kiridana",bandara damruwan herath kiridana m mudiyanse r ralahamillage thamidu w y,https://www.imo-official.org/results/individual/country/LKA/
Sri Lanka,LKA,Sivaram,Yoganathan,Sivaram Yoganathan,"Yoganathan, Sivaram",sivaram yoganathan,https://www.imo-official.org/results/individual/country/LKA/
Taiwan,TWN,Yi-Wei,Chan,Yi-Wei Chan,"Chan, Yi-Wei",chan wei yi,https://www.imo-official.org/results/individual/country/TWN/
Taiwan,TWN,Cheng-Ying,Chang,Cheng-Ying Chang,"Chang, Cheng-Ying",chang cheng ying,https://www.imo-official.org/results/individual/country/TWN/
Taiwan,TWN,Chi-An,Chang,Chi-An Chang,"Chang, Chi-An",an chang chi,https://www.imo-official.org/results/individual/country/TWN/
Taiwan,TWN,Po-Shen,Chang,Po-Shen Chang,"Chang, Po-Shen",chang po shen,https://www.imo-official.org/results/individual/country/TWN/
Taiwan,TWN,Ting-Wei,Chang,Ting-Wei Chang,"Chang, Ting-Wei",chang ting wei,https://www.imo-official.org/results/individual/country/TWN/
Taiwan,TWN,Hsin-Yu,Chao,Hsin-Yu Chao,"Chao, Hsin-Yu",chao hsin yu,https://www.imo-official.org/results/individual/country/TWN/
Taiwan,TWN,William Ting-Wei,Chao,William Ting-Wei Chao,"Chao, William Ting-Wei",chao ting wei william,https://www.imo-official.org/results/individual/country/TWN/
Taiwan,TWN,Brian,Chen,Brian Chen,"Chen, Brian",brian chen,https://www.imo-official.org/results/individual/country/TWN/
Taiwan,TWN,Evan Yiting,Chen,Evan Yiting Chen,"Chen, Evan Yiting",chen evan yiting,https://www.imo-official.org/results/individual/country/TWN/
Taiwan,TWN,Ho-Lin,Chen,Ho-Lin Chen,"Chen, Ho-Lin",chen ho lin,https://www.imo-official.org/results/individual/country/TWN/
Taiwan,TWN,Ming-Yang,Chen,Ming-Yang Chen,"Chen, Ming-Yang",chen ming yang,https://www.imo-official.org/results/individual/country/TWN/
Taiwan,TWN,Po-Jui,Chen,Po-Jui Chen,"Chen, Po-Jui",chen jui po,https://www.imo-official.org/results/individual/country/TWN/
Taiwan,TWN,Po-Ning,Chen,Po-Ning Chen,"Chen, Po-Ning",chen ning po,https://www.imo-official.org/results/individual/country/TWN/
Taiwan,TWN,Szu-Yu,Chen,Szu-Yu Chen,"Chen, Szu-Yu",chen szu yu,https://www.imo-official.org/results/individual/country/TWN/
Taiwan,TWN,Tsung-Chen,Chen,Tsung-Chen Chen,"Chen, Tsung-Chen",chen chen tsung,https://www.imo-official.org/results/individual/country/TWN/
Taiwan,TWN,Yu-An,Chen,Yu-An Chen,"Chen, Yu-An",an chen yu,https://www.imo-official.org/results/individual/country/TWN/
Taiwan,TWN,Jung-Tao,Cheng,Jung-Tao Cheng,"Cheng, Jung-Tao",cheng jung tao,https://www.imo-official.org/results/individual/country/TWN/
Taiwan,TWN,Pai-Li,Cheng,Pai-Li Cheng,"Cheng, Pai-Li",cheng li pai,https://www.imo-official.org/results/individual/country/TWN/
Taiwan,TWN,Tien-Chun,Cheng,Tien-Chun Cheng,"Cheng, Tien-Chun",cheng chun tien,https://www.imo-official.org/results/individual/country/TWN/
Taiwan,TWN,Tien-Sheng,Cheng,Tien-Sheng Cheng,"Cheng, Tien-Sheng",cheng sheng tien,https://www.imo-official.org/results/individual/country/TWN/
Taiwan,TWN,En-Hua,Chiang,En-Hua Chiang,"Chiang, En-Hua",chiang en hua,https://www.imo-official.org/results/individual/country/TWN/
Taiwan,TWN,Hung,Chiang,Hung Chiang,"Chiang, Hung",chiang hung,https://www.imo-official.org/results/individual/country/TWN/
Taiwan,TWN,Yi-Hsiang,Chiao,Yi-Hsiang Chiao,"Chiao, Yi-Hsiang",chiao hsiang yi,https://www.imo-official.org/results/individual/country/TWN/
Taiwan,TWN,Pao-Yu,Chien,Pao-Yu Chien,"Chien, Pao-Yu",chien pao yu,https://www.imo-official.org/results/individual/country/TWN/
Taiwan,TWN,Yi-Chih,Chiu,Yi-Chih Chiu,"Chiu, Yi-Chih",chih chiu yi,https://www.imo-official.org/results/individual/country/TWN/
Taiwan,TWN,Yu-Pin,Chiu,Yu-Pin Chiu,"Chiu, Yu-Pin",chiu pin yu,https://www.imo-official.org/results/individual/country/TWN/
Taiwan,TWN,Yu-An,Cho,Yu-An Cho,"Cho, Yu-An",an cho yu,https://www.imo-official.org/results/individual/country/TWN/
Taiwan,TWN,Lee,Cho-Yin,Lee Cho-Yin,"Cho-Yin, Lee",cho lee yin,https://www.imo-official.org/results/individual/country/TWN/
Taiwan,TWN,Chien-Yu,Chou,Chien-Yu Chou,"Chou, Chien-Yu",chien chou yu,https://www.imo-official.org/results/individual/country/TWN/
Taiwan,TWN,Hao-Wei,Chu,Hao-Wei Chu,"Chu, Hao-Wei",chu hao wei,https://www.imo-official.org/results/individual/country/TWN/
Taiwan,TWN,Hau-Wei,Chu,Hau-Wei Chu,"Chu, Hau-Wei",chu hau wei,https://www.imo-official.org/results/individual/country/TWN/
Taiwan,TWN,Chih-Yawn,Chuang,Chih-Yawn Chuang,"Chuang, Chih-Yawn",chih chuang yawn,https://www.imo-official.org/results/individual/country/TWN/
Taiwan,TWN,Chen-Han,Chung,Chen-Han Chung,"Chung, Chen-Han",chen chung han,https://www.imo-official.org/results/individual/country/TWN/
Taiwan,TWN,Chi-En,Chung,Chi-En Chung,"Chung, Chi-En",chi chung en,https://www.imo-official.org/results/individual/country/TWN/
Taiwan,TWN,Duen-Min,Deng,Duen-Min Deng,"Deng, Duen-Min",deng duen min,https://www.imo-official.org/results/individual/country/TWN/
Taiwan,TWN,I-An,Fan,I-An Fan,"Fan, I-An",an fan i,https://www.imo-official.org/results/individual/country/TWN/
Taiwan,TWN,Yu-Wei,Fan,Yu-Wei Fan,"Fan, Yu-Wei",fan wei yu,https://www.imo-official.org/results/individual/country/TWN/
Taiwan,TWN,Po-Hsiang,Hao,Po-Hsiang Hao,"Hao, Po-Hsiang",hao hsiang po,https://www.imo-official.org/results/individual/country/TWN/
Taiwan,TWN,Chih-Yang,Hsia,Chih-Yang Hsia,"Hsia, Chih-Yang",chih hsia yang,https://www.imo-official.org/results/individual/country/TWN/
Taiwan,TWN,Chun-Hsiung,Hsia,Chun-Hsiung Hsia,"Hsia, Chun-Hsiung",chun hsia hsiung,https://www.imo-official.org/results/individual/country/TWN/
Taiwan,TWN,Ming,Hsiao,Ming Hsiao,"Hsiao, Ming",hsiao ming,https://www.imo-official.org/results/individual/country/TWN/
Taiwan,TWN,Han Lin,Hsieh,Han Lin Hsieh,"Hsieh, Han Lin",han hsieh lin,https://www.imo-official.org/results/individual/country/TWN/
Taiwan,TWN,Yu-Guan,Hsieh,Yu-Guan Hsieh,"Hsieh, Yu-Guan",guan hsieh yu,https://www.imo-official.org/results/individual/country/TWN/
Taiwan,TWN,Wei-Hsuan,Hsin,Wei-Hsuan Hsin,"Hsin, Wei-Hsuan",hsin hsuan wei,https://www.imo-official.org/results/individual/country/TWN/
Taiwan,TWN,Calvin Shao-Huai,Hsu,Calvin Shao-Huai Hsu,"Hsu, Calvin Shao-Huai",calvin hsu huai shao,https://www.imo-official.org/results/individual/country/TWN/
Taiwan,TWN,Lun-Kai,Hsu,Lun-Kai Hsu,"Hsu, Lun-Kai",hsu kai lun,https://www.imo-official.org/results/individual/country/TWN/
Taiwan,TWN,Meng-Che,Hsu,Meng-Che Hsu,"Hsu, Meng-Che",che hsu meng,https://www.imo-official.org/results/individual/country/TWN/
Taiwan,TWN,Po-Hsiang,Hsu,Po-Hsiang Hsu,"Hsu, Po-Hsiang",hsiang hsu po,https://www.imo-official.org/results/individual/country/TWN/
Taiwan,TWN,Ting-Cheng,Hsu,Ting-Cheng Hsu,"Hsu, Ting-Cheng",cheng hsu ting,https://www.imo-official.org/results/individual/country/TWN/
Taiwan,TWN,Shiang-Chih,Hua,Shiang-Chih Hua,"Hua, Shiang-Chih",chih hua shiang,https://www.imo-official.org/results/individual/country/TWN/
Taiwan,TWN,Bo Cheng,Huang,Bo Cheng Huang,"Huang, Bo Cheng",bo cheng huang,https://www.imo-official.org/results/individual/country/TWN/
Taiwan,TWN,Bo-Cheng,Huang,Bo-Cheng Huang,"Huang, Bo-Cheng",bo cheng huang,https://www.imo-official.org/results/individual/country/TWN/
Taiwan,TWN,Bo-Kai,Huang,Bo-Kai Huang,"Huang, Bo-Kai",bo huang kai,https://www.imo-official.org/results/individual/country/TWN/
Taiwan,TWN,Ching-I,Huang,Ching-I Huang,"Huang, Ching-I",ching huang i,https://www.imo-official.org/results/individual/country/TWN/
Taiwan,TWN,Chuan-Hsiang,Huang,Chuan-Hsiang Huang,"Huang, Chuan-Hsiang",chuan hsiang huang,https://www.imo-official.org/results/individual/country/TWN/
Taiwan,TWN,Chung-Chun,Huang,Chung-Chun Huang,"Huang, Chung-Chun",chun chung huang,https://www.imo-official.org/results/individual/country/TWN/
Taiwan,TWN,Hui-Chuan,Huang,Hui-Chuan Huang,"Huang, Hui-Chuan",chuan huang hui,https://www.imo-official.org/results/individual/country/TWN/
Taiwan,TWN,Po-Yi,Huang,Po-Yi Huang,"Huang, Po-Yi",huang po yi,https://www.imo-official.org/results/individual/country/TWN/
Taiwan,TWN,Shao-Lun,Huang,Shao-Lun Huang,"Huang, Shao-Lun",huang lun shao,https://www.imo-official.org/results/individual/country/TWN/
Taiwan,TWN,Shinn-Yih,Huang,Shinn-Yih Huang,"Huang, Shinn-Yih",huang shinn yih,https://www.imo-official.org/results/individual/country/TWN/
Taiwan,TWN,Wei-Ping,Huang,Wei-Ping Huang,"Huang, Wei-Ping",huang ping wei,https://www.imo-official.org/results/individual/country/TWN/
Taiwan,TWN,Yu-Chang,Huang,Yu-Chang Huang,"Huang, Yu-Chang",chang huang yu,https://www.imo-official.org/results/individual/country/TWN/
Taiwan,TWN,Chan,Hwai-Lian,Chan Hwai-Lian,"Hwai-Lian, Chan",chan hwai lian,https://www.imo-official.org/results/individual/country/TWN/
Taiwan,TWN,Daw-Sen,Hwang,Daw-Sen Hwang,"Hwang, Daw-Sen",daw hwang sen,https://www.imo-official.org/results/individual/country/TWN/
Taiwan,TWN,Shin-Yao,Jow,Shin-Yao Jow,"Jow, Shin-Yao",jow shin yao,https://www.imo-official.org/results/individual/country/TWN/
Taiwan,TWN,Che-An,Kang,Che-An Kang,"Kang, Che-An",an che kang,https://www.imo-official.org/results/individual/country/TWN/
Taiwan,TWN,Wei-Jiun,Kao,Wei-Jiun Kao,"Kao, Wei-Jiun",jiun kao wei,https://www.imo-official.org/results/individual/country/TWN/
Taiwan,TWN,Yi-Hao,Kao,Yi-Hao Kao,"Kao, Yi-Hao",hao kao yi,https://www.imo-official.org/results/individual/country/TWN/
Taiwan,TWN,Lin,Kuan-Ming,Lin Kuan-Ming,"Kuan-Ming, Lin",kuan lin ming,https://www.imo-official.org/results/individual/country/TWN/
Taiwan,TWN,Wen-Da,Kuang,Wen-Da Kuang,"Kuang, Wen-Da",da kuang wen,https://www.imo-official.org/results/individual/country/TWN/
Taiwan,TWN,Hsin-Hong,Lai,Hsin-Hong Lai,"Lai, Hsin-Hong",hong hsin lai,https://www.imo-official.org/results/individual/country/TWN/
Taiwan,TWN,Chien-Ming,Lan,Chien-Ming Lan,"Lan, Chien-Ming",chien lan ming,https://www.imo-official.org/results/individual/country/TWN/
Taiwan,TWN,Chia-Ray,Lee,Chia-Ray Lee,"Lee, Chia-Ray",chia lee ray,https://www.imo-official.org/results/individual/country/TWN/
Taiwan,TWN,Pin-Hung,Lee,Pin-Hung Lee,"Lee, Pin-Hung",hung lee pin,https://www.imo-official.org/results/individual/country/TWN/
Taiwan,TWN,Shuang-Yen,Lee,Shuang-Yen Lee,"Lee, Shuang-Yen",lee shuang yen,https://www.imo-official.org/results/individual/country/TWN/
Taiwan,TWN,Tien-Hui,Lee,Tien-Hui Lee,"Lee, Tien-Hui",hui lee tien,https://www.imo-official.org/results/individual/country/TWN/
Taiwan,TWN,Cheng-Yen,Li,Cheng-Yen Li,"Li, Cheng-Yen",cheng li yen,https://www.imo-official.org/results/individual/country/TWN/
Taiwan,TWN,Chung-Te,Li,Chung-Te Li,"Li, Chung-Te",chung li te,https://www.imo-official.org/results/individual/country/TWN/
Taiwan,TWN,Chien-I,Liao,Chien-I Liao,"Liao, Chien-I",chien i liao,https://www.imo-official.org/results/individual/country/TWN/
Taiwan,TWN,Chih-Kai,Liao,Chih-Kai Liao,"Liao, Chih-Kai",chih kai liao,https://www.imo-official.org/results/individual/country/TWN/
Taiwan,TWN,Kuan-Chieh,Liao,Kuan-Chieh Liao,"Liao, Kuan-Chieh",chieh kuan liao,https://www.imo-official.org/results/individual/country/TWN/
Taiwan,TWN,Shao-Tang,Liao,Shao-Tang Liao,"Liao, Shao-Tang",liao shao tang,https://www.imo-official.org/results/individual/country/TWN/
Taiwan,TWN,Tai-Ning,Liao,Tai-Ning Liao,"Liao, Tai-Ning",liao ning tai,https://www.imo-official.org/results/individual/country/TWN/
Taiwan,TWN,Wayne,Liao,Wayne Liao,"Liao, Wayne",liao wayne,https://www.imo-official.org/results/individual/country/TWN/
Taiwan,TWN,Chia-Ping,Lin,Chia-Ping Lin,"Lin, Chia-Ping",chia lin ping,https://www.imo-official.org/results/individual/country/TWN/
Taiwan,TWN,Chin-Yi,Lin,Chin-Yi Lin,"Lin, Chin-Yi",chin lin yi,https://www.imo-official.org/results/individual/country/TWN/
Taiwan,TWN,Kuan-Yu,Lin,Kuan-Yu Lin,"Lin, Kuan-Yu",kuan lin yu,https://www.imo-official.org/results/individual/country/TWN/
Taiwan,TWN,Shih-Chieh,Lin,Shih-Chieh Lin,"Lin, Shih-Chieh",chieh lin shih,https://www.imo-official.org/results/individual/country/TWN/
Taiwan,TWN,Ting-Chun,Lin,Ting-Chun Lin,"Lin, Ting-Chun",chun lin ting,https://www.imo-official.org/results/individual/country/TWN/
Taiwan,TWN,Ting-Feng,Lin,Ting-Feng Lin,"Lin, Ting-Feng",feng lin ting,https://www.imo-official.org/results/individual/country/TWN/
Taiwan,TWN,Tsung-Mau,Lin,Tsung-Mau Lin,"Lin, Tsung-Mau",lin mau tsung,https://www.imo-official.org/results/individual/country/TWN/
Taiwan,TWN,Tzu-Chiao,Lin,Tzu-Chiao Lin,"Lin, Tzu-Chiao",chiao lin tzu,https://www.imo-official.org/results/individual/country/TWN/
Taiwan,TWN,Jen-Hao,Liou,Jen-Hao Liou,"Liou, Jen-Hao",hao jen liou,https://www.imo-official.org/results/individual/country/TWN/
Taiwan,TWN,Che-Yu,Liu,Che-Yu Liu,"Liu, Che-Yu",che liu yu,https://www.imo-official.org/results/individual/country/TWN/
Taiwan,TWN,Te-Cheng,Liu,Te-Cheng Liu,"Liu, Te-Cheng",cheng liu te,https://www.imo-official.org/results/individual/country/TWN/
Taiwan,TWN,Yu-Ting,Liu,Yu-Ting Liu,"Liu, Yu-Ting",liu ting yu,https://www.imo-official.org/results/individual/country/TWN/
Taiwan,TWN,Pin-Chun,Lu,Pin-Chun Lu,"Lu, Pin-Chun",chun lu pin,https://www.imo-official.org/results/individual/country/TWN/
Taiwan,TWN,Yu-Chen,Ma,Yu-Chen Ma,"Ma, Yu-Chen",chen ma yu,https://www.imo-official.org/results/individual/country/TWN/
Taiwan,TWN,Li-Ping,Mo,Li-Ping Mo,"Mo, Li-Ping",li mo ping,https://www.imo-official.org/results/individual/country/TWN/
Taiwan,TWN,Yi,Ou Yang,Yi Ou Yang,"Ou Yang, Yi",ou yang yi,https://www.imo-official.org/results/individual/country/TWN/
Taiwan,TWN,Sheng-Fong,Pai,Sheng-Fong Pai,"Pai, Sheng-Fong",fong pai sheng,https://www.imo-official.org/results/individual/country/TWN/
Taiwan,TWN,Wu,Po-Chang,Wu Po-Chang,"Po-Chang, Wu",chang po wu,https://www.imo-official.org/results/individual/country/TWN/
Taiwan,TWN,Chung-Chieh,Shan,Chung-Chieh Shan,"Shan, Chung-Chieh",chieh chung shan,https://www.imo-official.org/results/individual/country/TWN/
Taiwan,TWN,Pi-Hsun,Shih,Pi-Hsun Shih,"Shih, Pi-Hsun",hsun pi shih,https://www.imo-official.org/results/individual/country/TWN/
Taiwan,TWN,Yu-Sheng,Shih,Yu-Sheng Shih,"Shih, Yu-Sheng",sheng shih yu,https://www.imo-official.org/results/individual/country/TWN/
Taiwan,TWN,Cheng-Chou,Shu,Cheng-Chou Shu,"Shu, Cheng-Chou",cheng chou shu,https://www.imo-official.org/results/individual/country/TWN/
Taiwan,TWN,Bor-Ching,Su,Bor-Ching Su,"Su, Bor-Ching",bor ching su,https://www.imo-official.org/results/individual/country/TWN/
Taiwan,TWN,Che-Ping,Tsai,Che-Ping Tsai,"Tsai, Che-Ping",che ping tsai,https://www.imo-official.org/results/individual/country/TWN/
Taiwan,TWN,Cheng-Chiang,Tsai,Cheng-Chiang Tsai,"Tsai, Cheng-Chiang",cheng chiang tsai,https://www.imo-official.org/results/individual/country/TWN/
Taiwan,TWN,Tzu-Wei,Tseng,Tzu-Wei Tseng,"Tseng, Tzu-Wei",tseng tzu wei,https://www.imo-official.org/results/individual/country/TWN/
Taiwan,TWN,Wei-Fu,Tseng,Wei-Fu Tseng,"Tseng, Wei-Fu",fu tseng wei,https://www.imo-official.org/results/individual/country/TWN/
Taiwan,TWN,Yu-Fan,Tseng,Yu-Fan Tseng,"Tseng, Yu-Fan",fan tseng yu,https://www.imo-official.org/results/individual/country/TWN/
Taiwan,TWN,Yu-Fan,Tung,Yu-Fan Tung,"Tung, Yu-Fan",fan tung yu,https://www.imo-official.org/results/individual/country/TWN/
Taiwan,TWN,Chia-Chun,Tzeng,Chia-Chun Tzeng,"Tzeng, Chia-Chun",chia chun tzeng,https://www.imo-official.org/results/individual/country/TWN/
Taiwan,TWN,Chien-Chang,Tzeng,Chien-Chang Tzeng,"Tzeng, Chien-Chang",chang chien tzeng,https://www.imo-official.org/results/individual/country/TWN/
Taiwan,TWN,Yu-Jong,Tzeng,Yu-Jong Tzeng,"Tzeng, Yu-Jong",jong tzeng yu,https://www.imo-official.org/results/individual/country/TWN/
Taiwan,TWN,Chien-Yi,Wang,Chien-Yi Wang,"Wang, Chien-Yi",chien wang yi,https://www.imo-official.org/results/individual/country/TWN/
Taiwan,TWN,Hsin-Po,Wang,Hsin-Po Wang,"Wang, Hsin-Po",hsin po wang,https://www.imo-official.org/results/individual/country/TWN/
Taiwan,TWN,I-Hsiang,Wang,I-Hsiang Wang,"Wang, I-Hsiang",hsiang i wang,https://www.imo-official.org/results/individual/country/TWN/
Taiwan,TWN,Jia-Ching,Wang,Jia-Ching Wang,"Wang, Jia-Ching",ching jia wang,https://www.imo-official.org/results/individual/country/TWN/
Taiwan,TWN,Kai,Wang,Kai Wang,"Wang, Kai",kai wang,https://www.imo-official.org/results/individual/country/TWN/
Taiwan,TWN,Kun-Chieh,Wang,Kun-Chieh Wang,"Wang, Kun-Chieh",chieh kun wang,https://www.imo-official.org/results/individual/country/TWN/
Taiwan,TWN,Shih-Yu,Wang,Shih-Yu Wang,"Wang, Shih-Yu",shih wang yu,https://www.imo-official.org/results/individual/country/TWN/
Taiwan,TWN,Shyh-Haur,Wang,Shyh-Haur Wang,"Wang, Shyh-Haur",haur shyh wang,https://www.imo-official.org/results/individual/country/TWN/
Taiwan,TWN,Szu-Po,Wang,Szu-Po Wang,"Wang, Szu-Po",po szu wang,https://www.imo-official.org/results/individual/country/TWN/
Taiwan,TWN,Yen-Shi,Wang,Yen-Shi Wang,"Wang, Yen-Shi",shi wang yen,https://www.imo-official.org/results/individual/country/TWN/
Taiwan,TWN,Tse Jen,Wei,Tse Jen Wei,"Wei, Tse Jen",jen tse wei,https://www.imo-official.org/results/individual/country/TWN/
Taiwan,TWN,Ching-Chih,Weng,Ching-Chih Weng,"Weng, Ching-Chih",chih ching weng,https://www.imo-official.org/results/individual/country/TWN/
Taiwan,TWN,Che-Yu,Wu,Che-Yu Wu,"Wu, Che-Yu",che wu yu,https://www.imo-official.org/results/individual/country/TWN/
Taiwan,TWN,Hung-Wu,Wu,Hung-Wu Wu,"Wu, Hung-Wu",hung wu wu,https://www.imo-official.org/results/individual/country/TWN/
Taiwan,TWN,Meng - Chiao,Wu,Meng - Chiao Wu,"Wu, Meng - Chiao",chiao meng wu,https://www.imo-official.org/results/individual/country/TWN/
Taiwan,TWN,Pang-Cheng,Wu,Pang-Cheng Wu,"Wu, Pang-Cheng",cheng pang wu,https://www.imo-official.org/results/individual/country/TWN/
Taiwan,TWN,Po-Han,Wu,Po-Han Wu,"Wu, Po-Han",han po wu,https://www.imo-official.org/results/individual/country/TWN/
Taiwan,TWN,Po-Sheng,Wu,Po-Sheng Wu,"Wu, Po-Sheng",po sheng wu,https://www.imo-official.org/results/individual/country/TWN/
Taiwan,TWN,Shang-Yu,Wu,Shang-Yu Wu,"Wu, Shang-Yu",shang wu yu,https://www.imo-official.org/results/individual/country/TWN/
Taiwan,TWN,Yi-Chan,Wu,Yi-Chan Wu,"Wu, Yi-Chan",chan wu yi,https://www.imo-official.org/results/individual/country/TWN/
Taiwan,TWN,Wayne,Yan,Wayne Yan,"Yan, Wayne",wayne yan,https://www.imo-official.org/results/individual/country/TWN/
Taiwan,TWN,Wei-Hua,Yan,Wei-Hua Yan,"Yan, Wei-Hua",hua wei yan,https://www.imo-official.org/results/individual/country/TWN/
Taiwan,TWN,Chen-Yu,Yang,Chen-Yu Yang,"Yang, Chen-Yu",chen yang yu,https://www.imo-official.org/results/individual/country/TWN/
Taiwan,TWN,Chih-Kuan,Yeh,Chih-Kuan Yeh,"Yeh, Chih-Kuan",chih kuan yeh,https://www.imo-official.org/results/individual/country/TWN/
Taiwan,TWN,Chung-Heng,Yeh,Chung-Heng Yeh,"Yeh, Chung-Heng",chung heng yeh,https://www.imo-official.org/results/individual/country/TWN/
Taiwan,TWN,Shu-Ping,Yeh,Shu-Ping Yeh,"Yeh, Shu-Ping",ping shu yeh,https://www.imo-official.org/results/individual/country/TWN/
Taiwan,TWN,Jih-Chiang,Yeo,Jih-Chiang Yeo,"Yeo, Jih-Chiang",chiang jih yeo,https://www.imo-official.org/results/individual/country/TWN/
Taiwan,TWN,Hung-Hsun,Yu,Hung-Hsun Yu,"Yu, Hung-Hsun",hsun hung yu,https://www.imo-official.org/results/individual/country/TWN/
Taiwan,TWN,Jia-Ruei,Yu,Jia-Ruei Yu,"Yu, Jia-Ruei",jia ruei yu,https://www.imo-official.org/results/individual/country/TWN/
Taiwan,TWN,Chen,Yu-Chun,Chen Yu-Chun,"Yu-Chun, Chen",chen chun yu,https://www.imo-official.org/results/individual/country/TWN/
Taiwan,TWN,Shin-Sheng,Yuan,Shin-Sheng Yuan,"Yuan, Shin-Sheng",sheng shin yuan,https://www.imo-official.org/results/individual/country/TWN/
Taiwan,TWN,Hwu,Yuh-Hua,Hwu Yuh-Hua,"Yuh-Hua, Hwu",hua hwu yuh,https://www.imo-official.org/results/individual/country/TWN/
Tajikistan,TJK,Komron,Abdulloev,Komron Abdulloev,"Abdulloev, Komron",abdulloev komron,https://www.imo-official.org/results/individual/country/TJK/
Tajikistan,TJK,Khusrav,Abullaev,Khusrav Abullaev,"Abullaev, Khusrav",abullaev khusrav,https://www.imo-official.org/results/individual/country/TJK/
Tajikistan,TJK,Alisheri,Anvar,Alisheri Anvar,"Anvar, Alisheri",alisheri anvar,https://www.imo-official.org/results/individual/country/TJK/
Tajikistan,TJK,Sobirdzhon,Bobiev,Sobirdzhon Bobiev,"Bobiev, Sobirdzhon",bobiev sobirdzhon,https://www.imo-official.org/results/individual/country/TJK/
Tajikistan,TJK,Muhammadjon,Boboev,Muhammadjon Boboev,"Boboev, Muhammadjon",boboev muhammadjon,https://www.imo-official.org/results/individual/country/TJK/
Tajikistan,TJK,Mekhron,Bobokhonov,Mekhron Bobokhonov,"Bobokhonov, Mekhron",bobokhonov mekhron,https://www.imo-official.org/results/individual/country/TJK/
Tajikistan,TJK,Iyomiddin,Boltaev,Iyomiddin Boltaev,"Boltaev, Iyomiddin",boltaev iyomiddin,https://www.imo-official.org/results/individual/country/TJK/
Tajikistan,TJK,Anisa,Burieva,Anisa Burieva,"Burieva, Anisa",anisa burieva,https://www.imo-official.org/results/individual/country/TJK/
Tajikistan,TJK,Raufdzhon,Dadabaev,Raufdzhon Dadabaev,"Dadabaev, Raufdzhon",dadabaev raufdzhon,https://www.imo-official.org/results/individual/country/TJK/
Tajikistan,TJK,Raufjon,Dadabaev,Raufjon Dadabaev,"Dadabaev, Raufjon",dadabaev raufjon,https://www.imo-official.org/results/individual/country/TJK/
Tajikistan,TJK,Azamat,Dushanov,Azamat Dushanov,"Dushanov, Azamat",azamat dushanov,https://www.imo-official.org/results/individual/country/TJK/
Tajikistan,TJK,Khusravi,Elmurod,Khusravi Elmurod,"Elmurod, Khusravi",elmurod khusravi,https://www.imo-official.org/results/individual/country/TJK/
Tajikistan,TJK,Golibjon,Emomov,Golibjon Emomov,"Emomov, Golibjon",emomov golibjon,https://www.imo-official.org/results/individual/country/TJK/
Tajikistan,TJK,Akbarshoh,Fayzulloev,Akbarshoh Fayzulloev,"Fayzulloev, Akbarshoh",akbarshoh fayzulloev,https://www.imo-official.org/results/individual/country/TJK/
Tajikistan,TJK,Muhammadsarvar,Fayzullozoda,Muhammadsarvar Fayzullozoda,"Fayzullozoda, Muhammadsarvar",fayzullozoda muhammadsarvar,https://www.imo-official.org/results/individual/country/TJK/
Tajikistan,TJK,Komron,Giesiev,Komron Giesiev,"Giesiev, Komron",giesiev komron,https://www.imo-official.org/results/individual/country/TJK/
Tajikistan,TJK,Bezhan,Gulov,Bezhan Gulov,"Gulov, Bezhan",bezhan gulov,https://www.imo-official.org/results/individual/country/TJK/
Tajikistan,TJK,Muhammadfiruz,Hasanov,Muhammadfiruz Hasanov,"Hasanov, Muhammadfiruz",hasanov muhammadfiruz,https://www.imo-official.org/results/individual/country/TJK/
Tajikistan,TJK,Mashrafdzhon,Inomov,Mashrafdzhon Inomov,"Inomov, Mashrafdzhon",inomov mashrafdzhon,https://www.imo-official.org/results/individual/country/TJK/
Tajikistan,TJK,Abdulvosit,Ismoilov,Abdulvosit Ismoilov,"Ismoilov, Abdulvosit",abdulvosit ismoilov,https://www.imo-official.org/results/individual/country/TJK/
Tajikistan,TJK,Shokhrukhdzhon,Isomatov,Shokhrukhdzhon Isomatov,"Isomatov, Shokhrukhdzhon",isomatov shokhrukhdzhon,https://www.imo-official.org/results/individual/country/TJK/
Tajikistan,TJK,Farrukh,Karimov,Farrukh Karimov,"Karimov, Farrukh",farrukh karimov,https://www.imo-official.org/results/individual/country/TJK/
Tajikistan,TJK,Doriush,Khayridinov,Doriush Khayridinov,"Khayridinov, Doriush",doriush khayridinov,https://www.imo-official.org/results/individual/country/TJK/
Tajikistan,TJK,Sino,Khayridinov,Sino Khayridinov,"Khayridinov, Sino",khayridinov sino,https://www.imo-official.org/results/individual/country/TJK/
Tajikistan,TJK,Naimdzhon,Khondzhonov,Naimdzhon Khondzhonov,"Khondzhonov, Naimdzhon",khondzhonov naimdzhon,https://www.imo-official.org/results/individual/country/TJK/
Tajikistan,TJK,Kalomidin,Klychev,Kalomidin Klychev,"Klychev, Kalomidin",kalomidin klychev,https://www.imo-official.org/results/individual/country/TJK/
Tajikistan,TJK,Mukhammad,Klychev,Mukhammad Klychev,"Klychev, Mukhammad",klychev mukhammad,https://www.imo-official.org/results/individual/country/TJK/
Tajikistan,TJK,Igor,Korobeynikov,Igor Korobeynikov,"Korobeynikov, Igor",igor korobeynikov,https://www.imo-official.org/results/individual/country/TJK/
Tajikistan,TJK,Burkhvali,Kurbonov,Burkhvali Kurbonov,"Kurbonov, Burkhvali",burkhvali kurbonov,https://www.imo-official.org/results/individual/country/TJK/
Tajikistan,TJK,Davron,Latipov,Davron Latipov,"Latipov, Davron",davron latipov,https://www.imo-official.org/results/individual/country/TJK/
Tajikistan,TJK,Shohrukhii,Mahmadjon,Shohrukhii Mahmadjon,"Mahmadjon, Shohrukhii",mahmadjon shohrukhii,https://www.imo-official.org/results/individual/country/TJK/
Tajikistan,TJK,Jasur,Mahmudov,Jasur Mahmudov,"Mahmudov, Jasur",jasur mahmudov,https://www.imo-official.org/results/individual/country/TJK/
Tajikistan,TJK,Alisher,Makhmudov,Alisher Makhmudov,"Makhmudov, Alisher",alisher makhmudov,https://www.imo-official.org/results/individual/country/TJK/
Tajikistan,TJK,Ravshan,Mamatkarimov,Ravshan Mamatkarimov,"Mamatkarimov, Ravshan",mamatkarimov ravshan,https://www.imo-official.org/results/individual/country/TJK/
Tajikistan,TJK,Inomzhon,Mirzaev,Inomzhon Mirzaev,"Mirzaev, Inomzhon",inomzhon mirzaev,https://www.imo-official.org/results/individual/country/TJK/
Tajikistan,TJK,Musokhon,Muqayumkhonov,Musokhon Muqayumkhonov,"Muqayumkhonov, Musokhon",muqayumkhonov musokhon,https://www.imo-official.org/results/individual/country/TJK/
Tajikistan,TJK,Jakhongir,Murodov,Jakhongir Murodov,"Murodov, Jakhongir",jakhongir murodov,https://www.imo-official.org/results/individual/country/TJK/
Tajikistan,TJK,Madmurodov,Nasimjon,Madmurodov Nasimjon,"Nasimjon, Madmurodov",madmurodov nasimjon,https://www.imo-official.org/results/individual/country/TJK/
Tajikistan,TJK,Olim,Negmatov,Olim Negmatov,"Negmatov, Olim",negmatov olim,https://www.imo-official.org/results/individual/country/TJK/
Tajikistan,TJK,Sadi,Okilnazarzoda,Sadi Okilnazarzoda,"Okilnazarzoda, Sadi",okilnazarzoda sadi,https://www.imo-official.org/results/individual/country/TJK/
Tajikistan,TJK,Usmonali,Pakhlavonov,Usmonali Pakhlavonov,"Pakhlavonov, Usmonali",pakhlavonov usmonali,https://www.imo-official.org/results/individual/country/TJK/
Tajikistan,TJK,Olimjon,Pirahmad,Olimjon Pirahmad,"Pirahmad, Olimjon",olimjon pirahmad,https://www.imo-official.org/results/individual/country/TJK/
Tajikistan,TJK,Vazirdzhon,Pirov,Vazirdzhon Pirov,"Pirov, Vazirdzhon",pirov vazirdzhon,https://www.imo-official.org/results/individual/country/TJK/
Tajikistan,TJK,Sunatullo,Rakhmatov,Sunatullo Rakhmatov,"Rakhmatov, Sunatullo",rakhmatov sunatullo,https://www.imo-official.org/results/individual/country/TJK/
Tajikistan,TJK,Furuzonfar,Rakhmonov,Furuzonfar Rakhmonov,"Rakhmonov, Furuzonfar",furuzonfar rakhmonov,https://www.imo-official.org/results/individual/country/TJK/
Tajikistan,TJK,Sanjar,Rashidov,Sanjar Rashidov,"Rashidov, Sanjar",rashidov sanjar,https://www.imo-official.org/results/individual/country/TJK/
Tajikistan,TJK,Ubaydullo,Rustami,Ubaydullo Rustami,"Rustami, Ubaydullo",rustami ubaydullo,https://www.imo-official.org/results/individual/country/TJK/
Tajikistan,TJK,Jamshed,Rustamov,Jamshed Rustamov,"Rustamov, Jamshed",jamshed rustamov,https://www.imo-official.org/results/individual/country/TJK/
Tajikistan,TJK,Eraj,Sabirov,Eraj Sabirov,"Sabirov, Eraj",eraj sabirov,https://www.imo-official.org/results/individual/country/TJK/
Tajikistan,TJK,Shohin,Sadullozoda,Shohin Sadullozoda,"Sadullozoda, Shohin",sadullozoda shohin,https://www.imo-official.org/results/individual/country/TJK/
Tajikistan,TJK,Shodavlat,Saidmukhammadi,Shodavlat Saidmukhammadi,"Saidmukhammadi, Shodavlat",saidmukhammadi shodavlat,https://www.imo-official.org/results/individual/country/TJK/
Tajikistan,TJK,Tokhir,Saidzoda,Tokhir Saidzoda,"Saidzoda, Tokhir",saidzoda tokhir,https://www.imo-official.org/results/individual/country/TJK/
Tajikistan,TJK,Muhammadidris,Saimuhudinzoda,Muhammadidris Saimuhudinzoda,"Saimuhudinzoda, Muhammadidris",muhammadidris saimuhudinzoda,https://www.imo-official.org/results/individual/country/TJK/
Tajikistan,TJK,Shakhzodshokhi,Shamsiddin,Shakhzodshokhi Shamsiddin,"Shamsiddin, Shakhzodshokhi",shakhzodshokhi shamsiddin,https://www.imo-official.org/results/individual/country/TJK/
Tajikistan,TJK,Dzhakhongir,Sharipov,Dzhakhongir Sharipov,"Sharipov, Dzhakhongir",dzhakhongir sharipov,https://www.imo-official.org/results/individual/country/TJK/
Tajikistan,TJK,Farhod,Sharipov,Farhod Sharipov,"Sharipov, Farhod",farhod sharipov,https://www.imo-official.org/results/individual/country/TJK/
Tajikistan,TJK,Sino,Sharopov,Sino Sharopov,"Sharopov, Sino",sharopov sino,https://www.imo-official.org/results/individual/country/TJK/
Tajikistan,TJK,Muhamadjon,Shoev,Muhamadjon Shoev,"Shoev, Muhamadjon",muhamadjon shoev,https://www.imo-official.org/results/individual/country/TJK/
Tajikistan,TJK,Mehrubon,Sitamov,Mehrubon Sitamov,"Sitamov, Mehrubon",mehrubon sitamov,https://www.imo-official.org/results/individual/country/TJK/
Tajikistan,TJK,Farkhod,Sokhibnazarov,Farkhod Sokhibnazarov,"Sokhibnazarov, Farkhod",farkhod sokhibnazarov,https://www.imo-official.org/results/individual/country/TJK/
Tajikistan,TJK,Olimdzhon,Tukhtarov,Olimdzhon Tukhtarov,"Tukhtarov, Olimdzhon",olimdzhon tukhtarov,https://www.imo-official.org/results/individual/country/TJK/
Tajikistan,TJK,Dzhakhongir,Urakov,Dzhakhongir Urakov,"Urakov, Dzhakhongir",dzhakhongir urakov,https://www.imo-official.org/results/individual/country/TJK/
Tajikistan,TJK,Abubakr,Usmanov,Abubakr Usmanov,"Usmanov, Abubakr",abubakr usmanov,https://www.imo-official.org/results/individual/country/TJK/
Tajikistan,TJK,Timur,Usmonov,Timur Usmonov,"Usmonov, Timur",timur usmonov,https://www.imo-official.org/results/individual/country/TJK/
Tajikistan,TJK,Abdurashid,Vakhobov,Abdurashid Vakhobov,"Vakhobov, Abdurashid",abdurashid vakhobov,https://www.imo-official.org/results/individual/country/TJK/
Tajikistan,TJK,Mekhrubon,Yusupov,Mekhrubon Yusupov,"Yusupov, Mekhrubon",mekhrubon yusupov,https://www.imo-official.org/results/individual/country/TJK/
Tajikistan,TJK,Bekhruz,Zamonov,Bekhruz Zamonov,"Zamonov, Bekhruz",bekhruz zamonov,https://www.imo-official.org/results/individual/country/TJK/
Tajikistan,TJK,Zarmehr,Zarifi,Zarmehr Zarifi,"Zarifi, Zarmehr",zarifi zarmehr,https://www.imo-official.org/results/individual/country/TJK/
Thailand,THA,Saran,Ahuja,Saran Ahuja,"Ahuja, Saran",ahuja saran,https://www.imo-official.org/results/individual/country/THA/
Thailand,THA,Wichaphon,Akarasereenont,Wichaphon Akarasereenont,"Akarasereenont, Wichaphon",akarasereenont wichaphon,https://www.imo-official.org/results/individual/country/THA/
Thailand,THA,Nathanon,Akkaraphab,Nathanon Akkaraphab,"Akkaraphab, Nathanon",akkaraphab nathanon,https://www.imo-official.org/results/individual/country/THA/
Thailand,THA,Nithid,Anchaleenukoon,Nithid Anchaleenukoon,"Anchaleenukoon, Nithid",anchaleenukoon nithid,https://www.imo-official.org/results/individual/country/THA/
Thailand,THA,Jirawat,Anunrojwong,Jirawat Anunrojwong,"Anunrojwong, Jirawat",anunrojwong jirawat,https://www.imo-official.org/results/individual/country/THA/
Thailand,THA,Napon,Apintanaphong,Napon Apintanaphong,"Apintanaphong, Napon",apintanaphong napon,https://www.imo-official.org/results/individual/country/THA/
Thailand,THA,Somyos,Assamongkol,Somyos Assamongkol,"Assamongkol, Somyos",assamongkol somyos,https://www.imo-official.org/results/individual/country/THA/
Thailand,THA,Siripong,Atipan,Siripong Atipan,"Atipan, Siripong",atipan siripong,https://www.imo-official.org/results/individual/country/THA/
Thailand,THA,Nuttapong,Attrapadung,Nuttapong Attrapadung,"Attrapadung, Nuttapong",attrapadung nuttapong,https://www.imo-official.org/results/individual/country/THA/
Thailand,THA,Natth,Bejraburnin,Natth Bejraburnin,"Bejraburnin, Natth",bejraburnin natth,https://www.imo-official.org/results/individual/country/THA/
Thailand,THA,Theerawat,Bhudisaksang,Theerawat Bhudisaksang,"Bhudisaksang, Theerawat",bhudisaksang theerawat,https://www.imo-official.org/results/individual/country/THA/
Thailand,THA,Pongpak,Bhumiwat,Pongpak Bhumiwat,"Bhumiwat, Pongpak",bhumiwat pongpak,https://www.imo-official.org/results/individual/country/THA/
Thailand,THA,Krit,Boonsiriseth,Krit Boonsiriseth,"Boonsiriseth, Krit",boonsiriseth krit,https://www.imo-official.org/results/individual/country/THA/
Thailand,THA,Sarita,Bunsupha,Sarita Bunsupha,"Bunsupha, Sarita",bunsupha sarita,https://www.imo-official.org/results/individual/country/THA/
Thailand,THA,Chesphongphach,Buranasilp,Chesphongphach Buranasilp,"Buranasilp, Chesphongphach",buranasilp chesphongphach,https://www.imo-official.org/results/individual/country/THA/
Thailand,THA,Panu,Chaichanawong,Panu Chaichanawong,"Chaichanawong, Panu",chaichanawong panu,https://www.imo-official.org/results/individual/country/THA/
Thailand,THA,Udomsak,Chaisrithong,Udomsak Chaisrithong,"Chaisrithong, Udomsak",chaisrithong udomsak,https://www.imo-official.org/results/individual/country/THA/
Thailand,THA,Parinya,Chalermsook,Parinya Chalermsook,"Chalermsook, Parinya",chalermsook parinya,https://www.imo-official.org/results/individual/country/THA/
Thailand,THA,Wasuwat,Chandang,Wasuwat Chandang,"Chandang, Wasuwat",chandang wasuwat,https://www.imo-official.org/results/individual/country/THA/
Thailand,THA,Aphiwit,Channarong,Aphiwit Channarong,"Channarong, Aphiwit",aphiwit channarong,https://www.imo-official.org/results/individual/country/THA/
Thailand,THA,Somporn,Chanprajakwanich,Somporn Chanprajakwanich,"Chanprajakwanich, Somporn",chanprajakwanich somporn,https://www.imo-official.org/results/individual/country/THA/
Thailand,THA,Tonkid,Chantrasmi,Tonkid Chantrasmi,"Chantrasmi, Tonkid",chantrasmi tonkid,https://www.imo-official.org/results/individual/country/THA/
Thailand,THA,Chatawut,Chanvanichskul,Chatawut Chanvanichskul,"Chanvanichskul, Chatawut",chanvanichskul chatawut,https://www.imo-official.org/results/individual/country/THA/
Thailand,THA,Korakot,Chaovavanich,Korakot Chaovavanich,"Chaovavanich, Korakot",chaovavanich korakot,https://www.imo-official.org/results/individual/country/THA/
Thailand,THA,Nipith,Charoenngam,Nipith Charoenngam,"Charoenngam, Nipith",charoenngam nipith,https://www.imo-official.org/results/individual/country/THA/
Thailand,THA,Ethan,Chen,Ethan Chen,"Chen, Ethan",chen ethan,https://www.imo-official.org/results/individual/country/THA/
Thailand,THA,Somboon,Chiewcharnpipat,Somboon Chiewcharnpipat,"Chiewcharnpipat, Somboon",chiewcharnpipat somboon,https://www.imo-official.org/results/individual/country/THA/
Thailand,THA,Suchakree,Chueluecha,Suchakree Chueluecha,"Chueluecha, Suchakree",chueluecha suchakree,https://www.imo-official.org/results/individual/country/THA/
Thailand,THA,Wichian,Daorungroge,Wichian Daorungroge,"Daorungroge, Wichian",daorungroge wichian,https://www.imo-official.org/results/individual/country/THA/
Thailand,THA,?,Daroj,? Daroj,"Daroj, ?",daroj,https://www.imo-official.org/results/individual/country/THA/
Thailand,THA,Thunyachate,Ekvetchavit,Thunyachate Ekvetchavit,"Ekvetchavit, Thunyachate",ekvetchavit thunyachate,https://www.imo-official.org/results/individual/country/THA/
Thailand,THA,Siwakorn,Fuangkawinsombut,Siwakorn Fuangkawinsombut,"Fuangkawinsombut, Siwakorn",fuangkawinsombut siwakorn,https://www.imo-official.org/results/individual/country/THA/
Thailand,THA,Siravit,Hengsuvanich,Siravit Hengsuvanich,"Hengsuvanich, Siravit",hengsuvanich siravit,https://www.imo-official.org/results/individual/country/THA/
Thailand,THA,Wich,Huengwattanakul,Wich Huengwattanakul,"Huengwattanakul, Wich",huengwattanakul wich,https://www.imo-official.org/results/individual/country/THA/
Thailand,THA,Wisan,Imruethaijaroenchock,Wisan Imruethaijaroenchock,"Imruethaijaroenchock, Wisan",imruethaijaroenchock wisan,https://www.imo-official.org/results/individual/country/THA/
Thailand,THA,Werapong,Jarupoonphol,Werapong Jarupoonphol,"Jarupoonphol, Werapong",jarupoonphol werapong,https://www.imo-official.org/results/individual/country/THA/
Thailand,THA,Tanagorn,Jennawasin,Tanagorn Jennawasin,"Jennawasin, Tanagorn",jennawasin tanagorn,https://www.imo-official.org/results/individual/country/THA/
Thailand,THA,Jirayus,Jinapong,Jirayus Jinapong,"Jinapong, Jirayus",jinapong jirayus,https://www.imo-official.org/results/individual/country/THA/
Thailand,THA,Pasit,Jindanuwat,Pasit Jindanuwat,"Jindanuwat, Pasit",jindanuwat pasit,https://www.imo-official.org/results/individual/country/THA/
Thailand,THA,Pakawut,Jiradilok,Pakawut Jiradilok,"Jiradilok, Pakawut",jiradilok pakawut,https://www.imo-official.org/results/individual/country/THA/
Thailand,THA,Somrat,Jirawanichsakul,Somrat Jirawanichsakul,"Jirawanichsakul, Somrat",jirawanichsakul somrat,https://www.imo-official.org/results/individual/country/THA/
Thailand,THA,Watcharit,Jiraweeranuwat,Watcharit Jiraweeranuwat,"Jiraweeranuwat, Watcharit",jiraweeranuwat watcharit,https://www.imo-official.org/results/individual/country/THA/
Thailand,THA,Jen,Jootar,Jen Jootar,"Jootar, Jen",jen jootar,https://www.imo-official.org/results/individual/country/THA/
Thailand,THA,Supanat,Kamtue,Supanat Kamtue,"Kamtue, Supanat",kamtue supanat,https://www.imo-official.org/results/individual/country/THA/
Thailand,THA,Kritkorn,Karntikoon,Kritkorn Karntikoon,"Karntikoon, Kritkorn",karntikoon kritkorn,https://www.imo-official.org/results/individual/country/THA/
Thailand,THA,Prompt,Kerdphoksup,Prompt Kerdphoksup,"Kerdphoksup, Prompt",kerdphoksup prompt,https://www.imo-official.org/results/individual/country/THA/
Thailand,THA,Sumet,Ketsri,Sumet Ketsri,"Ketsri, Sumet",ketsri sumet,https://www.imo-official.org/results/individual/country/THA/
Thailand,THA,Thatchanok,Khampitak,Thatchanok Khampitak,"Khampitak, Thatchanok",khampitak thatchanok,https://www.imo-official.org/results/individual/country/THA/
Thailand,THA,Tirasan,Khandhawit,Tirasan Khandhawit,"Khandhawit, Tirasan",khandhawit tirasan,https://www.imo-official.org/results/individual/country/THA/
Thailand,THA,Siraphop,Khawplad,Siraphop Khawplad,"Khawplad, Siraphop",khawplad siraphop,https://www.imo-official.org/results/individual/country/THA/
Thailand,THA,Teeradej,Kittipassorn,Teeradej Kittipassorn,"Kittipassorn, Teeradej",kittipassorn teeradej,https://www.imo-official.org/results/individual/country/THA/
Thailand,THA,Nattakorn,Kittisut,Nattakorn Kittisut,"Kittisut, Nattakorn",kittisut nattakorn,https://www.imo-official.org/results/individual/country/THA/
Thailand,THA,Tanat,Komolsiripakdi,Tanat Komolsiripakdi,"Komolsiripakdi, Tanat",komolsiripakdi tanat,https://www.imo-official.org/results/individual/country/THA/
Thailand,THA,Thammarak,Korsakulthum,Thammarak Korsakulthum,"Korsakulthum, Thammarak",korsakulthum thammarak,https://www.imo-official.org/results/individual/country/THA/
Thailand,THA,Wittawat,Kositwattanarerk,Wittawat Kositwattanarerk,"Kositwattanarerk, Wittawat",kositwattanarerk wittawat,https://www.imo-official.org/results/individual/country/THA/
Thailand,THA,Pichai,Kriangsakcharoe,Pichai Kriangsakcharoe,"Kriangsakcharoe, Pichai",kriangsakcharoe pichai,https://www.imo-official.org/results/individual/country/THA/
Thailand,THA,Jittichai,Kujanakanoknad,Jittichai Kujanakanoknad,"Kujanakanoknad, Jittichai",jittichai kujanakanoknad,https://www.imo-official.org/results/individual/country/THA/
Thailand,THA,Thanard,Kurutach,Thanard Kurutach,"Kurutach, Thanard",kurutach thanard,https://www.imo-official.org/results/individual/country/THA/
Thailand,THA,Patpong,Laosuwan,Patpong Laosuwan,"Laosuwan, Patpong",laosuwan patpong,https://www.imo-official.org/results/individual/country/THA/
Thailand,THA,Papon,Lapate,Papon Lapate,"Lapate, Papon",lapate papon,https://www.imo-official.org/results/individual/country/THA/
Thailand,THA,?,Liengpansakul,? Liengpansakul,"Liengpansakul, ?",liengpansakul,https://www.imo-official.org/results/individual/country/THA/
Thailand,THA,Pinai,Linwong,Pinai Linwong,"Linwong, Pinai",linwong pinai,https://www.imo-official.org/results/individual/country/THA/
Thailand,THA,Kritsakorn,Luangvilai,Kritsakorn Luangvilai,"Luangvilai, Kritsakorn",kritsakorn luangvilai,https://www.imo-official.org/results/individual/country/THA/
Thailand,THA,Ukrit,Mankong,Ukrit Mankong,"Mankong, Ukrit",mankong ukrit,https://www.imo-official.org/results/individual/country/THA/
Thailand,THA,Petch,Manoharn,Petch Manoharn,"Manoharn, Petch",manoharn petch,https://www.imo-official.org/results/individual/country/THA/
Thailand,THA,Pasin,Manurangsi,Pasin Manurangsi,"Manurangsi, Pasin",manurangsi pasin,https://www.imo-official.org/results/individual/country/THA/
Thailand,THA,Vorapas,Meejitpaisarn,Vorapas Meejitpaisarn,"Meejitpaisarn, Vorapas",meejitpaisarn vorapas,https://www.imo-official.org/results/individual/country/THA/
Thailand,THA,Khamron,Mekchay,Khamron Mekchay,"Mekchay, Khamron",khamron mekchay,https://www.imo-official.org/results/individual/country/THA/
Thailand,THA,Jirapat,Methaseth,Jirapat Methaseth,"Methaseth, Jirapat",jirapat methaseth,https://www.imo-official.org/results/individual/country/THA/
Thailand,THA,Paisan,Nakmahachalasint,Paisan Nakmahachalasint,"Nakmahachalasint, Paisan",nakmahachalasint paisan,https://www.imo-official.org/results/individual/country/THA/
Thailand,THA,Thanasin,Nampaisarn,Thanasin Nampaisarn,"Nampaisarn, Thanasin",nampaisarn thanasin,https://www.imo-official.org/results/individual/country/THA/
Thailand,THA,Krittitee,Naulkhao,Krittitee Naulkhao,"Naulkhao, Krittitee",krittitee naulkhao,https://www.imo-official.org/results/individual/country/THA/
Thailand,THA,Leenhapong,Navaravong,Leenhapong Navaravong,"Navaravong, Leenhapong",leenhapong navaravong,https://www.imo-official.org/results/individual/country/THA/
Thailand,THA,Weerachai,Neeranartvong,Weerachai Neeranartvong,"Neeranartvong, Weerachai",neeranartvong weerachai,https://www.imo-official.org/results/individual/country/THA/
Thailand,THA,Thee,Ngamsangrat,Thee Ngamsangrat,"Ngamsangrat, Thee",ngamsangrat thee,https://www.imo-official.org/results/individual/country/THA/
Thailand,THA,Soontorn,Oraintara,Soontorn Oraintara,"Oraintara, Soontorn",oraintara soontorn,https://www.imo-official.org/results/individual/country/THA/
Thailand,THA,Payut,Pantawongdecha,Payut Pantawongdecha,"Pantawongdecha, Payut",pantawongdecha payut,https://www.imo-official.org/results/individual/country/THA/
Thailand,THA,Prachya,Passaranon,Prachya Passaranon,"Passaranon, Prachya",passaranon prachya,https://www.imo-official.org/results/individual/country/THA/
Thailand,THA,Panupong,Pasupat,Panupong Pasupat,"Pasupat, Panupong",panupong pasupat,https://www.imo-official.org/results/individual/country/THA/
Thailand,THA,Woradat,Pattayawun,Woradat Pattayawun,"Pattayawun, Woradat",pattayawun woradat,https://www.imo-official.org/results/individual/country/THA/
Thailand,THA,Napachak,Phasukavanich,Napachak Phasukavanich,"Phasukavanich, Napachak",napachak phasukavanich,https://www.imo-official.org/results/individual/country/THA/
Thailand,THA,Sopanan,Piboonrattanakit,Sopanan Piboonrattanakit,"Piboonrattanakit, Sopanan",piboonrattanakit sopanan,https://www.imo-official.org/results/individual/country/THA/
Thailand,THA,Patanasang,Pinijpichitkul,Patanasang Pinijpichitkul,"Pinijpichitkul, Patanasang",patanasang pinijpichitkul,https://www.imo-official.org/results/individual/country/THA/
Thailand,THA,Sirawit,Pipittanaban,Sirawit Pipittanaban,"Pipittanaban, Sirawit",pipittanaban sirawit,https://www.imo-official.org/results/individual/country/THA/
Thailand,THA,Nipun,Pitimanaaree,Nipun Pitimanaaree,"Pitimanaaree, Nipun",nipun pitimanaaree,https://www.imo-official.org/results/individual/country/THA/
Thailand,THA,Natee,Pitiwan,Natee Pitiwan,"Pitiwan, Natee",natee pitiwan,https://www.imo-official.org/results/individual/country/THA/
Thailand,THA,Gongphop,Piyakamalanon,Gongphop Piyakamalanon,"Piyakamalanon, Gongphop",gongphop piyakamalanon,https://www.imo-official.org/results/individual/country/THA/
Thailand,THA,Tanapong,Potipiti,Tanapong Potipiti,"Potipiti, Tanapong",potipiti tanapong,https://www.imo-official.org/results/individual/country/THA/
Thailand,THA,Yothin,Rakvongthai,Yothin Rakvongthai,"Rakvongthai, Yothin",rakvongthai yothin,https://www.imo-official.org/results/individual/country/THA/
Thailand,THA,Vasawat,Rawangwong,Vasawat Rawangwong,"Rawangwong, Vasawat",rawangwong vasawat,https://www.imo-official.org/results/individual/country/THA/
Thailand,THA,Nattawut,Roengpongkanjana,Nattawut Roengpongkanjana,"Roengpongkanjana, Nattawut",nattawut roengpongkanjana,https://www.imo-official.org/results/individual/country/THA/
Thailand,THA,Suthee,Ruangwises,Suthee Ruangwises,"Ruangwises, Suthee",ruangwises suthee,https://www.imo-official.org/results/individual/country/THA/
Thailand,THA,Pongpol,Ruankong,Pongpol Ruankong,"Ruankong, Pongpol",pongpol ruankong,https://www.imo-official.org/results/individual/country/THA/
Thailand,THA,Napat,Rujeerapaiboon,Napat Rujeerapaiboon,"Rujeerapaiboon, Napat",napat rujeerapaiboon,https://www.imo-official.org/results/individual/country/THA/
Thailand,THA,Jaroon,Rungamornrut,Jaroon Rungamornrut,"Rungamornrut, Jaroon",jaroon rungamornrut,https://www.imo-official.org/results/individual/country/THA/
Thailand,THA,Worrawat,Rungaramsin,Worrawat Rungaramsin,"Rungaramsin, Worrawat",rungaramsin worrawat,https://www.imo-official.org/results/individual/country/THA/
Thailand,THA,Thawatchai,Rungsihirunrat,Thawatchai Rungsihirunrat,"Rungsihirunrat, Thawatchai",rungsihirunrat thawatchai,https://www.imo-official.org/results/individual/country/THA/
Thailand,THA,Nithi,Rungthanapirom,Nithi Rungthanapirom,"Rungthanapirom, Nithi",nithi rungthanapirom,https://www.imo-official.org/results/individual/country/THA/
Thailand,THA,Tanawit,Sae Sue,Tanawit Sae Sue,"Sae Sue, Tanawit",sae sue tanawit,https://www.imo-official.org/results/individual/country/THA/
Thailand,THA,Warawut,Saekok,Warawut Saekok,"Saekok, Warawut",saekok warawut,https://www.imo-official.org/results/individual/country/THA/
Thailand,THA,Pitchayut,Saengrungkongka,Pitchayut Saengrungkongka,"Saengrungkongka, Pitchayut",pitchayut saengrungkongka,https://www.imo-official.org/results/individual/country/THA/
Thailand,THA,Sujin,Saetang,Sujin Saetang,"Saetang, Sujin",saetang sujin,https://www.imo-official.org/results/individual/country/THA/
Thailand,THA,Supharerk,Sakoonchaipondlerd,Supharerk Sakoonchaipondlerd,"Sakoonchaipondlerd, Supharerk",sakoonchaipondlerd supharerk,https://www.imo-official.org/results/individual/country/THA/
Thailand,THA,Paramuth,Samuthrsindh,Paramuth Samuthrsindh,"Samuthrsindh, Paramuth",paramuth samuthrsindh,https://www.imo-official.org/results/individual/country/THA/
Thailand,THA,Pawit,Sangchant,Pawit Sangchant,"Sangchant, Pawit",pawit sangchant,https://www.imo-official.org/results/individual/country/THA/
Thailand,THA,Sivakorn,Sanguanmoo,Sivakorn Sanguanmoo,"Sanguanmoo, Sivakorn",sanguanmoo sivakorn,https://www.imo-official.org/results/individual/country/THA/
Thailand,THA,Saree,Satukijchai,Saree Satukijchai,"Satukijchai, Saree",saree satukijchai,https://www.imo-official.org/results/individual/country/THA/
Thailand,THA,Dawn,Sawangsap,Dawn Sawangsap,"Sawangsap, Dawn",dawn sawangsap,https://www.imo-official.org/results/individual/country/THA/
Thailand,THA,Pachara,Sawettamalya,Pachara Sawettamalya,"Sawettamalya, Pachara",pachara sawettamalya,https://www.imo-official.org/results/individual/country/THA/
Thailand,THA,Paisa,Seeluangsawat,Paisa Seeluangsawat,"Seeluangsawat, Paisa",paisa seeluangsawat,https://www.imo-official.org/results/individual/country/THA/
Thailand,THA,Dungjade,Shiowattana,Dungjade Shiowattana,"Shiowattana, Dungjade",dungjade shiowattana,https://www.imo-official.org/results/individual/country/THA/
Thailand,THA,Kiattipoom,Sicharoen,Kiattipoom Sicharoen,"Sicharoen, Kiattipoom",kiattipoom sicharoen,https://www.imo-official.org/results/individual/country/THA/
Thailand,THA,Chetaphan,Siridanupath,Chetaphan Siridanupath,"Siridanupath, Chetaphan",chetaphan siridanupath,https://www.imo-official.org/results/individual/country/THA/
Thailand,THA,Nitiwit,Sirimalaisuwan,Nitiwit Sirimalaisuwan,"Sirimalaisuwan, Nitiwit",nitiwit sirimalaisuwan,https://www.imo-official.org/results/individual/country/THA/
Thailand,THA,Kunlaya,Soiaporn,Kunlaya Soiaporn,"Soiaporn, Kunlaya",kunlaya soiaporn,https://www.imo-official.org/results/individual/country/THA/
Thailand,THA,Thana,Somsirivattana,Thana Somsirivattana,"Somsirivattana, Thana",somsirivattana thana,https://www.imo-official.org/results/individual/country/THA/
Thailand,THA,Sirote,Sookprem,Sirote Sookprem,"Sookprem, Sirote",sirote sookprem,https://www.imo-official.org/results/individual/country/THA/
Thailand,THA,Nat,Sothanaphan,Nat Sothanaphan,"Sothanaphan, Nat",nat sothanaphan,https://www.imo-official.org/results/individual/country/THA/
Thailand,THA,Pipitchaya,Sridam,Pipitchaya Sridam,"Sridam, Pipitchaya",pipitchaya sridam,https://www.imo-official.org/results/individual/country/THA/
Thailand,THA,Kitisak,Srinarupat,Kitisak Srinarupat,"Srinarupat, Kitisak",kitisak srinarupat,https://www.imo-official.org/results/individual/country/THA/
Thailand,THA,Sira,Sriswasdi,Sira Sriswasdi,"Sriswasdi, Sira",sira sriswasdi,https://www.imo-official.org/results/individual/country/THA/
Thailand,THA,Nuttapon,Sujijuntararut,Nuttapon Sujijuntararut,"Sujijuntararut, Nuttapon",nuttapon sujijuntararut,https://www.imo-official.org/results/individual/country/THA/
Thailand,THA,Warut,Suksompong,Warut Suksompong,"Suksompong, Warut",suksompong warut,https://www.imo-official.org/results/individual/country/THA/
Thailand,THA,Ongart,Supackchookul,Ongart Supackchookul,"Supackchookul, Ongart",ongart supackchookul,https://www.imo-official.org/results/individual/country/THA/
Thailand,THA,Chatchanun,Suriyaammaranon,Chatchanun Suriyaammaranon,"Suriyaammaranon, Chatchanun",chatchanun suriyaammaranon,https://www.imo-official.org/results/individual/country/THA/
Thailand,THA,Potcharapol,Suteparuk,Potcharapol Suteparuk,"Suteparuk, Potcharapol",potcharapol suteparuk,https://www.imo-official.org/results/individual/country/THA/
Thailand,THA,Tayakorn,Suwanich,Tayakorn Suwanich,"Suwanich, Tayakorn",suwanich tayakorn,https://www.imo-official.org/results/individual/country/THA/
Thailand,THA,Kornchawan,Tantivisethsak,Kornchawan Tantivisethsak,"Tantivisethsak, Kornchawan",kornchawan tantivisethsak,https://www.imo-official.org/results/individual/country/THA/
Thailand,THA,Phaisarn,Techajaruwong,Phaisarn Techajaruwong,"Techajaruwong, Phaisarn",phaisarn techajaruwong,https://www.imo-official.org/results/individual/country/THA/
Thailand,THA,Pawat,Techapongtada,Pawat Techapongtada,"Techapongtada, Pawat",pawat techapongtada,https://www.imo-official.org/results/individual/country/THA/
Thailand,THA,Natanon,Therdpraisan,Natanon Therdpraisan,"Therdpraisan, Natanon",natanon therdpraisan,https://www.imo-official.org/results/individual/country/THA/
Thailand,THA,Sarunyu,Thongjarast,Sarunyu Thongjarast,"Thongjarast, Sarunyu",sarunyu thongjarast,https://www.imo-official.org/results/individual/country/THA/
Thailand,THA,Wuttisak,Trongsiriwat,Wuttisak Trongsiriwat,"Trongsiriwat, Wuttisak",trongsiriwat wuttisak,https://www.imo-official.org/results/individual/country/THA/
Thailand,THA,Thitidej,Ujjathammarat,Thitidej Ujjathammarat,"Ujjathammarat, Thitidej",thitidej ujjathammarat,https://www.imo-official.org/results/individual/country/THA/
Thailand,THA,Patompong,Ungprasert,Patompong Ungprasert,"Ungprasert, Patompong",patompong ungprasert,https://www.imo-official.org/results/individual/country/THA/
Thailand,THA,Suchan,Vivatsethachai,Suchan Vivatsethachai,"Vivatsethachai, Suchan",suchan vivatsethachai,https://www.imo-official.org/results/individual/country/THA/
Thailand,THA,Treetased,Vividhwara,Treetased Vividhwara,"Vividhwara, Treetased",treetased vividhwara,https://www.imo-official.org/results/individual/country/THA/
Thailand,THA,Teerawut,Wannaphahoon,Teerawut Wannaphahoon,"Wannaphahoon, Teerawut",teerawut wannaphahoon,https://www.imo-official.org/results/individual/country/THA/
Thailand,THA,Phumpong,Watanaprakornkul,Phumpong Watanaprakornkul,"Watanaprakornkul, Phumpong",phumpong watanaprakornkul,https://www.imo-official.org/results/individual/country/THA/
Thailand,THA,Sarawut,Wattanapanee,Sarawut Wattanapanee,"Wattanapanee, Sarawut",sarawut wattanapanee,https://www.imo-official.org/results/individual/country/THA/
Thailand,THA,Phusit,Wattanawongwibul,Phusit Wattanawongwibul,"Wattanawongwibul, Phusit",phusit wattanawongwibul,https://www.imo-official.org/results/individual/country/THA/
Thailand,THA,Aekkawin,Wisitkiatchai,Aekkawin Wisitkiatchai,"Wisitkiatchai, Aekkawin",aekkawin wisitkiatchai,https://www.imo-official.org/results/individual/country/THA/
Thailand,THA,Chalermpong,Worawannotai,Chalermpong Worawannotai,"Worawannotai, Chalermpong",chalermpong worawannotai,https://www.imo-official.org/results/individual/country/THA/
Thailand,THA,Wijit,Yangjit,Wijit Yangjit,"Yangjit, Wijit",wijit yangjit,https://www.imo-official.org/results/individual/country/THA/
Thailand,THA,Yolrada,Yongpisanpob,Yolrada Yongpisanpob,"Yongpisanpob, Yolrada",yolrada yongpisanpob,https://www.imo-official.org/results/individual/country/THA/
Trinidad and Tobago,TTO,Alex,Adams,Alex Adams,"Adams, Alex",adams alex,https://www.imo-official.org/results/individual/country/TTO/
Trinidad and Tobago,TTO,Alex Nicholas,Adams,Alex Nicholas Adams,"Adams, Alex Nicholas",adams alex nicholas,https://www.imo-official.org/results/individual/country/TTO/
Trinidad and Tobago,TTO,Andrew,Affoo,Andrew Affoo,"Affoo, Andrew",affoo andrew,https://www.imo-official.org/results/individual/country/TTO/
Trinidad and Tobago,TTO,Abuenameh,Aiyejina,Abuenameh Aiyejina,"Aiyejina, Abuenameh",abuenameh aiyejina,https://www.imo-official.org/results/individual/country/TTO/
Trinidad and Tobago,TTO,Amanda Mary,Aleong,Amanda Mary Aleong,"Aleong, Amanda Mary",aleong amanda mary,https://www.imo-official.org/results/individual/country/TTO/
Trinidad and Tobago,TTO,Ricardo,Ambrose,Ricardo Ambrose,"Ambrose, Ricardo",ambrose ricardo,https://www.imo-official.org/results/individual/country/TTO/
Trinidad and Tobago,TTO,Brandon,Antoine,Brandon Antoine,"Antoine, Brandon",antoine brandon,https://www.imo-official.org/results/individual/country/TTO/
Trinidad and Tobago,TTO,Maryam,Archie,Maryam Archie,"Archie, Maryam",archie maryam,https://www.imo-official.org/results/individual/country/TTO/
Trinidad and Tobago,TTO,Brian,Armour,Brian Armour,"Armour, Brian",armour brian,https://www.imo-official.org/results/individual/country/TTO/
Trinidad and Tobago,TTO,Kavita,Baball,Kavita Baball,"Baball, Kavita",baball kavita,https://www.imo-official.org/results/individual/country/TTO/
Trinidad and Tobago,TTO,Ravi,Baball,Ravi Baball,"Baball, Ravi",baball ravi,https://www.imo-official.org/results/individual/country/TTO/
Trinidad and Tobago,TTO,Sarasvati,Bahadursingh,Sarasvati Bahadursingh,"Bahadursingh, Sarasvati",bahadursingh sarasvati,https://www.imo-official.org/results/individual/country/TTO/
Trinidad and Tobago,TTO,Lesley,Barnes,Lesley Barnes,"Barnes, Lesley",barnes lesley,https://www.imo-official.org/results/individual/country/TTO/
Trinidad and Tobago,TTO,William,Blackwell II,William Blackwell II,"Blackwell II, William",blackwell ii william,https://www.imo-official.org/results/individual/country/TTO/
Trinidad and Tobago,TTO,Marcus,Bosland,Marcus Bosland,"Bosland, Marcus",bosland marcus,https://www.imo-official.org/results/individual/country/TTO/
Trinidad and Tobago,TTO,Christopher,Brereton,Christopher Brereton,"Brereton, Christopher",brereton christopher,https://www.imo-official.org/results/individual/country/TTO/
Trinidad and Tobago,TTO,Yurie,Budhu,Yurie Budhu,"Budhu, Yurie",budhu yurie,https://www.imo-official.org/results/individual/country/TTO/
Trinidad and Tobago,TTO,Preston,Chang Kit,Preston Chang Kit,"Chang Kit, Preston",chang kit preston,https://www.imo-official.org/results/individual/country/TTO/
Trinidad and Tobago,TTO,Keren,Charles,Keren Charles,"Charles, Keren",charles keren,https://www.imo-official.org/results/individual/country/TTO/
Trinidad and Tobago,TTO,Kezia,Charles,Kezia Charles,"Charles, Kezia",charles kezia,https://www.imo-official.org/results/individual/country/TTO/
Trinidad and Tobago,TTO,Adrian,Chung,Adrian Chung,"Chung, Adrian",adrian chung,https://www.imo-official.org/results/individual/country/TTO/
Trinidad and Tobago,TTO,Ilijah,Corbin,Ilijah Corbin,"Corbin, Ilijah",corbin ilijah,https://www.imo-official.org/results/individual/country/TTO/
Trinidad and Tobago,TTO,Stephen,Dabideen,Stephen Dabideen,"Dabideen, Stephen",dabideen stephen,https://www.imo-official.org/results/individual/country/TTO/
Trinidad and Tobago,TTO,Joshua,Davis,Joshua Davis,"Davis, Joshua",davis joshua,https://www.imo-official.org/results/individual/country/TTO/
Trinidad and Tobago,TTO,Surrin,Deen,Surrin Deen,"Deen, Surrin",deen surrin,https://www.imo-official.org/results/individual/country/TTO/
Trinidad and Tobago,TTO,Desmond,Deonanan,Desmond Deonanan,"Deonanan, Desmond",deonanan desmond,https://www.imo-official.org/results/individual/country/TTO/
Trinidad and Tobago,TTO,Kiran,Dyaanand,Kiran Dyaanand,"Dyaanand, Kiran",dyaanand kiran,https://www.imo-official.org/results/individual/country/TTO/
Trinidad and Tobago,TTO,Keith,Francis,Keith Francis,"Francis, Keith",francis keith,https://www.imo-official.org/results/individual/country/TTO/
Trinidad and Tobago,TTO,Rahul,Gopeesingh,Rahul Gopeesingh,"Gopeesingh, Rahul",gopeesingh rahul,https://www.imo-official.org/results/individual/country/TTO/
Trinidad and Tobago,TTO,Rajeev Vivek Dasrath,Gopeesingh,Rajeev Vivek Dasrath Gopeesingh,"Gopeesingh, Rajeev Vivek Dasrath",dasrath gopeesingh rajeev vivek,https://www.imo-official.org/results/individual/country/TTO/
Trinidad and Tobago,TTO,Rajini,Haraksingh,Rajini Haraksingh,"Haraksingh, Rajini",haraksingh rajini,https://www.imo-official.org/results/individual/country/TTO/
Trinidad and Tobago,TTO,Hugh Jordan,Hoford,Hugh Jordan Hoford,"Hoford, Hugh Jordan",hoford hugh jordan,https://www.imo-official.org/results/individual/country/TTO/
Trinidad and Tobago,TTO,Stephanie Giselle Kamille,Hosang,Stephanie Giselle Kamille Hosang,"Hosang, Stephanie Giselle Kamille",giselle hosang kamille stephanie,https://www.imo-official.org/results/individual/country/TTO/
Trinidad and Tobago,TTO,Peter,Hosein,Peter Hosein,"Hosein, Peter",hosein peter,https://www.imo-official.org/results/individual/country/TTO/
Trinidad and Tobago,TTO,Ziyad,Hosein,Ziyad Hosein,"Hosein, Ziyad",hosein ziyad,https://www.imo-official.org/results/individual/country/TTO/
Trinidad and Tobago,TTO,Sean,Jackman,Sean Jackman,"Jackman, Sean",jackman sean,https://www.imo-official.org/results/individual/country/TTO/
Trinidad and Tobago,TTO,Aarti,Jagmohansingh,Aarti Jagmohansingh,"Jagmohansingh, Aarti",aarti jagmohansingh,https://www.imo-official.org/results/individual/country/TTO/
Trinidad and Tobago,TTO,Siddhartha,Jahorie,Siddhartha Jahorie,"Jahorie, Siddhartha",jahorie siddhartha,https://www.imo-official.org/results/individual/country/TTO/
Trinidad and Tobago,TTO,Siddarth,Kamath,Siddarth Kamath,"Kamath, Siddarth",kamath siddarth,https://www.imo-official.org/results/individual/country/TTO/
Trinidad and Tobago,TTO,Joseph,Kelshall,Joseph Kelshall,"Kelshall, Joseph",joseph kelshall,https://www.imo-official.org/results/individual/country/TTO/
Trinidad and Tobago,TTO,Ashvini,Keshavan,Ashvini Keshavan,"Keshavan, Ashvini",ashvini keshavan,https://www.imo-official.org/results/individual/country/TTO/
Trinidad and Tobago,TTO,Nandaki,Keshavan,Nandaki Keshavan,"Keshavan, Nandaki",keshavan nandaki,https://www.imo-official.org/results/individual/country/TTO/
Trinidad and Tobago,TTO,Siddique,Khan,Siddique Khan,"Khan, Siddique",khan siddique,https://www.imo-official.org/results/individual/country/TTO/
Trinidad and Tobago,TTO,Steven,Khan,Steven Khan,"Khan, Steven",khan steven,https://www.imo-official.org/results/individual/country/TTO/
Trinidad and Tobago,TTO,Kevin,Khan-Kernaman,Kevin Khan-Kernaman,"Khan-Kernaman, Kevin",kernaman kevin khan,https://www.imo-official.org/results/individual/country/TTO/
Trinidad and Tobago,TTO,Amrik,Kochhar,Amrik Kochhar,"Kochhar, Amrik",amrik kochhar,https://www.imo-official.org/results/individual/country/TTO/
Trinidad and Tobago,TTO,Rakesh,Lal,Rakesh Lal,"Lal, Rakesh",lal rakesh,https://www.imo-official.org/results/individual/country/TTO/
Trinidad and Tobago,TTO,Geoff,Lee Seyon,Geoff Lee Seyon,"Lee Seyon, Geoff",geoff lee seyon,https://www.imo-official.org/results/individual/country/TTO/
Trinidad and Tobago,TTO,Justin,Llanos,Justin Llanos,"Llanos, Justin",justin llanos,https://www.imo-official.org/results/individual/country/TTO/
Trinidad and Tobago,TTO,Amir Nilesh,Mahadeo,Amir Nilesh Mahadeo,"Mahadeo, Amir Nilesh",amir mahadeo nilesh,https://www.imo-official.org/results/individual/country/TTO/
Trinidad and Tobago,TTO,Sanjeev Amrit,Mahadeo,Sanjeev Amrit Mahadeo,"Mahadeo, Sanjeev Amrit",amrit mahadeo sanjeev,https://www.imo-official.org/results/individual/country/TTO/
Trinidad and Tobago,TTO,Ravindra,Maharaj,Ravindra Maharaj,"Maharaj, Ravindra",maharaj ravindra,https://www.imo-official.org/results/individual/country/TTO/
Trinidad and Tobago,TTO,Sridevi,Maharaj,Sridevi Maharaj,"Maharaj, Sridevi",maharaj sridevi,https://www.imo-official.org/results/individual/country/TTO/
Trinidad and Tobago,TTO,Yogishwar,Maharaj,Yogishwar Maharaj,"Maharaj, Yogishwar",maharaj yogishwar,https://www.imo-official.org/results/individual/country/TTO/
Trinidad and Tobago,TTO,Vinay,Maniam,Vinay Maniam,"Maniam, Vinay",maniam vinay,https://www.imo-official.org/results/individual/country/TTO/
Trinidad and Tobago,TTO,Umesh,Manicum,Umesh Manicum,"Manicum, Umesh",manicum umesh,https://www.imo-official.org/results/individual/country/TTO/
Trinidad and Tobago,TTO,Vivek Reddy,Mathangi,Vivek Reddy Mathangi,"Mathangi, Vivek Reddy",mathangi reddy vivek,https://www.imo-official.org/results/individual/country/TTO/
Trinidad and Tobago,TTO,Christopher,Mejias,Christopher Mejias,"Mejias, Christopher",christopher mejias,https://www.imo-official.org/results/individual/country/TTO/
Trinidad and Tobago,TTO,Arjun Isa,Mohammed,Arjun Isa Mohammed,"Mohammed, Arjun Isa",arjun isa mohammed,https://www.imo-official.org/results/individual/country/TTO/
Trinidad and Tobago,TTO,Keron,Mootoosingh,Keron Mootoosingh,"Mootoosingh, Keron",keron mootoosingh,https://www.imo-official.org/results/individual/country/TTO/
Trinidad and Tobago,TTO,Alex,Navarro,Alex Navarro,"Navarro, Alex",alex navarro,https://www.imo-official.org/results/individual/country/TTO/
Trinidad and Tobago,TTO,Natalie,Nunes,Natalie Nunes,"Nunes, Natalie",natalie nunes,https://www.imo-official.org/results/individual/country/TTO/
Trinidad and Tobago,TTO,Navin,Parasram,Navin Parasram,"Parasram, Navin",navin parasram,https://www.imo-official.org/results/individual/country/TTO/
Trinidad and Tobago,TTO,Arhona Reshme,Pariag,Arhona Reshme Pariag,"Pariag, Arhona Reshme",arhona pariag reshme,https://www.imo-official.org/results/individual/country/TTO/
Trinidad and Tobago,TTO,Christopher,Patrick,Christopher Patrick,"Patrick, Christopher",christopher patrick,https://www.imo-official.org/results/individual/country/TTO/
Trinidad and Tobago,TTO,Sitara,Persad,Sitara Persad,"Persad, Sitara",persad sitara,https://www.imo-official.org/results/individual/country/TTO/
Trinidad and Tobago,TTO,Liam Anthony,Pinto,Liam Anthony Pinto,"Pinto, Liam Anthony",anthony liam pinto,https://www.imo-official.org/results/individual/country/TTO/
Trinidad and Tobago,TTO,Snehal,Pinto Pereira,Snehal Pinto Pereira,"Pinto Pereira, Snehal",pereira pinto snehal,https://www.imo-official.org/results/individual/country/TTO/
Trinidad and Tobago,TTO,Keagan Sachin,Ragoobar,Keagan Sachin Ragoobar,"Ragoobar, Keagan Sachin",keagan ragoobar sachin,https://www.imo-official.org/results/individual/country/TTO/
Trinidad and Tobago,TTO,Prasanna,Ramakrishnan,Prasanna Ramakrishnan,"Ramakrishnan, Prasanna",prasanna ramakrishnan,https://www.imo-official.org/results/individual/country/TTO/
Trinidad and Tobago,TTO,Prithvi,Ramakrishnan,Prithvi Ramakrishnan,"Ramakrishnan, Prithvi",prithvi ramakrishnan,https://www.imo-official.org/results/individual/country/TTO/
Trinidad and Tobago,TTO,Kirin Rajiv,Rambaran,Kirin Rajiv Rambaran,"Rambaran, Kirin Rajiv",kirin rajiv rambaran,https://www.imo-official.org/results/individual/country/TTO/
Trinidad and Tobago,TTO,Varaun,Ramgoolie,Varaun Ramgoolie,"Ramgoolie, Varaun",ramgoolie varaun,https://www.imo-official.org/results/individual/country/TTO/
Trinidad and Tobago,TTO,Ravi,Ramkissoon,Ravi Ramkissoon,"Ramkissoon, Ravi",ramkissoon ravi,https://www.imo-official.org/results/individual/country/TTO/
Trinidad and Tobago,TTO,Chandresh Amrit,Ramlagan,Chandresh Amrit Ramlagan,"Ramlagan, Chandresh Amrit",amrit chandresh ramlagan,https://www.imo-official.org/results/individual/country/TTO/
Trinidad and Tobago,TTO,Maehak Sandhya Jyoti,Ramlogan,Maehak Sandhya Jyoti Ramlogan,"Ramlogan, Maehak Sandhya Jyoti",jyoti maehak ramlogan sandhya,https://www.imo-official.org/results/individual/country/TTO/
Trinidad and Tobago,TTO,Jagdesh,Ramnanan,Jagdesh Ramnanan,"Ramnanan, Jagdesh",jagdesh ramnanan,https://www.imo-official.org/results/individual/country/TTO/
Trinidad and Tobago,TTO,Kai,Ramnath,Kai Ramnath,"Ramnath, Kai",kai ramnath,https://www.imo-official.org/results/individual/country/TTO/
Trinidad and Tobago,TTO,Sunella,Ramnath,Sunella Ramnath,"Ramnath, Sunella",ramnath sunella,https://www.imo-official.org/results/individual/country/TTO/
Trinidad and Tobago,TTO,Vishan,Ramoutar,Vishan Ramoutar,"Ramoutar, Vishan",ramoutar vishan,https://www.imo-official.org/results/individual/country/TTO/
Trinidad and Tobago,TTO,Saiesh,Rampersad,Saiesh Rampersad,"Rampersad, Saiesh",rampersad saiesh,https://www.imo-official.org/results/individual/country/TTO/
Trinidad and Tobago,TTO,Bjorn Varuun,Ramroop,Bjorn Varuun Ramroop,"Ramroop, Bjorn Varuun",bjorn ramroop varuun,https://www.imo-official.org/results/individual/country/TTO/
Trinidad and Tobago,TTO,Daniel,Ringis,Daniel Ringis,"Ringis, Daniel",daniel ringis,https://www.imo-official.org/results/individual/country/TTO/
Trinidad and Tobago,TTO,Celine,Roodal,Celine Roodal,"Roodal, Celine",celine roodal,https://www.imo-official.org/results/individual/country/TTO/
Trinidad and Tobago,TTO,Anil,Roopnarine,Anil Roopnarine,"Roopnarine, Anil",anil roopnarine,https://www.imo-official.org/results/individual/country/TTO/
Trinidad and Tobago,TTO,Anusha,Saha,Anusha Saha,"Saha, Anusha",anusha saha,https://www.imo-official.org/results/individual/country/TTO/
Trinidad and Tobago,TTO,Shastri,Sandy,Shastri Sandy,"Sandy, Shastri",sandy shastri,https://www.imo-official.org/results/individual/country/TTO/
Trinidad and Tobago,TTO,Shiva,Sandy,Shiva Sandy,"Sandy, Shiva",sandy shiva,https://www.imo-official.org/results/individual/country/TTO/
Trinidad and Tobago,TTO,Yohan,Seepersad,Yohan Seepersad,"Seepersad, Yohan",seepersad yohan,https://www.imo-official.org/results/individual/country/TTO/
Trinidad and Tobago,TTO,Jihanne Jozefe,Shepherd,Jihanne Jozefe Shepherd,"Shepherd, Jihanne Jozefe",jihanne jozefe shepherd,https://www.imo-official.org/results/individual/country/TTO/
Trinidad and Tobago,TTO,Shavak,Sinanan,Shavak Sinanan,"Sinanan, Shavak",shavak sinanan,https://www.imo-official.org/results/individual/country/TTO/
Trinidad and Tobago,TTO,Kerry Shastri,Singh,Kerry Shastri Singh,"Singh, Kerry Shastri",kerry shastri singh,https://www.imo-official.org/results/individual/country/TTO/
Trinidad and Tobago,TTO,Kieron Scott,Singh,Kieron Scott Singh,"Singh, Kieron Scott",kieron scott singh,https://www.imo-official.org/results/individual/country/TTO/
Trinidad and Tobago,TTO,Vinod,Sookram,Vinod Sookram,"Sookram, Vinod",sookram vinod,https://www.imo-official.org/results/individual/country/TTO/
Trinidad and Tobago,TTO,Adam Scott Darryl,Superville,Adam Scott Darryl Superville,"Superville, Adam Scott Darryl",adam darryl scott superville,https://www.imo-official.org/results/individual/country/TTO/
Trinidad and Tobago,TTO,Stephen,Yearwood-Davidson,Stephen Yearwood-Davidson,"Yearwood-Davidson, Stephen",davidson stephen yearwood,https://www.imo-official.org/results/individual/country/TTO/
Tunisia,TUN,Ahmed,Abbes,Ahmed Abbes,"Abbes, Ahmed",abbes ahmed,https://www.imo-official.org/results/individual/country/TUN/
Tunisia,TUN,Boufahja,Abderrazak,Boufahja Abderrazak,"Abderrazak, Boufahja",abderrazak boufahja,https://www.imo-official.org/results/individual/country/TUN/
Tunisia,TUN,Riadh,Abid,Riadh Abid,"Abid, Riadh",abid riadh,https://www.imo-official.org/results/individual/country/TUN/
Tunisia,TUN,Younes,Abid,Younes Abid,"Abid, Younes",abid younes,https://www.imo-official.org/results/individual/country/TUN/
Tunisia,TUN,Mahdi,Abouda,Mahdi Abouda,"Abouda, Mahdi",abouda mahdi,https://www.imo-official.org/results/individual/country/TUN/
Tunisia,TUN,Youssef Halim,Ajmi,Youssef Halim Ajmi,"Ajmi, Youssef Halim",ajmi halim youssef,https://www.imo-official.org/results/individual/country/TUN/
Tunisia,TUN,Adel,Akrout,Adel Akrout,"Akrout, Adel",adel akrout,https://www.imo-official.org/results/individual/country/TUN/
Tunisia,TUN,Imen,Allouch,Imen Allouch,"Allouch, Imen",allouch imen,https://www.imo-official.org/results/individual/country/TUN/
Tunisia,TUN,?,Allouche,? Allouche,"Allouche, ?",allouche,https://www.imo-official.org/results/individual/country/TUN/
Tunisia,TUN,Anis,Allouche,Anis Allouche,"Allouche, Anis",allouche anis,https://www.imo-official.org/results/individual/country/TUN/
Tunisia,TUN,Afrit Mohamed,Amine,Afrit Mohamed Amine,"Amine, Afrit Mohamed",afrit amine mohamed,https://www.imo-official.org/results/individual/country/TUN/
Tunisia,TUN,Bassem,Ammar,Bassem Ammar,"Ammar, Bassem",ammar bassem,https://www.imo-official.org/results/individual/country/TUN/
Tunisia,TUN,Mohamed,Ammar,Mohamed Ammar,"Ammar, Mohamed",ammar mohamed,https://www.imo-official.org/results/individual/country/TUN/
Tunisia,TUN,Fares,Arous,Fares Arous,"Arous, Fares",arous fares,https://www.imo-official.org/results/individual/country/TUN/
Tunisia,TUN,Othmen,Aweb,Othmen Aweb,"Aweb, Othmen",aweb othmen,https://www.imo-official.org/results/individual/country/TUN/
Tunisia,TUN,Khalil,Ayadi,Khalil Ayadi,"Ayadi, Khalil",ayadi khalil,https://www.imo-official.org/results/individual/country/TUN/
Tunisia,TUN,Remili,Ayemen,Remili Ayemen,"Ayemen, Remili",ayemen remili,https://www.imo-official.org/results/individual/country/TUN/
Tunisia,TUN,Abdennour,Barhoumi,Abdennour Barhoumi,"Barhoumi, Abdennour",abdennour barhoumi,https://www.imo-official.org/results/individual/country/TUN/
Tunisia,TUN,Bassel,Belhadj,Bassel Belhadj,"Belhadj, Bassel",bassel belhadj,https://www.imo-official.org/results/individual/country/TUN/
Tunisia,TUN,Valid,Ben Ameur,Valid Ben Ameur,"Ben Ameur, Valid",ameur ben valid,https://www.imo-official.org/results/individual/country/TUN/
Tunisia,TUN,Mohamed Yassine,Ben Amor,Mohamed Yassine Ben Amor,"Ben Amor, Mohamed Yassine",amor ben mohamed yassine,https://www.imo-official.org/results/individual/country/TUN/
Tunisia,TUN,Houcine,Ben Daly,Houcine Ben Daly,"Ben Daly, Houcine",ben daly houcine,https://www.imo-official.org/results/individual/country/TUN/
Tunisia,TUN,Chady,Ben Hamida,Chady Ben Hamida,"Ben Hamida, Chady",ben chady hamida,https://www.imo-official.org/results/individual/country/TUN/
Tunisia,TUN,Youssef,Ben Khoud,Youssef Ben Khoud,"Ben Khoud, Youssef",ben khoud youssef,https://www.imo-official.org/results/individual/country/TUN/
Tunisia,TUN,Ismail,Ben Letaifa,Ismail Ben Letaifa,"Ben Letaifa, Ismail",ben ismail letaifa,https://www.imo-official.org/results/individual/country/TUN/
Tunisia,TUN,Yosr,Ben Ltaief,Yosr Ben Ltaief,"Ben Ltaief, Yosr",ben ltaief yosr,https://www.imo-official.org/results/individual/country/TUN/
Tunisia,TUN,Mohamed Aziz,Ben Nejma,Mohamed Aziz Ben Nejma,"Ben Nejma, Mohamed Aziz",aziz ben mohamed nejma,https://www.imo-official.org/results/individual/country/TUN/
Tunisia,TUN,Badr,Ben Sliman,Badr Ben Sliman,"Ben Sliman, Badr",badr ben sliman,https://www.imo-official.org/results/individual/country/TUN/
Tunisia,TUN,Mourad,Besbes,Mourad Besbes,"Besbes, Mourad",besbes mourad,https://www.imo-official.org/results/individual/country/TUN/
Tunisia,TUN,Mohamed Aziz,Bhouri,Mohamed Aziz Bhouri,"Bhouri, Mohamed Aziz",aziz bhouri mohamed,https://www.imo-official.org/results/individual/country/TUN/
Tunisia,TUN,Adem,Bizid,Adem Bizid,"Bizid, Adem",adem bizid,https://www.imo-official.org/results/individual/country/TUN/
Tunisia,TUN,Tarak,Borchani,Tarak Borchani,"Borchani, Tarak",borchani tarak,https://www.imo-official.org/results/individual/country/TUN/
Tunisia,TUN,Ayhem,Bouabid,Ayhem Bouabid,"Bouabid, Ayhem",ayhem bouabid,https://www.imo-official.org/results/individual/country/TUN/
Tunisia,TUN,Mohamed Karim,Boualleg,Mohamed Karim Boualleg,"Boualleg, Mohamed Karim",boualleg karim mohamed,https://www.imo-official.org/results/individual/country/TUN/
Tunisia,TUN,Oussama,Bouaneni,Oussama Bouaneni,"Bouaneni, Oussama",bouaneni oussama,https://www.imo-official.org/results/individual/country/TUN/
Tunisia,TUN,Ahmed,Boubahri,Ahmed Boubahri,"Boubahri, Ahmed",ahmed boubahri,https://www.imo-official.org/results/individual/country/TUN/
Tunisia,TUN,Malek,Bouguerra,Malek Bouguerra,"Bouguerra, Malek",bouguerra malek,https://www.imo-official.org/results/individual/country/TUN/
Tunisia,TUN,Yasser,Boulares,Yasser Boulares,"Boulares, Yasser",boulares yasser,https://www.imo-official.org/results/individual/country/TUN/
Tunisia,TUN,Yassine,Boumiza,Yassine Boumiza,"Boumiza, Yassine",boumiza yassine,https://www.imo-official.org/results/individual/country/TUN/
Tunisia,TUN,Ala,Boussoffara,Ala Boussoffara,"Boussoffara, Ala",ala boussoffara,https://www.imo-official.org/results/individual/country/TUN/
Tunisia,TUN,Youssef,Chaabouni,Youssef Chaabouni,"Chaabouni, Youssef",chaabouni youssef,https://www.imo-official.org/results/individual/country/TUN/
Tunisia,TUN,Nessim,Chabouni,Nessim Chabouni,"Chabouni, Nessim",chabouni nessim,https://www.imo-official.org/results/individual/country/TUN/
Tunisia,TUN,Mohamed,Chakroun,Mohamed Chakroun,"Chakroun, Mohamed",chakroun mohamed,https://www.imo-official.org/results/individual/country/TUN/
Tunisia,TUN,Chiraz,Chaouch,Chiraz Chaouch,"Chaouch, Chiraz",chaouch chiraz,https://www.imo-official.org/results/individual/country/TUN/
Tunisia,TUN,S.,Charfi,S. Charfi,"Charfi, S.",charfi s,https://www.imo-official.org/results/individual/country/TUN/
Tunisia,TUN,Mohamed Yassine,Chebil,Mohamed Yassine Chebil,"Chebil, Mohamed Yassine",chebil mohamed yassine,https://www.imo-official.org/results/individual/country/TUN/
Tunisia,TUN,Omar,Cherif,Omar Cherif,"Cherif, Omar",cherif omar,https://www.imo-official.org/results/individual/country/TUN/
Tunisia,TUN,Latirr,Chiraz,Latirr Chiraz,"Chiraz, Latirr",chiraz latirr,https://www.imo-official.org/results/individual/country/TUN/
Tunisia,TUN,Walid,Dachraoui,Walid Dachraoui,"Dachraoui, Walid",dachraoui walid,https://www.imo-official.org/results/individual/country/TUN/
Tunisia,TUN,Hamadi,Dardouri,Hamadi Dardouri,"Dardouri, Hamadi",dardouri hamadi,https://www.imo-official.org/results/individual/country/TUN/
Tunisia,TUN,Firas,Dhaha,Firas Dhaha,"Dhaha, Firas",dhaha firas,https://www.imo-official.org/results/individual/country/TUN/
Tunisia,TUN,Aws,Dhahri,Aws Dhahri,"Dhahri, Aws",aws dhahri,https://www.imo-official.org/results/individual/country/TUN/
Tunisia,TUN,Mariem,El Euch,Mariem El Euch,"El Euch, Mariem",el euch mariem,https://www.imo-official.org/results/individual/country/TUN/
Tunisia,TUN,Mohamed Amine,El Mnif,Mohamed Amine El Mnif,"El Mnif, Mohamed Amine",amine el mnif mohamed,https://www.imo-official.org/results/individual/country/TUN/
Tunisia,TUN,Naoures,Elkhemissi,Naoures Elkhemissi,"Elkhemissi, Naoures",elkhemissi naoures,https://www.imo-official.org/results/individual/country/TUN/
Tunisia,TUN,Mohamed,Essafi,Mohamed Essafi,"Essafi, Mohamed",essafi mohamed,https://www.imo-official.org/results/individual/country/TUN/
Tunisia,TUN,Zouhaier,Ferchiou,Zouhaier Ferchiou,"Ferchiou, Zouhaier",ferchiou zouhaier,https://www.imo-official.org/results/individual/country/TUN/
Tunisia,TUN,Hickem,Gaaloul,Hickem Gaaloul,"Gaaloul, Hickem",gaaloul hickem,https://www.imo-official.org/results/individual/country/TUN/
Tunisia,TUN,Iheb,Ghanmi,Iheb Ghanmi,"Ghanmi, Iheb",ghanmi iheb,https://www.imo-official.org/results/individual/country/TUN/
Tunisia,TUN,Imed,Gharbi,Imed Gharbi,"Gharbi, Imed",gharbi imed,https://www.imo-official.org/results/individual/country/TUN/
Tunisia,TUN,Omar,Grati,Omar Grati,"Grati, Omar",grati omar,https://www.imo-official.org/results/individual/country/TUN/
Tunisia,TUN,Montadhar,Guesmi,Montadhar Guesmi,"Guesmi, Montadhar",guesmi montadhar,https://www.imo-official.org/results/individual/country/TUN/
Tunisia,TUN,Ali,Gzam,Ali Gzam,"Gzam, Ali",ali gzam,https://www.imo-official.org/results/individual/country/TUN/
Tunisia,TUN,Firas,Hadj Taieb,Firas Hadj Taieb,"Hadj Taieb, Firas",firas hadj taieb,https://www.imo-official.org/results/individual/country/TUN/
Tunisia,TUN,Ben,Halima Raouf,Ben Halima Raouf,"Halima Raouf, Ben",ben halima raouf,https://www.imo-official.org/results/individual/country/TUN/
Tunisia,TUN,Ben,Hamed Suliane,Ben Hamed Suliane,"Hamed Suliane, Ben",ben hamed suliane,https://www.imo-official.org/results/individual/country/TUN/
Tunisia,TUN,Chedi,Hammami,Chedi Hammami,"Hammami, Chedi",chedi hammami,https://www.imo-official.org/results/individual/country/TUN/
Tunisia,TUN,Jihad,Harrath,Jihad Harrath,"Harrath, Jihad",harrath jihad,https://www.imo-official.org/results/individual/country/TUN/
Tunisia,TUN,Dammak,Hela,Dammak Hela,"Hela, Dammak",dammak hela,https://www.imo-official.org/results/individual/country/TUN/
Tunisia,TUN,Imed,Hkima,Imed Hkima,"Hkima, Imed",hkima imed,https://www.imo-official.org/results/individual/country/TUN/
Tunisia,TUN,Slim,Jemal,Slim Jemal,"Jemal, Slim",jemal slim,https://www.imo-official.org/results/individual/country/TUN/
Tunisia,TUN,Nouha,Jemel,Nouha Jemel,"Jemel, Nouha",jemel nouha,https://www.imo-official.org/results/individual/country/TUN/
Tunisia,TUN,Ayman,Jmel,Ayman Jmel,"Jmel, Ayman",ayman jmel,https://www.imo-official.org/results/individual/country/TUN/
Tunisia,TUN,Bayram,Kaddour,Bayram Kaddour,"Kaddour, Bayram",bayram kaddour,https://www.imo-official.org/results/individual/country/TUN/
Tunisia,TUN,Fedi,Kallal,Fedi Kallal,"Kallal, Fedi",fedi kallal,https://www.imo-official.org/results/individual/country/TUN/
Tunisia,TUN,Fedi,Kallel,Fedi Kallel,"Kallel, Fedi",fedi kallel,https://www.imo-official.org/results/individual/country/TUN/
Tunisia,TUN,Sadok,Kallel,Sadok Kallel,"Kallel, Sadok",kallel sadok,https://www.imo-official.org/results/individual/country/TUN/
Tunisia,TUN,Mohamed Slim,Kammoun,Mohamed Slim Kammoun,"Kammoun, Mohamed Slim",kammoun mohamed slim,https://www.imo-official.org/results/individual/country/TUN/
Tunisia,TUN,Mourad,Kammoun,Mourad Kammoun,"Kammoun, Mourad",kammoun mourad,https://www.imo-official.org/results/individual/country/TUN/
Tunisia,TUN,Khadheur,Karray,Khadheur Karray,"Karray, Khadheur",karray khadheur,https://www.imo-official.org/results/individual/country/TUN/
Tunisia,TUN,?,Khadar,? Khadar,"Khadar, ?",khadar,https://www.imo-official.org/results/individual/country/TUN/
Tunisia,TUN,Youssef,Khalfalli,Youssef Khalfalli,"Khalfalli, Youssef",khalfalli youssef,https://www.imo-official.org/results/individual/country/TUN/
Tunisia,TUN,Beyrem,Khalfaoui,Beyrem Khalfaoui,"Khalfaoui, Beyrem",beyrem khalfaoui,https://www.imo-official.org/results/individual/country/TUN/
Tunisia,TUN,Mehdi,Khayeche,Mehdi Khayeche,"Khayeche, Mehdi",khayeche mehdi,https://www.imo-official.org/results/individual/country/TUN/
Tunisia,TUN,Chedly,Khemakhem,Chedly Khemakhem,"Khemakhem, Chedly",chedly khemakhem,https://www.imo-official.org/results/individual/country/TUN/
Tunisia,TUN,O.,Kossentini,O. Kossentini,"Kossentini, O.",kossentini o,https://www.imo-official.org/results/individual/country/TUN/
Tunisia,TUN,Mahdi,Labidi,Mahdi Labidi,"Labidi, Mahdi",labidi mahdi,https://www.imo-official.org/results/individual/country/TUN/
Tunisia,TUN,Nizar,Lahiani,Nizar Lahiani,"Lahiani, Nizar",lahiani nizar,https://www.imo-official.org/results/individual/country/TUN/
Tunisia,TUN,N.,Lahyani,N. Lahyani,"Lahyani, N.",lahyani n,https://www.imo-official.org/results/individual/country/TUN/
Tunisia,TUN,Mohamed,Lakhdar,Mohamed Lakhdar,"Lakhdar, Mohamed",lakhdar mohamed,https://www.imo-official.org/results/individual/country/TUN/
Tunisia,TUN,Mohamed Raed,Lakhdar,Mohamed Raed Lakhdar,"Lakhdar, Mohamed Raed",lakhdar mohamed raed,https://www.imo-official.org/results/individual/country/TUN/
Tunisia,TUN,Chicaz,Latiri,Chicaz Latiri,"Latiri, Chicaz",chicaz latiri,https://www.imo-official.org/results/individual/country/TUN/
Tunisia,TUN,Fehmi,Mabrouk,Fehmi Mabrouk,"Mabrouk, Fehmi",fehmi mabrouk,https://www.imo-official.org/results/individual/country/TUN/
Tunisia,TUN,Sahlaoui,Mabrouk,Sahlaoui Mabrouk,"Mabrouk, Sahlaoui",mabrouk sahlaoui,https://www.imo-official.org/results/individual/country/TUN/
Tunisia,TUN,Wissan,Mailoul,Wissan Mailoul,"Mailoul, Wissan",mailoul wissan,https://www.imo-official.org/results/individual/country/TUN/
Tunisia,TUN,Mehdi,Makni,Mehdi Makni,"Makni, Mehdi",makni mehdi,https://www.imo-official.org/results/individual/country/TUN/
Tunisia,TUN,Ahmed,Mallek,Ahmed Mallek,"Mallek, Ahmed",ahmed mallek,https://www.imo-official.org/results/individual/country/TUN/
Tunisia,TUN,Anane,Marouen,Anane Marouen,"Marouen, Anane",anane marouen,https://www.imo-official.org/results/individual/country/TUN/
Tunisia,TUN,Ahmed,Marrakchi,Ahmed Marrakchi,"Marrakchi, Ahmed",ahmed marrakchi,https://www.imo-official.org/results/individual/country/TUN/
Tunisia,TUN,Amine,Marrakchi,Amine Marrakchi,"Marrakchi, Amine",amine marrakchi,https://www.imo-official.org/results/individual/country/TUN/
Tunisia,TUN,Yassine,Marrakchi,Yassine Marrakchi,"Marrakchi, Yassine",marrakchi yassine,https://www.imo-official.org/results/individual/country/TUN/
Tunisia,TUN,Youssef,Marrakchi,Youssef Marrakchi,"Marrakchi, Youssef",marrakchi youssef,https://www.imo-official.org/results/individual/country/TUN/
Tunisia,TUN,Badis,Marsit,Badis Marsit,"Marsit, Badis",badis marsit,https://www.imo-official.org/results/individual/country/TUN/
Tunisia,TUN,?,Masmoudi,? Masmoudi,"Masmoudi, ?",masmoudi,https://www.imo-official.org/results/individual/country/TUN/
Tunisia,TUN,Nadir,Masmoudi,Nadir Masmoudi,"Masmoudi, Nadir",masmoudi nadir,https://www.imo-official.org/results/individual/country/TUN/
Tunisia,TUN,Hassaouan,Mehdi,Hassaouan Mehdi,"Mehdi, Hassaouan",hassaouan mehdi,https://www.imo-official.org/results/individual/country/TUN/
Tunisia,TUN,Malek,Messelmai,Malek Messelmai,"Messelmai, Malek",malek messelmai,https://www.imo-official.org/results/individual/country/TUN/
Tunisia,TUN,Nadhem,Meziou,Nadhem Meziou,"Meziou, Nadhem",meziou nadhem,https://www.imo-official.org/results/individual/country/TUN/
Tunisia,TUN,Fakhreddine,Milouchi,Fakhreddine Milouchi,"Milouchi, Fakhreddine",fakhreddine milouchi,https://www.imo-official.org/results/individual/country/TUN/
Tunisia,TUN,Khalil,Miri,Khalil Miri,"Miri, Khalil",khalil miri,https://www.imo-official.org/results/individual/country/TUN/
Tunisia,TUN,T.,Mkadmi,T. Mkadmi,"Mkadmi, T.",mkadmi t,https://www.imo-official.org/results/individual/country/TUN/
Tunisia,TUN,Omar,Mohamed Fadhel,Omar Mohamed Fadhel,"Mohamed Fadhel, Omar",fadhel mohamed omar,https://www.imo-official.org/results/individual/country/TUN/
Tunisia,TUN,Baatour,Mourad,Baatour Mourad,"Mourad, Baatour",baatour mourad,https://www.imo-official.org/results/individual/country/TUN/
Tunisia,TUN,Achraf,Msaddak,Achraf Msaddak,"Msaddak, Achraf",achraf msaddak,https://www.imo-official.org/results/individual/country/TUN/
Tunisia,TUN,Masmould,Nader,Masmould Nader,"Nader, Masmould",masmould nader,https://www.imo-official.org/results/individual/country/TUN/
Tunisia,TUN,Haitham,Nasri,Haitham Nasri,"Nasri, Haitham",haitham nasri,https://www.imo-official.org/results/individual/country/TUN/
Tunisia,TUN,Mannai,Nidhal,Mannai Nidhal,"Nidhal, Mannai",mannai nidhal,https://www.imo-official.org/results/individual/country/TUN/
Tunisia,TUN,Aymen,Njah,Aymen Njah,"Njah, Aymen",aymen njah,https://www.imo-official.org/results/individual/country/TUN/
Tunisia,TUN,Cherif,Omar,Cherif Omar,"Omar, Cherif",cherif omar,https://www.imo-official.org/results/individual/country/TUN/
Tunisia,TUN,Aweb,Othmen,Aweb Othmen,"Othmen, Aweb",aweb othmen,https://www.imo-official.org/results/individual/country/TUN/
Tunisia,TUN,Chrabekh,Ouahid,Chrabekh Ouahid,"Ouahid, Chrabekh",chrabekh ouahid,https://www.imo-official.org/results/individual/country/TUN/
Tunisia,TUN,Chassen,Rahoui,Chassen Rahoui,"Rahoui, Chassen",chassen rahoui,https://www.imo-official.org/results/individual/country/TUN/
Tunisia,TUN,Assaad,Rekik,Assaad Rekik,"Rekik, Assaad",assaad rekik,https://www.imo-official.org/results/individual/country/TUN/
Tunisia,TUN,Hasna,Riahi,Hasna Riahi,"Riahi, Hasna",hasna riahi,https://www.imo-official.org/results/individual/country/TUN/
Tunisia,TUN,Aleddine,Sabbagh,Aleddine Sabbagh,"Sabbagh, Aleddine",aleddine sabbagh,https://www.imo-official.org/results/individual/country/TUN/
Tunisia,TUN,Thouraya,Sakka,Thouraya Sakka,"Sakka, Thouraya",sakka thouraya,https://www.imo-official.org/results/individual/country/TUN/
Tunisia,TUN,Houssem,Sallemi,Houssem Sallemi,"Sallemi, Houssem",houssem sallemi,https://www.imo-official.org/results/individual/country/TUN/
Tunisia,TUN,Nidhal,Smaoui,Nidhal Smaoui,"Smaoui, Nidhal",nidhal smaoui,https://www.imo-official.org/results/individual/country/TUN/
Tunisia,TUN,Wided,Smati,Wided Smati,"Smati, Wided",smati wided,https://www.imo-official.org/results/individual/country/TUN/
Tunisia,TUN,Sonia,Somrani,Sonia Somrani,"Somrani, Sonia",somrani sonia,https://www.imo-official.org/results/individual/country/TUN/
Tunisia,TUN,Amir,Soussi,Amir Soussi,"Soussi, Amir",amir soussi,https://www.imo-official.org/results/individual/country/TUN/
Tunisia,TUN,Oussema,Soussi,Oussema Soussi,"Soussi, Oussema",oussema soussi,https://www.imo-official.org/results/individual/country/TUN/
Tunisia,TUN,Maher,Tangour,Maher Tangour,"Tangour, Maher",maher tangour,https://www.imo-official.org/results/individual/country/TUN/
Tunisia,TUN,Ibtissem,Tanoubi,Ibtissem Tanoubi,"Tanoubi, Ibtissem",ibtissem tanoubi,https://www.imo-official.org/results/individual/country/TUN/
Tunisia,TUN,Khalil,Tlili,Khalil Tlili,"Tlili, Khalil",khalil tlili,https://www.imo-official.org/results/individual/country/TUN/
Tunisia,TUN,Anis,Triki,Anis Triki,"Triki, Anis",anis triki,https://www.imo-official.org/results/individual/country/TUN/
Tunisia,TUN,Bassem,Triki,Bassem Triki,"Triki, Bassem",bassem triki,https://www.imo-official.org/results/individual/country/TUN/
Tunisia,TUN,Nassim,Walha,Nassim Walha,"Walha, Nassim",nassim walha,https://www.imo-official.org/results/individual/country/TUN/
Tunisia,TUN,Chiheb,Wled Ahmed,Chiheb Wled Ahmed,"Wled Ahmed, Chiheb",ahmed chiheb wled,https://www.imo-official.org/results/individual/country/TUN/
Tunisia,TUN,Faten,Zghal,Faten Zghal,"Zghal, Faten",faten zghal,https://www.imo-official.org/results/individual/country/TUN/
Uganda,UGA,Alvin,Abaho,Alvin Abaho,"Abaho, Alvin",abaho alvin,https://www.imo-official.org/results/individual/country/UGA/
Uganda,UGA,Emmanuel Odaka,Adongu,Emmanuel Odaka Adongu,"Adongu, Emmanuel Odaka",adongu emmanuel odaka,https://www.imo-official.org/results/individual/country/UGA/
Uganda,UGA,Linette Akello,Agudo,Linette Akello Agudo,"Agudo, Linette Akello",agudo akello linette,https://www.imo-official.org/results/individual/country/UGA/
Uganda,UGA,Justin Oweitu,Ahumuza,Justin Oweitu Ahumuza,"Ahumuza, Justin Oweitu",ahumuza justin oweitu,https://www.imo-official.org/results/individual/country/UGA/
Uganda,UGA,Gloria,Aliwayoki,Gloria Aliwayoki,"Aliwayoki, Gloria",aliwayoki gloria,https://www.imo-official.org/results/individual/country/UGA/
Uganda,UGA,Austin,Asiimwe,Austin Asiimwe,"Asiimwe, Austin",asiimwe austin,https://www.imo-official.org/results/individual/country/UGA/
Uganda,UGA,Andrina,Asingura,Andrina Asingura,"Asingura, Andrina",andrina asingura,https://www.imo-official.org/results/individual/country/UGA/
Uganda,UGA,Richard Daniel,Ayebare,Richard Daniel Ayebare,"Ayebare, Richard Daniel",ayebare daniel richard,https://www.imo-official.org/results/individual/country/UGA/
Uganda,UGA,Nicholas,Bakasibye,Nicholas Bakasibye,"Bakasibye, Nicholas",bakasibye nicholas,https://www.imo-official.org/results/individual/country/UGA/
Uganda,UGA,Laxmi Jadva,Bhudia,Laxmi Jadva Bhudia,"Bhudia, Laxmi Jadva",bhudia jadva laxmi,https://www.imo-official.org/results/individual/country/UGA/
Uganda,UGA,Moses,Bukenya,Moses Bukenya,"Bukenya, Moses",bukenya moses,https://www.imo-official.org/results/individual/country/UGA/
Uganda,UGA,Favour Bwesigye,Busingye,Favour Bwesigye Busingye,"Busingye, Favour Bwesigye",busingye bwesigye favour,https://www.imo-official.org/results/individual/country/UGA/
Uganda,UGA,Jesse Obella,Ekanya,Jesse Obella Ekanya,"Ekanya, Jesse Obella",ekanya jesse obella,https://www.imo-official.org/results/individual/country/UGA/
Uganda,UGA,Emmanuel Louis,Kaayabula,Emmanuel Louis Kaayabula,"Kaayabula, Emmanuel Louis",emmanuel kaayabula louis,https://www.imo-official.org/results/individual/country/UGA/
Uganda,UGA,Isaac,Kakumba,Isaac Kakumba,"Kakumba, Isaac",isaac kakumba,https://www.imo-official.org/results/individual/country/UGA/
Uganda,UGA,Eva,Kakyo,Eva Kakyo,"Kakyo, Eva",eva kakyo,https://www.imo-official.org/results/individual/country/UGA/
Uganda,UGA,Enoch Samuel,Kalule,Enoch Samuel Kalule,"Kalule, Enoch Samuel",enoch kalule samuel,https://www.imo-official.org/results/individual/country/UGA/
Uganda,UGA,Lucille Nalweyiso,Kamya,Lucille Nalweyiso Kamya,"Kamya, Lucille Nalweyiso",kamya lucille nalweyiso,https://www.imo-official.org/results/individual/country/UGA/
Uganda,UGA,Laetitia Faith,Katono,Laetitia Faith Katono,"Katono, Laetitia Faith",faith katono laetitia,https://www.imo-official.org/results/individual/country/UGA/
Uganda,UGA,Georgia,Kawala Racheal,Georgia Kawala Racheal,"Kawala Racheal, Georgia",georgia kawala racheal,https://www.imo-official.org/results/individual/country/UGA/
Uganda,UGA,Shafick,Kayemba,Shafick Kayemba,"Kayemba, Shafick",kayemba shafick,https://www.imo-official.org/results/individual/country/UGA/
Uganda,UGA,Atiila Birah Joselyn,Kharobo,Atiila Birah Joselyn Kharobo,"Kharobo, Atiila Birah Joselyn",atiila birah joselyn kharobo,https://www.imo-official.org/results/individual/country/UGA/
Uganda,UGA,Naigaga Sharifah,Kirunda,Naigaga Sharifah Kirunda,"Kirunda, Naigaga Sharifah",kirunda naigaga sharifah,https://www.imo-official.org/results/individual/country/UGA/
Uganda,UGA,Claire Martha,Kusemererwa,Claire Martha Kusemererwa,"Kusemererwa, Claire Martha",claire kusemererwa martha,https://www.imo-official.org/results/individual/country/UGA/
Uganda,UGA,Reagan Yuggu,Leri,Reagan Yuggu Leri,"Leri, Reagan Yuggu",leri reagan yuggu,https://www.imo-official.org/results/individual/country/UGA/
Uganda,UGA,Aaron Kakembo,Lule,Aaron Kakembo Lule,"Lule, Aaron Kakembo",aaron kakembo lule,https://www.imo-official.org/results/individual/country/UGA/
Uganda,UGA,ISAAC,MATSIKO,ISAAC MATSIKO,"MATSIKO, ISAAC",isaac matsiko,https://www.imo-official.org/results/individual/country/UGA/
Uganda,UGA,JONATHAN BENONI,MUKALAZI,JONATHAN BENONI MUKALAZI,"MUKALAZI, JONATHAN BENONI",benoni jonathan mukalazi,https://www.imo-official.org/results/individual/country/UGA/
Uganda,UGA,TIMOTHY,MUWANGA,TIMOTHY MUWANGA,"MUWANGA, TIMOTHY",muwanga timothy,https://www.imo-official.org/results/individual/country/UGA/
Uganda,UGA,Ashaba,Magezi Ellen,Ashaba Magezi Ellen,"Magezi Ellen, Ashaba",ashaba ellen magezi,https://www.imo-official.org/results/individual/country/UGA/
Uganda,UGA,Isaac,Matsiko,Isaac Matsiko,"Matsiko, Isaac",isaac matsiko,https://www.imo-official.org/results/individual/country/UGA/
Uganda,UGA,Shawal,Mbalire,Shawal Mbalire,"Mbalire, Shawal",mbalire shawal,https://www.imo-official.org/results/individual/country/UGA/
Uganda,UGA,Mugagga Antonio,Muganzi,Mugagga Antonio Muganzi,"Muganzi, Mugagga Antonio",antonio mugagga muganzi,https://www.imo-official.org/results/individual/country/UGA/
Uganda,UGA,Ian,Mugisha,Ian Mugisha,"Mugisha, Ian",ian mugisha,https://www.imo-official.org/results/individual/country/UGA/
Uganda,UGA,Jonathan,Mukalazi Benoni,Jonathan Mukalazi Benoni,"Mukalazi Benoni, Jonathan",benoni jonathan mukalazi,https://www.imo-official.org/results/individual/country/UGA/
Uganda,UGA,Jayden Osago,Mukisa,Jayden Osago Mukisa,"Mukisa, Jayden Osago",jayden mukisa osago,https://www.imo-official.org/results/individual/country/UGA/
Uganda,UGA,Ivan,Musingo,Ivan Musingo,"Musingo, Ivan",ivan musingo,https://www.imo-official.org/results/individual/country/UGA/
Uganda,UGA,Timothy Musoke,Muwambi,Timothy Musoke Muwambi,"Muwambi, Timothy Musoke",musoke muwambi timothy,https://www.imo-official.org/results/individual/country/UGA/
Uganda,UGA,Desire,Mwendeze Marion,Desire Mwendeze Marion,"Mwendeze Marion, Desire",desire marion mwendeze,https://www.imo-official.org/results/individual/country/UGA/
Uganda,UGA,Flavia Marjorie,Nabanoba,Flavia Marjorie Nabanoba,"Nabanoba, Flavia Marjorie",flavia marjorie nabanoba,https://www.imo-official.org/results/individual/country/UGA/
Uganda,UGA,Elizabeth,Nabunnya,Elizabeth Nabunnya,"Nabunnya, Elizabeth",elizabeth nabunnya,https://www.imo-official.org/results/individual/country/UGA/
Uganda,UGA,Joyce Nangiro,Nachap,Joyce Nangiro Nachap,"Nachap, Joyce Nangiro",joyce nachap nangiro,https://www.imo-official.org/results/individual/country/UGA/
Uganda,UGA,Hagar,Namubiru,Hagar Namubiru,"Namubiru, Hagar",hagar namubiru,https://www.imo-official.org/results/individual/country/UGA/
Uganda,UGA,Emmanuel,Naturinda,Emmanuel Naturinda,"Naturinda, Emmanuel",emmanuel naturinda,https://www.imo-official.org/results/individual/country/UGA/
Uganda,UGA,Jonathan Muganzi,Ngabirano,Jonathan Muganzi Ngabirano,"Ngabirano, Jonathan Muganzi",jonathan muganzi ngabirano,https://www.imo-official.org/results/individual/country/UGA/
Uganda,UGA,Jonathan,Ngabirano Muganzi,Jonathan Ngabirano Muganzi,"Ngabirano Muganzi, Jonathan",jonathan muganzi ngabirano,https://www.imo-official.org/results/individual/country/UGA/
Uganda,UGA,Akram,Nsadha,Akram Nsadha,"Nsadha, Akram",akram nsadha,https://www.imo-official.org/results/individual/country/UGA/
Uganda,UGA,Elsie Druscilla,Nuwamanya,Elsie Druscilla Nuwamanya,"Nuwamanya, Elsie Druscilla",druscilla elsie nuwamanya,https://www.imo-official.org/results/individual/country/UGA/
Uganda,UGA,Shadrach Lucky,Obenyu,Shadrach Lucky Obenyu,"Obenyu, Shadrach Lucky",lucky obenyu shadrach,https://www.imo-official.org/results/individual/country/UGA/
Uganda,UGA,Emmanuel,Obongi,Emmanuel Obongi,"Obongi, Emmanuel",emmanuel obongi,https://www.imo-official.org/results/individual/country/UGA/
Uganda,UGA,Vincent Orena,Odongo,Vincent Orena Odongo,"Odongo, Vincent Orena",odongo orena vincent,https://www.imo-official.org/results/individual/country/UGA/
Uganda,UGA,Isaac,Owomugisha,Isaac Owomugisha,"Owomugisha, Isaac",isaac owomugisha,https://www.imo-official.org/results/individual/country/UGA/
Uganda,UGA,Raphael Alpha,Oyini,Raphael Alpha Oyini,"Oyini, Raphael Alpha",alpha oyini raphael,https://www.imo-official.org/results/individual/country/UGA/
Uganda,UGA,Tevin,Rwamahe,Tevin Rwamahe,"Rwamahe, Tevin",rwamahe tevin,https://www.imo-official.org/results/individual/country/UGA/
Uganda,UGA,Samson Byakika,Rweinaga,Samson Byakika Rweinaga,"Rweinaga, Samson Byakika",byakika rweinaga samson,https://www.imo-official.org/results/individual/country/UGA/
Uganda,UGA,BENJAMIN PATRICK,SSEMWEZI,BENJAMIN PATRICK SSEMWEZI,"SSEMWEZI, BENJAMIN PATRICK",benjamin patrick ssemwezi,https://www.imo-official.org/results/individual/country/UGA/
Uganda,UGA,Kelvin Miles Kabali David,Senteza,Kelvin Miles Kabali David Senteza,"Senteza, Kelvin Miles Kabali David",david kabali kelvin miles senteza,https://www.imo-official.org/results/individual/country/UGA/
Uganda,UGA,Joseph,Ssekitto,Joseph Ssekitto,"Ssekitto, Joseph",joseph ssekitto,https://www.imo-official.org/results/individual/country/UGA/
Uganda,UGA,Robin Nyombi Schofield,Ssenyonga,Robin Nyombi Schofield Ssenyonga,"Ssenyonga, Robin Nyombi Schofield",nyombi robin schofield ssenyonga,https://www.imo-official.org/results/individual/country/UGA/
Uganda,UGA,Gilbert,Ssenyonjo,Gilbert Ssenyonjo,"Ssenyonjo, Gilbert",gilbert ssenyonjo,https://www.imo-official.org/results/individual/country/UGA/
Uganda,UGA,Michael,Sserwanga,Michael Sserwanga,"Sserwanga, Michael",michael sserwanga,https://www.imo-official.org/results/individual/country/UGA/
Uganda,UGA,Lucky,Sunday,Lucky Sunday,"Sunday, Lucky",lucky sunday,https://www.imo-official.org/results/individual/country/UGA/
Uganda,UGA,Timothy Ahumuza,Tarushokye,Timothy Ahumuza Tarushokye,"Tarushokye, Timothy Ahumuza",ahumuza tarushokye timothy,https://www.imo-official.org/results/individual/country/UGA/
Uganda,UGA,Elijah Kajiri,Tendo,Elijah Kajiri Tendo,"Tendo, Elijah Kajiri",elijah kajiri tendo,https://www.imo-official.org/results/individual/country/UGA/
Uganda,UGA,Nyamukuru Maria,Tindamanyire,Nyamukuru Maria Tindamanyire,"Tindamanyire, Nyamukuru Maria",maria nyamukuru tindamanyire,https://www.imo-official.org/results/individual/country/UGA/
Uganda,UGA,Andrew,Tugume,Andrew Tugume,"Tugume, Andrew",andrew tugume,https://www.imo-official.org/results/individual/country/UGA/
Uganda,UGA,Nobert,Turihohabwe,Nobert Turihohabwe,"Turihohabwe, Nobert",nobert turihohabwe,https://www.imo-official.org/results/individual/country/UGA/
Uganda,UGA,David,Twesigomwe,David Twesigomwe,"Twesigomwe, David",david twesigomwe,https://www.imo-official.org/results/individual/country/UGA/
Uganda,UGA,Paul,Twijukye,Paul Twijukye,"Twijukye, Paul",paul twijukye,https://www.imo-official.org/results/individual/country/UGA/
Uganda,UGA,JONATHAN RALPH FELIX,WANDERA,JONATHAN RALPH FELIX WANDERA,"WANDERA, JONATHAN RALPH FELIX",felix jonathan ralph wandera,https://www.imo-official.org/results/individual/country/UGA/
Uganda,UGA,Brian Victor,Waiswa,Brian Victor Waiswa,"Waiswa, Brian Victor",brian victor waiswa,https://www.imo-official.org/results/individual/country/UGA/
Uganda,UGA,Jonathan Ralph Felix,Wandera,Jonathan Ralph Felix Wandera,"Wandera, Jonathan Ralph Felix",felix jonathan ralph wandera,https://www.imo-official.org/results/individual/country/UGA/
Uganda,UGA,Jonathan,Wandera Ralph Felix,Jonathan Wandera Ralph Felix,"Wandera Ralph Felix, Jonathan",felix jonathan ralph wandera,https://www.imo-official.org/results/individual/country/UGA/
Uganda,UGA,Joshua,Yiga,Joshua Yiga,"Yiga, Joshua",joshua yiga,https://www.imo-official.org/results/individual/country/UGA/
Ukraine,UKR,***,***,*** ***,"***, ***",,https://www.imo-official.org/results/individual/country/UKR/
Ukraine,UKR,Anastasiia,Alokhina,Anastasiia Alokhina,"Alokhina, Anastasiia",alokhina anastasiia,https://www.imo-official.org/results/individual/country/UKR/
Ukraine,UKR,Semen,Andriiets,Semen Andriiets,"Andriiets, Semen",andriiets semen,https://www.imo-official.org/results/individual/country/UKR/
Ukraine,UKR,Roman,Apostol,Roman Apostol,"Apostol, Roman",apostol roman,https://www.imo-official.org/results/individual/country/UKR/
Ukraine,UKR,Oleksandr,Bagan,Oleksandr Bagan,"Bagan, Oleksandr",bagan oleksandr,https://www.imo-official.org/results/individual/country/UKR/
Ukraine,UKR,Mykhailo,Bershtein,Mykhailo Bershtein,"Bershtein, Mykhailo",bershtein mykhailo,https://www.imo-official.org/results/individual/country/UKR/
Ukraine,UKR,Viktor,Bogdanskyy,Viktor Bogdanskyy,"Bogdanskyy, Viktor",bogdanskyy viktor,https://www.imo-official.org/results/individual/country/UKR/
Ukraine,UKR,Sergey,Bolotenko,Sergey Bolotenko,"Bolotenko, Sergey",bolotenko sergey,https://www.imo-official.org/results/individual/country/UKR/
Ukraine,UKR,Andriy,Boltenkov,Andriy Boltenkov,"Boltenkov, Andriy",andriy boltenkov,https://www.imo-official.org/results/individual/country/UKR/
Ukraine,UKR,Sergiy,Bondarenko,Sergiy Bondarenko,"Bondarenko, Sergiy",bondarenko sergiy,https://www.imo-official.org/results/individual/country/UKR/
Ukraine,UKR,Alexei,Borodin,Alexei Borodin,"Borodin, Alexei",alexei borodin,https://www.imo-official.org/results/individual/country/UKR/
Ukraine,UKR,Ivan,Bortnovskyi,Ivan Bortnovskyi,"Bortnovskyi, Ivan",bortnovskyi ivan,https://www.imo-official.org/results/individual/country/UKR/
Ukraine,UKR,Maxim,Boyko,Maxim Boyko,"Boyko, Maxim",boyko maxim,https://www.imo-official.org/results/individual/country/UKR/
Ukraine,UKR,Maksym,Chaudkhari,Maksym Chaudkhari,"Chaudkhari, Maksym",chaudkhari maksym,https://www.imo-official.org/results/individual/country/UKR/
Ukraine,UKR,Volodymyr,Chelnokov,Volodymyr Chelnokov,"Chelnokov, Volodymyr",chelnokov volodymyr,https://www.imo-official.org/results/individual/country/UKR/
Ukraine,UKR,Roman,Cheplyaka,Roman Cheplyaka,"Cheplyaka, Roman",cheplyaka roman,https://www.imo-official.org/results/individual/country/UKR/
Ukraine,UKR,Maksym,Chornyy,Maksym Chornyy,"Chornyy, Maksym",chornyy maksym,https://www.imo-official.org/results/individual/country/UKR/
Ukraine,UKR,Volodymyr,Chub,Volodymyr Chub,"Chub, Volodymyr",chub volodymyr,https://www.imo-official.org/results/individual/country/UKR/
Ukraine,UKR,Oleksandr,Chuklin,Oleksandr Chuklin,"Chuklin, Oleksandr",chuklin oleksandr,https://www.imo-official.org/results/individual/country/UKR/
Ukraine,UKR,Sviatoslav,Denyskov,Sviatoslav Denyskov,"Denyskov, Sviatoslav",denyskov sviatoslav,https://www.imo-official.org/results/individual/country/UKR/
Ukraine,UKR,Galyna,Dobrovolska,Galyna Dobrovolska,"Dobrovolska, Galyna",dobrovolska galyna,https://www.imo-official.org/results/individual/country/UKR/
Ukraine,UKR,Kseniia,Drozdova,Kseniia Drozdova,"Drozdova, Kseniia",drozdova kseniia,https://www.imo-official.org/results/individual/country/UKR/
Ukraine,UKR,Sofiia,Dubova,Sofiia Dubova,"Dubova, Sofiia",dubova sofiia,https://www.imo-official.org/results/individual/country/UKR/
Ukraine,UKR,Artem,Dudko,Artem Dudko,"Dudko, Artem",artem dudko,https://www.imo-official.org/results/individual/country/UKR/
Ukraine,UKR,Denis,Dudko,Denis Dudko,"Dudko, Denis",denis dudko,https://www.imo-official.org/results/individual/country/UKR/
Ukraine,UKR,Vladislav,Duma,Vladislav Duma,"Duma, Vladislav",duma vladislav,https://www.imo-official.org/results/individual/country/UKR/
Ukraine,UKR,Vadim,Erinijuk,Vadim Erinijuk,"Erinijuk, Vadim",erinijuk vadim,https://www.imo-official.org/results/individual/country/UKR/
Ukraine,UKR,Maksym,Fedorchuk,Maksym Fedorchuk,"Fedorchuk, Maksym",fedorchuk maksym,https://www.imo-official.org/results/individual/country/UKR/
Ukraine,UKR,Volodymyr,Fedynyak,Volodymyr Fedynyak,"Fedynyak, Volodymyr",fedynyak volodymyr,https://www.imo-official.org/results/individual/country/UKR/
Ukraine,UKR,Yevheniia,Frankevych,Yevheniia Frankevych,"Frankevych, Yevheniia",frankevych yevheniia,https://www.imo-official.org/results/individual/country/UKR/
Ukraine,UKR,Mikhailo,Ganichev,Mikhailo Ganichev,"Ganichev, Mikhailo",ganichev mikhailo,https://www.imo-official.org/results/individual/country/UKR/
Ukraine,UKR,Nataliya,Goncharuk,Nataliya Goncharuk,"Goncharuk, Nataliya",goncharuk nataliya,https://www.imo-official.org/results/individual/country/UKR/
Ukraine,UKR,Dmytro,Gordon,Dmytro Gordon,"Gordon, Dmytro",dmytro gordon,https://www.imo-official.org/results/individual/country/UKR/
Ukraine,UKR,Bogdan,Grechuk,Bogdan Grechuk,"Grechuk, Bogdan",bogdan grechuk,https://www.imo-official.org/results/individual/country/UKR/
Ukraine,UKR,Volodymyr,Grin,Volodymyr Grin,"Grin, Volodymyr",grin volodymyr,https://www.imo-official.org/results/individual/country/UKR/
Ukraine,UKR,Pavlo,Gyrya,Pavlo Gyrya,"Gyrya, Pavlo",gyrya pavlo,https://www.imo-official.org/results/individual/country/UKR/
Ukraine,UKR,Alina,Harbuzova,Alina Harbuzova,"Harbuzova, Alina",alina harbuzova,https://www.imo-official.org/results/individual/country/UKR/
Ukraine,UKR,Vadym,Hassieiev,Vadym Hassieiev,"Hassieiev, Vadym",hassieiev vadym,https://www.imo-official.org/results/individual/country/UKR/
Ukraine,UKR,Anton,Havryliuk,Anton Havryliuk,"Havryliuk, Anton",anton havryliuk,https://www.imo-official.org/results/individual/country/UKR/
Ukraine,UKR,Polina,Henyk,Polina Henyk,"Henyk, Polina",henyk polina,https://www.imo-official.org/results/individual/country/UKR/
Ukraine,UKR,Ostap,Hishchak,Ostap Hishchak,"Hishchak, Ostap",hishchak ostap,https://www.imo-official.org/results/individual/country/UKR/
Ukraine,UKR,Yurii,Hladkov,Yurii Hladkov,"Hladkov, Yurii",hladkov yurii,https://www.imo-official.org/results/individual/country/UKR/
Ukraine,UKR,Oles,Holembovskyy,Oles Holembovskyy,"Holembovskyy, Oles",holembovskyy oles,https://www.imo-official.org/results/individual/country/UKR/
Ukraine,UKR,Oleksandr,Horbunov,Oleksandr Horbunov,"Horbunov, Oleksandr",horbunov oleksandr,https://www.imo-official.org/results/individual/country/UKR/
Ukraine,UKR,Oles,Hordiichuk,Oles Hordiichuk,"Hordiichuk, Oles",hordiichuk oles,https://www.imo-official.org/results/individual/country/UKR/
Ukraine,UKR,Heorhii,Ivanchyk,Heorhii Ivanchyk,"Ivanchyk, Heorhii",heorhii ivanchyk,https://www.imo-official.org/results/individual/country/UKR/
Ukraine,UKR,Zajhar,Kabluchko,Zajhar Kabluchko,"Kabluchko, Zajhar",kabluchko zajhar,https://www.imo-official.org/results/individual/country/UKR/
Ukraine,UKR,Vadym,Kalashnykov,Vadym Kalashnykov,"Kalashnykov, Vadym",kalashnykov vadym,https://www.imo-official.org/results/individual/country/UKR/
Ukraine,UKR,Ilia,Karabach,Ilia Karabach,"Karabach, Ilia",ilia karabach,https://www.imo-official.org/results/individual/country/UKR/
Ukraine,UKR,Maksym,Katsev,Maksym Katsev,"Katsev, Maksym",katsev maksym,https://www.imo-official.org/results/individual/country/UKR/
Ukraine,UKR,Ivan,Kharchuk,Ivan Kharchuk,"Kharchuk, Ivan",ivan kharchuk,https://www.imo-official.org/results/individual/country/UKR/
Ukraine,UKR,Mykyta,Kharin,Mykyta Kharin,"Kharin, Mykyta",kharin mykyta,https://www.imo-official.org/results/individual/country/UKR/
Ukraine,UKR,Marko,Khasin,Marko Khasin,"Khasin, Marko",khasin marko,https://www.imo-official.org/results/individual/country/UKR/
Ukraine,UKR,Danylo,Khilko,Danylo Khilko,"Khilko, Danylo",danylo khilko,https://www.imo-official.org/results/individual/country/UKR/
Ukraine,UKR,Alexandre,Khomenko,Alexandre Khomenko,"Khomenko, Alexandre",alexandre khomenko,https://www.imo-official.org/results/individual/country/UKR/
Ukraine,UKR,Nataliia,Khotiaintseva,Nataliia Khotiaintseva,"Khotiaintseva, Nataliia",khotiaintseva nataliia,https://www.imo-official.org/results/individual/country/UKR/
Ukraine,UKR,Tymur,Khrushchov,Tymur Khrushchov,"Khrushchov, Tymur",khrushchov tymur,https://www.imo-official.org/results/individual/country/UKR/
Ukraine,UKR,Oleksiy,Kislinskyi,Oleksiy Kislinskyi,"Kislinskyi, Oleksiy",kislinskyi oleksiy,https://www.imo-official.org/results/individual/country/UKR/
Ukraine,UKR,Bogdan,Kivva,Bogdan Kivva,"Kivva, Bogdan",bogdan kivva,https://www.imo-official.org/results/individual/country/UKR/
Ukraine,UKR,Yaroslav,Kivva,Yaroslav Kivva,"Kivva, Yaroslav",kivva yaroslav,https://www.imo-official.org/results/individual/country/UKR/
Ukraine,UKR,Andriy,Konishevsky,Andriy Konishevsky,"Konishevsky, Andriy",andriy konishevsky,https://www.imo-official.org/results/individual/country/UKR/
Ukraine,UKR,Pavlo,Kononchuk,Pavlo Kononchuk,"Kononchuk, Pavlo",kononchuk pavlo,https://www.imo-official.org/results/individual/country/UKR/
Ukraine,UKR,Oleksandr,Korniienko,Oleksandr Korniienko,"Korniienko, Oleksandr",korniienko oleksandr,https://www.imo-official.org/results/individual/country/UKR/
Ukraine,UKR,Illya,Koval,Illya Koval,"Koval, Illya",illya koval,https://www.imo-official.org/results/individual/country/UKR/
Ukraine,UKR,Vadym,Koval,Vadym Koval,"Koval, Vadym",koval vadym,https://www.imo-official.org/results/individual/country/UKR/
Ukraine,UKR,Andrii,Kovryhin,Andrii Kovryhin,"Kovryhin, Andrii",andrii kovryhin,https://www.imo-official.org/results/individual/country/UKR/
Ukraine,UKR,Oleksiy,Kravchenko,Oleksiy Kravchenko,"Kravchenko, Oleksiy",kravchenko oleksiy,https://www.imo-official.org/results/individual/country/UKR/
Ukraine,UKR,Oleksandr,Kravets,Oleksandr Kravets,"Kravets, Oleksandr",kravets oleksandr,https://www.imo-official.org/results/individual/country/UKR/
Ukraine,UKR,Victor,Krupchitskiy,Victor Krupchitskiy,"Krupchitskiy, Victor",krupchitskiy victor,https://www.imo-official.org/results/individual/country/UKR/
Ukraine,UKR,Igor,Kudla,Igor Kudla,"Kudla, Igor",igor kudla,https://www.imo-official.org/results/individual/country/UKR/
Ukraine,UKR,Vasyl,Kuznetsov,Vasyl Kuznetsov,"Kuznetsov, Vasyl",kuznetsov vasyl,https://www.imo-official.org/results/individual/country/UKR/
Ukraine,UKR,Tetyana,Lavynska,Tetyana Lavynska,"Lavynska, Tetyana",lavynska tetyana,https://www.imo-official.org/results/individual/country/UKR/
Ukraine,UKR,Elena,Leonenko,Elena Leonenko,"Leonenko, Elena",elena leonenko,https://www.imo-official.org/results/individual/country/UKR/
Ukraine,UKR,Vitalii,Lishunov,Vitalii Lishunov,"Lishunov, Vitalii",lishunov vitalii,https://www.imo-official.org/results/individual/country/UKR/
Ukraine,UKR,Myroslav,Liubymyi,Myroslav Liubymyi,"Liubymyi, Myroslav",liubymyi myroslav,https://www.imo-official.org/results/individual/country/UKR/
Ukraine,UKR,Anton,Lunov,Anton Lunov,"Lunov, Anton",anton lunov,https://www.imo-official.org/results/individual/country/UKR/
Ukraine,UKR,Anastasiya,Lysakevych,Anastasiya Lysakevych,"Lysakevych, Anastasiya",anastasiya lysakevych,https://www.imo-official.org/results/individual/country/UKR/
Ukraine,UKR,Oleksandr,Manzyuk,Oleksandr Manzyuk,"Manzyuk, Oleksandr",manzyuk oleksandr,https://www.imo-official.org/results/individual/country/UKR/
Ukraine,UKR,Oleksii,Masalitin,Oleksii Masalitin,"Masalitin, Oleksii",masalitin oleksii,https://www.imo-official.org/results/individual/country/UKR/
Ukraine,UKR,Taras,Matokhnyuk,Taras Matokhnyuk,"Matokhnyuk, Taras",matokhnyuk taras,https://www.imo-official.org/results/individual/country/UKR/
Ukraine,UKR,Dmytro,Matveevskiy,Dmytro Matveevskiy,"Matveevskiy, Dmytro",dmytro matveevskiy,https://www.imo-official.org/results/individual/country/UKR/
Ukraine,UKR,Kateryna,Matviiv,Kateryna Matviiv,"Matviiv, Kateryna",kateryna matviiv,https://www.imo-official.org/results/individual/country/UKR/
Ukraine,UKR,Volodymyr,Medvid,Volodymyr Medvid,"Medvid, Volodymyr",medvid volodymyr,https://www.imo-official.org/results/individual/country/UKR/
Ukraine,UKR,Anton,Mellit,Anton Mellit,"Mellit, Anton",anton mellit,https://www.imo-official.org/results/individual/country/UKR/
Ukraine,UKR,Svyatoslav,Melnychenko,Svyatoslav Melnychenko,"Melnychenko, Svyatoslav",melnychenko svyatoslav,https://www.imo-official.org/results/individual/country/UKR/
Ukraine,UKR,Pavlo,Mishchenko,Pavlo Mishchenko,"Mishchenko, Pavlo",mishchenko pavlo,https://www.imo-official.org/results/individual/country/UKR/
Ukraine,UKR,Anna,Mitrushchyenkova,Anna Mitrushchyenkova,"Mitrushchyenkova, Anna",anna mitrushchyenkova,https://www.imo-official.org/results/individual/country/UKR/
Ukraine,UKR,Maxim,Moklyak,Maxim Moklyak,"Moklyak, Maxim",maxim moklyak,https://www.imo-official.org/results/individual/country/UKR/
Ukraine,UKR,Kyrylo,Myliarchyk,Kyrylo Myliarchyk,"Myliarchyk, Kyrylo",kyrylo myliarchyk,https://www.imo-official.org/results/individual/country/UKR/
Ukraine,UKR,Sergiyi,Myzgoviy,Sergiyi Myzgoviy,"Myzgoviy, Sergiyi",myzgoviy sergiyi,https://www.imo-official.org/results/individual/country/UKR/
Ukraine,UKR,Zahar,Naumets,Zahar Naumets,"Naumets, Zahar",naumets zahar,https://www.imo-official.org/results/individual/country/UKR/
Ukraine,UKR,Nhok Tkhai Shon,Nho,Nhok Tkhai Shon Nho,"Nho, Nhok Tkhai Shon",nho nhok shon tkhai,https://www.imo-official.org/results/individual/country/UKR/
Ukraine,UKR,Arsenii,Nikolaiev,Arsenii Nikolaiev,"Nikolaiev, Arsenii",arsenii nikolaiev,https://www.imo-official.org/results/individual/country/UKR/
Ukraine,UKR,Stanislav,Nikolayenko,Stanislav Nikolayenko,"Nikolayenko, Stanislav",nikolayenko stanislav,https://www.imo-official.org/results/individual/country/UKR/
Ukraine,UKR,Mikhailo,Nyzhnyk,Mikhailo Nyzhnyk,"Nyzhnyk, Mikhailo",mikhailo nyzhnyk,https://www.imo-official.org/results/individual/country/UKR/
Ukraine,UKR,Nazarii,Palko,Nazarii Palko,"Palko, Nazarii",nazarii palko,https://www.imo-official.org/results/individual/country/UKR/
Ukraine,UKR,Dmytro,Petrovsky,Dmytro Petrovsky,"Petrovsky, Dmytro",dmytro petrovsky,https://www.imo-official.org/results/individual/country/UKR/
Ukraine,UKR,Alisa,Potomkina,Alisa Potomkina,"Potomkina, Alisa",alisa potomkina,https://www.imo-official.org/results/individual/country/UKR/
Ukraine,UKR,Pavlo,Protsenko,Pavlo Protsenko,"Protsenko, Pavlo",pavlo protsenko,https://www.imo-official.org/results/individual/country/UKR/
Ukraine,UKR,Volodymyr,Pryhunov,Volodymyr Pryhunov,"Pryhunov, Volodymyr",pryhunov volodymyr,https://www.imo-official.org/results/individual/country/UKR/
Ukraine,UKR,Andriy,Prymak,Andriy Prymak,"Prymak, Andriy",andriy prymak,https://www.imo-official.org/results/individual/country/UKR/
Ukraine,UKR,Denys,Pushkin,Denys Pushkin,"Pushkin, Denys",denys pushkin,https://www.imo-official.org/results/individual/country/UKR/
Ukraine,UKR,Vladislav,Pykovsky,Vladislav Pykovsky,"Pykovsky, Vladislav",pykovsky vladislav,https://www.imo-official.org/results/individual/country/UKR/
Ukraine,UKR,Ihor,Pylaiev,Ihor Pylaiev,"Pylaiev, Ihor",ihor pylaiev,https://www.imo-official.org/results/individual/country/UKR/
Ukraine,UKR,Pavlo,Pylyavsky,Pavlo Pylyavsky,"Pylyavsky, Pavlo",pavlo pylyavsky,https://www.imo-official.org/results/individual/country/UKR/
Ukraine,UKR,Danylo,Radchenko,Danylo Radchenko,"Radchenko, Danylo",danylo radchenko,https://www.imo-official.org/results/individual/country/UKR/
Ukraine,UKR,Yaroslav,Rahel,Yaroslav Rahel,"Rahel, Yaroslav",rahel yaroslav,https://www.imo-official.org/results/individual/country/UKR/
Ukraine,UKR,Dmitry,Redkin,Dmitry Redkin,"Redkin, Dmitry",dmitry redkin,https://www.imo-official.org/results/individual/country/UKR/
Ukraine,UKR,Andrii,Riazanov,Andrii Riazanov,"Riazanov, Andrii",andrii riazanov,https://www.imo-official.org/results/individual/country/UKR/
Ukraine,UKR,Georgiy,Rodionov,Georgiy Rodionov,"Rodionov, Georgiy",georgiy rodionov,https://www.imo-official.org/results/individual/country/UKR/
Ukraine,UKR,Oleh,Rudenko,Oleh Rudenko,"Rudenko, Oleh",oleh rudenko,https://www.imo-official.org/results/individual/country/UKR/
Ukraine,UKR,Oleksandr,Rudenko,Oleksandr Rudenko,"Rudenko, Oleksandr",oleksandr rudenko,https://www.imo-official.org/results/individual/country/UKR/
Ukraine,UKR,Oleksiy,Rudenko,Oleksiy Rudenko,"Rudenko, Oleksiy",oleksiy rudenko,https://www.imo-official.org/results/individual/country/UKR/
Ukraine,UKR,Mykola,Rybak,Mykola Rybak,"Rybak, Mykola",mykola rybak,https://www.imo-official.org/results/individual/country/UKR/
Ukraine,UKR,Oleksandr,Rybak,Oleksandr Rybak,"Rybak, Oleksandr",oleksandr rybak,https://www.imo-official.org/results/individual/country/UKR/
Ukraine,UKR,Yuliy,Sannikov,Yuliy Sannikov,"Sannikov, Yuliy",sannikov yuliy,https://www.imo-official.org/results/individual/country/UKR/
Ukraine,UKR,Sergei,Saprikin,Sergei Saprikin,"Saprikin, Sergei",saprikin sergei,https://www.imo-official.org/results/individual/country/UKR/
Ukraine,UKR,Roman,Sarapin,Roman Sarapin,"Sarapin, Roman",roman sarapin,https://www.imo-official.org/results/individual/country/UKR/
Ukraine,UKR,Yuliya,Semikina,Yuliya Semikina,"Semikina, Yuliya",semikina yuliya,https://www.imo-official.org/results/individual/country/UKR/
Ukraine,UKR,Stepan,Semyrenskyi,Stepan Semyrenskyi,"Semyrenskyi, Stepan",semyrenskyi stepan,https://www.imo-official.org/results/individual/country/UKR/
Ukraine,UKR,Vitaliy,Senin,Vitaliy Senin,"Senin, Vitaliy",senin vitaliy,https://www.imo-official.org/results/individual/country/UKR/
Ukraine,UKR,Nazar,Serdyuk,Nazar Serdyuk,"Serdyuk, Nazar",nazar serdyuk,https://www.imo-official.org/results/individual/country/UKR/
Ukraine,UKR,Anton,Shafalyuk,Anton Shafalyuk,"Shafalyuk, Anton",anton shafalyuk,https://www.imo-official.org/results/individual/country/UKR/
Ukraine,UKR,Darya,Shchedrina,Darya Shchedrina,"Shchedrina, Darya",darya shchedrina,https://www.imo-official.org/results/individual/country/UKR/
Ukraine,UKR,Mykyta,Shchehlov,Mykyta Shchehlov,"Shchehlov, Mykyta",mykyta shchehlov,https://www.imo-official.org/results/individual/country/UKR/
Ukraine,UKR,Tetyana,Shcherbyna,Tetyana Shcherbyna,"Shcherbyna, Tetyana",shcherbyna tetyana,https://www.imo-official.org/results/individual/country/UKR/
Ukraine,UKR,Varvara,Shepelska,Varvara Shepelska,"Shepelska, Varvara",shepelska varvara,https://www.imo-official.org/results/individual/country/UKR/
Ukraine,UKR,Dmitry,Shklyarov,Dmitry Shklyarov,"Shklyarov, Dmitry",dmitry shklyarov,https://www.imo-official.org/results/individual/country/UKR/
Ukraine,UKR,Daniil,Shvaiko,Daniil Shvaiko,"Shvaiko, Daniil",daniil shvaiko,https://www.imo-official.org/results/individual/country/UKR/
Ukraine,UKR,Yuriy,Shyshatskyy,Yuriy Shyshatskyy,"Shyshatskyy, Yuriy",shyshatskyy yuriy,https://www.imo-official.org/results/individual/country/UKR/
Ukraine,UKR,Sergiy,Sidenko,Sergiy Sidenko,"Sidenko, Sergiy",sergiy sidenko,https://www.imo-official.org/results/individual/country/UKR/
Ukraine,UKR,Olha,Silina,Olha Silina,"Silina, Olha",olha silina,https://www.imo-official.org/results/individual/country/UKR/
Ukraine,UKR,Nikita,Skybytskyi,Nikita Skybytskyi,"Skybytskyi, Nikita",nikita skybytskyi,https://www.imo-official.org/results/individual/country/UKR/
Ukraine,UKR,Sergii,Slobodianiuk,Sergii Slobodianiuk,"Slobodianiuk, Sergii",sergii slobodianiuk,https://www.imo-official.org/results/individual/country/UKR/
Ukraine,UKR,Denys,Smirnov,Denys Smirnov,"Smirnov, Denys",denys smirnov,https://www.imo-official.org/results/individual/country/UKR/
Ukraine,UKR,Dmytro,Smohol,Dmytro Smohol,"Smohol, Dmytro",dmytro smohol,https://www.imo-official.org/results/individual/country/UKR/
Ukraine,UKR,Dmytro,Sobolyev,Dmytro Sobolyev,"Sobolyev, Dmytro",dmytro sobolyev,https://www.imo-official.org/results/individual/country/UKR/
Ukraine,UKR,Maryna,Spektrova,Maryna Spektrova,"Spektrova, Maryna",maryna spektrova,https://www.imo-official.org/results/individual/country/UKR/
Ukraine,UKR,Sergey,Stanko,Sergey Stanko,"Stanko, Sergey",sergey stanko,https://www.imo-official.org/results/individual/country/UKR/
Ukraine,UKR,Evgen,Stepanov,Evgen Stepanov,"Stepanov, Evgen",evgen stepanov,https://www.imo-official.org/results/individual/country/UKR/
Ukraine,UKR,Mykhailo,Sydorenko,Mykhailo Sydorenko,"Sydorenko, Mykhailo",mykhailo sydorenko,https://www.imo-official.org/results/individual/country/UKR/
Ukraine,UKR,Aleksej,Teplinskij,Aleksej Teplinskij,"Teplinskij, Aleksej",aleksej teplinskij,https://www.imo-official.org/results/individual/country/UKR/
Ukraine,UKR,Sergiy,Torba,Sergiy Torba,"Torba, Sergiy",sergiy torba,https://www.imo-official.org/results/individual/country/UKR/
Ukraine,UKR,Fedir,Tovt,Fedir Tovt,"Tovt, Fedir",fedir tovt,https://www.imo-official.org/results/individual/country/UKR/
Ukraine,UKR,Anton,Trygub,Anton Trygub,"Trygub, Anton",anton trygub,https://www.imo-official.org/results/individual/country/UKR/
Ukraine,UKR,Oleksandr,Tsymbalyuk,Oleksandr Tsymbalyuk,"Tsymbalyuk, Oleksandr",oleksandr tsymbalyuk,https://www.imo-official.org/results/individual/country/UKR/
Ukraine,UKR,Pavlo,Tsytsura,Pavlo Tsytsura,"Tsytsura, Pavlo",pavlo tsytsura,https://www.imo-official.org/results/individual/country/UKR/
Ukraine,UKR,Darya,Tyeplova,Darya Tyeplova,"Tyeplova, Darya",darya tyeplova,https://www.imo-official.org/results/individual/country/UKR/
Ukraine,UKR,Bogdan,Veklych,Bogdan Veklych,"Veklych, Bogdan",bogdan veklych,https://www.imo-official.org/results/individual/country/UKR/
Ukraine,UKR,Dinh Thanh Phong,Vo,Dinh Thanh Phong Vo,"Vo, Dinh Thanh Phong",dinh phong thanh vo,https://www.imo-official.org/results/individual/country/UKR/
Ukraine,UKR,Oleksandr,Voitovych,Oleksandr Voitovych,"Voitovych, Oleksandr",oleksandr voitovych,https://www.imo-official.org/results/individual/country/UKR/
Ukraine,UKR,Sergiy,Volodko,Sergiy Volodko,"Volodko, Sergiy",sergiy volodko,https://www.imo-official.org/results/individual/country/UKR/
Ukraine,UKR,Denys,Voloshyn,Denys Voloshyn,"Voloshyn, Denys",denys voloshyn,https://www.imo-official.org/results/individual/country/UKR/
Ukraine,UKR,Fedir,Yudin,Fedir Yudin,"Yudin, Fedir",fedir yudin,https://www.imo-official.org/results/individual/country/UKR/
Ukraine,UKR,Volodymyr,Zabigailo,Volodymyr Zabigailo,"Zabigailo, Volodymyr",volodymyr zabigailo,https://www.imo-official.org/results/individual/country/UKR/
Ukraine,UKR,Daniil,Zarayskyy,Daniil Zarayskyy,"Zarayskyy, Daniil",daniil zarayskyy,https://www.imo-official.org/results/individual/country/UKR/
Ukraine,UKR,Vyacheslav,Zhenylenko,Vyacheslav Zhenylenko,"Zhenylenko, Vyacheslav",vyacheslav zhenylenko,https://www.imo-official.org/results/individual/country/UKR/
Ukraine,UKR,Klymentii,Zolotarov,Klymentii Zolotarov,"Zolotarov, Klymentii",klymentii zolotarov,https://www.imo-official.org/results/individual/country/UKR/
United Arab Emirates,UAE,Mahra Maher,Ahmad Sharifyan,Mahra Maher Ahmad Sharifyan,"Ahmad Sharifyan, Mahra Maher",ahmad maher mahra sharifyan,https://www.imo-official.org/results/individual/country/UAE/
United Arab Emirates,UAE,Maitha Maher,Ahmad Sharifyan,Maitha Maher Ahmad Sharifyan,"Ahmad Sharifyan, Maitha Maher",ahmad maher maitha sharifyan,https://www.imo-official.org/results/individual/country/UAE/
United Arab Emirates,UAE,Sara Hasan,Ahmed Abdulla Zaid,Sara Hasan Ahmed Abdulla Zaid,"Ahmed Abdulla Zaid, Sara Hasan",abdulla ahmed hasan sara zaid,https://www.imo-official.org/results/individual/country/UAE/
United Arab Emirates,UAE,Ahmad Shaeel,Akhtar,Ahmad Shaeel Akhtar,"Akhtar, Ahmad Shaeel",ahmad akhtar shaeel,https://www.imo-official.org/results/individual/country/UAE/
United Arab Emirates,UAE,Ahmed Abdelrahman Mohamed,Al Ali,Ahmed Abdelrahman Mohamed Al Ali,"Al Ali, Ahmed Abdelrahman Mohamed",abdelrahman ahmed al ali mohamed,https://www.imo-official.org/results/individual/country/UAE/
United Arab Emirates,UAE,Fatmah,Al Salami,Fatmah Al Salami,"Al Salami, Fatmah",al fatmah salami,https://www.imo-official.org/results/individual/country/UAE/
United Arab Emirates,UAE,Athiba Saif Mubarak Hamad,Al Shamsi,Athiba Saif Mubarak Hamad Al Shamsi,"Al Shamsi, Athiba Saif Mubarak Hamad",al athiba hamad mubarak saif shamsi,https://www.imo-official.org/results/individual/country/UAE/
United Arab Emirates,UAE,Omar Sultan,Al Zaabi,Omar Sultan Al Zaabi,"Al Zaabi, Omar Sultan",al omar sultan zaabi,https://www.imo-official.org/results/individual/country/UAE/
United Arab Emirates,UAE,Mitha Jamal Ali,Al-Saadiya,Mitha Jamal Ali Al-Saadiya,"Al-Saadiya, Mitha Jamal Ali",al ali jamal mitha saadiya,https://www.imo-official.org/results/individual/country/UAE/
United Arab Emirates,UAE,Hussein Ali Salem Ali,Al-Shehhi,Hussein Ali Salem Ali Al-Shehhi,"Al-Shehhi, Hussein Ali Salem Ali",al ali ali hussein salem shehhi,https://www.imo-official.org/results/individual/country/UAE/
United Arab Emirates,UAE,Ghadeir Mohamed,Ali Mohamed Alzeyoudi,Ghadeir Mohamed Ali Mohamed Alzeyoudi,"Ali Mohamed Alzeyoudi, Ghadeir Mohamed",ali alzeyoudi ghadeir mohamed mohamed,https://www.imo-official.org/results/individual/country/UAE/
United Arab Emirates,UAE,Meera Saeed Khalifa,Almazrooei,Meera Saeed Khalifa Almazrooei,"Almazrooei, Meera Saeed Khalifa",almazrooei khalifa meera saeed,https://www.imo-official.org/results/individual/country/UAE/
United Arab Emirates,UAE,Asma Saif Mohamed,Almazrouei,Asma Saif Mohamed Almazrouei,"Almazrouei, Asma Saif Mohamed",almazrouei asma mohamed saif,https://www.imo-official.org/results/individual/country/UAE/
United Arab Emirates,UAE,Meera Saeed Khalifa,Almehairi,Meera Saeed Khalifa Almehairi,"Almehairi, Meera Saeed Khalifa",almehairi khalifa meera saeed,https://www.imo-official.org/results/individual/country/UAE/
United Arab Emirates,UAE,Abdelrahman Ali Khamis,Alnaqbi,Abdelrahman Ali Khamis Alnaqbi,"Alnaqbi, Abdelrahman Ali Khamis",abdelrahman ali alnaqbi khamis,https://www.imo-official.org/results/individual/country/UAE/
United Arab Emirates,UAE,Alya,Alqaydi,Alya Alqaydi,"Alqaydi, Alya",alqaydi alya,https://www.imo-official.org/results/individual/country/UAE/
United Arab Emirates,UAE,Alya Abdulla Musabbeh Salem,Alqaydi,Alya Abdulla Musabbeh Salem Alqaydi,"Alqaydi, Alya Abdulla Musabbeh Salem",abdulla alqaydi alya musabbeh salem,https://www.imo-official.org/results/individual/country/UAE/
United Arab Emirates,UAE,Reem Saeed Ahmed,Alshaaer Alabdouli,Reem Saeed Ahmed Alshaaer Alabdouli,"Alshaaer Alabdouli, Reem Saeed Ahmed",ahmed alabdouli alshaaer reem saeed,https://www.imo-official.org/results/individual/country/UAE/
United Arab Emirates,UAE,Parth,Chapper,Parth Chapper,"Chapper, Parth",chapper parth,https://www.imo-official.org/results/individual/country/UAE/
United Arab Emirates,UAE,Maha Sultan,Eid Saeed Alketbi,Maha Sultan Eid Saeed Alketbi,"Eid Saeed Alketbi, Maha Sultan",alketbi eid maha saeed sultan,https://www.imo-official.org/results/individual/country/UAE/
United Arab Emirates,UAE,Avani Vivek,Gupta,Avani Vivek Gupta,"Gupta, Avani Vivek",avani gupta vivek,https://www.imo-official.org/results/individual/country/UAE/
United Arab Emirates,UAE,Rawdha Saleh,Hasan Ali Almarzooqi,Rawdha Saleh Hasan Ali Almarzooqi,"Hasan Ali Almarzooqi, Rawdha Saleh",ali almarzooqi hasan rawdha saleh,https://www.imo-official.org/results/individual/country/UAE/
United Arab Emirates,UAE,Mahra Khaled,Jumah Alaraj Aldahmani,Mahra Khaled Jumah Alaraj Aldahmani,"Jumah Alaraj Aldahmani, Mahra Khaled",alaraj aldahmani jumah khaled mahra,https://www.imo-official.org/results/individual/country/UAE/
United Arab Emirates,UAE,Aditya Damodar,Kamat,Aditya Damodar Kamat,"Kamat, Aditya Damodar",aditya damodar kamat,https://www.imo-official.org/results/individual/country/UAE/
United Arab Emirates,UAE,Khalifa Hamad,Khalifa Alhamar Alzaabi,Khalifa Hamad Khalifa Alhamar Alzaabi,"Khalifa Alhamar Alzaabi, Khalifa Hamad",alhamar alzaabi hamad khalifa khalifa,https://www.imo-official.org/results/individual/country/UAE/
United Arab Emirates,UAE,Noura Eisa Ali,Matroushi,Noura Eisa Ali Matroushi,"Matroushi, Noura Eisa Ali",ali eisa matroushi noura,https://www.imo-official.org/results/individual/country/UAE/
United Arab Emirates,UAE,Ghosoun Rashed,Mohamed Rashed Alsereidi,Ghosoun Rashed Mohamed Rashed Alsereidi,"Mohamed Rashed Alsereidi, Ghosoun Rashed",alsereidi ghosoun mohamed rashed rashed,https://www.imo-official.org/results/individual/country/UAE/
United Arab Emirates,UAE,Mohamed Saad,Mohamed Saad Alyaaqeib,Mohamed Saad Mohamed Saad Alyaaqeib,"Mohamed Saad Alyaaqeib, Mohamed Saad",alyaaqeib mohamed mohamed saad saad,https://www.imo-official.org/results/individual/country/UAE/
United Arab Emirates,UAE,Hour Saif,Mohamed Saif Almazrouei,Hour Saif Mohamed Saif Almazrouei,"Mohamed Saif Almazrouei, Hour Saif",almazrouei hour mohamed saif saif,https://www.imo-official.org/results/individual/country/UAE/
United Arab Emirates,UAE,Meera Mohammed,Obaid Bin Hadeeba Alnuaimi,Meera Mohammed Obaid Bin Hadeeba Alnuaimi,"Obaid Bin Hadeeba Alnuaimi, Meera Mohammed",alnuaimi bin hadeeba meera mohammed obaid,https://www.imo-official.org/results/individual/country/UAE/
United Arab Emirates,UAE,Shrimali,Prajwal,Shrimali Prajwal,"Prajwal, Shrimali",prajwal shrimali,https://www.imo-official.org/results/individual/country/UAE/
United Arab Emirates,UAE,Sidharth,Puthiyedathu Suresh,Sidharth Puthiyedathu Suresh,"Puthiyedathu Suresh, Sidharth",puthiyedathu sidharth suresh,https://www.imo-official.org/results/individual/country/UAE/
United Arab Emirates,UAE,Maryam Saeed Salem,Rahmah Alhantoobi,Maryam Saeed Salem Rahmah Alhantoobi,"Rahmah Alhantoobi, Maryam Saeed Salem",alhantoobi maryam rahmah saeed salem,https://www.imo-official.org/results/individual/country/UAE/
United Arab Emirates,UAE,Abdulla Fahad Ali,Saif,Abdulla Fahad Ali Saif,"Saif, Abdulla Fahad Ali",abdulla ali fahad saif,https://www.imo-official.org/results/individual/country/UAE/
United Arab Emirates,UAE,Guntas,Singh,Guntas Singh,"Singh, Guntas",guntas singh,https://www.imo-official.org/results/individual/country/UAE/
United Arab Emirates,UAE,Ziana,Singh,Ziana Singh,"Singh, Ziana",singh ziana,https://www.imo-official.org/results/individual/country/UAE/
United Arab Emirates,UAE,Aadi,Sinha,Aadi Sinha,"Sinha, Aadi",aadi sinha,https://www.imo-official.org/results/individual/country/UAE/
United Arab Emirates,UAE,Saeed Hamad,Sultan Alkharm Alketbi,Saeed Hamad Sultan Alkharm Alketbi,"Sultan Alkharm Alketbi, Saeed Hamad",alketbi alkharm hamad saeed sultan,https://www.imo-official.org/results/individual/country/UAE/
United Arab Emirates,UAE,Kaltham Yousef,Tahnon,Kaltham Yousef Tahnon,"Tahnon, Kaltham Yousef",kaltham tahnon yousef,https://www.imo-official.org/results/individual/country/UAE/
United Arab Emirates,UAE,Niket,Vinesh,Niket Vinesh,"Vinesh, Niket",niket vinesh,https://www.imo-official.org/results/individual/country/UAE/
United Arab Emirates,UAE,Ziyao,Wang,Ziyao Wang,"Wang, Ziyao",wang ziyao,https://www.imo-official.org/results/individual/country/UAE/
United Arab Emirates,UAE,Davron,Yakubov,Davron Yakubov,"Yakubov, Davron",davron yakubov,https://www.imo-official.org/results/individual/country/UAE/
United States of America,USA,Zachary,Abel,Zachary Abel,"Abel, Zachary",abel zachary,https://www.imo-official.org/results/individual/country/USA/
United States of America,USA,Richard,Agin,Richard Agin,"Agin, Richard",agin richard,https://www.imo-official.org/results/individual/country/USA/
United States of America,USA,Ryan,Alweiss,Ryan Alweiss,"Alweiss, Ryan",alweiss ryan,https://www.imo-official.org/results/individual/country/USA/
United States of America,USA,Adam,Ardeishar,Adam Ardeishar,"Ardeishar, Adam",adam ardeishar,https://www.imo-official.org/results/individual/country/USA/
United States of America,USA,Gerhard,Arenstorf,Gerhard Arenstorf,"Arenstorf, Gerhard",arenstorf gerhard,https://www.imo-official.org/results/individual/country/USA/
United States of America,USA,David,Barton,David Barton,"Barton, David",barton david,https://www.imo-official.org/results/individual/country/USA/
United States of America,USA,Reid,Barton,Reid Barton,"Barton, Reid",barton reid,https://www.imo-official.org/results/individual/country/USA/
United States of America,USA,Bernard,Beard,Bernard Beard,"Beard, Bernard",beard bernard,https://www.imo-official.org/results/individual/country/USA/
United States of America,USA,Jeremy,Bem,Jeremy Bem,"Bem, Jeremy",bem jeremy,https://www.imo-official.org/results/individual/country/USA/
United States of America,USA,John,Berman,John Berman,"Berman, John",berman john,https://www.imo-official.org/results/individual/country/USA/
United States of America,USA,Andrew,Bernoff,Andrew Bernoff,"Bernoff, Andrew",andrew bernoff,https://www.imo-official.org/results/individual/country/USA/
United States of America,USA,Ankan,Bhattacharya,Ankan Bhattacharya,"Bhattacharya, Ankan",ankan bhattacharya,https://www.imo-official.org/results/individual/country/USA/
United States of America,USA,Ankit,Bisain,Ankit Bisain,"Bisain, Ankit",ankit bisain,https://www.imo-official.org/results/individual/country/USA/
United States of America,USA,Daniel,Bloch,Daniel Bloch,"Bloch, Daniel",bloch daniel,https://www.imo-official.org/results/individual/country/USA/
United States of America,USA,Carl,Bosley,Carl Bosley,"Bosley, Carl",bosley carl,https://www.imo-official.org/results/individual/country/USA/
United States of America,USA,Zarathustra,Brady,Zarathustra Brady,"Brady, Zarathustra",brady zarathustra,https://www.imo-official.org/results/individual/country/USA/
United States of America,USA,Joshua,Brakensiek,Joshua Brakensiek,"Brakensiek, Joshua",brakensiek joshua,https://www.imo-official.org/results/individual/country/USA/
United States of America,USA,Hubert L.,Bray,Hubert L. Bray,"Bray, Hubert L.",bray hubert l,https://www.imo-official.org/results/individual/country/USA/
United States of America,USA,Ruby,Breydo,Ruby Breydo,"Breydo, Ruby",breydo ruby,https://www.imo-official.org/results/individual/country/USA/
United States of America,USA,Wenyu,Cao,Wenyu Cao,"Cao, Wenyu",cao wenyu,https://www.imo-official.org/results/individual/country/USA/
United States of America,USA,David B.,Carlton,David B. Carlton,"Carlton, David B.",b carlton david,https://www.imo-official.org/results/individual/country/USA/
United States of America,USA,Gabriel,Carroll,Gabriel Carroll,"Carroll, Gabriel",carroll gabriel,https://www.imo-official.org/results/individual/country/USA/
United States of America,USA,Christopher C.,Chang,Christopher C. Chang,"Chang, Christopher C.",c chang christopher,https://www.imo-official.org/results/individual/country/USA/
United States of America,USA,Li-Chung,Chen,Li-Chung Chen,"Chen, Li-Chung",chen chung li,https://www.imo-official.org/results/individual/country/USA/
United States of America,USA,Quanlin,Chen,Quanlin Chen,"Chen, Quanlin",chen quanlin,https://www.imo-official.org/results/individual/country/USA/
United States of America,USA,Tim,Chklovski,Tim Chklovski,"Chklovski, Tim",chklovski tim,https://www.imo-official.org/results/individual/country/USA/
United States of America,USA,Paul,Christiano,Paul Christiano,"Christiano, Paul",christiano paul,https://www.imo-official.org/results/individual/country/USA/
United States of America,USA,Zachary,Chroman,Zachary Chroman,"Chroman, Zachary",chroman zachary,https://www.imo-official.org/results/individual/country/USA/
United States of America,USA,Karn,Chutinan,Karn Chutinan,"Chutinan, Karn",chutinan karn,https://www.imo-official.org/results/individual/country/USA/
United States of America,USA,Jay,Chyung,Jay Chyung,"Chyung, Jay",chyung jay,https://www.imo-official.org/results/individual/country/USA/
United States of America,USA,John,Clyde,John Clyde,"Clyde, John",clyde john,https://www.imo-official.org/results/individual/country/USA/
United States of America,USA,Scott,Cohen,Scott Cohen,"Cohen, Scott",cohen scott,https://www.imo-official.org/results/individual/country/USA/
United States of America,USA,Kevin,Cong,Kevin Cong,"Cong, Kevin",cong kevin,https://www.imo-official.org/results/individual/country/USA/
United States of America,USA,Matthew,Cook,Matthew Cook,"Cook, Matthew",cook matthew,https://www.imo-official.org/results/individual/country/USA/
United States of America,USA,William,Cross,William Cross,"Cross, William",cross william,https://www.imo-official.org/results/individual/country/USA/
United States of America,USA,Nathan,Curtis,Nathan Curtis,"Curtis, Nathan",curtis nathan,https://www.imo-official.org/results/individual/country/USA/
United States of America,USA,Douglas,Davidson,Douglas Davidson,"Davidson, Douglas",davidson douglas,https://www.imo-official.org/results/individual/country/USA/
United States of America,USA,Calvin,Deng,Calvin Deng,"Deng, Calvin",calvin deng,https://www.imo-official.org/results/individual/country/USA/
United States of America,USA,Lawrence,Detlor,Lawrence Detlor,"Detlor, Lawrence",detlor lawrence,https://www.imo-official.org/results/individual/country/USA/
United States of America,USA,Andrew,Dittmer,Andrew Dittmer,"Dittmer, Andrew",andrew dittmer,https://www.imo-official.org/results/individual/country/USA/
United States of America,USA,Randall,Dougherty,Randall Dougherty,"Dougherty, Randall",dougherty randall,https://www.imo-official.org/results/individual/country/USA/
United States of America,USA,Randy,Ekl,Randy Ekl,"Ekl, Randy",ekl randy,https://www.imo-official.org/results/individual/country/USA/
United States of America,USA,Noam,Elkies,Noam Elkies,"Elkies, Noam",elkies noam,https://www.imo-official.org/results/individual/country/USA/
United States of America,USA,Jordan S.,Ellenberg,Jordan S. Ellenberg,"Ellenberg, Jordan S.",ellenberg jordan s,https://www.imo-official.org/results/individual/country/USA/
United States of America,USA,Michael,Finn,Michael Finn,"Finn, Michael",finn michael,https://www.imo-official.org/results/individual/country/USA/
United States of America,USA,Benji,Fisher,Benji Fisher,"Fisher, Benji",benji fisher,https://www.imo-official.org/results/individual/country/USA/
United States of America,USA,Hannah,Fox,Hannah Fox,"Fox, Hannah",fox hannah,https://www.imo-official.org/results/individual/country/USA/
United States of America,USA,Avinoam,Freedman,Avinoam Freedman,"Freedman, Avinoam",avinoam freedman,https://www.imo-official.org/results/individual/country/USA/
United States of America,USA,Andrei,Gnepp,Andrei Gnepp,"Gnepp, Andrei",andrei gnepp,https://www.imo-official.org/results/individual/country/USA/
United States of America,USA,Gopal,Goel,Gopal Goel,"Goel, Gopal",goel gopal,https://www.imo-official.org/results/individual/country/USA/
United States of America,USA,Ram,Goel,Ram Goel,"Goel, Ram",goel ram,https://www.imo-official.org/results/individual/country/USA/
United States of America,USA,Oleg,Gol'berg,Oleg Gol'berg,"Gol'berg, Oleg",berg gol oleg,https://www.imo-official.org/results/individual/country/USA/
United States of America,USA,Sherry,Gong,Sherry Gong,"Gong, Sherry",gong sherry,https://www.imo-official.org/results/individual/country/USA/
United States of America,USA,David,Grabiner,David Grabiner,"Grabiner, David",david grabiner,https://www.imo-official.org/results/individual/country/USA/
United States of America,USA,Andrew,Gu,Andrew Gu,"Gu, Andrew",andrew gu,https://www.imo-official.org/results/individual/country/USA/
United States of America,USA,Benjamin,Gunby,Benjamin Gunby,"Gunby, Benjamin",benjamin gunby,https://www.imo-official.org/results/individual/country/USA/
United States of America,USA,Xiaoyu,He,Xiaoyu He,"He, Xiaoyu",he xiaoyu,https://www.imo-official.org/results/individual/country/USA/
United States of America,USA,Paul,Herdeg,Paul Herdeg,"Herdeg, Paul",herdeg paul,https://www.imo-official.org/results/individual/country/USA/
United States of America,USA,Waldemar,Horwat,Waldemar Horwat,"Horwat, Waldemar",horwat waldemar,https://www.imo-official.org/results/individual/country/USA/
United States of America,USA,Vincent,Huang,Vincent Huang,"Huang, Vincent",huang vincent,https://www.imo-official.org/results/individual/country/USA/
United States of America,USA,Wei Hwa,Huang,Wei Hwa Huang,"Huang, Wei Hwa",huang hwa wei,https://www.imo-official.org/results/individual/country/USA/
United States of America,USA,Brian,Hunt,Brian Hunt,"Hunt, Brian",brian hunt,https://www.imo-official.org/results/individual/country/USA/
United States of America,USA,Matt,Ince,Matt Ince,"Ince, Matt",ince matt,https://www.imo-official.org/results/individual/country/USA/
United States of America,USA,Ravi,Jagadeesan,Ravi Jagadeesan,"Jagadeesan, Ravi",jagadeesan ravi,https://www.imo-official.org/results/individual/country/USA/
United States of America,USA,Tianze,Jiang,Tianze Jiang,"Jiang, Tianze",jiang tianze,https://www.imo-official.org/results/individual/country/USA/
United States of America,USA,Douglas,Jungreis,Douglas Jungreis,"Jungreis, Douglas",douglas jungreis,https://www.imo-official.org/results/individual/country/USA/
United States of America,USA,Jeremy,Kahn,Jeremy Kahn,"Kahn, Jeremy",jeremy kahn,https://www.imo-official.org/results/individual/country/USA/
United States of America,USA,Ronald,Kaminsky,Ronald Kaminsky,"Kaminsky, Ronald",kaminsky ronald,https://www.imo-official.org/results/individual/country/USA/
United States of America,USA,Daniel,Kane,Daniel Kane,"Kane, Daniel",daniel kane,https://www.imo-official.org/results/individual/country/USA/
United States of America,USA,Anders,Kaseorg,Anders Kaseorg,"Kaseorg, Anders",anders kaseorg,https://www.imo-official.org/results/individual/country/USA/
United States of America,USA,Joseph,Keane,Joseph Keane,"Keane, Joseph",joseph keane,https://www.imo-official.org/results/individual/country/USA/
United States of America,USA,Kiran,Kedlaya,Kiran Kedlaya,"Kedlaya, Kiran",kedlaya kiran,https://www.imo-official.org/results/individual/country/USA/
United States of America,USA,Reed,Kelly,Reed Kelly,"Kelly, Reed",kelly reed,https://www.imo-official.org/results/individual/country/USA/
United States of America,USA,Aleksandr,Khazanov,Aleksandr Khazanov,"Khazanov, Aleksandr",aleksandr khazanov,https://www.imo-official.org/results/individual/country/USA/
United States of America,USA,Shaunak,Kishore,Shaunak Kishore,"Kishore, Shaunak",kishore shaunak,https://www.imo-official.org/results/individual/country/USA/
United States of America,USA,Mark,Kleiman,Mark Kleiman,"Kleiman, Mark",kleiman mark,https://www.imo-official.org/results/individual/country/USA/
United States of America,USA,Robert,Kleinberg,Robert Kleinberg,"Kleinberg, Robert",kleinberg robert,https://www.imo-official.org/results/individual/country/USA/
United States of America,USA,Daniel,Knierim,Daniel Knierim,"Knierim, Daniel",daniel knierim,https://www.imo-official.org/results/individual/country/USA/
United States of America,USA,Ryan (Taehyeon),Ko,Ryan (Taehyeon) Ko,"Ko, Ryan (Taehyeon)",ko ryan taehyeon,https://www.imo-official.org/results/individual/country/USA/
United States of America,USA,Timothy,Kokesh,Timothy Kokesh,"Kokesh, Timothy",kokesh timothy,https://www.imo-official.org/results/individual/country/USA/
United States of America,USA,Michael,Korn,Michael Korn,"Korn, Michael",korn michael,https://www.imo-official.org/results/individual/country/USA/
United States of America,USA,Andrew H.,Kresch,Andrew H. Kresch,"Kresch, Andrew H.",andrew h kresch,https://www.imo-official.org/results/individual/country/USA/
United States of America,USA,Tal,Kubo,Tal Kubo,"Kubo, Tal",kubo tal,https://www.imo-official.org/results/individual/country/USA/
United States of America,USA,Michael,Kural,Michael Kural,"Kural, Michael",kural michael,https://www.imo-official.org/results/individual/country/USA/
United States of America,USA,Samuel A.,Kutin,Samuel A. Kutin,"Kutin, Samuel A.",a kutin samuel,https://www.imo-official.org/results/individual/country/USA/
United States of America,USA,Jeffrey,Kwan,Jeffrey Kwan,"Kwan, Jeffrey",jeffrey kwan,https://www.imo-official.org/results/individual/country/USA/
United States of America,USA,Kevin,Lacker,Kevin Lacker,"Lacker, Kevin",kevin lacker,https://www.imo-official.org/results/individual/country/USA/
United States of America,USA,Eric,Lander,Eric Lander,"Lander, Eric",eric lander,https://www.imo-official.org/results/individual/country/USA/
United States of America,USA,Michael,Larsen,Michael Larsen,"Larsen, Michael",larsen michael,https://www.imo-official.org/results/individual/country/USA/
United States of America,USA,Eric,Larson,Eric Larson,"Larson, Eric",eric larson,https://www.imo-official.org/results/individual/country/USA/
United States of America,USA,Brian,Lawrence,Brian Lawrence,"Lawrence, Brian",brian lawrence,https://www.imo-official.org/results/individual/country/USA/
United States of America,USA,Ian,Le,Ian Le,"Le, Ian",ian le,https://www.imo-official.org/results/individual/country/USA/
United States of America,USA,George Jr.,Lee,George Jr. Lee,"Lee, George Jr.",george jr lee,https://www.imo-official.org/results/individual/country/USA/
United States of America,USA,Mitchell,Lee,Mitchell Lee,"Lee, Mitchell",lee mitchell,https://www.imo-official.org/results/individual/country/USA/
United States of America,USA,Darien,Lefkowitz,Darien Lefkowitz,"Lefkowitz, Darien",darien lefkowitz,https://www.imo-official.org/results/individual/country/USA/
United States of America,USA,Jordan,Lefkowitz,Jordan Lefkowitz,"Lefkowitz, Jordan",jordan lefkowitz,https://www.imo-official.org/results/individual/country/USA/
United States of America,USA,Tedrick,Leung,Tedrick Leung,"Leung, Tedrick",leung tedrick,https://www.imo-official.org/results/individual/country/USA/
United States of America,USA,Sergey,Levin,Sergey Levin,"Levin, Sergey",levin sergey,https://www.imo-official.org/results/individual/country/USA/
United States of America,USA,Maxim,Li,Maxim Li,"Li, Maxim",li maxim,https://www.imo-official.org/results/individual/country/USA/
United States of America,USA,Ray,Li,Ray Li,"Li, Ray",li ray,https://www.imo-official.org/results/individual/country/USA/
United States of America,USA,Andrew,Lin,Andrew Lin,"Lin, Andrew",andrew lin,https://www.imo-official.org/results/individual/country/USA/
United States of America,USA,Huaye Jeff,Lin,Huaye Jeff Lin,"Lin, Huaye Jeff",huaye jeff lin,https://www.imo-official.org/results/individual/country/USA/
United States of America,USA,James,Lin,James Lin,"Lin, James",james lin,https://www.imo-official.org/results/individual/country/USA/
United States of America,USA,Mark,Lipson,Mark Lipson,"Lipson, Mark",lipson mark,https://www.imo-official.org/results/individual/country/USA/
United States of America,USA,Allen,Liu,Allen Liu,"Liu, Allen",allen liu,https://www.imo-official.org/results/individual/country/USA/
United States of America,USA,Derek,Liu,Derek Liu,"Liu, Derek",derek liu,https://www.imo-official.org/results/individual/country/USA/
United States of America,USA,Ricky,Liu,Ricky Liu,"Liu, Ricky",liu ricky,https://www.imo-official.org/results/individual/country/USA/
United States of America,USA,Tiankai,Liu,Tiankai Liu,"Liu, Tiankai",liu tiankai,https://www.imo-official.org/results/individual/country/USA/
United States of America,USA,Yang,Liu,Yang Liu,"Liu, Yang",liu yang,https://www.imo-official.org/results/individual/country/USA/
United States of America,USA,Po-Ru,Loh,Po-Ru Loh,"Loh, Po-Ru",loh po ru,https://www.imo-official.org/results/individual/country/USA/
United States of America,USA,Po-Shen,Loh,Po-Shen Loh,"Loh, Po-Shen",loh po shen,https://www.imo-official.org/results/individual/country/USA/
United States of America,USA,Maximus,Lu,Maximus Lu,"Lu, Maximus",lu maximus,https://www.imo-official.org/results/individual/country/USA/
United States of America,USA,Sammy,Luo,Sammy Luo,"Luo, Sammy",luo sammy,https://www.imo-official.org/results/individual/country/USA/
United States of America,USA,Jacob,Lurie,Jacob Lurie,"Lurie, Jacob",jacob lurie,https://www.imo-official.org/results/individual/country/USA/
United States of America,USA,Russell,Lyons,Russell Lyons,"Lyons, Russell",lyons russell,https://www.imo-official.org/results/individual/country/USA/
United States of America,USA,Delong,Meng,Delong Meng,"Meng, Delong",delong meng,https://www.imo-official.org/results/individual/country/USA/
United States of America,USA,Richard,Mifflin,Richard Mifflin,"Mifflin, Richard",mifflin richard,https://www.imo-official.org/results/individual/country/USA/
United States of America,USA,Thomas,Mildorf,Thomas Mildorf,"Mildorf, Thomas",mildorf thomas,https://www.imo-official.org/results/individual/country/USA/
United States of America,USA,Victor,Milenkovic,Victor Milenkovic,"Milenkovic, Victor",milenkovic victor,https://www.imo-official.org/results/individual/country/USA/
United States of America,USA,Alison,Miller,Alison Miller,"Miller, Alison",alison miller,https://www.imo-official.org/results/individual/country/USA/
United States of America,USA,Carl Alexander,Miller,Carl Alexander Miller,"Miller, Carl Alexander",alexander carl miller,https://www.imo-official.org/results/individual/country/USA/
United States of America,USA,Stephen,Modzelewski,Stephen Modzelewski,"Modzelewski, Stephen",modzelewski stephen,https://www.imo-official.org/results/individual/country/USA/
United States of America,USA,David,Moews,David Moews,"Moews, David",david moews,https://www.imo-official.org/results/individual/country/USA/
United States of America,USA,David,Montana,David Montana,"Montana, David",david montana,https://www.imo-official.org/results/individual/country/USA/
United States of America,USA,In Sung,Na,In Sung Na,"Na, In Sung",in na sung,https://www.imo-official.org/results/individual/country/USA/
United States of America,USA,Shyam,Narayanan,Shyam Narayanan,"Narayanan, Shyam",narayanan shyam,https://www.imo-official.org/results/individual/country/USA/
United States of America,USA,Steven,Newman,Steven Newman,"Newman, Steven",newman steven,https://www.imo-official.org/results/individual/country/USA/
United States of America,USA,Lenhard,Ng,Lenhard Ng,"Ng, Lenhard",lenhard ng,https://www.imo-official.org/results/individual/country/USA/
United States of America,USA,Joshua,Nichols-Barrer,Joshua Nichols-Barrer,"Nichols-Barrer, Joshua",barrer joshua nichols,https://www.imo-official.org/results/individual/country/USA/
United States of America,USA,Oaz,Nir,Oaz Nir,"Nir, Oaz",nir oaz,https://www.imo-official.org/results/individual/country/USA/
United States of America,USA,Thomas,Nisonger,Thomas Nisonger,"Nisonger, Thomas",nisonger thomas,https://www.imo-official.org/results/individual/country/USA/
United States of America,USA,Evan,O'Dorney,Evan O'Dorney,"O'Dorney, Evan",dorney evan o,https://www.imo-official.org/results/individual/country/USA/
United States of America,USA,Douglas,Oman,Douglas Oman,"Oman, Douglas",douglas oman,https://www.imo-official.org/results/individual/country/USA/
United States of America,USA,John,Overdeck,John Overdeck,"Overdeck, John",john overdeck,https://www.imo-official.org/results/individual/country/USA/
United States of America,USA,Qinxuan,Pan,Qinxuan Pan,"Pan, Qinxuan",pan qinxuan,https://www.imo-official.org/results/individual/country/USA/
United States of America,USA,Gregg,Patruno,Gregg Patruno,"Patruno, Gregg",gregg patruno,https://www.imo-official.org/results/individual/country/USA/
United States of America,USA,Junyao,Peng,Junyao Peng,"Peng, Junyao",junyao peng,https://www.imo-official.org/results/individual/country/USA/
United States of America,USA,Royce,Peng,Royce Peng,"Peng, Royce",peng royce,https://www.imo-official.org/results/individual/country/USA/
United States of America,USA,Laurence,Penn,Laurence Penn,"Penn, Laurence",laurence penn,https://www.imo-official.org/results/individual/country/USA/
United States of America,USA,Aaron,Pixton,Aaron Pixton,"Pixton, Aaron",aaron pixton,https://www.imo-official.org/results/individual/country/USA/
United States of America,USA,Mark,Pleszkoch,Mark Pleszkoch,"Pleszkoch, Mark",mark pleszkoch,https://www.imo-official.org/results/individual/country/USA/
United States of America,USA,Bjorn,Poonen,Bjorn Poonen,"Poonen, Bjorn",bjorn poonen,https://www.imo-official.org/results/individual/country/USA/
United States of America,USA,Krishna,Pothapragada,Krishna Pothapragada,"Pothapragada, Krishna",krishna pothapragada,https://www.imo-official.org/results/individual/country/USA/
United States of America,USA,Eric,Price,Eric Price,"Price, Eric",eric price,https://www.imo-official.org/results/individual/country/USA/
United States of America,USA,Jeremy,Primer,Jeremy Primer,"Primer, Jeremy",jeremy primer,https://www.imo-official.org/results/individual/country/USA/
United States of America,USA,James,Propp,James Propp,"Propp, James",james propp,https://www.imo-official.org/results/individual/country/USA/
United States of America,USA,Miller,Puckette,Miller Puckette,"Puckette, Miller",miller puckette,https://www.imo-official.org/results/individual/country/USA/
United States of America,USA,Liam,Reddy,Liam Reddy,"Reddy, Liam",liam reddy,https://www.imo-official.org/results/individual/country/USA/
United States of America,USA,Michael,Reid,Michael Reid,"Reid, Michael",michael reid,https://www.imo-official.org/results/individual/country/USA/
United States of America,USA,Ehud,Reiter,Ehud Reiter,"Reiter, Ehud",ehud reiter,https://www.imo-official.org/results/individual/country/USA/
United States of America,USA,Michael,Ren,Michael Ren,"Ren, Michael",michael ren,https://www.imo-official.org/results/individual/country/USA/
United States of America,USA,Luke,Robitaille,Luke Robitaille,"Robitaille, Luke",luke robitaille,https://www.imo-official.org/results/individual/country/USA/
United States of America,USA,James,Roche,James Roche,"Roche, James",james roche,https://www.imo-official.org/results/individual/country/USA/
United States of America,USA,Joel,Rosenberg,Joel Rosenberg,"Rosenberg, Joel",joel rosenberg,https://www.imo-official.org/results/individual/country/USA/
United States of America,USA,Ashwin,Sah,Ashwin Sah,"Sah, Ashwin",ashwin sah,https://www.imo-official.org/results/individual/country/USA/
United States of America,USA,Alexander Harry,Saltman,Alexander Harry Saltman,"Saltman, Alexander Harry",alexander harry saltman,https://www.imo-official.org/results/individual/country/USA/
United States of America,USA,Colin,Sandon,Colin Sandon,"Sandon, Colin",colin sandon,https://www.imo-official.org/results/individual/country/USA/
United States of America,USA,Krishanu Roy,Sankar,Krishanu Roy Sankar,"Sankar, Krishanu Roy",krishanu roy sankar,https://www.imo-official.org/results/individual/country/USA/
United States of America,USA,William,Schneeberger,William Schneeberger,"Schneeberger, William",schneeberger william,https://www.imo-official.org/results/individual/country/USA/
United States of America,USA,Andrew H.,Schultz,Andrew H. Schultz,"Schultz, Andrew H.",andrew h schultz,https://www.imo-official.org/results/individual/country/USA/
United States of America,USA,Sasha,Schwartz,Sasha Schwartz,"Schwartz, Sasha",sasha schwartz,https://www.imo-official.org/results/individual/country/USA/
United States of America,USA,Mark,Sellke,Mark Sellke,"Sellke, Mark",mark sellke,https://www.imo-official.org/results/individual/country/USA/
United States of America,USA,Noam,Shazeer,Noam Shazeer,"Shazeer, Noam",noam shazeer,https://www.imo-official.org/results/individual/country/USA/
United States of America,USA,Bobby,Shen,Bobby Shen,"Shen, Bobby",bobby shen,https://www.imo-official.org/results/individual/country/USA/
United States of America,USA,Eric,Shen,Eric Shen,"Shen, Eric",eric shen,https://www.imo-official.org/results/individual/country/USA/
United States of America,USA,Dong,Shin,Dong Shin,"Shin, Dong",dong shin,https://www.imo-official.org/results/individual/country/USA/
United States of America,USA,Peter,Shor,Peter Shor,"Shor, Peter",peter shor,https://www.imo-official.org/results/individual/country/USA/
United States of America,USA,Mihir Anand,Singhal,Mihir Anand Singhal,"Singhal, Mihir Anand",anand mihir singhal,https://www.imo-official.org/results/individual/country/USA/
United States of America,USA,Bruce,Smith,Bruce Smith,"Smith, Bruce",bruce smith,https://www.imo-official.org/results/individual/country/USA/
United States of America,USA,Hyun,Soo Kim,Hyun Soo Kim,"Soo Kim, Hyun",hyun kim soo,https://www.imo-official.org/results/individual/country/USA/
United States of America,USA,Robert,Southworth,Robert Southworth,"Southworth, Robert",robert southworth,https://www.imo-official.org/results/individual/country/USA/
United States of America,USA,John,Steinke,John Steinke,"Steinke, John",john steinke,https://www.imo-official.org/results/individual/country/USA/
United States of America,USA,David,Stoner,David Stoner,"Stoner, David",david stoner,https://www.imo-official.org/results/individual/country/USA/
United States of America,USA,Richard,Stong,Richard Stong,"Stong, Richard",richard stong,https://www.imo-official.org/results/individual/country/USA/
United States of America,USA,Daniel,Stronger,Daniel Stronger,"Stronger, Daniel",daniel stronger,https://www.imo-official.org/results/individual/country/USA/
United States of America,USA,Yi,Sun,Yi Sun,"Sun, Yi",sun yi,https://www.imo-official.org/results/individual/country/USA/
United States of America,USA,Michail,Sunitsky,Michail Sunitsky,"Sunitsky, Michail",michail sunitsky,https://www.imo-official.org/results/individual/country/USA/
United States of America,USA,Thomas,Swayze,Thomas Swayze,"Swayze, Thomas",swayze thomas,https://www.imo-official.org/results/individual/country/USA/
United States of America,USA,Robert,T. Cordwell,Robert T. Cordwell,"T. Cordwell, Robert",cordwell robert t,https://www.imo-official.org/results/individual/country/USA/
United States of America,USA,Colin Shanmo,Tang,Colin Shanmo Tang,"Tang, Colin Shanmo",colin shanmo tang,https://www.imo-official.org/results/individual/country/USA/
United States of America,USA,Linus,Tang,Linus Tang,"Tang, Linus",linus tang,https://www.imo-official.org/results/individual/country/USA/
United States of America,USA,James,Tao,James Tao,"Tao, James",james tao,https://www.imo-official.org/results/individual/country/USA/
United States of America,USA,Washington,Taylor,Washington Taylor,"Taylor, Washington",taylor washington,https://www.imo-official.org/results/individual/country/USA/
United States of America,USA,Arnav,Tripathy,Arnav Tripathy,"Tripathy, Arnav",arnav tripathy,https://www.imo-official.org/results/individual/country/USA/
United States of America,USA,Steven,Tschantz,Steven Tschantz,"Tschantz, Steven",steven tschantz,https://www.imo-official.org/results/individual/country/USA/
United States of America,USA,Paul,Valiant,Paul Valiant,"Valiant, Paul",paul valiant,https://www.imo-official.org/results/individual/country/USA/
United States of America,USA,Jeffrey M.,Vanderkam,Jeffrey M. Vanderkam,"Vanderkam, Jeffrey M.",jeffrey m vanderkam,https://www.imo-official.org/results/individual/country/USA/
United States of America,USA,Samuel K.,Vandervelde,Samuel K. Vandervelde,"Vandervelde, Samuel K.",k samuel vandervelde,https://www.imo-official.org/results/individual/country/USA/
United States of America,USA,Paul,Vojta,Paul Vojta,"Vojta, Paul",paul vojta,https://www.imo-official.org/results/individual/country/USA/
United States of America,USA,Noah,Walsh,Noah Walsh,"Walsh, Noah",noah walsh,https://www.imo-official.org/results/individual/country/USA/
United States of America,USA,Charles,Walter,Charles Walter,"Walter, Charles",charles walter,https://www.imo-official.org/results/individual/country/USA/
United States of America,USA,Edward,Wan,Edward Wan,"Wan, Edward",edward wan,https://www.imo-official.org/results/individual/country/USA/
United States of America,USA,Jessica,Wan,Jessica Wan,"Wan, Jessica",jessica wan,https://www.imo-official.org/results/individual/country/USA/
United States of America,USA,Alexander,Wang,Alexander Wang,"Wang, Alexander",alexander wang,https://www.imo-official.org/results/individual/country/USA/
United States of America,USA,Brandon,Wang,Brandon Wang,"Wang, Brandon",brandon wang,https://www.imo-official.org/results/individual/country/USA/
United States of America,USA,Oron,Wang,Oron Wang,"Wang, Oron",oron wang,https://www.imo-official.org/results/individual/country/USA/
United States of America,USA,Ruilin,Wang,Ruilin Wang,"Wang, Ruilin",ruilin wang,https://www.imo-official.org/results/individual/country/USA/
United States of America,USA,Stephen,Wang,Stephen Wang,"Wang, Stephen",stephen wang,https://www.imo-official.org/results/individual/country/USA/
United States of America,USA,Victor,Wang,Victor Wang,"Wang, Victor",victor wang,https://www.imo-official.org/results/individual/country/USA/
United States of America,USA,William,Wang,William Wang,"Wang, William",wang william,https://www.imo-official.org/results/individual/country/USA/
United States of America,USA,Zifan,Wang,Zifan Wang,"Wang, Zifan",wang zifan,https://www.imo-official.org/results/individual/country/USA/
United States of America,USA,Jonathan,Weinstein,Jonathan Weinstein,"Weinstein, Jonathan",jonathan weinstein,https://www.imo-official.org/results/individual/country/USA/
United States of America,USA,Paul,Weiss,Paul Weiss,"Weiss, Paul",paul weiss,https://www.imo-official.org/results/individual/country/USA/
United States of America,USA,Eric K.,Wepsic,Eric K. Wepsic,"Wepsic, Eric K.",eric k wepsic,https://www.imo-official.org/results/individual/country/USA/
United States of America,USA,John,Woo,John Woo,"Woo, John",john woo,https://www.imo-official.org/results/individual/country/USA/
United States of America,USA,Melanie,Wood,Melanie Wood,"Wood, Melanie",melanie wood,https://www.imo-official.org/results/individual/country/USA/
United States of America,USA,Tong-Ke,Xue,Tong-Ke Xue,"Xue, Tong-Ke",ke tong xue,https://www.imo-official.org/results/individual/country/USA/
United States of America,USA,David,Yang,David Yang,"Yang, David",david yang,https://www.imo-official.org/results/individual/country/USA/
United States of America,USA,Royce,Yao,Royce Yao,"Yao, Royce",royce yao,https://www.imo-official.org/results/individual/country/USA/
United States of America,USA,Yuan,Yao,Yuan Yao,"Yao, Yuan",yao yuan,https://www.imo-official.org/results/individual/country/USA/
United States of America,USA,James,Yeh,James Yeh,"Yeh, James",james yeh,https://www.imo-official.org/results/individual/country/USA/
United States of America,USA,Feodor,Yevtushenko,Feodor Yevtushenko,"Yevtushenko, Feodor",feodor yevtushenko,https://www.imo-official.org/results/individual/country/USA/
United States of America,USA,Allen,Yuan,Allen Yuan,"Yuan, Allen",allen yuan,https://www.imo-official.org/results/individual/country/USA/
United States of America,USA,David,Yuen,David Yuen,"Yuen, David",david yuen,https://www.imo-official.org/results/individual/country/USA/
United States of America,USA,Paul,Zeitz,Paul Zeitz,"Zeitz, Paul",paul zeitz,https://www.imo-official.org/results/individual/country/USA/
United States of America,USA,Alex (Lin),Zhai,Alex (Lin) Zhai,"Zhai, Alex (Lin)",alex lin zhai,https://www.imo-official.org/results/individual/country/USA/
United States of America,USA,Qiao,Zhang,Qiao Zhang,"Zhang, Qiao",qiao zhang,https://www.imo-official.org/results/individual/country/USA/
United States of America,USA,Tony,Zhang,Tony Zhang,"Zhang, Tony",tony zhang,https://www.imo-official.org/results/individual/country/USA/
United States of America,USA,Yan,Zhang,Yan Zhang,"Zhang, Yan",yan zhang,https://www.imo-official.org/results/individual/country/USA/
United States of America,USA,Alex,Zhao,Alex Zhao,"Zhao, Alex",alex zhao,https://www.imo-official.org/results/individual/country/USA/
United States of America,USA,Daniel,Zhu,Daniel Zhu,"Zhu, Daniel",daniel zhu,https://www.imo-official.org/results/individual/country/USA/
Uzbekistan,UZB,Bahriddin,Abdiev,Bahriddin Abdiev,"Abdiev, Bahriddin",abdiev bahriddin,https://www.imo-official.org/results/individual/country/UZB/
Uzbekistan,UZB,Abdumalik,Abdukayumov,Abdumalik Abdukayumov,"Abdukayumov, Abdumalik",abdukayumov abdumalik,https://www.imo-official.org/results/individual/country/UZB/
Uzbekistan,UZB,Jafar,Abdurahimov,Jafar Abdurahimov,"Abdurahimov, Jafar",abdurahimov jafar,https://www.imo-official.org/results/individual/country/UZB/
Uzbekistan,UZB,Gulomjon,Abdurashitov,Gulomjon Abdurashitov,"Abdurashitov, Gulomjon",abdurashitov gulomjon,https://www.imo-official.org/results/individual/country/UZB/
Uzbekistan,UZB,Abdushukur,Akhadov,Abdushukur Akhadov,"Akhadov, Abdushukur",abdushukur akhadov,https://www.imo-official.org/results/individual/country/UZB/
Uzbekistan,UZB,Mukhayyo,Akhmadova,Mukhayyo Akhmadova,"Akhmadova, Mukhayyo",akhmadova mukhayyo,https://www.imo-official.org/results/individual/country/UZB/
Uzbekistan,UZB,Ozodbek,Akhtamov,Ozodbek Akhtamov,"Akhtamov, Ozodbek",akhtamov ozodbek,https://www.imo-official.org/results/individual/country/UZB/
Uzbekistan,UZB,Ibrokhimbek,Akramov,Ibrokhimbek Akramov,"Akramov, Ibrokhimbek",akramov ibrokhimbek,https://www.imo-official.org/results/individual/country/UZB/
Uzbekistan,UZB,Bekhzod,Aliyev,Bekhzod Aliyev,"Aliyev, Bekhzod",aliyev bekhzod,https://www.imo-official.org/results/individual/country/UZB/
Uzbekistan,UZB,Bekhzod,Asadullaev,Bekhzod Asadullaev,"Asadullaev, Bekhzod",asadullaev bekhzod,https://www.imo-official.org/results/individual/country/UZB/
Uzbekistan,UZB,Umid,Azimov,Umid Azimov,"Azimov, Umid",azimov umid,https://www.imo-official.org/results/individual/country/UZB/
Uzbekistan,UZB,Jasurbek,Bahramov,Jasurbek Bahramov,"Bahramov, Jasurbek",bahramov jasurbek,https://www.imo-official.org/results/individual/country/UZB/
Uzbekistan,UZB,Dilshod,Bakhriddinov,Dilshod Bakhriddinov,"Bakhriddinov, Dilshod",bakhriddinov dilshod,https://www.imo-official.org/results/individual/country/UZB/
Uzbekistan,UZB,Sardor,Bazarbaev,Sardor Bazarbaev,"Bazarbaev, Sardor",bazarbaev sardor,https://www.imo-official.org/results/individual/country/UZB/
Uzbekistan,UZB,Jasurbek,Berdikobilov,Jasurbek Berdikobilov,"Berdikobilov, Jasurbek",berdikobilov jasurbek,https://www.imo-official.org/results/individual/country/UZB/
Uzbekistan,UZB,Latofat,Bobojonova,Latofat Bobojonova,"Bobojonova, Latofat",bobojonova latofat,https://www.imo-official.org/results/individual/country/UZB/
Uzbekistan,UZB,Asadbek,Bobokulov,Asadbek Bobokulov,"Bobokulov, Asadbek",asadbek bobokulov,https://www.imo-official.org/results/individual/country/UZB/
Uzbekistan,UZB,Utkir,Boltaev,Utkir Boltaev,"Boltaev, Utkir",boltaev utkir,https://www.imo-official.org/results/individual/country/UZB/
Uzbekistan,UZB,Rustam,Bosimov,Rustam Bosimov,"Bosimov, Rustam",bosimov rustam,https://www.imo-official.org/results/individual/country/UZB/
Uzbekistan,UZB,Javlonbek,Bozorov,Javlonbek Bozorov,"Bozorov, Javlonbek",bozorov javlonbek,https://www.imo-official.org/results/individual/country/UZB/
Uzbekistan,UZB,Maksim,Bulatov,Maksim Bulatov,"Bulatov, Maksim",bulatov maksim,https://www.imo-official.org/results/individual/country/UZB/
Uzbekistan,UZB,Iskandar,Buriev,Iskandar Buriev,"Buriev, Iskandar",buriev iskandar,https://www.imo-official.org/results/individual/country/UZB/
Uzbekistan,UZB,Hamrozjon,Chuyanov,Hamrozjon Chuyanov,"Chuyanov, Hamrozjon",chuyanov hamrozjon,https://www.imo-official.org/results/individual/country/UZB/
Uzbekistan,UZB,Khamza,Davletov,Khamza Davletov,"Davletov, Khamza",davletov khamza,https://www.imo-official.org/results/individual/country/UZB/
Uzbekistan,UZB,Behruzbek,Elmurodov,Behruzbek Elmurodov,"Elmurodov, Behruzbek",behruzbek elmurodov,https://www.imo-official.org/results/individual/country/UZB/
Uzbekistan,UZB,Akbar,Erkinov,Akbar Erkinov,"Erkinov, Akbar",akbar erkinov,https://www.imo-official.org/results/individual/country/UZB/
Uzbekistan,UZB,Alisher,Eshonkulov,Alisher Eshonkulov,"Eshonkulov, Alisher",alisher eshonkulov,https://www.imo-official.org/results/individual/country/UZB/
Uzbekistan,UZB,Sanjar,Esonmurodov,Sanjar Esonmurodov,"Esonmurodov, Sanjar",esonmurodov sanjar,https://www.imo-official.org/results/individual/country/UZB/
Uzbekistan,UZB,Rasulbek,Gafforov,Rasulbek Gafforov,"Gafforov, Rasulbek",gafforov rasulbek,https://www.imo-official.org/results/individual/country/UZB/
Uzbekistan,UZB,Sardor,Gafforov,Sardor Gafforov,"Gafforov, Sardor",gafforov sardor,https://www.imo-official.org/results/individual/country/UZB/
Uzbekistan,UZB,Umriuzok,Ganiyev,Umriuzok Ganiyev,"Ganiyev, Umriuzok",ganiyev umriuzok,https://www.imo-official.org/results/individual/country/UZB/
Uzbekistan,UZB,Farhod,Haydarov,Farhod Haydarov,"Haydarov, Farhod",farhod haydarov,https://www.imo-official.org/results/individual/country/UZB/
Uzbekistan,UZB,Shohruh,Holmatov,Shohruh Holmatov,"Holmatov, Shohruh",holmatov shohruh,https://www.imo-official.org/results/individual/country/UZB/
Uzbekistan,UZB,Zarif,Ibragimov,Zarif Ibragimov,"Ibragimov, Zarif",ibragimov zarif,https://www.imo-official.org/results/individual/country/UZB/
Uzbekistan,UZB,Anvar,Ibrahimov,Anvar Ibrahimov,"Ibrahimov, Anvar",anvar ibrahimov,https://www.imo-official.org/results/individual/country/UZB/
Uzbekistan,UZB,Jasurbek,Imomov,Jasurbek Imomov,"Imomov, Jasurbek",imomov jasurbek,https://www.imo-official.org/results/individual/country/UZB/
Uzbekistan,UZB,Doniyor,Ismoilov,Doniyor Ismoilov,"Ismoilov, Doniyor",doniyor ismoilov,https://www.imo-official.org/results/individual/country/UZB/
Uzbekistan,UZB,Tolibjon,Ismoilov,Tolibjon Ismoilov,"Ismoilov, Tolibjon",ismoilov tolibjon,https://www.imo-official.org/results/individual/country/UZB/
Uzbekistan,UZB,Javlon,Isomurodov,Javlon Isomurodov,"Isomurodov, Javlon",isomurodov javlon,https://www.imo-official.org/results/individual/country/UZB/
Uzbekistan,UZB,Tulkin,Jaylovov,Tulkin Jaylovov,"Jaylovov, Tulkin",jaylovov tulkin,https://www.imo-official.org/results/individual/country/UZB/
Uzbekistan,UZB,Bekzod,Jolbekov,Bekzod Jolbekov,"Jolbekov, Bekzod",bekzod jolbekov,https://www.imo-official.org/results/individual/country/UZB/
Uzbekistan,UZB,Zafar,Jumaev,Zafar Jumaev,"Jumaev, Zafar",jumaev zafar,https://www.imo-official.org/results/individual/country/UZB/
Uzbekistan,UZB,Khurshid,Juraev,Khurshid Juraev,"Juraev, Khurshid",juraev khurshid,https://www.imo-official.org/results/individual/country/UZB/
Uzbekistan,UZB,Umidakhon,Juraeva,Umidakhon Juraeva,"Juraeva, Umidakhon",juraeva umidakhon,https://www.imo-official.org/results/individual/country/UZB/
Uzbekistan,UZB,Aziz,Jurakulov,Aziz Jurakulov,"Jurakulov, Aziz",aziz jurakulov,https://www.imo-official.org/results/individual/country/UZB/
Uzbekistan,UZB,Zulfiddin,Kamolov,Zulfiddin Kamolov,"Kamolov, Zulfiddin",kamolov zulfiddin,https://www.imo-official.org/results/individual/country/UZB/
Uzbekistan,UZB,Fatkhulla,Keldiyarov,Fatkhulla Keldiyarov,"Keldiyarov, Fatkhulla",fatkhulla keldiyarov,https://www.imo-official.org/results/individual/country/UZB/
Uzbekistan,UZB,Sukhrob,Khalelov,Sukhrob Khalelov,"Khalelov, Sukhrob",khalelov sukhrob,https://www.imo-official.org/results/individual/country/UZB/
Uzbekistan,UZB,Shakhboz,Khasanov,Shakhboz Khasanov,"Khasanov, Shakhboz",khasanov shakhboz,https://www.imo-official.org/results/individual/country/UZB/
Uzbekistan,UZB,Temurbek,Khasanov,Temurbek Khasanov,"Khasanov, Temurbek",khasanov temurbek,https://www.imo-official.org/results/individual/country/UZB/
Uzbekistan,UZB,Jaloliddin,Kholmatov,Jaloliddin Kholmatov,"Kholmatov, Jaloliddin",jaloliddin kholmatov,https://www.imo-official.org/results/individual/country/UZB/
Uzbekistan,UZB,Nozim,Komilov,Nozim Komilov,"Komilov, Nozim",komilov nozim,https://www.imo-official.org/results/individual/country/UZB/
Uzbekistan,UZB,Jasur,Kuchkarov,Jasur Kuchkarov,"Kuchkarov, Jasur",jasur kuchkarov,https://www.imo-official.org/results/individual/country/UZB/
Uzbekistan,UZB,Elbek,Kurbonov,Elbek Kurbonov,"Kurbonov, Elbek",elbek kurbonov,https://www.imo-official.org/results/individual/country/UZB/
Uzbekistan,UZB,Mukhammadrizo,Madjidov,Mukhammadrizo Madjidov,"Madjidov, Mukhammadrizo",madjidov mukhammadrizo,https://www.imo-official.org/results/individual/country/UZB/
Uzbekistan,UZB,Behzod,Maksudov,Behzod Maksudov,"Maksudov, Behzod",behzod maksudov,https://www.imo-official.org/results/individual/country/UZB/
Uzbekistan,UZB,Azizbek,Mamajonov,Azizbek Mamajonov,"Mamajonov, Azizbek",azizbek mamajonov,https://www.imo-official.org/results/individual/country/UZB/
Uzbekistan,UZB,Sulaymon,Matnazarov,Sulaymon Matnazarov,"Matnazarov, Sulaymon",matnazarov sulaymon,https://www.imo-official.org/results/individual/country/UZB/
Uzbekistan,UZB,Doniyorbek,Matyakubov,Doniyorbek Matyakubov,"Matyakubov, Doniyorbek",doniyorbek matyakubov,https://www.imo-official.org/results/individual/country/UZB/
Uzbekistan,UZB,Ibrokhimjon,Mirgiyosov,Ibrokhimjon Mirgiyosov,"Mirgiyosov, Ibrokhimjon",ibrokhimjon mirgiyosov,https://www.imo-official.org/results/individual/country/UZB/
Uzbekistan,UZB,Abbos,Muhammedov,Abbos Muhammedov,"Muhammedov, Abbos",abbos muhammedov,https://www.imo-official.org/results/individual/country/UZB/
Uzbekistan,UZB,Nabixon,Nabixonov,Nabixon Nabixonov,"Nabixonov, Nabixon",nabixon nabixonov,https://www.imo-official.org/results/individual/country/UZB/
Uzbekistan,UZB,Doniyor,Nafasov,Doniyor Nafasov,"Nafasov, Doniyor",doniyor nafasov,https://www.imo-official.org/results/individual/country/UZB/
Uzbekistan,UZB,Azizkhon,Nazarov,Azizkhon Nazarov,"Nazarov, Azizkhon",azizkhon nazarov,https://www.imo-official.org/results/individual/country/UZB/
Uzbekistan,UZB,Eldor,Neymatov,Eldor Neymatov,"Neymatov, Eldor",eldor neymatov,https://www.imo-official.org/results/individual/country/UZB/
Uzbekistan,UZB,Jakhongir,Norboev,Jakhongir Norboev,"Norboev, Jakhongir",jakhongir norboev,https://www.imo-official.org/results/individual/country/UZB/
Uzbekistan,UZB,Olimjon,Olimov,Olimjon Olimov,"Olimov, Olimjon",olimjon olimov,https://www.imo-official.org/results/individual/country/UZB/
Uzbekistan,UZB,Davrbek,Oltiboev,Davrbek Oltiboev,"Oltiboev, Davrbek",davrbek oltiboev,https://www.imo-official.org/results/individual/country/UZB/
Uzbekistan,UZB,Ruslanbek,Ozodboev,Ruslanbek Ozodboev,"Ozodboev, Ruslanbek",ozodboev ruslanbek,https://www.imo-official.org/results/individual/country/UZB/
Uzbekistan,UZB,Rasulbek,Ozodov,Rasulbek Ozodov,"Ozodov, Rasulbek",ozodov rasulbek,https://www.imo-official.org/results/individual/country/UZB/
Uzbekistan,UZB,Aleksey,Pak,Aleksey Pak,"Pak, Aleksey",aleksey pak,https://www.imo-official.org/results/individual/country/UZB/
Uzbekistan,UZB,Abror,Pirnapasov,Abror Pirnapasov,"Pirnapasov, Abror",abror pirnapasov,https://www.imo-official.org/results/individual/country/UZB/
Uzbekistan,UZB,Afzal,Qulmurodov,Afzal Qulmurodov,"Qulmurodov, Afzal",afzal qulmurodov,https://www.imo-official.org/results/individual/country/UZB/
Uzbekistan,UZB,Jalol,Qurbonov,Jalol Qurbonov,"Qurbonov, Jalol",jalol qurbonov,https://www.imo-official.org/results/individual/country/UZB/
Uzbekistan,UZB,Umidjon,Radjabov,Umidjon Radjabov,"Radjabov, Umidjon",radjabov umidjon,https://www.imo-official.org/results/individual/country/UZB/
Uzbekistan,UZB,Lazizbek,Rajabboev,Lazizbek Rajabboev,"Rajabboev, Lazizbek",lazizbek rajabboev,https://www.imo-official.org/results/individual/country/UZB/
Uzbekistan,UZB,Anvarbek,Rakhmatov,Anvarbek Rakhmatov,"Rakhmatov, Anvarbek",anvarbek rakhmatov,https://www.imo-official.org/results/individual/country/UZB/
Uzbekistan,UZB,Dostonbek,Rakhmonkulov,Dostonbek Rakhmonkulov,"Rakhmonkulov, Dostonbek",dostonbek rakhmonkulov,https://www.imo-official.org/results/individual/country/UZB/
Uzbekistan,UZB,Umid,Rakhmonov,Umid Rakhmonov,"Rakhmonov, Umid",rakhmonov umid,https://www.imo-official.org/results/individual/country/UZB/
Uzbekistan,UZB,Jasurbek,Ruziboev,Jasurbek Ruziboev,"Ruziboev, Jasurbek",jasurbek ruziboev,https://www.imo-official.org/results/individual/country/UZB/
Uzbekistan,UZB,Shohruh,Ruzikulov,Shohruh Ruzikulov,"Ruzikulov, Shohruh",ruzikulov shohruh,https://www.imo-official.org/results/individual/country/UZB/
Uzbekistan,UZB,Olimjon,Sadinov,Olimjon Sadinov,"Sadinov, Olimjon",olimjon sadinov,https://www.imo-official.org/results/individual/country/UZB/
Uzbekistan,UZB,Anvarbek,Sadulloev,Anvarbek Sadulloev,"Sadulloev, Anvarbek",anvarbek sadulloev,https://www.imo-official.org/results/individual/country/UZB/
Uzbekistan,UZB,Sherzod,Safoyev,Sherzod Safoyev,"Safoyev, Sherzod",safoyev sherzod,https://www.imo-official.org/results/individual/country/UZB/
Uzbekistan,UZB,Diyora,Salimova,Diyora Salimova,"Salimova, Diyora",diyora salimova,https://www.imo-official.org/results/individual/country/UZB/
Uzbekistan,UZB,Otabek,Samatov,Otabek Samatov,"Samatov, Otabek",otabek samatov,https://www.imo-official.org/results/individual/country/UZB/
Uzbekistan,UZB,Abbos,Sayliev,Abbos Sayliev,"Sayliev, Abbos",abbos sayliev,https://www.imo-official.org/results/individual/country/UZB/
Uzbekistan,UZB,Farruh,Shahidi,Farruh Shahidi,"Shahidi, Farruh",farruh shahidi,https://www.imo-official.org/results/individual/country/UZB/
Uzbekistan,UZB,Artur,Sharipov,Artur Sharipov,"Sharipov, Artur",artur sharipov,https://www.imo-official.org/results/individual/country/UZB/
Uzbekistan,UZB,Sherhon,Sirojiddinov,Sherhon Sirojiddinov,"Sirojiddinov, Sherhon",sherhon sirojiddinov,https://www.imo-official.org/results/individual/country/UZB/
Uzbekistan,UZB,Sobit,Sobirov,Sobit Sobirov,"Sobirov, Sobit",sobirov sobit,https://www.imo-official.org/results/individual/country/UZB/
Uzbekistan,UZB,Odiljon,Sooltonov,Odiljon Sooltonov,"Sooltonov, Odiljon",odiljon sooltonov,https://www.imo-official.org/results/individual/country/UZB/
Uzbekistan,UZB,Madina,Suyunova,Madina Suyunova,"Suyunova, Madina",madina suyunova,https://www.imo-official.org/results/individual/country/UZB/
Uzbekistan,UZB,Bekzod,Tillaev,Bekzod Tillaev,"Tillaev, Bekzod",bekzod tillaev,https://www.imo-official.org/results/individual/country/UZB/
Uzbekistan,UZB,Tohirbek,To'lanov,Tohirbek To'lanov,"To'lanov, Tohirbek",lanov to tohirbek,https://www.imo-official.org/results/individual/country/UZB/
Uzbekistan,UZB,Turgun,Tokhirov,Turgun Tokhirov,"Tokhirov, Turgun",tokhirov turgun,https://www.imo-official.org/results/individual/country/UZB/
Uzbekistan,UZB,Diyorbek,Tolibov,Diyorbek Tolibov,"Tolibov, Diyorbek",diyorbek tolibov,https://www.imo-official.org/results/individual/country/UZB/
Uzbekistan,UZB,Gayrat,Toshpulatov,Gayrat Toshpulatov,"Toshpulatov, Gayrat",gayrat toshpulatov,https://www.imo-official.org/results/individual/country/UZB/
Uzbekistan,UZB,Jakhongir,Turaev,Jakhongir Turaev,"Turaev, Jakhongir",jakhongir turaev,https://www.imo-official.org/results/individual/country/UZB/
Uzbekistan,UZB,Kodir,Turakhonov,Kodir Turakhonov,"Turakhonov, Kodir",kodir turakhonov,https://www.imo-official.org/results/individual/country/UZB/
Uzbekistan,UZB,Khurshid,Turgunboev,Khurshid Turgunboev,"Turgunboev, Khurshid",khurshid turgunboev,https://www.imo-official.org/results/individual/country/UZB/
Uzbekistan,UZB,Umarbek,Ubaydullaev,Umarbek Ubaydullaev,"Ubaydullaev, Umarbek",ubaydullaev umarbek,https://www.imo-official.org/results/individual/country/UZB/
Uzbekistan,UZB,Murodjon,Umarov,Murodjon Umarov,"Umarov, Murodjon",murodjon umarov,https://www.imo-official.org/results/individual/country/UZB/
Uzbekistan,UZB,Elshod,Uralov,Elshod Uralov,"Uralov, Elshod",elshod uralov,https://www.imo-official.org/results/individual/country/UZB/
Uzbekistan,UZB,Jamshid,Yakshiev,Jamshid Yakshiev,"Yakshiev, Jamshid",jamshid yakshiev,https://www.imo-official.org/results/individual/country/UZB/
Uzbekistan,UZB,Shukhrat,Yakubov,Shukhrat Yakubov,"Yakubov, Shukhrat",shukhrat yakubov,https://www.imo-official.org/results/individual/country/UZB/
Uzbekistan,UZB,Doniyor,Yazdonov,Doniyor Yazdonov,"Yazdonov, Doniyor",doniyor yazdonov,https://www.imo-official.org/results/individual/country/UZB/
Uzbekistan,UZB,Dmitry,Zanin,Dmitry Zanin,"Zanin, Dmitry",dmitry zanin,https://www.imo-official.org/results/individual/country/UZB/
Uzbekistan,UZB,Elbek,Zohidjonov,Elbek Zohidjonov,"Zohidjonov, Elbek",elbek zohidjonov,https://www.imo-official.org/results/individual/country/UZB/
Uzbekistan,UZB,Ozod,Zoyirov,Ozod Zoyirov,"Zoyirov, Ozod",ozod zoyirov,https://www.imo-official.org/results/individual/country/UZB/
Vietnam,VNM,Đoàn,An Hải,Đoàn An Hải,"An Hải, Đoàn",an hai oan,https://www.imo-official.org/results/individual/country/VNM/
Vietnam,VNM,Nguyễn Việt,Anh,Nguyễn Việt Anh,"Anh, Nguyễn Việt",anh nguyen viet,https://www.imo-official.org/results/individual/country/VNM/
Vietnam,VNM,Phạm Ngọc,Anh Cương,Phạm Ngọc Anh Cương,"Anh Cương, Phạm Ngọc",anh cuong ngoc pham,https://www.imo-official.org/results/individual/country/VNM/
Vietnam,VNM,Bùi,Anh Văn,Bùi Anh Văn,"Anh Văn, Bùi",anh bui van,https://www.imo-official.org/results/individual/country/VNM/
Vietnam,VNM,Hà,Anh Vũ,Hà Anh Vũ,"Anh Vũ, Hà",anh ha vu,https://www.imo-official.org/results/individual/country/VNM/
Vietnam,VNM,Truong,Ba Tu,Truong Ba Tu,"Ba Tu, Truong",ba truong tu,https://www.imo-official.org/results/individual/country/VNM/
Vietnam,VNM,Hà Huy,Bang,Hà Huy Bang,"Bang, Hà Huy",bang ha huy,https://www.imo-official.org/results/individual/country/VNM/
Vietnam,VNM,Ngô,Bào Châu,Ngô Bào Châu,"Bào Châu, Ngô",bao chau ngo,https://www.imo-official.org/results/individual/country/VNM/
Vietnam,VNM,Việt Ha,Bùi,Việt Ha Bùi,"Bùi, Việt Ha",bui ha viet,https://www.imo-official.org/results/individual/country/VNM/
Vietnam,VNM,Việt Loc,Bùi,Việt Loc Bùi,"Bùi, Việt Loc",bui loc viet,https://www.imo-official.org/results/individual/country/VNM/
Vietnam,VNM,Vu Dan,Cao,Vu Dan Cao,"Cao, Vu Dan",cao dan vu,https://www.imo-official.org/results/individual/country/VNM/
Vietnam,VNM,Hoàng Ngọc,Chiến,Hoàng Ngọc Chiến,"Chiến, Hoàng Ngọc",chien hoang ngoc,https://www.imo-official.org/results/individual/country/VNM/
Vietnam,VNM,Thi Thanh,Chu,Thi Thanh Chu,"Chu, Thi Thanh",chu thanh thi,https://www.imo-official.org/results/individual/country/VNM/
Vietnam,VNM,Phạm,Chung Thủy,Phạm Chung Thủy,"Chung Thủy, Phạm",chung pham thuy,https://www.imo-official.org/results/individual/country/VNM/
Vietnam,VNM,Lê Ngọc,Chuyen,Lê Ngọc Chuyen,"Chuyen, Lê Ngọc",chuyen le ngoc,https://www.imo-official.org/results/individual/country/VNM/
Vietnam,VNM,Đinh Tien,Cuong,Đinh Tien Cuong,"Cuong, Đinh Tien",cuong inh tien,https://www.imo-official.org/results/individual/country/VNM/
Vietnam,VNM,Thành Trung,Cấn Trần,Thành Trung Cấn Trần,"Cấn Trần, Thành Trung",can thanh tran trung,https://www.imo-official.org/results/individual/country/VNM/
Vietnam,VNM,Phan Thanh,Dien,Phan Thanh Dien,"Dien, Phan Thanh",dien phan thanh,https://www.imo-official.org/results/individual/country/VNM/
Vietnam,VNM,Vu Tung Lam,Dinh,Vu Tung Lam Dinh,"Dinh, Vu Tung Lam",dinh lam tung vu,https://www.imo-official.org/results/individual/country/VNM/
Vietnam,VNM,Phan Vũ,Diễm Hằng,Phan Vũ Diễm Hằng,"Diễm Hằng, Phan Vũ",diem hang phan vu,https://www.imo-official.org/results/individual/country/VNM/
Vietnam,VNM,Bach Khoa,Do,Bach Khoa Do,"Do, Bach Khoa",bach do khoa,https://www.imo-official.org/results/individual/country/VNM/
Vietnam,VNM,Ha,Duong Phan Thị,Ha Duong Phan Thị,"Duong Phan Thị, Ha",duong ha phan thi,https://www.imo-official.org/results/individual/country/VNM/
Vietnam,VNM,Hồ Đình,Duẩn,Hồ Đình Duẩn,"Duẩn, Hồ Đình",duan ho inh,https://www.imo-official.org/results/individual/country/VNM/
Vietnam,VNM,Lê Như,Dương,Lê Như Dương,"Dương, Lê Như",duong le nhu,https://www.imo-official.org/results/individual/country/VNM/
Vietnam,VNM,Manh Hung,Ha,Manh Hung Ha,"Ha, Manh Hung",ha hung manh,https://www.imo-official.org/results/individual/country/VNM/
Vietnam,VNM,Tien Nguyen,Hoang,Tien Nguyen Hoang,"Hoang, Tien Nguyen",hoang nguyen tien,https://www.imo-official.org/results/individual/country/VNM/
Vietnam,VNM,Tuan Dung,Hoang,Tuan Dung Hoang,"Hoang, Tuan Dung",dung hoang tuan,https://www.imo-official.org/results/individual/country/VNM/
Vietnam,VNM,Thanh,Hoang Mai,Thanh Hoang Mai,"Hoang Mai, Thanh",hoang mai thanh,https://www.imo-official.org/results/individual/country/VNM/
Vietnam,VNM,Đặng,Hoang Trung,Đặng Hoang Trung,"Hoang Trung, Đặng",ang hoang trung,https://www.imo-official.org/results/individual/country/VNM/
Vietnam,VNM,Phạm,Hong Kien,Phạm Hong Kien,"Hong Kien, Phạm",hong kien pham,https://www.imo-official.org/results/individual/country/VNM/
Vietnam,VNM,Tạ,Hong Quang,Tạ Hong Quang,"Hong Quang, Tạ",hong quang ta,https://www.imo-official.org/results/individual/country/VNM/
Vietnam,VNM,Nguyễn Hũu,Hoàn,Nguyễn Hũu Hoàn,"Hoàn, Nguyễn Hũu",hoan huu nguyen,https://www.imo-official.org/results/individual/country/VNM/
Vietnam,VNM,Anh Dũng,Hoàng,Anh Dũng Hoàng,"Hoàng, Anh Dũng",anh dung hoang,https://www.imo-official.org/results/individual/country/VNM/
Vietnam,VNM,Anh Tài,Hoàng,Anh Tài Hoàng,"Hoàng, Anh Tài",anh hoang tai,https://www.imo-official.org/results/individual/country/VNM/
Vietnam,VNM,Hữu Quốc Huy,Hoàng,Hữu Quốc Huy Hoàng,"Hoàng, Hữu Quốc Huy",hoang huu huy quoc,https://www.imo-official.org/results/individual/country/VNM/
Vietnam,VNM,Đỗ Kiên,Hoàng,Đỗ Kiên Hoàng,"Hoàng, Đỗ Kiên",hoang kien o,https://www.imo-official.org/results/individual/country/VNM/
Vietnam,VNM,Nguyễn,Hoàng Hải,Nguyễn Hoàng Hải,"Hoàng Hải, Nguyễn",hai hoang nguyen,https://www.imo-official.org/results/individual/country/VNM/
Vietnam,VNM,Hùng,Hoàng Mạnh,Hùng Hoàng Mạnh,"Hoàng Mạnh, Hùng",hoang hung manh,https://www.imo-official.org/results/individual/country/VNM/
Vietnam,VNM,Bùi Hai,Hung,Bùi Hai Hung,"Hung, Bùi Hai",bui hai hung,https://www.imo-official.org/results/individual/country/VNM/
Vietnam,VNM,Đỗ,Huy Khánh,Đỗ Huy Khánh,"Huy Khánh, Đỗ",huy khanh o,https://www.imo-official.org/results/individual/country/VNM/
Vietnam,VNM,To,Huy Quynh,To Huy Quynh,"Huy Quynh, To",huy quynh to,https://www.imo-official.org/results/individual/country/VNM/
Vietnam,VNM,Hoang,Huy Vũ,Hoang Huy Vũ,"Huy Vũ, Hoang",hoang huy vu,https://www.imo-official.org/results/individual/country/VNM/
Vietnam,VNM,Ngô Diên,Hy,Ngô Diên Hy,"Hy, Ngô Diên",dien hy ngo,https://www.imo-official.org/results/individual/country/VNM/
Vietnam,VNM,Phạm,Hy Hiếu,Phạm Hy Hiếu,"Hy Hiếu, Phạm",hieu hy pham,https://www.imo-official.org/results/individual/country/VNM/
Vietnam,VNM,Nguyễn Trung,Hà,Nguyễn Trung Hà,"Hà, Nguyễn Trung",ha nguyen trung,https://www.imo-official.org/results/individual/country/VNM/
Vietnam,VNM,Bùi Mạnh,Hùng,Bùi Mạnh Hùng,"Hùng, Bùi Mạnh",bui hung manh,https://www.imo-official.org/results/individual/country/VNM/
Vietnam,VNM,Nguyễn Tuấn,Hùng,Nguyễn Tuấn Hùng,"Hùng, Nguyễn Tuấn",hung nguyen tuan,https://www.imo-official.org/results/individual/country/VNM/
Vietnam,VNM,Nguyễn,Hùng Sơn,Nguyễn Hùng Sơn,"Hùng Sơn, Nguyễn",hung nguyen son,https://www.imo-official.org/results/individual/country/VNM/
Vietnam,VNM,Nguyễn,Hải Hà,Nguyễn Hải Hà,"Hải Hà, Nguyễn",ha hai nguyen,https://www.imo-official.org/results/individual/country/VNM/
Vietnam,VNM,Phùng,Hồ Hài,Phùng Hồ Hài,"Hồ Hài, Phùng",hai ho phung,https://www.imo-official.org/results/individual/country/VNM/
Vietnam,VNM,Đăng Hưng,Hồ Quốc,Đăng Hưng Hồ Quốc,"Hồ Quốc, Đăng Hưng",ang ho hung quoc,https://www.imo-official.org/results/individual/country/VNM/
Vietnam,VNM,Nam,Hứa Khắc,Nam Hứa Khắc,"Hứa Khắc, Nam",hua khac nam,https://www.imo-official.org/results/individual/country/VNM/
Vietnam,VNM,Nguyễn,Hữu Cuong,Nguyễn Hữu Cuong,"Hữu Cuong, Nguyễn",cuong huu nguyen,https://www.imo-official.org/results/individual/country/VNM/
Vietnam,VNM,Lê,Hữu Phước,Lê Hữu Phước,"Hữu Phước, Lê",huu le phuoc,https://www.imo-official.org/results/individual/country/VNM/
Vietnam,VNM,Nguyễn,Hữu Tuấn,Nguyễn Hữu Tuấn,"Hữu Tuấn, Nguyễn",huu nguyen tuan,https://www.imo-official.org/results/individual/country/VNM/
Vietnam,VNM,Lê Hải,Khoi,Lê Hải Khoi,"Khoi, Lê Hải",hai khoi le,https://www.imo-official.org/results/individual/country/VNM/
Vietnam,VNM,Dinh Toan,Khuc,Dinh Toan Khuc,"Khuc, Dinh Toan",dinh khuc toan,https://www.imo-official.org/results/individual/country/VNM/
Vietnam,VNM,Thai,Khánh Hiệp Phạm,Thai Khánh Hiệp Phạm,"Khánh Hiệp Phạm, Thai",hiep khanh pham thai,https://www.imo-official.org/results/individual/country/VNM/
Vietnam,VNM,Lê Bá,Khánh Trình,Lê Bá Khánh Trình,"Khánh Trình, Lê Bá",ba khanh le trinh,https://www.imo-official.org/results/individual/country/VNM/
Vietnam,VNM,Nguyễn,Khánh Trọng,Nguyễn Khánh Trọng,"Khánh Trọng, Nguyễn",khanh nguyen trong,https://www.imo-official.org/results/individual/country/VNM/
Vietnam,VNM,Hà,Khương Duy,Hà Khương Duy,"Khương Duy, Hà",duy ha khuong,https://www.imo-official.org/results/individual/country/VNM/
Vietnam,VNM,Đỗ,Kim Tuấn,Đỗ Kim Tuấn,"Kim Tuấn, Đỗ",kim o tuan,https://www.imo-official.org/results/individual/country/VNM/
Vietnam,VNM,Nguyễn,Kiều Hiếu,Nguyễn Kiều Hiếu,"Kiều Hiếu, Nguyễn",hieu kieu nguyen,https://www.imo-official.org/results/individual/country/VNM/
Vietnam,VNM,Trường,Lan Lê,Trường Lan Lê,"Lan Lê, Trường",lan le truong,https://www.imo-official.org/results/individual/country/VNM/
Vietnam,VNM,Phan Duc Man,Le,Phan Duc Man Le,"Le, Phan Duc Man",duc le man phan,https://www.imo-official.org/results/individual/country/VNM/
Vietnam,VNM,Phạm,Le Hung,Phạm Le Hung,"Le Hung, Phạm",hung le pham,https://www.imo-official.org/results/individual/country/VNM/
Vietnam,VNM,Hoàng,Le Minh,Hoàng Le Minh,"Le Minh, Hoàng",hoang le minh,https://www.imo-official.org/results/individual/country/VNM/
Vietnam,VNM,Bùi Tá,Long,Bùi Tá Long,"Long, Bùi Tá",bui long ta,https://www.imo-official.org/results/individual/country/VNM/
Vietnam,VNM,Lê Đình,Long,Lê Đình Long,"Long, Lê Đình",inh le long,https://www.imo-official.org/results/individual/country/VNM/
Vietnam,VNM,Nguyễn,Long,Nguyễn Long,"Long, Nguyễn",long nguyen,https://www.imo-official.org/results/individual/country/VNM/
Vietnam,VNM,Anh Vinh,Lê,Anh Vinh Lê,"Lê, Anh Vinh",anh le vinh,https://www.imo-official.org/results/individual/country/VNM/
Vietnam,VNM,Nhật Hoàng,Lê,Nhật Hoàng Lê,"Lê, Nhật Hoàng",hoang le nhat,https://www.imo-official.org/results/individual/country/VNM/
Vietnam,VNM,Quang Dũng,Lê,Quang Dũng Lê,"Lê, Quang Dũng",dung le quang,https://www.imo-official.org/results/individual/country/VNM/
Vietnam,VNM,Quang Lâm,Lê,Quang Lâm Lê,"Lê, Quang Lâm",lam le quang,https://www.imo-official.org/results/individual/country/VNM/
Vietnam,VNM,Đình Hùng,Lê,Đình Hùng Lê,"Lê, Đình Hùng",hung inh le,https://www.imo-official.org/results/individual/country/VNM/
Vietnam,VNM,Bảo,Lê Hùng Việt,Bảo Lê Hùng Việt,"Lê Hùng Việt, Bảo",bao hung le viet,https://www.imo-official.org/results/individual/country/VNM/
Vietnam,VNM,Quý,Lê Hồng,Quý Lê Hồng,"Lê Hồng, Quý",hong le quy,https://www.imo-official.org/results/individual/country/VNM/
Vietnam,VNM,Trường,Lê Nam,Trường Lê Nam,"Lê Nam, Trường",le nam truong,https://www.imo-official.org/results/individual/country/VNM/
Vietnam,VNM,Sơn,Lê Ngọc,Sơn Lê Ngọc,"Lê Ngọc, Sơn",le ngoc son,https://www.imo-official.org/results/individual/country/VNM/
Vietnam,VNM,Hoàng,Lê Thái,Hoàng Lê Thái,"Lê Thái, Hoàng",hoang le thai,https://www.imo-official.org/results/individual/country/VNM/
Vietnam,VNM,Ha Huy,Minh,Ha Huy Minh,"Minh, Ha Huy",ha huy minh,https://www.imo-official.org/results/individual/country/VNM/
Vietnam,VNM,Lê Ngọc,Minh,Lê Ngọc Minh,"Minh, Lê Ngọc",le minh ngoc,https://www.imo-official.org/results/individual/country/VNM/
Vietnam,VNM,Trân,Minh,Trân Minh,"Minh, Trân",minh tran,https://www.imo-official.org/results/individual/country/VNM/
Vietnam,VNM,Đỗ Ngọc,Minh,Đỗ Ngọc Minh,"Minh, Đỗ Ngọc",minh ngoc o,https://www.imo-official.org/results/individual/country/VNM/
Vietnam,VNM,Nguyễn,Minh Hiếu,Nguyễn Minh Hiếu,"Minh Hiếu, Nguyễn",hieu minh nguyen,https://www.imo-official.org/results/individual/country/VNM/
Vietnam,VNM,Huỳnh,Minh Wu,Huỳnh Minh Wu,"Minh Wu, Huỳnh",huynh minh wu,https://www.imo-official.org/results/individual/country/VNM/
Vietnam,VNM,Nguyễn,Minh Đức,Nguyễn Minh Đức,"Minh Đức, Nguyễn",minh nguyen uc,https://www.imo-official.org/results/individual/country/VNM/
Vietnam,VNM,Trần,Nam Dũng,Trần Nam Dũng,"Nam Dũng, Trần",dung nam tran,https://www.imo-official.org/results/individual/country/VNM/
Vietnam,VNM,Trần Văn,Nghia,Trần Văn Nghia,"Nghia, Trần Văn",nghia tran van,https://www.imo-official.org/results/individual/country/VNM/
Vietnam,VNM,Đoàn Hồng,Nghiã,Đoàn Hồng Nghiã,"Nghiã, Đoàn Hồng",hong nghia oan,https://www.imo-official.org/results/individual/country/VNM/
Vietnam,VNM,Quy Dang,Ngo,Quy Dang Ngo,"Ngo, Quy Dang",dang ngo quy,https://www.imo-official.org/results/individual/country/VNM/
Vietnam,VNM,An Thinh,Nguyen,An Thinh Nguyen,"Nguyen, An Thinh",an nguyen thinh,https://www.imo-official.org/results/individual/country/VNM/
Vietnam,VNM,Dai Duong,Nguyen,Dai Duong Nguyen,"Nguyen, Dai Duong",dai duong nguyen,https://www.imo-official.org/results/individual/country/VNM/
Vietnam,VNM,Dang Dung,Nguyen,Dang Dung Nguyen,"Nguyen, Dang Dung",dang dung nguyen,https://www.imo-official.org/results/individual/country/VNM/
Vietnam,VNM,Dinh Kien,Nguyen,Dinh Kien Nguyen,"Nguyen, Dinh Kien",dinh kien nguyen,https://www.imo-official.org/results/individual/country/VNM/
Vietnam,VNM,Dinh Tung,Nguyen,Dinh Tung Nguyen,"Nguyen, Dinh Tung",dinh nguyen tung,https://www.imo-official.org/results/individual/country/VNM/
Vietnam,VNM,Hoang Phuong,Nguyen,Hoang Phuong Nguyen,"Nguyen, Hoang Phuong",hoang nguyen phuong,https://www.imo-official.org/results/individual/country/VNM/
Vietnam,VNM,Kha Nhat Long,Nguyen,Kha Nhat Long Nguyen,"Nguyen, Kha Nhat Long",kha long nguyen nhat,https://www.imo-official.org/results/individual/country/VNM/
Vietnam,VNM,Le Nhat Nam,Nguyen,Le Nhat Nam Nguyen,"Nguyen, Le Nhat Nam",le nam nguyen nhat,https://www.imo-official.org/results/individual/country/VNM/
Vietnam,VNM,Mac Nam Trung,Nguyen,Mac Nam Trung Nguyen,"Nguyen, Mac Nam Trung",mac nam nguyen trung,https://www.imo-official.org/results/individual/country/VNM/
Vietnam,VNM,Nguyen,Nguyen,Nguyen Nguyen,"Nguyen, Nguyen",nguyen nguyen,https://www.imo-official.org/results/individual/country/VNM/
Vietnam,VNM,Thuan Hung,Nguyen,Thuan Hung Nguyen,"Nguyen, Thuan Hung",hung nguyen thuan,https://www.imo-official.org/results/individual/country/VNM/
Vietnam,VNM,Van Hoang,Nguyen,Van Hoang Nguyen,"Nguyen, Van Hoang",hoang nguyen van,https://www.imo-official.org/results/individual/country/VNM/
Vietnam,VNM,Anh Quan,Nguyễn,Anh Quan Nguyễn,"Nguyễn, Anh Quan",anh nguyen quan,https://www.imo-official.org/results/individual/country/VNM/
Vietnam,VNM,Anh Tú,Nguyễn,Anh Tú Nguyễn,"Nguyễn, Anh Tú",anh nguyen tu,https://www.imo-official.org/results/individual/country/VNM/
Vietnam,VNM,Canh Hao,Nguyễn,Canh Hao Nguyễn,"Nguyễn, Canh Hao",canh hao nguyen,https://www.imo-official.org/results/individual/country/VNM/
Vietnam,VNM,Chu Gia Vượng,Nguyễn,Chu Gia Vượng Nguyễn,"Nguyễn, Chu Gia Vượng",chu gia nguyen vuong,https://www.imo-official.org/results/individual/country/VNM/
Vietnam,VNM,Cảnh Hoàng,Nguyễn,Cảnh Hoàng Nguyễn,"Nguyễn, Cảnh Hoàng",canh hoang nguyen,https://www.imo-official.org/results/individual/country/VNM/
Vietnam,VNM,Dang Hop,Nguyễn,Dang Hop Nguyễn,"Nguyễn, Dang Hop",dang hop nguyen,https://www.imo-official.org/results/individual/country/VNM/
Vietnam,VNM,Dang Khoa,Nguyễn,Dang Khoa Nguyễn,"Nguyễn, Dang Khoa",dang khoa nguyen,https://www.imo-official.org/results/individual/country/VNM/
Vietnam,VNM,Duy Lan,Nguyễn,Duy Lan Nguyễn,"Nguyễn, Duy Lan",duy lan nguyen,https://www.imo-official.org/results/individual/country/VNM/
Vietnam,VNM,Hoàng Dung,Nguyễn,Hoàng Dung Nguyễn,"Nguyễn, Hoàng Dung",dung hoang nguyen,https://www.imo-official.org/results/individual/country/VNM/
Vietnam,VNM,Huy Hoàng,Nguyễn,Huy Hoàng Nguyễn,"Nguyễn, Huy Hoàng",hoang huy nguyen,https://www.imo-official.org/results/individual/country/VNM/
Vietnam,VNM,Huy Tùng,Nguyễn,Huy Tùng Nguyễn,"Nguyễn, Huy Tùng",huy nguyen tung,https://www.imo-official.org/results/individual/country/VNM/
Vietnam,VNM,Hùng Tâm,Nguyễn,Hùng Tâm Nguyễn,"Nguyễn, Hùng Tâm",hung nguyen tam,https://www.imo-official.org/results/individual/country/VNM/
Vietnam,VNM,Minh Hoai,Nguyễn,Minh Hoai Nguyễn,"Nguyễn, Minh Hoai",hoai minh nguyen,https://www.imo-official.org/results/individual/country/VNM/
Vietnam,VNM,Phi Lê,Nguyễn,Phi Lê Nguyễn,"Nguyễn, Phi Lê",le nguyen phi,https://www.imo-official.org/results/individual/country/VNM/
Vietnam,VNM,Phương Minh,Nguyễn,Phương Minh Nguyễn,"Nguyễn, Phương Minh",minh nguyen phuong,https://www.imo-official.org/results/individual/country/VNM/
Vietnam,VNM,Quang Bin,Nguyễn,Quang Bin Nguyễn,"Nguyễn, Quang Bin",bin nguyen quang,https://www.imo-official.org/results/individual/country/VNM/
Vietnam,VNM,Quy Tuấn,Nguyễn,Quy Tuấn Nguyễn,"Nguyễn, Quy Tuấn",nguyen quy tuan,https://www.imo-official.org/results/individual/country/VNM/
Vietnam,VNM,Thế Hoàn,Nguyễn,Thế Hoàn Nguyễn,"Nguyễn, Thế Hoàn",hoan nguyen the,https://www.imo-official.org/results/individual/country/VNM/
Vietnam,VNM,Tien Viet,Nguyễn,Tien Viet Nguyễn,"Nguyễn, Tien Viet",nguyen tien viet,https://www.imo-official.org/results/individual/country/VNM/
Vietnam,VNM,Trọng Cảnh,Nguyễn,Trọng Cảnh Nguyễn,"Nguyễn, Trọng Cảnh",canh nguyen trong,https://www.imo-official.org/results/individual/country/VNM/
Vietnam,VNM,Tạ Duy,Nguyễn,Tạ Duy Nguyễn,"Nguyễn, Tạ Duy",duy nguyen ta,https://www.imo-official.org/results/individual/country/VNM/
Vietnam,VNM,Mạnh,Nguyễn Duy,Mạnh Nguyễn Duy,"Nguyễn Duy, Mạnh",duy manh nguyen,https://www.imo-official.org/results/individual/country/VNM/
Vietnam,VNM,Son,Nguyễn Kim,Son Nguyễn Kim,"Nguyễn Kim, Son",kim nguyen son,https://www.imo-official.org/results/individual/country/VNM/
Vietnam,VNM,Trứồng,Nguyễn Minh,Trứồng Nguyễn Minh,"Nguyễn Minh, Trứồng",minh nguyen truong,https://www.imo-official.org/results/individual/country/VNM/
Vietnam,VNM,Hùng,Nguyễn Nguyễn,Hùng Nguyễn Nguyễn,"Nguyễn Nguyễn, Hùng",hung nguyen nguyen,https://www.imo-official.org/results/individual/country/VNM/
Vietnam,VNM,Việt Hà,Nguyễn Thị,Việt Hà Nguyễn Thị,"Nguyễn Thị, Việt Hà",ha nguyen thi viet,https://www.imo-official.org/results/individual/country/VNM/
Vietnam,VNM,Hải Đăng,Nguyễn Tuấn,Hải Đăng Nguyễn Tuấn,"Nguyễn Tuấn, Hải Đăng",ang hai nguyen tuan,https://www.imo-official.org/results/individual/country/VNM/
Vietnam,VNM,Chương,Nguyễn Xuân,Chương Nguyễn Xuân,"Nguyễn Xuân, Chương",chuong nguyen xuan,https://www.imo-official.org/results/individual/country/VNM/
Vietnam,VNM,Thọ,Nguyễn Xuân,Thọ Nguyễn Xuân,"Nguyễn Xuân, Thọ",nguyen tho xuan,https://www.imo-official.org/results/individual/country/VNM/
Vietnam,VNM,Thinh,Nguyễn Đức,Thinh Nguyễn Đức,"Nguyễn Đức, Thinh",nguyen thinh uc,https://www.imo-official.org/results/individual/country/VNM/
Vietnam,VNM,Lê,Ngọc Anh,Lê Ngọc Anh,"Ngọc Anh, Lê",anh le ngoc,https://www.imo-official.org/results/individual/country/VNM/
Vietnam,VNM,Nguyễn,Ngọc Trung,Nguyễn Ngọc Trung,"Ngọc Trung, Nguyễn",ngoc nguyen trung,https://www.imo-official.org/results/individual/country/VNM/
Vietnam,VNM,Dang Nguyen,Pham,Dang Nguyen Pham,"Pham, Dang Nguyen",dang nguyen pham,https://www.imo-official.org/results/individual/country/VNM/
Vietnam,VNM,Hoang Son,Pham,Hoang Son Pham,"Pham, Hoang Son",hoang pham son,https://www.imo-official.org/results/individual/country/VNM/
Vietnam,VNM,Tran Minh Duc,Pham,Tran Minh Duc Pham,"Pham, Tran Minh Duc",duc minh pham tran,https://www.imo-official.org/results/individual/country/VNM/
Vietnam,VNM,Viet Hung,Pham,Viet Hung Pham,"Pham, Viet Hung",hung pham viet,https://www.imo-official.org/results/individual/country/VNM/
Vietnam,VNM,Huu An,Phan,Huu An Phan,"Phan, Huu An",an huu phan,https://www.imo-official.org/results/individual/country/VNM/
Vietnam,VNM,Huynh Tuan Kiet,Phan,Huynh Tuan Kiet Phan,"Phan, Huynh Tuan Kiet",huynh kiet phan tuan,https://www.imo-official.org/results/individual/country/VNM/
Vietnam,VNM,Minh Duc,Phan,Minh Duc Phan,"Phan, Minh Duc",duc minh phan,https://www.imo-official.org/results/individual/country/VNM/
Vietnam,VNM,Minh Đức,Phan,Minh Đức Phan,"Phan, Minh Đức",minh phan uc,https://www.imo-official.org/results/individual/country/VNM/
Vietnam,VNM,Nhật Duy,Phan,Nhật Duy Phan,"Phan, Nhật Duy",duy nhat phan,https://www.imo-official.org/results/individual/country/VNM/
Vietnam,VNM,Nguyễn,Phương Tuấn,Nguyễn Phương Tuấn,"Phương Tuấn, Nguyễn",nguyen phuong tuan,https://www.imo-official.org/results/individual/country/VNM/
Vietnam,VNM,Phan,Phương Đạt,Phan Phương Đạt,"Phương Đạt, Phan",at phan phuong,https://www.imo-official.org/results/individual/country/VNM/
Vietnam,VNM,Nam Khánh,Phạm,Nam Khánh Phạm,"Phạm, Nam Khánh",khanh nam pham,https://www.imo-official.org/results/individual/country/VNM/
Vietnam,VNM,Nguyễn Mạnh,Phạm,Nguyễn Mạnh Phạm,"Phạm, Nguyễn Mạnh",manh nguyen pham,https://www.imo-official.org/results/individual/country/VNM/
Vietnam,VNM,Tuấn Huy,Phạm,Tuấn Huy Phạm,"Phạm, Tuấn Huy",huy pham tuan,https://www.imo-official.org/results/individual/country/VNM/
Vietnam,VNM,Xuân Du,Phạm,Xuân Du Phạm,"Phạm, Xuân Du",du pham xuan,https://www.imo-official.org/results/individual/country/VNM/
Vietnam,VNM,Tùng,Phạm Duy,Tùng Phạm Duy,"Phạm Duy, Tùng",duy pham tung,https://www.imo-official.org/results/individual/country/VNM/
Vietnam,VNM,Tùng,Phạm Huy,Tùng Phạm Huy,"Phạm Huy, Tùng",huy pham tung,https://www.imo-official.org/results/individual/country/VNM/
Vietnam,VNM,Hùng,Phạm Kim,Hùng Phạm Kim,"Phạm Kim, Hùng",hung kim pham,https://www.imo-official.org/results/individual/country/VNM/
Vietnam,VNM,Thái,Phạm Thành,Thái Phạm Thành,"Phạm Thành, Thái",pham thai thanh,https://www.imo-official.org/results/individual/country/VNM/
Vietnam,VNM,Nguyễn,Phạm Đạt,Nguyễn Phạm Đạt,"Phạm Đạt, Nguyễn",at nguyen pham,https://www.imo-official.org/results/individual/country/VNM/
Vietnam,VNM,Phạm Tran,Quan,Phạm Tran Quan,"Quan, Phạm Tran",pham quan tran,https://www.imo-official.org/results/individual/country/VNM/
Vietnam,VNM,Che,Quang Quyen,Che Quang Quyen,"Quang Quyen, Che",che quang quyen,https://www.imo-official.org/results/individual/country/VNM/
Vietnam,VNM,Phạm,Quang Tuấn,Phạm Quang Tuấn,"Quang Tuấn, Phạm",pham quang tuan,https://www.imo-official.org/results/individual/country/VNM/
Vietnam,VNM,Đỗ,Quang Đại,Đỗ Quang Đại,"Quang Đại, Đỗ",ai o quang,https://www.imo-official.org/results/individual/country/VNM/
Vietnam,VNM,Đoàn,Quoc Chien,Đoàn Quoc Chien,"Quoc Chien, Đoàn",chien oan quoc,https://www.imo-official.org/results/individual/country/VNM/
Vietnam,VNM,Nguyễn,Quoc Thang,Nguyễn Quoc Thang,"Quoc Thang, Nguyễn",nguyen quoc thang,https://www.imo-official.org/results/individual/country/VNM/
Vietnam,VNM,Nguyễn,Quốc Khánh,Nguyễn Quốc Khánh,"Quốc Khánh, Nguyễn",khanh nguyen quoc,https://www.imo-official.org/results/individual/country/VNM/
Vietnam,VNM,Duc Anh,Ta,Duc Anh Ta,"Ta, Duc Anh",anh duc ta,https://www.imo-official.org/results/individual/country/VNM/
Vietnam,VNM,Trần Trong,Thang,Trần Trong Thang,"Thang, Trần Trong",thang tran trong,https://www.imo-official.org/results/individual/country/VNM/
Vietnam,VNM,Ngô Phú,Thanh,Ngô Phú Thanh,"Thanh, Ngô Phú",ngo phu thanh,https://www.imo-official.org/results/individual/country/VNM/
Vietnam,VNM,Trần,Thanh Hai,Trần Thanh Hai,"Thanh Hai, Trần",hai thanh tran,https://www.imo-official.org/results/individual/country/VNM/
Vietnam,VNM,Phạm,Thanh Phương,Phạm Thanh Phương,"Thanh Phương, Phạm",pham phuong thanh,https://www.imo-official.org/results/individual/country/VNM/
Vietnam,VNM,Đàm,Thanh Sơn,Đàm Thanh Sơn,"Thanh Sơn, Đàm",am son thanh,https://www.imo-official.org/results/individual/country/VNM/
Vietnam,VNM,Hố,Thanh Tung,Hố Thanh Tung,"Thanh Tung, Hố",ho thanh tung,https://www.imo-official.org/results/individual/country/VNM/
Vietnam,VNM,Võ,Thu Tùng,Võ Thu Tùng,"Thu Tùng, Võ",thu tung vo,https://www.imo-official.org/results/individual/country/VNM/
Vietnam,VNM,Nguyễn,Thuy Linh,Nguyễn Thuy Linh,"Thuy Linh, Nguyễn",linh nguyen thuy,https://www.imo-official.org/results/individual/country/VNM/
Vietnam,VNM,Nguyễn,Thành Cong,Nguyễn Thành Cong,"Thành Cong, Nguyễn",cong nguyen thanh,https://www.imo-official.org/results/individual/country/VNM/
Vietnam,VNM,Nguyễn,Thành Khang,Nguyễn Thành Khang,"Thành Khang, Nguyễn",khang nguyen thanh,https://www.imo-official.org/results/individual/country/VNM/
Vietnam,VNM,Nguyễn Hồng,Thái,Nguyễn Hồng Thái,"Thái, Nguyễn Hồng",hong nguyen thai,https://www.imo-official.org/results/individual/country/VNM/
Vietnam,VNM,Đỗ Đức,Thái,Đỗ Đức Thái,"Thái, Đỗ Đức",o thai uc,https://www.imo-official.org/results/individual/country/VNM/
Vietnam,VNM,Nguyễn,Thái Ha,Nguyễn Thái Ha,"Thái Ha, Nguyễn",ha nguyen thai,https://www.imo-official.org/results/individual/country/VNM/
Vietnam,VNM,Trần,Thái Hưng,Trần Thái Hưng,"Thái Hưng, Trần",hung thai tran,https://www.imo-official.org/results/individual/country/VNM/
Vietnam,VNM,Nguyễn,Thúc Anh,Nguyễn Thúc Anh,"Thúc Anh, Nguyễn",anh nguyen thuc,https://www.imo-official.org/results/individual/country/VNM/
Vietnam,VNM,Lê Tự Quốc,Thǎng,Lê Tự Quốc Thǎng,"Thǎng, Lê Tự Quốc",le quoc thang tu,https://www.imo-official.org/results/individual/country/VNM/
Vietnam,VNM,Trinh,Thế Huynh,Trinh Thế Huynh,"Thế Huynh, Trinh",huynh the trinh,https://www.imo-official.org/results/individual/country/VNM/
Vietnam,VNM,Nguyễn,Thế Phương,Nguyễn Thế Phương,"Thế Phương, Nguyễn",nguyen phuong the,https://www.imo-official.org/results/individual/country/VNM/
Vietnam,VNM,Nguyễn,Thế Trung,Nguyễn Thế Trung,"Thế Trung, Nguyễn",nguyen the trung,https://www.imo-official.org/results/individual/country/VNM/
Vietnam,VNM,Nguyễn,Thị Minh Hà,Nguyễn Thị Minh Hà,"Thị Minh Hà, Nguyễn",ha minh nguyen thi,https://www.imo-official.org/results/individual/country/VNM/
Vietnam,VNM,Nguyễn,Thị Thieu Hoa,Nguyễn Thị Thieu Hoa,"Thị Thieu Hoa, Nguyễn",hoa nguyen thi thieu,https://www.imo-official.org/results/individual/country/VNM/
Vietnam,VNM,Đỗ,Thị Thu Thảo,Đỗ Thị Thu Thảo,"Thị Thu Thảo, Đỗ",o thao thi thu,https://www.imo-official.org/results/individual/country/VNM/
Vietnam,VNM,Lê Quang,Tiến,Lê Quang Tiến,"Tiến, Lê Quang",le quang tien,https://www.imo-official.org/results/individual/country/VNM/
Vietnam,VNM,Nguyễn,Tiến Dũng,Nguyễn Tiến Dũng,"Tiến Dũng, Nguyễn",dung nguyen tien,https://www.imo-official.org/results/individual/country/VNM/
Vietnam,VNM,Phạm Hữu,Tiệp,Phạm Hữu Tiệp,"Tiệp, Phạm Hữu",huu pham tiep,https://www.imo-official.org/results/individual/country/VNM/
Vietnam,VNM,Dong Vu,To,Dong Vu To,"To, Dong Vu",dong to vu,https://www.imo-official.org/results/individual/country/VNM/
Vietnam,VNM,Tung,To Tran,Tung To Tran,"To Tran, Tung",to tran tung,https://www.imo-official.org/results/individual/country/VNM/
Vietnam,VNM,Dai Thanh Danh,Tran,Dai Thanh Danh Tran,"Tran, Dai Thanh Danh",dai danh thanh tran,https://www.imo-official.org/results/individual/country/VNM/
Vietnam,VNM,Duy,Tran,Duy Tran,"Tran, Duy",duy tran,https://www.imo-official.org/results/individual/country/VNM/
Vietnam,VNM,Minh Hoang,Tran,Minh Hoang Tran,"Tran, Minh Hoang",hoang minh tran,https://www.imo-official.org/results/individual/country/VNM/
Vietnam,VNM,Nguyen Thanh Danh,Tran,Nguyen Thanh Danh Tran,"Tran, Nguyen Thanh Danh",danh nguyen thanh tran,https://www.imo-official.org/results/individual/country/VNM/
Vietnam,VNM,Nhat Minh,Tran,Nhat Minh Tran,"Tran, Nhat Minh",minh nhat tran,https://www.imo-official.org/results/individual/country/VNM/
Vietnam,VNM,Phan,Trien Duong,Phan Trien Duong,"Trien Duong, Phan",duong phan trien,https://www.imo-official.org/results/individual/country/VNM/
Vietnam,VNM,Trần,Trong Hùng,Trần Trong Hùng,"Trong Hùng, Trần",hung tran trong,https://www.imo-official.org/results/individual/country/VNM/
Vietnam,VNM,Nguyễn,Trung Tu,Nguyễn Trung Tu,"Trung Tu, Nguyễn",nguyen trung tu,https://www.imo-official.org/results/individual/country/VNM/
Vietnam,VNM,Thanh Xuan,Truong,Thanh Xuan Truong,"Truong, Thanh Xuan",thanh truong xuan,https://www.imo-official.org/results/individual/country/VNM/
Vietnam,VNM,Tuan Nghia,Truong,Tuan Nghia Truong,"Truong, Tuan Nghia",nghia truong tuan,https://www.imo-official.org/results/individual/country/VNM/
Vietnam,VNM,Xuân,Truong Nguyễn,Xuân Truong Nguyễn,"Truong Nguyễn, Xuân",nguyen truong xuan,https://www.imo-official.org/results/individual/country/VNM/
Vietnam,VNM,Mạnh Tuấn,Trương,Mạnh Tuấn Trương,"Trương, Mạnh Tuấn",manh truong tuan,https://www.imo-official.org/results/individual/country/VNM/
Vietnam,VNM,Hoàng Bảo Linh,Trần,Hoàng Bảo Linh Trần,"Trần, Hoàng Bảo Linh",bao hoang linh tran,https://www.imo-official.org/results/individual/country/VNM/
Vietnam,VNM,Hồng Quân,Trần,Hồng Quân Trần,"Trần, Hồng Quân",hong quan tran,https://www.imo-official.org/results/individual/country/VNM/
Vietnam,VNM,Khánh Toan,Trần,Khánh Toan Trần,"Trần, Khánh Toan",khanh toan tran,https://www.imo-official.org/results/individual/country/VNM/
Vietnam,VNM,Ngọc Nam,Trần,Ngọc Nam Trần,"Trần, Ngọc Nam",nam ngoc tran,https://www.imo-official.org/results/individual/country/VNM/
Vietnam,VNM,Việt Hoàng,Trần,Việt Hoàng Trần,"Trần, Việt Hoàng",hoang tran viet,https://www.imo-official.org/results/individual/country/VNM/
Vietnam,VNM,Đăng Phúc,Trần,Đăng Phúc Trần,"Trần, Đăng Phúc",ang phuc tran,https://www.imo-official.org/results/individual/country/VNM/
Vietnam,VNM,Minh,Trần Chiêu,Minh Trần Chiêu,"Trần Chiêu, Minh",chieu minh tran,https://www.imo-official.org/results/individual/country/VNM/
Vietnam,VNM,Anh,Trần Minh,Anh Trần Minh,"Trần Minh, Anh",anh minh tran,https://www.imo-official.org/results/individual/country/VNM/
Vietnam,VNM,Đặng,Trần Tiến Vinh,Đặng Trần Tiến Vinh,"Trần Tiến Vinh, Đặng",ang tien tran vinh,https://www.imo-official.org/results/individual/country/VNM/
Vietnam,VNM,Đan,Trần Trọng,Đan Trần Trọng,"Trần Trọng, Đan",an tran trong,https://www.imo-official.org/results/individual/country/VNM/
Vietnam,VNM,Văn Hoàn,Trịnh,Văn Hoàn Trịnh,"Trịnh, Văn Hoàn",hoan trinh van,https://www.imo-official.org/results/individual/country/VNM/
Vietnam,VNM,Dương,Trọng Hoàng,Dương Trọng Hoàng,"Trọng Hoàng, Dương",duong hoang trong,https://www.imo-official.org/results/individual/country/VNM/
Vietnam,VNM,Tho,Trứờng Nguyễn,Tho Trứờng Nguyễn,"Trứờng Nguyễn, Tho",nguyen tho truong,https://www.imo-official.org/results/individual/country/VNM/
Vietnam,VNM,Phan Huy,Tu,Phan Huy Tu,"Tu, Phan Huy",huy phan tu,https://www.imo-official.org/results/individual/country/VNM/
Vietnam,VNM,Lâm,Tung Giang,Lâm Tung Giang,"Tung Giang, Lâm",giang lam tung,https://www.imo-official.org/results/individual/country/VNM/
Vietnam,VNM,Vũ Kim,Tuấn,Vũ Kim Tuấn,"Tuấn, Vũ Kim",kim tuan vu,https://www.imo-official.org/results/individual/country/VNM/
Vietnam,VNM,Trần,Tuấn Hiệp,Trần Tuấn Hiệp,"Tuấn Hiệp, Trần",hiep tran tuan,https://www.imo-official.org/results/individual/country/VNM/
Vietnam,VNM,Nguyễn,Tuấn Trung,Nguyễn Tuấn Trung,"Tuấn Trung, Nguyễn",nguyen trung tuan,https://www.imo-official.org/results/individual/country/VNM/
Vietnam,VNM,Hà Huy,Tài,Hà Huy Tài,"Tài, Hà Huy",ha huy tai,https://www.imo-official.org/results/individual/country/VNM/
Vietnam,VNM,Nguyễn Thanh,Tùng,Nguyễn Thanh Tùng,"Tùng, Nguyễn Thanh",nguyen thanh tung,https://www.imo-official.org/results/individual/country/VNM/
Vietnam,VNM,Hong,Viet Phạm,Hong Viet Phạm,"Viet Phạm, Hong",hong pham viet,https://www.imo-official.org/results/individual/country/VNM/
Vietnam,VNM,Gia,Vinh Anh Phạm,Gia Vinh Anh Phạm,"Vinh Anh Phạm, Gia",anh gia pham vinh,https://www.imo-official.org/results/individual/country/VNM/
Vietnam,VNM,Nguyễn,Việt Ba,Nguyễn Việt Ba,"Việt Ba, Nguyễn",ba nguyen viet,https://www.imo-official.org/results/individual/country/VNM/
Vietnam,VNM,Phạm,Việt Cường,Phạm Việt Cường,"Việt Cường, Phạm",cuong pham viet,https://www.imo-official.org/results/individual/country/VNM/
Vietnam,VNM,Trong Khai,Vo,Trong Khai Vo,"Vo, Trong Khai",khai trong vo,https://www.imo-official.org/results/individual/country/VNM/
Vietnam,VNM,Duc Vinh,Vu,Duc Vinh Vu,"Vu, Duc Vinh",duc vinh vu,https://www.imo-official.org/results/individual/country/VNM/
Vietnam,VNM,Ngoc Binh,Vu,Ngoc Binh Vu,"Vu, Ngoc Binh",binh ngoc vu,https://www.imo-official.org/results/individual/country/VNM/
Vietnam,VNM,Tung Duong,Vuong,Tung Duong Vuong,"Vuong, Tung Duong",duong tung vuong,https://www.imo-official.org/results/individual/country/VNM/
Vietnam,VNM,Anh Đức,Võ,Anh Đức Võ,"Võ, Anh Đức",anh uc vo,https://www.imo-official.org/results/individual/country/VNM/
Vietnam,VNM,Nguyễn,Văn Guang,Nguyễn Văn Guang,"Văn Guang, Nguyễn",guang nguyen van,https://www.imo-official.org/results/individual/country/VNM/
Vietnam,VNM,Nguyễn,Văn Hanh,Nguyễn Văn Hanh,"Văn Hanh, Nguyễn",hanh nguyen van,https://www.imo-official.org/results/individual/country/VNM/
Vietnam,VNM,Võ,Văn Huy,Võ Văn Huy,"Văn Huy, Võ",huy van vo,https://www.imo-official.org/results/individual/country/VNM/
Vietnam,VNM,Nguyễn,Văn Hưng,Nguyễn Văn Hưng,"Văn Hưng, Nguyễn",hung nguyen van,https://www.imo-official.org/results/individual/country/VNM/
Vietnam,VNM,Cao,Văn Hạnh,Cao Văn Hạnh,"Văn Hạnh, Cao",cao hanh van,https://www.imo-official.org/results/individual/country/VNM/
Vietnam,VNM,Nguyễn,Văn Lượng,Nguyễn Văn Lượng,"Văn Lượng, Nguyễn",luong nguyen van,https://www.imo-official.org/results/individual/country/VNM/
Vietnam,VNM,Nguyễn,Văn Quý,Nguyễn Văn Quý,"Văn Quý, Nguyễn",nguyen quy van,https://www.imo-official.org/results/individual/country/VNM/
Vietnam,VNM,Nguyễn,Văn Sự,Nguyễn Văn Sự,"Văn Sự, Nguyễn",nguyen su van,https://www.imo-official.org/results/individual/country/VNM/
Vietnam,VNM,Huỳnh,Văn Thanh,Huỳnh Văn Thanh,"Văn Thanh, Huỳnh",huynh thanh van,https://www.imo-official.org/results/individual/country/VNM/
Vietnam,VNM,Nguyễn,Văn Thế,Nguyễn Văn Thế,"Văn Thế, Nguyễn",nguyen the van,https://www.imo-official.org/results/individual/country/VNM/
Vietnam,VNM,Ngọc Minh,Vũ,Ngọc Minh Vũ,"Vũ, Ngọc Minh",minh ngoc vu,https://www.imo-official.org/results/individual/country/VNM/
Vietnam,VNM,Nhat Huy,Vũ,Nhat Huy Vũ,"Vũ, Nhat Huy",huy nhat vu,https://www.imo-official.org/results/individual/country/VNM/
Vietnam,VNM,Xuân Ha,Vũ,Xuân Ha Vũ,"Vũ, Xuân Ha",ha vu xuan,https://www.imo-official.org/results/individual/country/VNM/
Vietnam,VNM,Xuân Trung,Vũ,Xuân Trung Vũ,"Vũ, Xuân Trung",trung vu xuan,https://www.imo-official.org/results/individual/country/VNM/
Vietnam,VNM,Đức Tài,Vũ,Đức Tài Vũ,"Vũ, Đức Tài",tai uc vu,https://www.imo-official.org/results/individual/country/VNM/
Vietnam,VNM,Anh,Vũ Việt,Anh Vũ Việt,"Vũ Việt, Anh",anh viet vu,https://www.imo-official.org/results/individual/country/VNM/
Vietnam,VNM,Thùy Dương,Vương Nguyễn,Thùy Dương Vương Nguyễn,"Vương Nguyễn, Thùy Dương",duong nguyen thuy vuong,https://www.imo-official.org/results/individual/country/VNM/
Vietnam,VNM,Nguyễn,Xuân Cương,Nguyễn Xuân Cương,"Xuân Cương, Nguyễn",cuong nguyen xuan,https://www.imo-official.org/results/individual/country/VNM/
Vietnam,VNM,Nguyễn,Xuân Dao,Nguyễn Xuân Dao,"Xuân Dao, Nguyễn",dao nguyen xuan,https://www.imo-official.org/results/individual/country/VNM/
Vietnam,VNM,Nguyễn,Xuân Long,Nguyễn Xuân Long,"Xuân Long, Nguyễn",long nguyen xuan,https://www.imo-official.org/results/individual/country/VNM/
Vietnam,VNM,Lê Công,Đinh,Lê Công Đinh,"Đinh, Lê Công",cong inh le,https://www.imo-official.org/results/individual/country/VNM/
Vietnam,VNM,Duong,Đoàn Nhat,Duong Đoàn Nhat,"Đoàn Nhat, Duong",duong nhat oan,https://www.imo-official.org/results/individual/country/VNM/
Vietnam,VNM,Hài Long,Đào,Hài Long Đào,"Đào, Hài Long",ao hai long,https://www.imo-official.org/results/individual/country/VNM/
Vietnam,VNM,Vũ Quang,Đào,Vũ Quang Đào,"Đào, Vũ Quang",ao quang vu,https://www.imo-official.org/results/individual/country/VNM/
Vietnam,VNM,Thu Hà,Đào Thị,Thu Hà Đào Thị,"Đào Thị, Thu Hà",ao ha thi thu,https://www.imo-official.org/results/individual/country/VNM/
Vietnam,VNM,Vũ,Đình Hoa,Vũ Đình Hoa,"Đình Hoa, Vũ",hoa inh vu,https://www.imo-official.org/results/individual/country/VNM/
Vietnam,VNM,Vũ,Đình Long,Vũ Đình Long,"Đình Long, Vũ",inh long vu,https://www.imo-official.org/results/individual/country/VNM/
Vietnam,VNM,Hải Đăng,Đậu,Hải Đăng Đậu,"Đậu, Hải Đăng",ang au hai,https://www.imo-official.org/results/individual/country/VNM/
Vietnam,VNM,Ngô,Đắc Tuấn,Ngô Đắc Tuấn,"Đắc Tuấn, Ngô",ac ngo tuan,https://www.imo-official.org/results/individual/country/VNM/
Vietnam,VNM,Đức,Đặng Bảo,Đức Đặng Bảo,"Đặng Bảo, Đức",ang bao uc,https://www.imo-official.org/results/individual/country/VNM/
Vietnam,VNM,Thanh,Đặng Ngọc,Thanh Đặng Ngọc,"Đặng Ngọc, Thanh",ang ngoc thanh,https://www.imo-official.org/results/individual/country/VNM/
Vietnam,VNM,Hoàng Việt,Đỗ,Hoàng Việt Đỗ,"Đỗ, Hoàng Việt",hoang o viet,https://www.imo-official.org/results/individual/country/VNM/
Vietnam,VNM,Quang Yên,Đỗ,Quang Yên Đỗ,"Đỗ, Quang Yên",o quang yen,https://www.imo-official.org/results/individual/country/VNM/
Vietnam,VNM,Văn Quyết,Đỗ,Văn Quyết Đỗ,"Đỗ, Văn Quyết",o quyet van,https://www.imo-official.org/results/individual/country/VNM/
Vietnam,VNM,Đức Nhat Quang,Đỗ,Đức Nhat Quang Đỗ,"Đỗ, Đức Nhat Quang",nhat o quang uc,https://www.imo-official.org/results/individual/country/VNM/
Vietnam,VNM,Anh,Đỗ Quốc,Anh Đỗ Quốc,"Đỗ Quốc, Anh",anh o quoc,https://www.imo-official.org/results/individual/country/VNM/
Vietnam,VNM,Khánh,Đỗ Quốc,Khánh Đỗ Quốc,"Đỗ Quốc, Khánh",khanh o quoc,https://www.imo-official.org/results/individual/country/VNM/
Vietnam,VNM,Bách,Đỗ Xuân,Bách Đỗ Xuân,"Đỗ Xuân, Bách",bach o xuan,https://www.imo-official.org/results/individual/country/VNM/
Vietnam,VNM,Ngô,Đức Duy,Ngô Đức Duy,"Đức Duy, Ngô",duy ngo uc,https://www.imo-official.org/results/individual/country/VNM/
Vietnam,VNM,Phạm,Đức Hùng,Phạm Đức Hùng,"Đức Hùng, Phạm",hung pham uc,https://www.imo-official.org/results/individual/country/VNM/
Vietnam,VNM,Tạ,Đức Thành,Tạ Đức Thành,"Đức Thành, Tạ",ta thanh uc,https://www.imo-official.org/results/individual/country/VNM/
Vietnam,VNM,Hoàng,Đức Ý,Hoàng Đức Ý,"Đức Ý, Hoàng",hoang uc y,https://www.imo-official.org/results/individual/country/VNM/
