combined_id,name_clean,name_last_first,country_clean,contest,year,official_name,official_name_last_first,official_country,official_country_code,official_person_id,score,medal,rank_start,rank_end,rank_average,percentile,total_participants,match_method,source_url
27,Monamy Zaman,"Zaman, Monamy",Bangladesh,APMO,2024,Monamy Zaman,"Zaman, Monamy",Bangladesh,BGD,BGD:2024:7,14,Bronze,95,218,156.5,0.5591549296,355,same_country_exact,https://www.apmo-official.org/country_report/BGD/2024
32,Gustavo Santiago Torrico López,"Torrico López, Gustavo Santiago",Bolivia,APMO,2022,Gustavo Santiago Torrico López,"Torrico López, Gustavo Santiago",Bolivia,BOL,BOL:2022:5,1,None,291,305,298,0.0628930818,318,same_country_exact,https://www.apmo-official.org/country_report/BOL/2022
33,Luis André Villán Gabriel,"Villán Gabriel, Luis André",Bolivia,APMO,2022,Luis André Villán Gabriel,"Villán Gabriel, Luis André",Bolivia,BOL,BOL:2022:1,14,Bronze,153,175,164,0.4842767296,318,same_country_exact,https://www.apmo-official.org/country_report/BOL/2022
33,Luis André Villán Gabriel,"Villán Gabriel, Luis André",Bolivia,APMO,2023,Luis André Villán Gabriel,"Villán Gabriel, Luis André",Bolivia,BOL,BOL:2023:2,1,None,305,323,314,0.0898550725,345,same_country_exact,https://www.apmo-official.org/country_report/BOL/2023
33,Luis André Villán Gabriel,"Villán Gabriel, Luis André",Bolivia,APMO,2024,Luis André Villlán Gabriel,"Villlán Gabriel, Luis André",Bolivia,BOL,BOL:2024:1,14,Bronze,95,218,156.5,0.5591549296,355,reviewed_alias,https://www.apmo-official.org/country_report/BOL/2024
33,Luis André Villán Gabriel,"Villán Gabriel, Luis André",Bolivia,APMO,2025,Luis André Villán Gabriel,"Villán Gabriel, Luis André",Bolivia,BOL,BOL:2025:1,22,Silver,52,74,63,0.8119402985,335,same_country_exact,https://www.apmo-official.org/country_report/BOL/2025
33,Luis André Villán Gabriel,"Villán Gabriel, Luis André",Bolivia,APMO,2026,Luis André Villán Gabriel,"Villán Gabriel, Luis André",Bolivia,BOL,BOL:2026:1,28,Gold,17,33,25,0.9370277078,397,same_country_exact,https://www.apmo-official.org/country_report/BOL/2026
136,Angel Antonov Hristov,"Hristov, Angel Antonov",Bulgaria,APMO,2025,Angel Hristov,"Hristov, Angel",Bulgaria,BGR,BGR:2025:1,28,Gold,18,27,22.5,0.9328358209,335,same_country_exact,https://www.apmo-official.org/country_report/BGR/2025
139,Marin Hristov Hristov,"Hristov, Marin Hristov",Bulgaria,APMO,2023,Marin Hristov,"Hristov, Marin",Bulgaria,BGR,BGR:2023:1,23,Gold,38,50,44,0.8724637681,345,same_country_exact,https://www.apmo-official.org/country_report/BGR/2023
208,Vesselin Markovich,"Markovich, Vesselin",Bulgaria,APMO,2023,Vesselin Markovich,"Markovich, Vesselin",Bulgaria,BGR,BGR:2023:5,14,Bronze,121,137,129,0.6260869565,345,same_country_exact,https://www.apmo-official.org/country_report/BGR/2023
295,Milen Milenov Shumanov,"Shumanov, Milen Milenov",Bulgaria,APMO,2023,Milen Shumanov,"Shumanov, Milen",Bulgaria,BGR,BGR:2023:4,15,Bronze,112,120,116,0.6637681159,345,same_country_exact,https://www.apmo-official.org/country_report/BGR/2023
309,Alexander Rossen Stefanov,"Stefanov, Alexander Rossen",Bulgaria,APMO,2026,Alexandar Stefanov,"Stefanov, Alexandar",Bulgaria,BGR,BGR:2026:9,8,Honourable Mention,252,272,262,0.3400503778,397,reviewed_alias,https://www.apmo-official.org/country_report/BGR/2026
382,Caleb Ji,"Ji, Caleb",Canada,APMO,2016,Caleb Ji,"Ji, Caleb",Canada,CAN,CAN:2016:3,22,Silver,54,60,57,0.8272727273,330,same_country_exact,https://www.apmo-official.org/country_report/CAN/2016
383,Richard Kang,"Kang, Richard",Canada,APMO,2018,Kang Richard,"Richard, Kang",Canada,CAN,CAN:2018:9,18,Honourable Mention,92,104,98,0.7215909091,352,same_country_exact,https://www.apmo-official.org/country_report/CAN/2018
452,Kwan Yu Chan,"Chan, Kwan Yu",Hong Kong,APMO,2024,Kwan Yu Chan,"Chan, Kwan Yu",Hong Kong,HKG,HKG:2024:7,15,Bronze,75,94,84.5,0.761971831,355,same_country_exact,https://www.apmo-official.org/country_report/HKG/2024
452,Kwan Yu Chan,"Chan, Kwan Yu",Hong Kong,APMO,2025,Kwan Yu Chan,"Chan, Kwan Yu",Hong Kong,HKG,HKG:2025:4,21,Bronze,75,127,101,0.6985074627,335,same_country_exact,https://www.apmo-official.org/country_report/HKG/2025
462,Nick Hang Cheng,"Cheng, Nick Hang",Hong Kong,APMO,2021,Nick Hang Cheng,"Cheng, Nick Hang",Hong Kong,HKG,HKG:2021:9,9,Honourable Mention,188,198,193,0.4389534884,344,same_country_exact,https://www.apmo-official.org/country_report/HKG/2021
465,Wai Chung Cheng,"Cheng, Wai Chung",Hong Kong,APMO,2016,Wai Chung Cheng,"Cheng, Wai Chung",Hong Kong,HKG,HKG:2016:6,6,None,219,233,226,0.3151515152,330,same_country_exact,https://www.apmo-official.org/country_report/HKG/2016
469,Wai Lam Cheung,"Cheung, Wai Lam",Hong Kong,APMO,2016,Wai Lam Cheung,"Cheung, Wai Lam",Hong Kong,HKG,HKG:2016:4,17,Bronze,92,107,99.5,0.6984848485,330,same_country_exact,https://www.apmo-official.org/country_report/HKG/2016
476,Tsz Sing Chong,"Chong, Tsz Sing",Hong Kong,APMO,2025,Tsz Sing Chong,"Chong, Tsz Sing",Hong Kong,HKG,HKG:2025:2,24,Silver,43,45,44,0.8686567164,335,same_country_exact,https://www.apmo-official.org/country_report/HKG/2025
476,Tsz Sing Chong,"Chong, Tsz Sing",Hong Kong,APMO,2026,Tsz Sing Chong,"Chong, Tsz Sing",Hong Kong,HKG,HKG:2026:5,17,Bronze,122,128,125,0.685138539,397,same_country_exact,https://www.apmo-official.org/country_report/HKG/2026
481,Cheuk Hei Chu,"Chu, Cheuk Hei",Hong Kong,APMO,2019,Cheuk Hei Chu,"Chu, Cheuk Hei",Hong Kong,HKG,HKG:2019:9,9,Honourable Mention,215,225,220,0.3871866295,359,same_country_exact,https://www.apmo-official.org/country_report/HKG/2019
481,Cheuk Hei Chu,"Chu, Cheuk Hei",Hong Kong,APMO,2021,Cheuk Hei Chu,"Chu, Cheuk Hei",Hong Kong,HKG,HKG:2021:2,23,Silver,24,27,25.5,0.925872093,344,same_country_exact,https://www.apmo-official.org/country_report/HKG/2021
481,Cheuk Hei Chu,"Chu, Cheuk Hei",Hong Kong,APMO,2022,Cheuk Hei Chu,"Chu, Cheuk Hei",Hong Kong,HKG,HKG:2022:1,25,Gold,26,29,27.5,0.9135220126,318,same_country_exact,https://www.apmo-official.org/country_report/HKG/2022
481,Cheuk Hei Chu,"Chu, Cheuk Hei",Hong Kong,APMO,2023,Cheuk Hei Chu,"Chu, Cheuk Hei",Hong Kong,HKG,HKG:2023:1,29,Gold,17,21,19,0.9449275362,345,same_country_exact,https://www.apmo-official.org/country_report/HKG/2023
489,Shun Ngai Ho,"Ho, Shun Ngai",Hong Kong,APMO,2024,Shun Ngai Ho,"Ho, Shun Ngai",Hong Kong,HKG,HKG:2024:8,14,Honourable Mention,95,218,156.5,0.5591549296,355,same_country_exact,https://www.apmo-official.org/country_report/HKG/2024
490,Sui Kei Ho,"Ho, Sui Kei",Hong Kong,APMO,2019,Sui Kei Ho,"Ho, Sui Kei",Hong Kong,HKG,HKG:2019:8,11,Honourable Mention,197,206,201.5,0.438718663,359,same_country_exact,https://www.apmo-official.org/country_report/HKG/2019
491,Tsz Chun Ho,"Ho, Tsz Chun",Hong Kong,APMO,2017,Tsz Chun Ho,"Ho, Tsz Chun",Hong Kong,HKG,HKG:2017:9,9,Honourable Mention,206,218,212,0.3994334278,353,same_country_exact,https://www.apmo-official.org/country_report/HKG/2017
497,Tsz Lok Ip,"Ip, Tsz Lok",Hong Kong,APMO,2017,Tsz Lok Ip,"Ip, Tsz Lok",Hong Kong,HKG,HKG:2017:10,8,Honourable Mention,219,246,232.5,0.3413597734,353,same_country_exact,https://www.apmo-official.org/country_report/HKG/2017
497,Tsz Lok Ip,"Ip, Tsz Lok",Hong Kong,APMO,2018,TSZ LOK IP,"IP, TSZ LOK",Hong Kong,HKG,HKG:2018:9,11,None,203,215,209,0.40625,352,same_country_exact,https://www.apmo-official.org/country_report/HKG/2018
497,Tsz Lok Ip,"Ip, Tsz Lok",Hong Kong,APMO,2019,Tsz Lok Ip,"Ip, Tsz Lok",Hong Kong,HKG,HKG:2019:7,13,Bronze,178,188,183,0.4902506964,359,same_country_exact,https://www.apmo-official.org/country_report/HKG/2019
499,Kin Fung Nicholas Ko,"Ko, Kin Fung Nicholas",Hong Kong,APMO,2023,Kin Fung Nicholas Ko,"Ko, Kin Fung Nicholas",Hong Kong,HKG,HKG:2023:8,11,Honourable Mention,153,158,155.5,0.5492753623,345,same_country_exact,https://www.apmo-official.org/country_report/HKG/2023
501,Yung Ho Kwan,"Kwan, Yung Ho",Hong Kong,APMO,2022,Yung Ho Kwan,"Kwan, Yung Ho",Hong Kong,HKG,HKG:2022:6,21,Bronze,46,65,55.5,0.8254716981,318,same_country_exact,https://www.apmo-official.org/country_report/HKG/2022
501,Yung Ho Kwan,"Kwan, Yung Ho",Hong Kong,APMO,2023,Yung Ho Kwan,"Kwan, Yung Ho",Hong Kong,HKG,HKG:2023:7,12,Bronze,148,152,150,0.5652173913,345,same_country_exact,https://www.apmo-official.org/country_report/HKG/2023
501,Yung Ho Kwan,"Kwan, Yung Ho",Hong Kong,APMO,2024,Yung Ho Kwan,"Kwan, Yung Ho",Hong Kong,HKG,HKG:2024:1,28,Gold,3,6,4.5,0.9873239437,355,same_country_exact,https://www.apmo-official.org/country_report/HKG/2024
501,Yung Ho Kwan,"Kwan, Yung Ho",Hong Kong,APMO,2025,Yung Ho Kwan,"Kwan, Yung Ho",Hong Kong,HKG,HKG:2025:3,21,Silver,75,127,101,0.6985074627,335,same_country_exact,https://www.apmo-official.org/country_report/HKG/2025
501,Yung Ho Kwan,"Kwan, Yung Ho",Hong Kong,APMO,2026,Yung Ho Kwan,"Kwan, Yung Ho",Hong Kong,HKG,HKG:2026:1,28,Gold,17,33,25,0.9370277078,397,same_country_exact,https://www.apmo-official.org/country_report/HKG/2026
502,Man Yi Kwok,"Kwok, Man Yi",Hong Kong,APMO,2016,Man Yi Kwok,"Kwok, Man Yi",Hong Kong,HKG,HKG:2016:3,21,Silver,61,74,67.5,0.7954545455,330,same_country_exact,https://www.apmo-official.org/country_report/HKG/2016
502,Man Yi Kwok,"Kwok, Man Yi",Hong Kong,APMO,2017,Man Yi Kwok,"Kwok, Man Yi",Hong Kong,HKG,HKG:2017:5,17,Bronze,130,132,131,0.6288951841,353,same_country_exact,https://www.apmo-official.org/country_report/HKG/2017
504,Wai Lok Lai,"Lai, Wai Lok",Hong Kong,APMO,2019,Wai Lok Lai,"Lai, Wai Lok",Hong Kong,HKG,HKG:2019:2,14,Silver,123,177,150,0.5821727019,359,same_country_exact,https://www.apmo-official.org/country_report/HKG/2019
504,Wai Lok Lai,"Lai, Wai Lok",Hong Kong,APMO,2021,Wai Lok Lai,"Lai, Wai Lok",Hong Kong,HKG,HKG:2021:5,16,Bronze,87,95,91,0.7354651163,344,same_country_exact,https://www.apmo-official.org/country_report/HKG/2021
504,Wai Lok Lai,"Lai, Wai Lok",Hong Kong,APMO,2022,Wai Lok Lai,"Lai, Wai Lok",Hong Kong,HKG,HKG:2022:2,23,Silver,34,37,35.5,0.8883647799,318,same_country_exact,https://www.apmo-official.org/country_report/HKG/2022
504,Wai Lok Lai,"Lai, Wai Lok",Hong Kong,APMO,2024,Wai Lok Lai,"Lai, Wai Lok",Hong Kong,HKG,HKG:2024:5,21,Bronze,22,44,33,0.9070422535,355,same_country_exact,https://www.apmo-official.org/country_report/HKG/2024
516,Shun Ming Samuel Lee,"Lee, Shun Ming Samuel",Hong Kong,APMO,2016,Shun Ming Samuel Lee,"Lee, Shun Ming Samuel",Hong Kong,HKG,HKG:2016:1,28,Gold,24,35,29.5,0.9106060606,330,same_country_exact,https://www.apmo-official.org/country_report/HKG/2016
516,Shun Ming Samuel Lee,"Lee, Shun Ming Samuel",Hong Kong,APMO,2017,Shun Ming Samuel Lee,"Lee, Shun Ming Samuel",Hong Kong,HKG,HKG:2017:1,27,Gold,58,62,60,0.8300283286,353,same_country_exact,https://www.apmo-official.org/country_report/HKG/2017
517,Wan Lee,"Lee, Wan",Hong Kong,APMO,2019,Wan Lee,"Lee, Wan",Hong Kong,HKG,HKG:2019:3,14,Silver,123,177,150,0.5821727019,359,same_country_exact,https://www.apmo-official.org/country_report/HKG/2019
520,Harris Leung,"Leung, Harris",Hong Kong,APMO,2018,HARRIS LEUNG,"LEUNG, HARRIS",Hong Kong,HKG,HKG:2018:7,12,Bronze,186,202,194,0.4488636364,352,same_country_exact,https://www.apmo-official.org/country_report/HKG/2018
520,Harris Leung,"Leung, Harris",Hong Kong,APMO,2019,Harris Leung,"Leung, Harris",Hong Kong,HKG,HKG:2019:1,21,Gold,29,48,38.5,0.8927576602,359,same_country_exact,https://www.apmo-official.org/country_report/HKG/2019
520,Harris Leung,"Leung, Harris",Hong Kong,APMO,2021,Harris Leung,"Leung, Harris",Hong Kong,HKG,HKG:2021:4,20,Bronze,50,66,58,0.8313953488,344,same_country_exact,https://www.apmo-official.org/country_report/HKG/2021
526,Min Hang Li,"Li, Min Hang",Hong Kong,APMO,2019,Min Hang Li,"Li, Min Hang",Hong Kong,HKG,HKG:2019:4,14,Bronze,123,177,150,0.5821727019,359,same_country_exact,https://www.apmo-official.org/country_report/HKG/2019
530,Zi Ang Liu,"Liu, Zi Ang",Hong Kong,APMO,2026,Zi Ang Liu,"Liu, Zi Ang",Hong Kong,HKG,HKG:2026:4,18,Bronze,108,121,114.5,0.7115869018,397,same_country_exact,https://www.apmo-official.org/country_report/HKG/2026
539,Chi Ki Ngai,"Ngai, Chi Ki",Hong Kong,APMO,2017,Chi Ki Ngai,"Ngai, Chi Ki",Hong Kong,HKG,HKG:2017:7,13,Bronze,182,183,182.5,0.4830028329,353,same_country_exact,https://www.apmo-official.org/country_report/HKG/2017
539,Chi Ki Ngai,"Ngai, Chi Ki",Hong Kong,APMO,2018,CHI KI NGAI,"NGAI, CHI KI",Hong Kong,HKG,HKG:2018:3,18,Silver,92,104,98,0.7215909091,352,same_country_exact,https://www.apmo-official.org/country_report/HKG/2018
552,Alvin Cheuk Hin Tse,"Tse, Alvin Cheuk Hin",Hong Kong,APMO,2016,Alfin Cheak Hin Tse,"Tse, Alfin Cheak Hin",Hong Kong,HKG,HKG:2016:8,6,None,219,233,226,0.3151515152,330,reviewed_alias,https://www.apmo-official.org/country_report/HKG/2016
552,Alvin Cheuk Hin Tse,"Tse, Alvin Cheuk Hin",Hong Kong,APMO,2017,Cheuk Hin Alvin Tse,"Tse, Cheuk Hin Alvin",Hong Kong,HKG,HKG:2017:4,21,Bronze,90,118,104,0.7053824363,353,same_country_token,https://www.apmo-official.org/country_report/HKG/2017
552,Alvin Cheuk Hin Tse,"Tse, Alvin Cheuk Hin",Hong Kong,APMO,2018,ALVIN CHEUK HIN TSE,"TSE, ALVIN CHEUK HIN",Hong Kong,HKG,HKG:2018:2,19,Silver,84,91,87.5,0.7514204545,352,same_country_exact,https://www.apmo-official.org/country_report/HKG/2018
570,Adam Xu,"Xu, Adam",Hong Kong,APMO,2026,Adam Xu,"Xu, Adam",Hong Kong,HKG,HKG:2026:9,14,Honourable Mention,150,187,168.5,0.5755667506,397,same_country_exact,https://www.apmo-official.org/country_report/HKG/2026
572,Ching Yan Timothy Yau,"Yau, Ching Yan Timothy",Hong Kong,APMO,2021,Ching Yan Timothy Yau,"Yau, Ching Yan Timothy",Hong Kong,HKG,HKG:2021:1,24,Gold,21,23,22,0.9360465116,344,same_country_exact,https://www.apmo-official.org/country_report/HKG/2021
581,Chun Hei Yiu,"Yiu, Chun Hei",Hong Kong,APMO,2021,Chun Hei Yiu,"Yiu, Chun Hei",Hong Kong,HKG,HKG:2021:7,13,Bronze,150,164,157,0.5436046512,344,same_country_exact,https://www.apmo-official.org/country_report/HKG/2021
581,Chun Hei Yiu,"Yiu, Chun Hei",Hong Kong,APMO,2022,Chun Hei Yiu,"Yiu, Chun Hei",Hong Kong,HKG,HKG:2022:7,21,Bronze,46,65,55.5,0.8254716981,318,same_country_exact,https://www.apmo-official.org/country_report/HKG/2022
581,Chun Hei Yiu,"Yiu, Chun Hei",Hong Kong,APMO,2023,Chun Hei Yiu,"Yiu, Chun Hei",Hong Kong,HKG,HKG:2023:4,23,Bronze,38,50,44,0.8724637681,345,same_country_exact,https://www.apmo-official.org/country_report/HKG/2023
581,Chun Hei Yiu,"Yiu, Chun Hei",Hong Kong,APMO,2024,Chun Hei Yiu,"Yiu, Chun Hei",Hong Kong,HKG,HKG:2024:3,24,Silver,9,12,10.5,0.9704225352,355,same_country_exact,https://www.apmo-official.org/country_report/HKG/2024
582,Hoi Wai Yu,"Yu, Hoi Wai",Hong Kong,APMO,2016,Hoi Wai Yu,"Yu, Hoi Wai",Hong Kong,HKG,HKG:2016:2,25,Silver,47,51,49,0.8515151515,330,same_country_exact,https://www.apmo-official.org/country_report/HKG/2016
582,Hoi Wai Yu,"Yu, Hoi Wai",Hong Kong,APMO,2017,Hoi Wai Yu,"Yu, Hoi Wai",Hong Kong,HKG,HKG:2017:2,26,Silver,63,69,66,0.8130311615,353,same_country_exact,https://www.apmo-official.org/country_report/HKG/2017
633,Kevin Adi Senjaya,"Adi Senjaya, Kevin",Indonesia,APMO,2024,Kevin Adi Senjaya,"Senjaya, Kevin Adi",Indonesia,IDN,IDN:2024:2,14,Bronze,95,218,156.5,0.5591549296,355,same_country_exact,https://www.apmo-official.org/country_report/IDN/2024
654,Kinantan Arya Bagaspati,"Bagaspati, Kinantan Arya",Indonesia,APMO,2018,Kinantan Arya Bagaspati,"Bagaspati, Kinantan Arya",Indonesia,IDN,IDN:2018:2,21,Silver,56,74,65,0.8153409091,352,same_country_exact,https://www.apmo-official.org/country_report/IDN/2018
654,Kinantan Arya Bagaspati,"Bagaspati, Kinantan Arya",Indonesia,APMO,2019,Kinantan Arya Bagaspati,"Bagaspati, Kinantan Arya",Indonesia,IDN,IDN:2019:5,16,Bronze,76,94,85,0.7632311978,359,same_country_exact,https://www.apmo-official.org/country_report/IDN/2019
661,Louis Cahyadi,"Cahyadi, Louis",Indonesia,APMO,2016,Louis Cahyadi,"Cahyadi, Louis",Indonesia,IDN,IDN:2016:3,19,Silver,80,88,84,0.7454545455,330,same_country_exact,https://www.apmo-official.org/country_report/IDN/2016
661,Louis Cahyadi,"Cahyadi, Louis",Indonesia,APMO,2017,Louis Cahyadi,"Cahyadi, Louis",Indonesia,IDN,IDN:2017:6,15,Bronze,134,142,138,0.6090651558,353,same_country_exact,https://www.apmo-official.org/country_report/IDN/2017
666,Nathanael Lukas Christianto,"Christianto, Nathanael Lukas",Indonesia,APMO,2020,Nathaniel Lukas Christanto,"Christanto, Nathaniel Lukas",Indonesia,IDN,IDN:2020:9,13,Honourable Mention,191,194,192.5,0.4287833828,337,reviewed_alias,https://www.apmo-official.org/country_report/IDN/2020
668,Bennett Clement,"Clement, Bennett",Indonesia,APMO,2018,Bennet Clement,"Clement, Bennet",Indonesia,IDN,IDN:2018:6,16,Bronze,117,124,120.5,0.6576704545,352,reviewed_alias,https://www.apmo-official.org/country_report/IDN/2018
694,Axel Giovanni Hartanto,"Hartanto, Axel Giovanni",Indonesia,APMO,2022,Axel Giovanni Hartanto,"Hartanto, Axel Giovanni",Indonesia,IDN,IDN:2022:9,14,Honourable Mention,153,175,164,0.4842767296,318,same_country_exact,https://www.apmo-official.org/country_report/IDN/2022
696,Neilson Huang,"Huang, Neilson",Indonesia,APMO,2026,Neilson Huang,"Huang, Neilson",Indonesia,IDN,IDN:2026:8,8,Honourable Mention,252,272,262,0.3400503778,397,same_country_exact,https://www.apmo-official.org/country_report/IDN/2026
701,Andrew Daniel Janong,"Janong, Andrew Daniel",Indonesia,APMO,2021,Janong Andrew Daniel,"Andrew Daniel, Janong",Indonesia,IDN,IDN:2021:8,7,Honourable Mention,219,283,251,0.2703488372,344,same_country_exact,https://www.apmo-official.org/country_report/IDN/2021
701,Andrew Daniel Janong,"Janong, Andrew Daniel",Indonesia,APMO,2022,Andrew Daniel Janong,"Janong, Andrew Daniel",Indonesia,IDN,IDN:2022:3,19,Silver,81,114,97.5,0.6933962264,318,same_country_exact,https://www.apmo-official.org/country_report/IDN/2022
712,Jonathan Kwok,"Kwok, Jonathan",Indonesia,APMO,2019,Jonathan Kwok,"Kwok, Jonathan",Indonesia,IDN,IDN:2019:9,14,Honourable Mention,123,177,150,0.5821727019,359,same_country_exact,https://www.apmo-official.org/country_report/IDN/2019
714,Janssen Edyth Lim,"Lim, Janssen Edyth",Indonesia,APMO,2024,Janssen Edyth Lim,"Lim, Janssen Edyth",Indonesia,IDN,IDN:2024:9,14,Honourable Mention,95,218,156.5,0.5591549296,355,same_country_exact,https://www.apmo-official.org/country_report/IDN/2024
721,Gabriela Erin Mariangel,"Mariangel, Gabriela Erin",Indonesia,APMO,2020,Gabriela Erin Mariangel,"Mariangel, Gabriela Erin",Indonesia,IDN,IDN:2020:5,14,Bronze,132,190,161,0.5222551929,337,same_country_exact,https://www.apmo-official.org/country_report/IDN/2020
721,Gabriela Erin Mariangel,"Mariangel, Gabriela Erin",Indonesia,APMO,2021,Mariangel Gabriela Erin,"Gabriela Erin, Mariangel",Indonesia,IDN,IDN:2021:9,7,Honourable Mention,219,283,251,0.2703488372,344,same_country_exact,https://www.apmo-official.org/country_report/IDN/2021
730,Kelven Nathanael,"Nathanael, Kelven",Indonesia,APMO,2024,Kelven Nathanael,"Nathanael, Kelven",Indonesia,IDN,IDN:2024:10,12,Honourable Mention,236,242,239,0.3267605634,355,same_country_exact,https://www.apmo-official.org/country_report/IDN/2024
733,Michael Agung Nugroho,"Nugroho, Michael Agung",Indonesia,APMO,2017,Michael Agung Nugroho,"Nugroho, Michael Agung",Indonesia,IDN,IDN:2017:8,14,Honourable Mention,143,181,162,0.5410764873,353,same_country_exact,https://www.apmo-official.org/country_report/IDN/2017
733,Michael Agung Nugroho,"Nugroho, Michael Agung",Indonesia,APMO,2018,Michael Agung Nugroho,"Nugroho, Michael Agung",Indonesia,IDN,IDN:2018:5,17,Bronze,105,116,110.5,0.6860795455,352,same_country_exact,https://www.apmo-official.org/country_report/IDN/2018
768,Farrel Dwireswara Salim,"Salim, Farrel Dwireswara",Indonesia,APMO,2019,Farrel Dwireswara Salim,"Salim, Farrel Dwireswara",Indonesia,IDN,IDN:2019:7,14,Bronze,123,177,150,0.5821727019,359,same_country_exact,https://www.apmo-official.org/country_report/IDN/2019
768,Farrel Dwireswara Salim,"Salim, Farrel Dwireswara",Indonesia,APMO,2020,Farrel Dwireswara Salim,"Salim, Farrel Dwireswara",Indonesia,IDN,IDN:2020:7,14,Bronze,132,190,161,0.5222551929,337,same_country_exact,https://www.apmo-official.org/country_report/IDN/2020
768,Farrel Dwireswara Salim,"Salim, Farrel Dwireswara",Indonesia,APMO,2021,Salim Farrel Dwireswara,"Farrel Dwireswara, Salim",Indonesia,IDN,IDN:2021:3,14,Bronze,104,149,126.5,0.6322674419,344,same_country_exact,https://www.apmo-official.org/country_report/IDN/2021
769,Gian Cordana Sanjaya,"Sanjaya, Gian Cordana",Indonesia,APMO,2016,Gian Cordana Sanjaya,"Sanjaya, Gian Cordana",Indonesia,IDN,IDN:2016:9,14,Honourable Mention,127,148,137.5,0.5833333333,330,same_country_exact,https://www.apmo-official.org/country_report/IDN/2016
769,Gian Cordana Sanjaya,"Sanjaya, Gian Cordana",Indonesia,APMO,2017,Gian Cordana Sanjaya,"Sanjaya, Gian Cordana",Indonesia,IDN,IDN:2017:5,15,Bronze,134,142,138,0.6090651558,353,same_country_exact,https://www.apmo-official.org/country_report/IDN/2017
769,Gian Cordana Sanjaya,"Sanjaya, Gian Cordana",Indonesia,APMO,2018,Gian Cordana Sanjaya,"Sanjaya, Gian Cordana",Indonesia,IDN,IDN:2018:3,21,Silver,56,74,65,0.8153409091,352,same_country_exact,https://www.apmo-official.org/country_report/IDN/2018
775,Maulana Satya Adigama,"Satya Adigama, Maulana",Indonesia,APMO,2022,Maulana Satya Adigama,"Adigama, Maulana Satya",Indonesia,IDN,IDN:2022:7,14,Bronze,153,175,164,0.4842767296,318,same_country_exact,https://www.apmo-official.org/country_report/IDN/2022
775,Maulana Satya Adigama,"Satya Adigama, Maulana",Indonesia,APMO,2024,Maulana Satya Adigama,"Adigama, Maulana Satya",Indonesia,IDN,IDN:2024:1,15,Silver,75,94,84.5,0.761971831,355,same_country_exact,https://www.apmo-official.org/country_report/IDN/2024
788,Otto Alexander Sutianto,"Sutianto, Otto Alexander",Indonesia,APMO,2018,Otto Alexander Sutianto,"Sutianto, Otto Alexander",Indonesia,IDN,IDN:2018:1,22,Gold,49,55,52,0.8522727273,352,same_country_exact,https://www.apmo-official.org/country_report/IDN/2018
797,Alfian Edgar Tjandra,"Tjandra, Alfian Edgar",Indonesia,APMO,2018,Alfian Edgar Tjandra,"Tjandra, Alfian Edgar",Indonesia,IDN,IDN:2018:4,18,Bronze,92,104,98,0.7215909091,352,same_country_exact,https://www.apmo-official.org/country_report/IDN/2018
797,Alfian Edgar Tjandra,"Tjandra, Alfian Edgar",Indonesia,APMO,2019,Alfian Edgar Tjandra,"Tjandra, Alfian Edgar",Indonesia,IDN,IDN:2019:6,16,Bronze,76,94,85,0.7632311978,359,same_country_exact,https://www.apmo-official.org/country_report/IDN/2019
805,Stanve Avrilium Widjaja,"Widjaja, Stanve Avrilium",Indonesia,APMO,2020,Stanve Avrilium Widjaja,"Widjaja, Stanve Avrilium",Indonesia,IDN,IDN:2020:2,18,Silver,43,55,49,0.8545994065,337,same_country_exact,https://www.apmo-official.org/country_report/IDN/2020
805,Stanve Avrilium Widjaja,"Widjaja, Stanve Avrilium",Indonesia,APMO,2021,Widjaja Stanve Avrilium,"Stanve Avrilium, Widjaja",Indonesia,IDN,IDN:2021:1,26,Gold,14,18,16,0.9534883721,344,same_country_exact,https://www.apmo-official.org/country_report/IDN/2021
808,Dick Jessen William,"William, Dick Jessen",Indonesia,APMO,2017,Dick Jessen William,"William, Dick Jessen",Indonesia,IDN,IDN:2017:3,20,Silver,119,122,120.5,0.6586402266,353,same_country_exact,https://www.apmo-official.org/country_report/IDN/2017
809,Timothy William Koesasih,"William Koesasih, Timothy",Indonesia,APMO,2024,Timothy William Koesasih,"Koesasih, Timothy William",Indonesia,IDN,IDN:2024:5,14,Bronze,95,218,156.5,0.5591549296,355,same_country_exact,https://www.apmo-official.org/country_report/IDN/2024
810,Andrew Wiraatmaja,"Wiraatmaja, Andrew",Indonesia,APMO,2017,Andrew Wiraatmaja,"Wiraatmaja, Andrew",Indonesia,IDN,IDN:2017:7,14,Bronze,143,181,162,0.5410764873,353,same_country_exact,https://www.apmo-official.org/country_report/IDN/2017
815,Rafael Kristoforus Yanto,"Yanto, Rafael Kristoforus",Indonesia,APMO,2022,Rafael Kristoforus Yanto,"Yanto, Rafael Kristoforus",Indonesia,IDN,IDN:2022:5,16,Bronze,134,144,139,0.5628930818,318,same_country_exact,https://www.apmo-official.org/country_report/IDN/2022
827,Mohammad Reza Aminian,"Aminian, Mohammad Reza",Islamic Republic of Iran,APMO,2016,Mohammad Reza Aminian,"Aminian, Mohammad Reza",Islamic Republic of Iran,IRN,IRN:2016:5,25,Bronze,47,51,49,0.8515151515,330,same_country_exact,https://www.apmo-official.org/country_report/IRN/2016
830,Matin Arefnia,"Arefnia, Matin",Islamic Republic of Iran,APMO,2021,Matin Arefnia,"Arefnia, Matin",Islamic Republic of Iran,IRN,IRN:2021:7,17,Bronze,80,86,83,0.7587209302,344,same_country_exact,https://www.apmo-official.org/country_report/IRN/2021
842,Parnia Dabagh,"Dabagh, Parnia",Islamic Republic of Iran,APMO,2024,Parnia Dabagh,"Dabagh, Parnia",Islamic Republic of Iran,IRN,IRN:2024:6,14,Bronze,95,218,156.5,0.5591549296,355,same_country_exact,https://www.apmo-official.org/country_report/IRN/2024
845,Farbod Ekbatani,"Ekbatani, Farbod",Islamic Republic of Iran,APMO,2016,Farbod Ekbatani,"Ekbatani, Farbod",Islamic Republic of Iran,IRN,IRN:2016:3,27,Silver,36,41,38.5,0.8833333333,330,same_country_exact,https://www.apmo-official.org/country_report/IRN/2016
847,Reza Esmailpour,"Esmailpour, Reza",Islamic Republic of Iran,APMO,2026,Reza Esmailpour,"Esmailpour, Reza",Islamic Republic of Iran,IRN,IRN:2026:5,18,Bronze,108,121,114.5,0.7115869018,397,same_country_exact,https://www.apmo-official.org/country_report/IRN/2026
856,Faraz Ghahremany Kooreh,"Ghahremany Kooreh, Faraz",Islamic Republic of Iran,APMO,2019,Faraz Ghahremani Koure,"Ghahremani Koure, Faraz",Islamic Republic of Iran,IRN,IRN:2019:2,23,Silver,19,22,20.5,0.9428969359,359,reviewed_alias,https://www.apmo-official.org/country_report/IRN/2019
867,Amirmahdi Hosseinabadi,"Hosseinabadi, Amirmahdi",Islamic Republic of Iran,APMO,2018,Amir Mahdi Hossein Abadi,"Hossein Abadi, Amir Mahdi",Islamic Republic of Iran,IRN,IRN:2018:6,17,Bronze,105,116,110.5,0.6860795455,352,same_country_compact,https://www.apmo-official.org/country_report/IRN/2018
888,Mahbod Majid,"Majid, Mahbod",Islamic Republic of Iran,APMO,2016,Mahbod Majid,"Majid, Mahbod",Islamic Republic of Iran,IRN,IRN:2016:9,20,Honourable Mention,75,79,77,0.7666666667,330,same_country_exact,https://www.apmo-official.org/country_report/IRN/2016
900,Arman Mohammadi,"Mohammadi, Arman",Islamic Republic of Iran,APMO,2018,Arman Mohammadi,"Mohammadi, Arman",Islamic Republic of Iran,IRN,IRN:2018:10,13,Honourable Mention,176,185,180.5,0.4872159091,352,same_country_exact,https://www.apmo-official.org/country_report/IRN/2018
906,Soroush Momeni,"Momeni, Soroush",Islamic Republic of Iran,APMO,2022,Soroush Momeni,"Momeni, Soroush",Islamic Republic of Iran,IRN,IRN:2022:8,7,Honourable Mention,244,263,253.5,0.2028301887,318,same_country_exact,https://www.apmo-official.org/country_report/IRN/2022
920,Amin Rakhsha,"Rakhsha, Amin",Islamic Republic of Iran,APMO,2016,Amin Rakhsha,"Rakhsha, Amin",Islamic Republic of Iran,IRN,IRN:2016:8,20,Honourable Mention,75,79,77,0.7666666667,330,same_country_exact,https://www.apmo-official.org/country_report/IRN/2016
922,Ahmad Ramzan Pour,"Ramzan Pour, Ahmad",Islamic Republic of Iran,APMO,2018,Ahmad Ramezanpour,"Ramezanpour, Ahmad",Islamic Republic of Iran,IRN,IRN:2018:4,21,Bronze,56,74,65,0.8153409091,352,reviewed_alias,https://www.apmo-official.org/country_report/IRN/2018
926,Alireza Rezaeimoghadam,"Rezaeimoghadam, Alireza",Islamic Republic of Iran,APMO,2020,Alireza Rezaei Moghaddam,"Rezaei Moghaddam, Alireza",Islamic Republic of Iran,IRN,IRN:2020:9,16,Honourable Mention,72,114,93,0.7240356083,337,reviewed_alias,https://www.apmo-official.org/country_report/IRN/2020
927,Farhood Rostamkhani,"Rostamkhani, Farhood",Islamic Republic of Iran,APMO,2016,Farhoud Rostamkhani,"Rostamkhani, Farhoud",Islamic Republic of Iran,IRN,IRN:2016:4,27,Bronze,36,41,38.5,0.8833333333,330,reviewed_alias,https://www.apmo-official.org/country_report/IRN/2016
927,Farhood Rostamkhani,"Rostamkhani, Farhood",Islamic Republic of Iran,APMO,2017,Farhood Rostamkhani,"Rostamkhani, Farhood",Islamic Republic of Iran,IRN,IRN:2017:7,22,Bronze,79,89,84,0.7620396601,353,same_country_exact,https://www.apmo-official.org/country_report/IRN/2017
929,Amirmojtaba Sabour,"Sabour, Amirmojtaba",Islamic Republic of Iran,APMO,2016,Amir Mojtaba Sabour,"Sabour, Amir Mojtaba",Islamic Republic of Iran,IRN,IRN:2016:1,33,Gold,12,13,12.5,0.9621212121,330,same_country_compact,https://www.apmo-official.org/country_report/IRN/2016
929,Amirmojtaba Sabour,"Sabour, Amirmojtaba",Islamic Republic of Iran,APMO,2017,Amir Mojtaba Sabour,"Sabour, Amir Mojtaba",Islamic Republic of Iran,IRN,IRN:2017:1,29,Gold,4,32,18,0.9490084986,353,same_country_compact,https://www.apmo-official.org/country_report/IRN/2017
945,Mohammad Sharifikiasari,"Sharifikiasari, Mohammad",Islamic Republic of Iran,APMO,2018,Mohammad Sharifi Kiasari,"Sharifi Kiasari, Mohammad",Islamic Republic of Iran,IRN,IRN:2018:2,25,Silver,34,37,35.5,0.8991477273,352,same_country_compact,https://www.apmo-official.org/country_report/IRN/2018
951,Soroush Taslimi,"Taslimi, Soroush",Islamic Republic of Iran,APMO,2016,Soroush Taslimi,"Taslimi, Soroush",Islamic Republic of Iran,IRN,IRN:2016:6,21,Bronze,61,74,67.5,0.7954545455,330,same_country_exact,https://www.apmo-official.org/country_report/IRN/2016
957,Hossein Zakerinia,"Zakerinia, Hossein",Islamic Republic of Iran,APMO,2016,Hosein Zakerinia,"Zakerinia, Hosein",Islamic Republic of Iran,IRN,IRN:2016:7,20,Bronze,75,79,77,0.7666666667,330,reviewed_alias,https://www.apmo-official.org/country_report/IRN/2016
958,Arian Zamani,"Zamani, Arian",Islamic Republic of Iran,APMO,2020,Aryan Zamani,"Zamani, Aryan",Islamic Republic of Iran,IRN,IRN:2020:4,18,Bronze,43,55,49,0.8545994065,337,reviewed_alias,https://www.apmo-official.org/country_report/IRN/2020
960,Ko Aoki,"Aoki, Ko",Japan,APMO,2016,Aoki Ko,"Ko, Aoki",Japan,JPN,JPN:2016:1,31,Gold,15,17,16,0.9515151515,330,same_country_exact,https://www.apmo-official.org/country_report/JPN/2016
960,Ko Aoki,"Aoki, Ko",Japan,APMO,2017,Aoki Ko,"Ko, Aoki",Japan,JPN,JPN:2017:9,22,Honourable Mention,79,89,84,0.7620396601,353,same_country_exact,https://www.apmo-official.org/country_report/JPN/2017
961,Tomochika Arai,"Arai, Tomochika",Japan,APMO,2019,Arai Tomochika,"Tomochika, Arai",Japan,JPN,JPN:2019:4,15,Bronze,95,122,108.5,0.6977715877,359,same_country_exact,https://www.apmo-official.org/country_report/JPN/2019
962,Toshifumi Hara,"Hara, Toshifumi",Japan,APMO,2018,Hara Toshifumi,"Toshifumi, Hara",Japan,JPN,JPN:2018:2,28,Silver,16,30,23,0.9346590909,352,same_country_exact,https://www.apmo-official.org/country_report/JPN/2018
966,Rikimaru Kurata,"Kurata, Rikimaru",Japan,APMO,2016,Kurata Rikimaru,"Rikimaru, Kurata",Japan,JPN,JPN:2016:2,25,Silver,47,51,49,0.8515151515,330,same_country_exact,https://www.apmo-official.org/country_report/JPN/2016
966,Rikimaru Kurata,"Kurata, Rikimaru",Japan,APMO,2017,Kurata Rikimaru,"Rikimaru, Kurata",Japan,JPN,JPN:2017:5,28,Bronze,33,57,45,0.8725212465,353,same_country_exact,https://www.apmo-official.org/country_report/JPN/2017
967,Naoki Kuroda,"Kuroda, Naoki",Japan,APMO,2017,Kuroda Naoki,"Naoki, Kuroda",Japan,JPN,JPN:2017:3,28,Silver,33,57,45,0.8725212465,353,same_country_exact,https://www.apmo-official.org/country_report/JPN/2017
967,Naoki Kuroda,"Kuroda, Naoki",Japan,APMO,2018,Kuroda Naoki,"Naoki, Kuroda",Japan,JPN,JPN:2018:4,28,Bronze,16,30,23,0.9346590909,352,same_country_exact,https://www.apmo-official.org/country_report/JPN/2018
967,Naoki Kuroda,"Kuroda, Naoki",Japan,APMO,2019,Kuroda Naoki,"Naoki, Kuroda",Japan,JPN,JPN:2019:1,27,Gold,5,6,5.5,0.9846796657,359,same_country_exact,https://www.apmo-official.org/country_report/JPN/2019
970,Yuta Takaya,"Takaya, Yuta",Japan,APMO,2016,Takaya Yuta,"Yuta, Takaya",Japan,JPN,JPN:2016:5,21,Bronze,61,74,67.5,0.7954545455,330,same_country_exact,https://www.apmo-official.org/country_report/JPN/2016
970,Yuta Takaya,"Takaya, Yuta",Japan,APMO,2017,Takaya Yuta,"Yuta, Takaya",Japan,JPN,JPN:2017:4,28,Bronze,33,57,45,0.8725212465,353,same_country_exact,https://www.apmo-official.org/country_report/JPN/2017
970,Yuta Takaya,"Takaya, Yuta",Japan,APMO,2018,Takaya Yuta,"Yuta, Takaya",Japan,JPN,JPN:2018:1,29,Gold,14,15,14.5,0.9588068182,352,same_country_exact,https://www.apmo-official.org/country_report/JPN/2018
971,Akihiro Watanabe,"Watanabe, Akihiro",Japan,APMO,2016,Watanabe Akihiro,"Akihiro, Watanabe",Japan,JPN,JPN:2016:9,19,Honourable Mention,80,88,84,0.7454545455,330,same_country_exact,https://www.apmo-official.org/country_report/JPN/2016
972,Nurassyl Abdirazak,"Abdirazak, Nurassyl",Kazakhstan,APMO,2021,Nurassyl Abdirazak,"Abdirazak, Nurassyl",Kazakhstan,KAZ,KAZ:2021:9,14,Honourable Mention,104,149,126.5,0.6322674419,344,same_country_exact,https://www.apmo-official.org/country_report/KAZ/2021
978,Raiymbek Akshulakov,"Akshulakov, Raiymbek",Kazakhstan,APMO,2016,Raimbek Akshulakov,"Akshulakov, Raimbek",Kazakhstan,KAZ,KAZ:2016:4,14,Bronze,127,148,137.5,0.5833333333,330,reviewed_alias,https://www.apmo-official.org/country_report/KAZ/2016
980,Yerassyl Altinbek,"Altinbek, Yerassyl",Kazakhstan,APMO,2025,Altynbek Erasyl,"Erasyl, Altynbek",Kazakhstan,KAZ,KAZ:2025:6,17,Bronze,144,144,144,0.5701492537,335,reviewed_alias,https://www.apmo-official.org/country_report/KAZ/2025
981,Aruzhan Amanbayeva,"Amanbayeva, Aruzhan",Kazakhstan,APMO,2016,Aruzhan Amanbayeva,"Amanbayeva, Aruzhan",Kazakhstan,KAZ,KAZ:2016:8,14,Honourable Mention,127,148,137.5,0.5833333333,330,same_country_exact,https://www.apmo-official.org/country_report/KAZ/2016
981,Aruzhan Amanbayeva,"Amanbayeva, Aruzhan",Kazakhstan,APMO,2018,Aruzhan Amanbayeva,"Amanbayeva, Aruzhan",Kazakhstan,KAZ,KAZ:2018:5,14,Bronze,142,175,158.5,0.5497159091,352,same_country_exact,https://www.apmo-official.org/country_report/KAZ/2018
986,Rakhman Asmatullayev,"Asmatullayev, Rakhman",Kazakhstan,APMO,2018,Rakhman Asmatullayev,"Asmatullayev, Rakhman",Kazakhstan,KAZ,KAZ:2018:4,15,Bronze,125,141,133,0.6221590909,352,same_country_exact,https://www.apmo-official.org/country_report/KAZ/2018
987,Saddam Asmatullayev,"Asmatullayev, Saddam",Kazakhstan,APMO,2016,Saddam Asmatullayev,"Asmatullayev, Saddam",Kazakhstan,KAZ,KAZ:2016:7,14,Bronze,127,148,137.5,0.5833333333,330,same_country_exact,https://www.apmo-official.org/country_report/KAZ/2016
988,Batyrkhan Baiganov,"Baiganov, Batyrkhan",Kazakhstan,APMO,2025,Beiganov Batyrkhan,"Batyrkhan, Beiganov",Kazakhstan,KAZ,KAZ:2025:7,15,Bronze,152,171,161.5,0.5179104478,335,reviewed_alias,https://www.apmo-official.org/country_report/KAZ/2025
988,Batyrkhan Baiganov,"Baiganov, Batyrkhan",Kazakhstan,APMO,2026,Batyrkhan Beiganov,"Beiganov, Batyrkhan",Kazakhstan,KAZ,KAZ:2026:2,21,Silver,60,93,76.5,0.8073047859,397,reviewed_alias,https://www.apmo-official.org/country_report/KAZ/2026
990,Raiymbek Baishuak,"Baishuak, Raiymbek",Kazakhstan,APMO,2022,Raiymbek Baishuak,"Baishuak, Raiymbek",Kazakhstan,KAZ,KAZ:2022:1,22,Silver,38,45,41.5,0.8694968553,318,same_country_exact,https://www.apmo-official.org/country_report/KAZ/2022
990,Raiymbek Baishuak,"Baishuak, Raiymbek",Kazakhstan,APMO,2023,Raiymbek Baishuak,"Baishuak, Raiymbek",Kazakhstan,KAZ,KAZ:2023:1,23,Gold,38,50,44,0.8724637681,345,same_country_exact,https://www.apmo-official.org/country_report/KAZ/2023
993,Alan Beremkulov,"Beremkulov, Alan",Kazakhstan,APMO,2020,Alan Beremkulov,"Beremkulov, Alan",Kazakhstan,KAZ,KAZ:2020:6,14,Bronze,132,190,161,0.5222551929,337,same_country_exact,https://www.apmo-official.org/country_report/KAZ/2020
996,Tamerlan Burumbayev,"Burumbayev, Tamerlan",Kazakhstan,APMO,2020,Tamerlan Burambayev,"Burambayev, Tamerlan",Kazakhstan,KAZ,KAZ:2020:7,14,Bronze,132,190,161,0.5222551929,337,reviewed_alias,https://www.apmo-official.org/country_report/KAZ/2020
996,Tamerlan Burumbayev,"Burumbayev, Tamerlan",Kazakhstan,APMO,2022,Tamerlan Burambayev,"Burambayev, Tamerlan",Kazakhstan,KAZ,KAZ:2022:3,21,Silver,46,65,55.5,0.8254716981,318,reviewed_alias,https://www.apmo-official.org/country_report/KAZ/2022
1015,Assylbek Olzhabayev,"Olzhabayev, Assylbek",Kazakhstan,APMO,2020,Asylbek Olzhabayev,"Olzhabayev, Asylbek",Kazakhstan,KAZ,KAZ:2020:2,16,Silver,72,114,93,0.7240356083,337,reviewed_alias,https://www.apmo-official.org/country_report/KAZ/2020
1016,Makhmut Omar,"Omar, Makhmut",Kazakhstan,APMO,2021,Makhmut Omar,"Omar, Makhmut",Kazakhstan,KAZ,KAZ:2021:5,14,Bronze,104,149,126.5,0.6322674419,344,same_country_exact,https://www.apmo-official.org/country_report/KAZ/2021
1026,Yaroslav Toporov,"Toporov, Yaroslav",Kazakhstan,APMO,2020,Yaroslav Toporov,"Toporov, Yaroslav",Kazakhstan,KAZ,KAZ:2020:1,16,Silver,72,114,93,0.7240356083,337,same_country_exact,https://www.apmo-official.org/country_report/KAZ/2020
1037,Kuanysh Zholdassov,"Zholdassov, Kuanysh",Kazakhstan,APMO,2019,Kuanysh Zholdasov,"Zholdasov, Kuanysh",Kazakhstan,KAZ,KAZ:2019:4,16,Bronze,76,94,85,0.7632311978,359,reviewed_alias,https://www.apmo-official.org/country_report/KAZ/2019
1038,Nursultan Eshperov,"Eshperov, Nursultan",Kyrgyzstan,APMO,2023,Nursultan Eshperov,"Eshperov, Nursultan",Kyrgyzstan,KGZ,KGZ:2023:3,4,None,236,251,243.5,0.2942028986,345,same_country_exact,https://www.apmo-official.org/country_report/KGZ/2023
1038,Nursultan Eshperov,"Eshperov, Nursultan",Kyrgyzstan,APMO,2024,Nursultan Eshperov,"Eshperov, Nursultan",Kyrgyzstan,KGZ,KGZ:2024:6,13,Bronze,219,235,227,0.3605633803,355,same_country_exact,https://www.apmo-official.org/country_report/KGZ/2024
1038,Nursultan Eshperov,"Eshperov, Nursultan",Kyrgyzstan,APMO,2025,Nursultan Eshperov,"Eshperov, Nursultan",Kyrgyzstan,KGZ,KGZ:2025:2,15,Bronze,152,171,161.5,0.5179104478,335,same_country_exact,https://www.apmo-official.org/country_report/KGZ/2025
1039,Nazar Kirgizbaev,"Kirgizbaev, Nazar",Kyrgyzstan,APMO,2022,Nazar Kirgizbaev,"Kirgizbaev, Nazar",Kyrgyzstan,KGZ,KGZ:2022:10,1,None,291,305,298,0.0628930818,318,same_country_exact,https://www.apmo-official.org/country_report/KGZ/2022
1039,Nazar Kirgizbaev,"Kirgizbaev, Nazar",Kyrgyzstan,APMO,2023,Nazar Kirgizbaev,"Kirgizbaev, Nazar",Kyrgyzstan,KGZ,KGZ:2023:9,0,None,324,345,334.5,0.0304347826,345,same_country_exact,https://www.apmo-official.org/country_report/KGZ/2023
1039,Nazar Kirgizbaev,"Kirgizbaev, Nazar",Kyrgyzstan,APMO,2024,Nazar Kirgizbaev,"Kirgizbaev, Nazar",Kyrgyzstan,KGZ,KGZ:2024:1,20,Gold,45,48,46.5,0.8690140845,355,same_country_exact,https://www.apmo-official.org/country_report/KGZ/2024
1039,Nazar Kirgizbaev,"Kirgizbaev, Nazar",Kyrgyzstan,APMO,2025,Nazar Kirgizbaev,"Kirgizbaev, Nazar",Kyrgyzstan,KGZ,KGZ:2025:5,10,Honourable Mention,217,224,220.5,0.3417910448,335,same_country_exact,https://www.apmo-official.org/country_report/KGZ/2025
1046,Iat In Chan,"Chan, Iat In",Macau,APMO,2025,Iat In Chan,"Chan, Iat In",Macau,MAC,MAC:2025:5,8,Honourable Mention,235,257,246,0.2656716418,335,same_country_exact,https://www.apmo-official.org/country_report/MAC/2025
1052,Kuong Hou Chang,"Chang, Kuong Hou",Macau,APMO,2026,Kuong Hou Chang,"Chang, Kuong Hou",Macau,MAC,MAC:2026:7,7,Honourable Mention,273,352,312.5,0.2128463476,397,same_country_exact,https://www.apmo-official.org/country_report/MAC/2026
1079,In Lok Ho,"Ho, In Lok",Macau,APMO,2026,In Lok Ho,"Ho, In Lok",Macau,MAC,MAC:2026:10,7,Honourable Mention,273,352,312.5,0.2128463476,397,same_country_exact,https://www.apmo-official.org/country_report/MAC/2026
1101,Kin Nam Lao,"Lao, Kin Nam",Macau,APMO,2025,Kin Nam Lao,"Lao, Kin Nam",Macau,MAC,MAC:2025:1,13,Bronze,202,210,206,0.3850746269,335,same_country_exact,https://www.apmo-official.org/country_report/MAC/2025
1101,Kin Nam Lao,"Lao, Kin Nam",Macau,APMO,2026,Kin Nam Lao,"Lao, Kin Nam",Macau,MAC,MAC:2026:4,9,Honourable Mention,229,251,240,0.395465995,397,same_country_exact,https://www.apmo-official.org/country_report/MAC/2026
1120,Ka Shing Liang,"Liang, Ka Shing",Macau,APMO,2025,Ka Shing Liang,"Liang, Ka Shing",Macau,MAC,MAC:2025:9,3,None,296,299,297.5,0.1119402985,335,same_country_exact,https://www.apmo-official.org/country_report/MAC/2025
1129,Kiros Lu,"Lu, Kiros",Macau,APMO,2026,Kiros Lu,"Lu, Kiros",Macau,MAC,MAC:2026:9,7,Honourable Mention,273,352,312.5,0.2128463476,397,same_country_exact,https://www.apmo-official.org/country_report/MAC/2026
1130,Kuan Kun Mak,"Mak, Kuan Kun",Macau,APMO,2026,Kuan Kun Mak,"Mak, Kuan Kun",Macau,MAC,MAC:2026:3,9,Honourable Mention,229,251,240,0.395465995,397,same_country_exact,https://www.apmo-official.org/country_report/MAC/2026
1168,Haoxiang Ye,"Ye, Haoxiang",Macau,APMO,2025,Haoxiang Ye,"Ye, Haoxiang",Macau,MAC,MAC:2025:4,8,Honourable Mention,235,257,246,0.2656716418,335,same_country_exact,https://www.apmo-official.org/country_report/MAC/2025
1171,Xing Yi Ang,"Ang, Xing Yi",Malaysia,APMO,2021,ANG XING YI,"XING YI, ANG",Malaysia,MYS,MYS:2021:10,7,Honourable Mention,219,283,251,0.2703488372,344,same_country_exact,https://www.apmo-official.org/country_report/MYS/2021
1172,Tze Shen Tristan Chaang,"Chaang, Tze Shen Tristan",Malaysia,APMO,2018,TZE SHEN TRISTAN CHAANG,"CHAANG, TZE SHEN TRISTAN",Malaysia,MYS,MYS:2018:3,14,Bronze,142,175,158.5,0.5497159091,352,same_country_exact,https://www.apmo-official.org/country_report/MYS/2018
1172,Tze Shen Tristan Chaang,"Chaang, Tze Shen Tristan",Malaysia,APMO,2019,TZE SHEN TRISTAN CHAANG,"CHAANG, TZE SHEN TRISTAN",Malaysia,MYS,MYS:2019:4,12,Bronze,189,196,192.5,0.4637883008,359,same_country_exact,https://www.apmo-official.org/country_report/MYS/2019
1172,Tze Shen Tristan Chaang,"Chaang, Tze Shen Tristan",Malaysia,APMO,2020,TRISTAN CHAANG TZE SHEN,"TZE SHEN, TRISTAN CHAANG",Malaysia,MYS,MYS:2020:3,14,Bronze,132,190,161,0.5222551929,337,same_country_exact,https://www.apmo-official.org/country_report/MYS/2020
1172,Tze Shen Tristan Chaang,"Chaang, Tze Shen Tristan",Malaysia,APMO,2021,CHAANG TZE SHEN TRISTAN,"TRISTAN, CHAANG TZE SHEN",Malaysia,MYS,MYS:2021:2,21,Silver,33,49,41,0.8808139535,344,same_country_exact,https://www.apmo-official.org/country_report/MYS/2021
1172,Tze Shen Tristan Chaang,"Chaang, Tze Shen Tristan",Malaysia,APMO,2022,Tze Shen Tristan Chaang,"Chaang, Tze Shen Tristan",Malaysia,MYS,MYS:2022:2,20,Silver,66,80,73,0.7704402516,318,same_country_exact,https://www.apmo-official.org/country_report/MYS/2022
1174,Ivan Guan Yu Chan,"Chan, Ivan Guan Yu",Malaysia,APMO,2022,Guan Yu Ivan Chan,"Ivan Chan, Guan Yu",Malaysia,MYS,MYS:2022:5,12,Bronze,187,195,191,0.3993710692,318,same_country_token,https://www.apmo-official.org/country_report/MYS/2022
1174,Ivan Guan Yu Chan,"Chan, Ivan Guan Yu",Malaysia,APMO,2023,Ivan Chan Guan Yu,"Chan Guan Yu, Ivan",Malaysia,MYS,MYS:2023:3,14,Bronze,121,137,129,0.6260869565,345,same_country_token,https://www.apmo-official.org/country_report/MYS/2023
1174,Ivan Guan Yu Chan,"Chan, Ivan Guan Yu",Malaysia,APMO,2024,Ivan Chan Guan Yu,"Chan Guan Yu, Ivan",Malaysia,MYS,MYS:2024:4,14,Bronze,95,218,156.5,0.5591549296,355,same_country_token,https://www.apmo-official.org/country_report/MYS/2024
1174,Ivan Guan Yu Chan,"Chan, Ivan Guan Yu",Malaysia,APMO,2025,Ivan Chan Guan Yu,"Chan Guan Yu, Ivan",Malaysia,MYS,MYS:2025:3,21,Silver,75,127,101,0.6985074627,335,same_country_token,https://www.apmo-official.org/country_report/MYS/2025
1180,Brandon Choo Sze How,"Choo Sze How, Brandon",Malaysia,APMO,2022,Sze How Brandon Choo,"Brandon Choo, Sze How",Malaysia,MYS,MYS:2022:9,8,Honourable Mention,224,243,233.5,0.2657232704,318,same_country_exact,https://www.apmo-official.org/country_report/MYS/2022
1180,Brandon Choo Sze How,"Choo Sze How, Brandon",Malaysia,APMO,2025,Brandon Choo Tze How,"Choo Tze How, Brandon",Malaysia,MYS,MYS:2025:6,21,Bronze,75,127,101,0.6985074627,335,reviewed_alias,https://www.apmo-official.org/country_report/MYS/2025
1182,Chong Hong Choy,"Choy, Chong Hong",Malaysia,APMO,2023,Choy Chong Hong,"Chong Hong, Choy",Malaysia,MYS,MYS:2023:7,7,Honourable Mention,183,213,198,0.4260869565,345,same_country_exact,https://www.apmo-official.org/country_report/MYS/2023
1183,Jia Herng Chuah,"Chuah, Jia Herng",Malaysia,APMO,2023,Chuah Jia Herng,"Jia Herng, Chuah",Malaysia,MYS,MYS:2023:8,7,None,183,213,198,0.4260869565,345,same_country_exact,https://www.apmo-official.org/country_report/MYS/2023
1185,Jun Thean Goh,"Goh, Jun Thean",Malaysia,APMO,2025,Goh Jun Thean,"Jun Thean, Goh",Malaysia,MYS,MYS:2025:10,14,Honourable Mention,172,201,186.5,0.4432835821,335,same_country_exact,https://www.apmo-official.org/country_report/MYS/2025
1191,Samuel Qi En Koh,"Koh, Samuel Qi En",Malaysia,APMO,2022,Qi En Samuel Koh,"Samuel Koh, Qi En",Malaysia,MYS,MYS:2022:8,10,Honourable Mention,207,219,213,0.3301886792,318,same_country_token,https://www.apmo-official.org/country_report/MYS/2022
1193,Ryan Yi Jie Kua,"Kua, Ryan Yi Jie",Malaysia,APMO,2024,Ryan Kua Yi Jie,"Kua Yi Jie, Ryan",Malaysia,MYS,MYS:2024:8,14,Honourable Mention,95,218,156.5,0.5591549296,355,same_country_token,https://www.apmo-official.org/country_report/MYS/2024
1195,Bryan Shi Yang Lee,"Lee, Bryan Shi Yang",Malaysia,APMO,2021,BRYAN LEE SHI YANG,"LEE SHI YANG, BRYAN",Malaysia,MYS,MYS:2021:9,7,Honourable Mention,219,283,251,0.2703488372,344,same_country_token,https://www.apmo-official.org/country_report/MYS/2021
1195,Bryan Shi Yang Lee,"Lee, Bryan Shi Yang",Malaysia,APMO,2023,Bryan Lee Shi Yang,"Lee Shi Yang, Bryan",Malaysia,MYS,MYS:2023:4,14,Bronze,121,137,129,0.6260869565,345,same_country_token,https://www.apmo-official.org/country_report/MYS/2023
1204,Ming Wen Lim,"Lim, Ming Wen",Malaysia,APMO,2019,MING WEN LIM,"LIM, MING WEN",Malaysia,MYS,MYS:2019:10,1,None,322,348,335,0.0668523677,359,same_country_exact,https://www.apmo-official.org/country_report/MYS/2019
1221,Li Xuan Tan,"Tan, Li Xuan",Malaysia,APMO,2016,Li Xuan Tan,"Tan, Li Xuan",Malaysia,MYS,MYS:2016:6,4,None,239,250,244.5,0.2590909091,330,same_country_exact,https://www.apmo-official.org/country_report/MYS/2016
1221,Li Xuan Tan,"Tan, Li Xuan",Malaysia,APMO,2017,LI XUAN TAN,"TAN, LI XUAN",Malaysia,MYS,MYS:2017:2,14,Bronze,143,181,162,0.5410764873,353,same_country_exact,https://www.apmo-official.org/country_report/MYS/2017
1221,Li Xuan Tan,"Tan, Li Xuan",Malaysia,APMO,2018,LI XUAN TAN,"TAN, LI XUAN",Malaysia,MYS,MYS:2018:5,7,Honourable Mention,243,293,268,0.2386363636,352,same_country_exact,https://www.apmo-official.org/country_report/MYS/2018
1221,Li Xuan Tan,"Tan, Li Xuan",Malaysia,APMO,2019,LI XUAN TAN,"TAN, LI XUAN",Malaysia,MYS,MYS:2019:2,21,Silver,29,48,38.5,0.8927576602,359,same_country_exact,https://www.apmo-official.org/country_report/MYS/2019
1221,Li Xuan Tan,"Tan, Li Xuan",Malaysia,APMO,2020,TAN LI XUAN,"LI XUAN, TAN",Malaysia,MYS,MYS:2020:2,15,Silver,115,131,123,0.6350148368,337,same_country_exact,https://www.apmo-official.org/country_report/MYS/2020
1221,Li Xuan Tan,"Tan, Li Xuan",Malaysia,APMO,2021,TAN LI XUAN,"LI XUAN, TAN",Malaysia,MYS,MYS:2021:3,15,Silver,96,103,99.5,0.710755814,344,same_country_exact,https://www.apmo-official.org/country_report/MYS/2021
1222,Min Heng Tan,"Tan, Min Heng",Malaysia,APMO,2021,TAN MING HENG,"MING HENG, TAN",Malaysia,MYS,MYS:2021:5,12,Bronze,165,175,170,0.5058139535,344,reviewed_alias,https://www.apmo-official.org/country_report/MYS/2021
1222,Min Heng Tan,"Tan, Min Heng",Malaysia,APMO,2022,Min Heng Tan,"Tan, Min Heng",Malaysia,MYS,MYS:2022:3,15,Bronze,145,152,148.5,0.5330188679,318,same_country_exact,https://www.apmo-official.org/country_report/MYS/2022
1222,Min Heng Tan,"Tan, Min Heng",Malaysia,APMO,2023,Tan Min Heng,"Min Heng, Tan",Malaysia,MYS,MYS:2023:5,14,Bronze,121,137,129,0.6260869565,345,same_country_exact,https://www.apmo-official.org/country_report/MYS/2023
1222,Min Heng Tan,"Tan, Min Heng",Malaysia,APMO,2024,Tan Min Heng,"Min Heng, Tan",Malaysia,MYS,MYS:2024:6,14,Bronze,95,218,156.5,0.5591549296,355,same_country_exact,https://www.apmo-official.org/country_report/MYS/2024
1231,Zhiyang Wan,"Wan, Zhiyang",Malaysia,APMO,2019,ZHIYANG WAN,"WAN, ZHIYANG",Malaysia,MYS,MYS:2019:6,7,Honourable Mention,247,280,263.5,0.2660167131,359,same_country_exact,https://www.apmo-official.org/country_report/MYS/2019
1231,Zhiyang Wan,"Wan, Zhiyang",Malaysia,APMO,2020,WAN ZHIYANG,"ZHIYANG, WAN",Malaysia,MYS,MYS:2020:4,14,Bronze,132,190,161,0.5222551929,337,same_country_exact,https://www.apmo-official.org/country_report/MYS/2020
1233,Jer Ren Wong,"Wong, Jer Ren",Malaysia,APMO,2019,JER REN WONG,"WONG, JER REN",Malaysia,MYS,MYS:2019:7,1,None,322,348,335,0.0668523677,359,same_country_exact,https://www.apmo-official.org/country_report/MYS/2019
1233,Jer Ren Wong,"Wong, Jer Ren",Malaysia,APMO,2020,WONG JER REN,"JER REN, WONG",Malaysia,MYS,MYS:2020:5,14,Bronze,132,190,161,0.5222551929,337,same_country_exact,https://www.apmo-official.org/country_report/MYS/2020
1233,Jer Ren Wong,"Wong, Jer Ren",Malaysia,APMO,2021,WONG JER REN,"JER REN, WONG",Malaysia,MYS,MYS:2021:1,23,Gold,24,27,25.5,0.925872093,344,same_country_exact,https://www.apmo-official.org/country_report/MYS/2021
1233,Jer Ren Wong,"Wong, Jer Ren",Malaysia,APMO,2022,Jer Ren Wong,"Wong, Jer Ren",Malaysia,MYS,MYS:2022:1,21,Silver,46,65,55.5,0.8254716981,318,same_country_exact,https://www.apmo-official.org/country_report/MYS/2022
1233,Jer Ren Wong,"Wong, Jer Ren",Malaysia,APMO,2023,Wong Jer Ren,"Jer Ren, Wong",Malaysia,MYS,MYS:2023:1,30,Gold,6,16,11,0.968115942,345,same_country_exact,https://www.apmo-official.org/country_report/MYS/2023
1233,Jer Ren Wong,"Wong, Jer Ren",Malaysia,APMO,2024,Wong Jer Ren,"Jer Ren, Wong",Malaysia,MYS,MYS:2024:2,21,Silver,22,44,33,0.9070422535,355,same_country_exact,https://www.apmo-official.org/country_report/MYS/2024
1236,Zi Song Yeoh,"Yeoh, Zi Song",Malaysia,APMO,2016,Zi Song Yeoh,"Yeoh, Zi Song",Malaysia,MYS,MYS:2016:5,4,None,239,250,244.5,0.2590909091,330,same_country_exact,https://www.apmo-official.org/country_report/MYS/2016
1236,Zi Song Yeoh,"Yeoh, Zi Song",Malaysia,APMO,2017,ZI SONG YEOH,"YEOH, ZI SONG",Malaysia,MYS,MYS:2017:3,14,Bronze,143,181,162,0.5410764873,353,same_country_exact,https://www.apmo-official.org/country_report/MYS/2017
1236,Zi Song Yeoh,"Yeoh, Zi Song",Malaysia,APMO,2018,ZI SONG YEOH,"YEOH, ZI SONG",Malaysia,MYS,MYS:2018:1,21,Silver,56,74,65,0.8153409091,352,same_country_exact,https://www.apmo-official.org/country_report/MYS/2018
1236,Zi Song Yeoh,"Yeoh, Zi Song",Malaysia,APMO,2019,ZI SONG YEOH,"YEOH, ZI SONG",Malaysia,MYS,MYS:2019:1,21,Gold,29,48,38.5,0.8927576602,359,same_country_exact,https://www.apmo-official.org/country_report/MYS/2019
1236,Zi Song Yeoh,"Yeoh, Zi Song",Malaysia,APMO,2020,YEOH ZI SONG,"ZI SONG, YEOH",Malaysia,MYS,MYS:2020:1,17,Silver,56,71,63.5,0.8115727003,337,same_country_exact,https://www.apmo-official.org/country_report/MYS/2020
1241,Víctor Hugo Almendra Hernández,"Almendra Hernández, Víctor Hugo",Mexico,APMO,2016,Victor Hugo Almendra Hernández,"Almendra Hernández, Victor Hugo",Mexico,MEX,MEX:2016:8,10,Honourable Mention,171,186,178.5,0.4590909091,330,same_country_exact,https://www.apmo-official.org/country_report/MEX/2016
1244,Arturo Arenas Esparza,"Arenas Esparza, Arturo",Mexico,APMO,2016,Arturo Arenas Esparza,"Arenas Esparza, Arturo",Mexico,MEX,MEX:2016:5,14,Bronze,127,148,137.5,0.5833333333,330,same_country_exact,https://www.apmo-official.org/country_report/MEX/2016
1247,Kevin William Beuchot Castellanos,"Beuchot Castellanos, Kevin William",Mexico,APMO,2016,Kevin William Beuchot Castellanos,"Beuchot Castellanos, Kevin William",Mexico,MEX,MEX:2016:1,30,Gold,18,20,19,0.9424242424,330,same_country_exact,https://www.apmo-official.org/country_report/MEX/2016
1250,Tomas Francisco Cantu Rodriguez,"Cantu Rodriguez, Tomas Francisco",Mexico,APMO,2019,Tomás Francisco Cantú Rodríguez,"Cantú Rodríguez, Tomás Francisco",Mexico,MEX,MEX:2019:1,17,Silver,61,75,68,0.8105849582,359,same_country_exact,https://www.apmo-official.org/country_report/MEX/2019
1250,Tomas Francisco Cantu Rodriguez,"Cantu Rodriguez, Tomas Francisco",Mexico,APMO,2020,Tomás Francisco Cantú Rodríguez,"Cantú Rodríguez, Tomás Francisco",Mexico,MEX,MEX:2020:8,14,Honourable Mention,132,190,161,0.5222551929,337,same_country_exact,https://www.apmo-official.org/country_report/MEX/2020
1250,Tomas Francisco Cantu Rodriguez,"Cantu Rodriguez, Tomas Francisco",Mexico,APMO,2021,Tomás Francisco Cantú Rodríguez,"Cantú Rodríguez, Tomás Francisco",Mexico,MEX,MEX:2021:3,19,Silver,67,71,69,0.7994186047,344,same_country_exact,https://www.apmo-official.org/country_report/MEX/2021
1251,Javier Caram Quirós,"Caram Quirós, Javier",Mexico,APMO,2024,Javier Caram Quirós,"Caram Quirós, Javier",Mexico,MEX,MEX:2024:1,14,Bronze,95,218,156.5,0.5591549296,355,same_country_exact,https://www.apmo-official.org/country_report/MEX/2024
1251,Javier Caram Quirós,"Caram Quirós, Javier",Mexico,APMO,2025,Javier Caram Quirós,"Caram Quirós, Javier",Mexico,MEX,MEX:2025:5,14,Bronze,172,201,186.5,0.4432835821,335,same_country_exact,https://www.apmo-official.org/country_report/MEX/2025
1251,Javier Caram Quirós,"Caram Quirós, Javier",Mexico,APMO,2026,Javier Caram Quirós,"Caram Quirós, Javier",Mexico,MEX,MEX:2026:5,16,Bronze,129,135,132,0.6675062972,397,same_country_exact,https://www.apmo-official.org/country_report/MEX/2026
1252,Andrea Sarahí Cascante Duarte,"Cascante Duarte, Andrea Sarahí",Mexico,APMO,2026,Andrea Sarahí Cascante Duarte,"Cascante Duarte, Andrea Sarahí",Mexico,MEX,MEX:2026:1,23,Gold,50,54,52,0.8690176322,397,same_country_exact,https://www.apmo-official.org/country_report/MEX/2026
1254,Leonardo Mikel Cervantes Mateos,"Cervantes Mateos, Leonardo Mikel",Mexico,APMO,2022,Leonardo Míkel Cervantes Mateos,"Cervantes Mateos, Leonardo Míkel",Mexico,MEX,MEX:2022:2,20,Silver,66,80,73,0.7704402516,318,same_country_exact,https://www.apmo-official.org/country_report/MEX/2022
1256,Jacobo De Juan Millon,"De Juan Millon, Jacobo",Mexico,APMO,2019,Jacobo de Juan Millón,"de Juan Millón, Jacobo",Mexico,MEX,MEX:2019:7,14,Bronze,123,177,150,0.5821727019,359,same_country_exact,https://www.apmo-official.org/country_report/MEX/2019
1258,Víctor Antonio Domínguez Silva,"Domínguez Silva, Víctor Antonio",Mexico,APMO,2017,Víctor Antonio Domínguez Silva,"Domínguez Silva, Víctor Antonio",Mexico,MEX,MEX:2017:7,14,Bronze,143,181,162,0.5410764873,353,same_country_exact,https://www.apmo-official.org/country_report/MEX/2017
1258,Víctor Antonio Domínguez Silva,"Domínguez Silva, Víctor Antonio",Mexico,APMO,2018,Víctor Antonio Domínguez Silva,"Domínguez Silva, Víctor Antonio",Mexico,MEX,MEX:2018:1,19,Silver,84,91,87.5,0.7514204545,352,same_country_exact,https://www.apmo-official.org/country_report/MEX/2018
1261,Leonardo Ariel García Morán,"García Morán, Leonardo Ariel",Mexico,APMO,2016,Leonardo Ariel García Morán,"García Morán, Leonardo Ariel",Mexico,MEX,MEX:2016:2,17,Silver,92,107,99.5,0.6984848485,330,same_country_exact,https://www.apmo-official.org/country_report/MEX/2016
1261,Leonardo Ariel García Morán,"García Morán, Leonardo Ariel",Mexico,APMO,2017,Leonardo Ariel García Morán,"García Morán, Leonardo Ariel",Mexico,MEX,MEX:2017:1,25,Gold,70,73,71.5,0.7974504249,353,same_country_exact,https://www.apmo-official.org/country_report/MEX/2017
1263,Jonatan Alejandro Gonzalez Cazares,"Gonzalez Cazares, Jonatan Alejandro",Mexico,APMO,2017,Jonatan Alejandro González Cázarez,"González Cázarez, Jonatan Alejandro",Mexico,MEX,MEX:2017:8,8,Honourable Mention,219,246,232.5,0.3413597734,353,reviewed_alias,https://www.apmo-official.org/country_report/MEX/2017
1263,Jonatan Alejandro Gonzalez Cazares,"Gonzalez Cazares, Jonatan Alejandro",Mexico,APMO,2019,Jonatan Alejandro González Cázares,"González Cázares, Jonatan Alejandro",Mexico,MEX,MEX:2019:9,11,Honourable Mention,197,206,201.5,0.438718663,359,same_country_exact,https://www.apmo-official.org/country_report/MEX/2019
1264,Bruno Gutiérrez Chávez,"Gutiérrez Chávez, Bruno",Mexico,APMO,2018,Bruno Gutiérrez Chávez,"Gutiérrez Chávez, Bruno",Mexico,MEX,MEX:2018:4,13,Bronze,176,185,180.5,0.4872159091,352,same_country_exact,https://www.apmo-official.org/country_report/MEX/2018
1264,Bruno Gutiérrez Chávez,"Gutiérrez Chávez, Bruno",Mexico,APMO,2019,Bruno Gutiérrez Chávez,"Gutiérrez Chávez, Bruno",Mexico,MEX,MEX:2019:4,14,Bronze,123,177,150,0.5821727019,359,same_country_exact,https://www.apmo-official.org/country_report/MEX/2019
1266,Karol José Gutiérrez Suárez,"Gutiérrez Suárez, Karol José",Mexico,APMO,2016,Karol José Gutiérrez Suárez,"Gutiérrez Suárez, Karol José",Mexico,MEX,MEX:2016:3,15,Bronze,116,126,121,0.6333333333,330,same_country_exact,https://www.apmo-official.org/country_report/MEX/2016
1267,Emiliano Hernández Barranco,"Hernández Barranco, Emiliano",Mexico,APMO,2024,Emiliano Hernández Barranco,"Hernández Barranco, Emiliano",Mexico,MEX,MEX:2024:2,14,Bronze,95,218,156.5,0.5591549296,355,same_country_exact,https://www.apmo-official.org/country_report/MEX/2024
1267,Emiliano Hernández Barranco,"Hernández Barranco, Emiliano",Mexico,APMO,2025,Emiliano Hernández Barranco,"Hernández Barranco, Emiliano",Mexico,MEX,MEX:2025:8,10,Honourable Mention,217,224,220.5,0.3417910448,335,same_country_exact,https://www.apmo-official.org/country_report/MEX/2025
1268,Eric Iván Hernández Palacios,"Hernández Palacios, Eric Iván",Mexico,APMO,2019,Eric Iván Hernández Palacios,"Hernández Palacios, Eric Iván",Mexico,MEX,MEX:2019:3,15,Silver,95,122,108.5,0.6977715877,359,same_country_exact,https://www.apmo-official.org/country_report/MEX/2019
1269,Takumi Higashida Martínez,"Higashida Martínez, Takumi",Mexico,APMO,2025,Takumi Higashida Martínez,"Higashida Martínez, Takumi",Mexico,MEX,MEX:2025:2,22,Silver,52,74,63,0.8119402985,335,same_country_exact,https://www.apmo-official.org/country_report/MEX/2025
1269,Takumi Higashida Martínez,"Higashida Martínez, Takumi",Mexico,APMO,2026,Takumi Higashida Martínez,"Higashida Martínez, Takumi",Mexico,MEX,MEX:2026:3,18,Silver,108,121,114.5,0.7115869018,397,same_country_exact,https://www.apmo-official.org/country_report/MEX/2026
1271,Diego Hinojosa Tellez,"Hinojosa Tellez, Diego",Mexico,APMO,2018,Diego Hinojosa Tellez,"Hinojosa Tellez, Diego",Mexico,MEX,MEX:2018:6,12,Bronze,186,202,194,0.4488636364,352,same_country_exact,https://www.apmo-official.org/country_report/MEX/2018
1271,Diego Hinojosa Tellez,"Hinojosa Tellez, Diego",Mexico,APMO,2019,Diego Hinojosa Téllez,"Hinojosa Téllez, Diego",Mexico,MEX,MEX:2019:5,14,Bronze,123,177,150,0.5821727019,359,same_country_exact,https://www.apmo-official.org/country_report/MEX/2019
1272,Luis Angel Gabriel Jimenez Iturbide,"Jimenez Iturbide, Luis Angel Gabriel",Mexico,APMO,2023,Luis Angel Gabriel Jiménez Iturbide,"Jiménez Iturbide, Luis Angel Gabriel",Mexico,MEX,MEX:2023:10,6,None,214,226,220,0.3623188406,345,same_country_exact,https://www.apmo-official.org/country_report/MEX/2023
1273,Isaac Jair Jiménez Uribe,"Jiménez Uribe, Isaac Jair",Mexico,APMO,2016,Isaac Jair Jiménez Uribe,"Jiménez Uribe, Isaac Jair",Mexico,MEX,MEX:2016:9,10,Honourable Mention,171,186,178.5,0.4590909091,330,same_country_exact,https://www.apmo-official.org/country_report/MEX/2016
1273,Isaac Jair Jiménez Uribe,"Jiménez Uribe, Isaac Jair",Mexico,APMO,2017,Isaac Jair Jiménez Uribe,"Jiménez Uribe, Isaac Jair",Mexico,MEX,MEX:2017:2,22,Silver,79,89,84,0.7620396601,353,same_country_exact,https://www.apmo-official.org/country_report/MEX/2017
1273,Isaac Jair Jiménez Uribe,"Jiménez Uribe, Isaac Jair",Mexico,APMO,2018,Isaac Jair Jiménez Uribe,"Jiménez Uribe, Isaac Jair",Mexico,MEX,MEX:2018:2,16,Bronze,117,124,120.5,0.6576704545,352,same_country_exact,https://www.apmo-official.org/country_report/MEX/2018
1277,Mateo Iván Latapi Acosta,"Latapi Acosta, Mateo Iván",Mexico,APMO,2023,Mateo Iván Latapi Acosta,"Latapi Acosta, Mateo Iván",Mexico,MEX,MEX:2023:7,7,Honourable Mention,183,213,198,0.4260869565,345,same_country_exact,https://www.apmo-official.org/country_report/MEX/2023
1277,Mateo Iván Latapi Acosta,"Latapi Acosta, Mateo Iván",Mexico,APMO,2024,Mateo Iván Latapi Acosta,"Latapi Acosta, Mateo Iván",Mexico,MEX,MEX:2024:3,14,Bronze,95,218,156.5,0.5591549296,355,same_country_exact,https://www.apmo-official.org/country_report/MEX/2024
1277,Mateo Iván Latapi Acosta,"Latapi Acosta, Mateo Iván",Mexico,APMO,2025,Mateo Iván Latapi Acosta,"Latapi Acosta, Mateo Iván",Mexico,MEX,MEX:2025:4,15,Bronze,152,171,161.5,0.5179104478,335,same_country_exact,https://www.apmo-official.org/country_report/MEX/2025
1278,Antonio López Guzmán,"López Guzmán, Antonio",Mexico,APMO,2016,Antonio López Guzmán,"López Guzmán, Antonio",Mexico,MEX,MEX:2016:6,11,Bronze,162,170,166,0.496969697,330,same_country_exact,https://www.apmo-official.org/country_report/MEX/2016
1280,Maria Fernanda Lopez Tuyub,"Lopez Tuyub, Maria Fernanda",Mexico,APMO,2022,María Fernanda López Tuyub,"López Tuyub, María Fernanda",Mexico,MEX,MEX:2022:10,8,Honourable Mention,224,243,233.5,0.2657232704,318,same_country_exact,https://www.apmo-official.org/country_report/MEX/2022
1280,Maria Fernanda Lopez Tuyub,"Lopez Tuyub, Maria Fernanda",Mexico,APMO,2023,María Fernanda López Tuyub,"López Tuyub, María Fernanda",Mexico,MEX,MEX:2023:8,6,None,214,226,220,0.3623188406,345,same_country_exact,https://www.apmo-official.org/country_report/MEX/2023
1284,Luis Eduardo Martínez Aguirre,"Martínez Aguirre, Luis Eduardo",Mexico,APMO,2022,Luis Edardo Martínez Aguirre,"Martínez Aguirre, Luis Edardo",Mexico,MEX,MEX:2022:9,10,Honourable Mention,207,219,213,0.3301886792,318,reviewed_alias,https://www.apmo-official.org/country_report/MEX/2022
1286,Leonardo Melgar Rubí,"Melgar Rubí, Leonardo",Mexico,APMO,2024,Leonardo Melgar Rubí,"Melgar Rubí, Leonardo",Mexico,MEX,MEX:2024:5,12,Honourable Mention,236,242,239,0.3267605634,355,same_country_exact,https://www.apmo-official.org/country_report/MEX/2024
1286,Leonardo Melgar Rubí,"Melgar Rubí, Leonardo",Mexico,APMO,2025,Leonardo Melgar Rubí,"Melgar Rubí, Leonardo",Mexico,MEX,MEX:2025:9,10,Honourable Mention,217,224,220.5,0.3417910448,335,same_country_exact,https://www.apmo-official.org/country_report/MEX/2025
1288,Sebastián Montemayor Trujillo,"Montemayor Trujillo, Sebastián",Mexico,APMO,2024,Sebastian Montemayor Trujillo,"Montemayor Trujillo, Sebastian",Mexico,MEX,MEX:2024:6,12,Honourable Mention,236,242,239,0.3267605634,355,same_country_exact,https://www.apmo-official.org/country_report/MEX/2024
1288,Sebastián Montemayor Trujillo,"Montemayor Trujillo, Sebastián",Mexico,APMO,2025,Sebastian Montemayor Trujillo,"Montemayor Trujillo, Sebastian",Mexico,MEX,MEX:2025:3,21,Silver,75,127,101,0.6985074627,335,same_country_exact,https://www.apmo-official.org/country_report/MEX/2025
1288,Sebastián Montemayor Trujillo,"Montemayor Trujillo, Sebastián",Mexico,APMO,2026,Sebastián Montemayor Trujillo,"Montemayor Trujillo, Sebastián",Mexico,MEX,MEX:2026:6,15,Bronze,136,149,142.5,0.6410579345,397,same_country_exact,https://www.apmo-official.org/country_report/MEX/2026
1289,Karla Rebeca Munguia Romero,"Munguia Romero, Karla Rebeca",Mexico,APMO,2020,Karla Rebeca Munguía Romero,"Munguía Romero, Karla Rebeca",Mexico,MEX,MEX:2020:6,14,Bronze,132,190,161,0.5222551929,337,same_country_exact,https://www.apmo-official.org/country_report/MEX/2020
1296,Carlos Emilio Ramos Aguilar,"Ramos Aguilar, Carlos Emilio",Mexico,APMO,2019,Carlos Emilio Ramos Aguilar,"Ramos Aguilar, Carlos Emilio",Mexico,MEX,MEX:2019:10,11,Honourable Mention,197,206,201.5,0.438718663,359,same_country_exact,https://www.apmo-official.org/country_report/MEX/2019
1296,Carlos Emilio Ramos Aguilar,"Ramos Aguilar, Carlos Emilio",Mexico,APMO,2020,Carlos Emilio Ramos Aguilar,"Ramos Aguilar, Carlos Emilio",Mexico,MEX,MEX:2020:10,13,Honourable Mention,191,194,192.5,0.4287833828,337,same_country_exact,https://www.apmo-official.org/country_report/MEX/2020
1296,Carlos Emilio Ramos Aguilar,"Ramos Aguilar, Carlos Emilio",Mexico,APMO,2021,Carlos Emilio Ramos Aguilar,"Ramos Aguilar, Carlos Emilio",Mexico,MEX,MEX:2021:2,20,Silver,50,66,58,0.8313953488,344,same_country_exact,https://www.apmo-official.org/country_report/MEX/2021
1297,Fernando Isaí Sáenz Meza,"Sáenz Meza, Fernando Isaí",Mexico,APMO,2017,Fernando Isaí Sáenz Meza,"Sáenz Meza, Fernando Isaí",Mexico,MEX,MEX:2017:5,15,Bronze,134,142,138,0.6090651558,353,same_country_exact,https://www.apmo-official.org/country_report/MEX/2017
1299,Maximiliano Sánchez Garza,"Sánchez Garza, Maximiliano",Mexico,APMO,2016,Maximiliano Sánchez Garza,"Sánchez Garza, Maximiliano",Mexico,MEX,MEX:2016:7,11,Bronze,162,170,166,0.496969697,330,same_country_exact,https://www.apmo-official.org/country_report/MEX/2016
1302,Oriol Andreu Sole Pi,"Sole Pi, Oriol Andreu",Mexico,APMO,2018,Oriol Andreu Solé Pi,"Solé Pi, Oriol Andreu",Mexico,MEX,MEX:2018:3,14,Bronze,142,175,158.5,0.5497159091,352,same_country_exact,https://www.apmo-official.org/country_report/MEX/2018
1303,Nuria Sydykova Mendez,"Sydykova Mendez, Nuria",Mexico,APMO,2018,Nuria Sydykova Méndez,"Sydykova Méndez, Nuria",Mexico,MEX,MEX:2018:7,12,Bronze,186,202,194,0.4488636364,352,same_country_exact,https://www.apmo-official.org/country_report/MEX/2018
1303,Nuria Sydykova Mendez,"Sydykova Mendez, Nuria",Mexico,APMO,2019,Nuria Sydykova Méndez,"Sydykova Méndez, Nuria",Mexico,MEX,MEX:2019:6,14,Bronze,123,177,150,0.5821727019,359,same_country_exact,https://www.apmo-official.org/country_report/MEX/2019
1304,Pablo Alhui Valeriano Quiroz,"Valeriano Quiroz, Pablo Alhui",Mexico,APMO,2018,Pablo Alhui Valeriano Quiroz,"Valeriano Quiroz, Pablo Alhui",Mexico,MEX,MEX:2018:5,13,Bronze,176,185,180.5,0.4872159091,352,same_country_exact,https://www.apmo-official.org/country_report/MEX/2018
1304,Pablo Alhui Valeriano Quiroz,"Valeriano Quiroz, Pablo Alhui",Mexico,APMO,2020,Pablo Alhui Valeriano Quiroz,"Valeriano Quiroz, Pablo Alhui",Mexico,MEX,MEX:2020:1,18,Silver,43,55,49,0.8545994065,337,same_country_exact,https://www.apmo-official.org/country_report/MEX/2020
1304,Pablo Alhui Valeriano Quiroz,"Valeriano Quiroz, Pablo Alhui",Mexico,APMO,2021,Pablo Alhui Valeriano Quiroz,"Valeriano Quiroz, Pablo Alhui",Mexico,MEX,MEX:2021:7,14,Bronze,104,149,126.5,0.6322674419,344,same_country_exact,https://www.apmo-official.org/country_report/MEX/2021
1307,Héctor Juan Villarreal Corona,"Villarreal Corona, Héctor Juan",Mexico,APMO,2024,Héctor Juan Villarreal Corona,"Villarreal Corona, Héctor Juan",Mexico,MEX,MEX:2024:8,11,Honourable Mention,243,253,248,0.3014084507,355,same_country_exact,https://www.apmo-official.org/country_report/MEX/2024
1307,Héctor Juan Villarreal Corona,"Villarreal Corona, Héctor Juan",Mexico,APMO,2025,Héctor Juan Villarreal Corona,"Villarreal Corona, Héctor Juan",Mexico,MEX,MEX:2025:1,25,Gold,38,42,40,0.8805970149,335,same_country_exact,https://www.apmo-official.org/country_report/MEX/2025
1320,Tenuunsaikhan Batlkhagva,"Batlkhagva, Tenuunsaikhan",Mongolia,APMO,2025,Tenuunsaikhan Batlkhagva,"Batlkhagva, Tenuunsaikhan",Mongolia,MNG,MNG:2025:7,14,Bronze,172,201,186.5,0.4432835821,335,same_country_exact,https://www.apmo-official.org/country_report/MNG/2025
1326,Belgutei Bayar,"Bayar, Belgutei",Mongolia,APMO,2025,Belgutei Bayar,"Bayar, Belgutei",Mongolia,MNG,MNG:2025:10,12,Honourable Mention,211,214,212.5,0.3656716418,335,same_country_exact,https://www.apmo-official.org/country_report/MNG/2025
1330,Tuvshindalai Boldbaatar,"Boldbaatar, Tuvshindalai",Mongolia,APMO,2025,Tuvshindalai Boldbaatar,"Boldbaatar, Tuvshindalai",Mongolia,MNG,MNG:2025:5,14,Bronze,172,201,186.5,0.4432835821,335,same_country_exact,https://www.apmo-official.org/country_report/MNG/2025
1334,Chingun Chindegsuren,"Chindegsuren, Chingun",Mongolia,APMO,2026,Chingun Chindegsuren,"Chindegsuren, Chingun",Mongolia,MNG,MNG:2026:2,21,Silver,60,93,76.5,0.8073047859,397,same_country_exact,https://www.apmo-official.org/country_report/MNG/2026
1355,Amin-Erdene Munkhbayar,"Munkhbayar, Amin-Erdene",Mongolia,APMO,2025,Amin-Erdene Munkhbayar,"Munkhbayar, Amin-Erdene",Mongolia,MNG,MNG:2025:3,16,Bronze,145,151,148,0.5582089552,335,same_country_exact,https://www.apmo-official.org/country_report/MNG/2025
1355,Amin-Erdene Munkhbayar,"Munkhbayar, Amin-Erdene",Mongolia,APMO,2026,Amin-Erdene Munkhbayar,"Munkhbayar, Amin-Erdene",Mongolia,MNG,MNG:2026:5,12,Bronze,196,201,198.5,0.5,397,same_country_exact,https://www.apmo-official.org/country_report/MNG/2026
1360,Bolor Naranbaatar,"Naranbaatar, Bolor",Mongolia,APMO,2026,Bolor Naranbaatar,"Naranbaatar, Bolor",Mongolia,MNG,MNG:2026:8,9,Honourable Mention,229,251,240,0.395465995,397,same_country_exact,https://www.apmo-official.org/country_report/MNG/2026
1368,Manlai Sonor,"Sonor, Manlai",Mongolia,APMO,2025,Manlai Sonor,"Sonor, Manlai",Mongolia,MNG,MNG:2025:1,22,Silver,52,74,63,0.8119402985,335,same_country_exact,https://www.apmo-official.org/country_report/MNG/2025
1368,Manlai Sonor,"Sonor, Manlai",Mongolia,APMO,2026,Manlai Sonor,"Sonor, Manlai",Mongolia,MNG,MNG:2026:1,24,Gold,44,49,46.5,0.8828715365,397,same_country_exact,https://www.apmo-official.org/country_report/MNG/2026
1658,Kevin Pomasoncco Sulca,"Pomasoncco Sulca, Kevin",Peru,APMO,2024,Kevin Andrés Pomasoncco Sulca,"Pomasoncco Sulca, Kevin Andrés",Peru,PER,PER:2024:6,14,Bronze,95,218,156.5,0.5591549296,355,reviewed_alias,https://www.apmo-official.org/country_report/PER/2024
1658,Kevin Pomasoncco Sulca,"Pomasoncco Sulca, Kevin",Peru,APMO,2026,Kevin Pomasoncco Sulca,"Pomasoncco Sulca, Kevin",Peru,PER,PER:2026:2,18,Silver,108,121,114.5,0.7115869018,397,same_country_exact,https://www.apmo-official.org/country_report/PER/2026
1661,Jose Lorenzo P. Abad,"Abad, Jose Lorenzo P.",Philippines,APMO,2021,Jose Lorenzo ABAD,"ABAD, Jose Lorenzo",Philippines,PHL,PHL:2021:7,11,Bronze,176,181,178.5,0.4811046512,344,reviewed_alias,https://www.apmo-official.org/country_report/PHL/2021
1667,Clyde Wesley S. Ang,"Ang, Clyde Wesley S.",Philippines,APMO,2016,Clyde Wesley Ang,"Ang, Clyde Wesley",Philippines,PHL,PHL:2016:4,6,None,219,233,226,0.3151515152,330,reviewed_alias,https://www.apmo-official.org/country_report/PHL/2016
1667,Clyde Wesley S. Ang,"Ang, Clyde Wesley S.",Philippines,APMO,2017,Clyde Wesley Ang,"Ang, Clyde Wesley",Philippines,PHL,PHL:2017:4,24,Bronze,74,76,75,0.7875354108,353,reviewed_alias,https://www.apmo-official.org/country_report/PHL/2017
1672,Immanuel Josiah Ang Balete,"Balete, Immanuel Josiah Ang",Philippines,APMO,2019,Immanuel Josiah Balete,"Balete, Immanuel Josiah",Philippines,PHL,PHL:2019:5,10,Bronze,207,214,210.5,0.4136490251,359,reviewed_alias,https://www.apmo-official.org/country_report/PHL/2019
1672,Immanuel Josiah Ang Balete,"Balete, Immanuel Josiah Ang",Philippines,APMO,2021,Immanuel Josiah BALETE,"BALETE, Immanuel Josiah",Philippines,PHL,PHL:2021:1,17,Silver,80,86,83,0.7587209302,344,reviewed_alias,https://www.apmo-official.org/country_report/PHL/2021
1676,Ervin Joshua V. Bautista,"Bautista, Ervin Joshua V.",Philippines,APMO,2024,Ervin Joshua Bautista,"Bautista, Ervin Joshua",Philippines,PHL,PHL:2024:5,13,Bronze,219,235,227,0.3605633803,355,reviewed_alias,https://www.apmo-official.org/country_report/PHL/2024
1676,Ervin Joshua V. Bautista,"Bautista, Ervin Joshua V.",Philippines,APMO,2025,Ervin Joshua Bautista,"Bautista, Ervin Joshua",Philippines,PHL,PHL:2025:1,19,Silver,136,141,138.5,0.5865671642,335,reviewed_alias,https://www.apmo-official.org/country_report/PHL/2025
1682,Sarji Elijah S. Bona,"Bona, Sarji Elijah S.",Philippines,APMO,2021,Sarji Elijah BONA,"BONA, Sarji Elijah",Philippines,PHL,PHL:2021:5,13,Bronze,150,164,157,0.5436046512,344,reviewed_alias,https://www.apmo-official.org/country_report/PHL/2021
1682,Sarji Elijah S. Bona,"Bona, Sarji Elijah S.",Philippines,APMO,2022,Sarji Elijah Bona,"Bona, Sarji Elijah",Philippines,PHL,PHL:2022:8,8,Honourable Mention,224,243,233.5,0.2657232704,318,reviewed_alias,https://www.apmo-official.org/country_report/PHL/2022
1691,Mohammad Nur G. Casib,"Casib, Mohammad Nur G.",Philippines,APMO,2022,Mohammad Nur Casib,"Casib, Mohammad Nur",Philippines,PHL,PHL:2022:5,13,Bronze,176,186,181,0.4308176101,318,reviewed_alias,https://www.apmo-official.org/country_report/PHL/2022
1691,Mohammad Nur G. Casib,"Casib, Mohammad Nur G.",Philippines,APMO,2023,Mohammad Nur Casib,"Casib, Mohammad Nur",Philippines,PHL,PHL:2023:3,20,Silver,69,77,73,0.7884057971,345,reviewed_alias,https://www.apmo-official.org/country_report/PHL/2023
1691,Mohammad Nur G. Casib,"Casib, Mohammad Nur G.",Philippines,APMO,2024,Mohammad Nur Casib,"Casib, Mohammad Nur",Philippines,PHL,PHL:2024:1,24,Gold,9,12,10.5,0.9704225352,355,reviewed_alias,https://www.apmo-official.org/country_report/PHL/2024
1691,Mohammad Nur G. Casib,"Casib, Mohammad Nur G.",Philippines,APMO,2025,Mohammad Nur Casib,"Casib, Mohammad Nur",Philippines,PHL,PHL:2025:2,19,Silver,136,141,138.5,0.5865671642,335,reviewed_alias,https://www.apmo-official.org/country_report/PHL/2025
1697,Enzo Rafael S. Chan,"Chan, Enzo Rafael S.",Philippines,APMO,2023,Enzo Rafael Chan,"Chan, Enzo Rafael",Philippines,PHL,PHL:2023:9,6,None,214,226,220,0.3623188406,345,reviewed_alias,https://www.apmo-official.org/country_report/PHL/2023
1707,Shawn Darren S. Chua,"Chua, Shawn Darren S.",Philippines,APMO,2021,Shawn Darren CHUA,"CHUA, Shawn Darren",Philippines,PHL,PHL:2021:3,14,Bronze,104,149,126.5,0.6322674419,344,same_country_exact,https://www.apmo-official.org/country_report/PHL/2021
1707,Shawn Darren S. Chua,"Chua, Shawn Darren S.",Philippines,APMO,2022,Shawn Darren Chua,"Chua, Shawn Darren",Philippines,PHL,PHL:2022:1,17,Silver,128,133,130.5,0.5896226415,318,same_country_exact,https://www.apmo-official.org/country_report/PHL/2022
1734,Neo Angelo G. Gatlabayan,"Gatlabayan, Neo Angelo G.",Philippines,APMO,2024,Neo Angelo Gatlabayan,"Gatlabayan, Neo Angelo",Philippines,PHL,PHL:2024:7,11,Honourable Mention,243,253,248,0.3014084507,355,reviewed_alias,https://www.apmo-official.org/country_report/PHL/2024
1739,Jaden Nathan Tanking Hernandez,"Hernandez, Jaden Nathan Tanking",Philippines,APMO,2026,Jaden Nathan Hernandez,"Hernandez, Jaden Nathan",Philippines,PHL,PHL:2026:7,7,Honourable Mention,273,352,312.5,0.2128463476,397,reviewed_alias,https://www.apmo-official.org/country_report/PHL/2026
1750,Sedrick Scott S. Keh,"Keh, Sedrick Scott S.",Philippines,APMO,2016,Sedrick Scott Keh,"Keh, Sedrick Scott",Philippines,PHL,PHL:2016:8,3,None,251,291,271,0.1787878788,330,reviewed_alias,https://www.apmo-official.org/country_report/PHL/2016
1757,Patric Xamwell C. Legaspi,"Legaspi, Patric Xamwell C.",Philippines,APMO,2024,Patric Xamwell Legaspi,"Legaspi, Patric Xamwell",Philippines,PHL,PHL:2024:10,5,None,316,319,317.5,0.1056338028,355,reviewed_alias,https://www.apmo-official.org/country_report/PHL/2024
1781,Nathan Gabriel Ang Neria,"Neria, Nathan Gabriel Ang",Philippines,APMO,2025,Nathan Gabriel Neria,"Neria, Nathan Gabriel",Philippines,PHL,PHL:2025:10,5,None,282,288,285,0.1492537313,335,reviewed_alias,https://www.apmo-official.org/country_report/PHL/2025
1781,Nathan Gabriel Ang Neria,"Neria, Nathan Gabriel Ang",Philippines,APMO,2026,Nathan Gabriel Neria,"Neria, Nathan Gabriel",Philippines,PHL,PHL:2026:8,7,Honourable Mention,273,352,312.5,0.2128463476,397,reviewed_alias,https://www.apmo-official.org/country_report/PHL/2026
1784,Jared Cobe Woo Ng,"Ng, Jared Cobe Woo",Philippines,APMO,2026,Jared Cobe Ng,"Ng, Jared Cobe",Philippines,PHL,PHL:2026:9,6,None,353,359,356,0.1032745592,397,reviewed_alias,https://www.apmo-official.org/country_report/PHL/2026
1789,Stefan Marcus Ang Ong,"Ong, Stefan Marcus Ang",Philippines,APMO,2017,Stefan Marcus Ong,"Ong, Stefan Marcus",Philippines,PHL,PHL:2017:10,12,Honourable Mention,184,190,187,0.4702549575,353,reviewed_alias,https://www.apmo-official.org/country_report/PHL/2017
1789,Stefan Marcus Ang Ong,"Ong, Stefan Marcus Ang",Philippines,APMO,2018,Stefan Marcus Ong,"Ong, Stefan Marcus",Philippines,PHL,PHL:2018:5,15,Bronze,125,141,133,0.6221590909,352,reviewed_alias,https://www.apmo-official.org/country_report/PHL/2018
1794,Alvann Walter W. Paredes Dy,"Paredes Dy, Alvann Walter W.",Philippines,APMO,2022,Alvann Walter Paredes Dy,"Paredes Dy, Alvann Walter",Philippines,PHL,PHL:2022:10,8,None,224,243,233.5,0.2657232704,318,reviewed_alias,https://www.apmo-official.org/country_report/PHL/2022
1794,Alvann Walter W. Paredes Dy,"Paredes Dy, Alvann Walter W.",Philippines,APMO,2023,Alvann Walter Paredes Dy,"Paredes Dy, Alvann Walter",Philippines,PHL,PHL:2023:5,13,Bronze,138,147,142.5,0.5869565217,345,reviewed_alias,https://www.apmo-official.org/country_report/PHL/2023
1794,Alvann Walter W. Paredes Dy,"Paredes Dy, Alvann Walter W.",Philippines,APMO,2024,Alvann Walter Paredes Dy,"Paredes Dy, Alvann Walter",Philippines,PHL,PHL:2024:2,14,Bronze,95,218,156.5,0.5591549296,355,reviewed_alias,https://www.apmo-official.org/country_report/PHL/2024
1797,Albert John L. Patupat,"Patupat, Albert John L.",Philippines,APMO,2016,Albert John Patupat,"Patupat, Albert John",Philippines,PHL,PHL:2016:9,3,None,251,291,271,0.1787878788,330,reviewed_alias,https://www.apmo-official.org/country_report/PHL/2016
1797,Albert John L. Patupat,"Patupat, Albert John L.",Philippines,APMO,2017,Albert John Patupat,"Patupat, Albert John",Philippines,PHL,PHL:2017:2,28,Silver,33,57,45,0.8725212465,353,reviewed_alias,https://www.apmo-official.org/country_report/PHL/2017
1797,Albert John L. Patupat,"Patupat, Albert John L.",Philippines,APMO,2018,Albert John Patupat,"Patupat, Albert John",Philippines,PHL,PHL:2018:2,22,Silver,49,55,52,0.8522727273,352,reviewed_alias,https://www.apmo-official.org/country_report/PHL/2018
1800,Shaun Lawrence Tiong Poh Leung,"Poh Leung, Shaun Lawrence Tiong",Philippines,APMO,2026,Shaun Lawrence Poh Leung,"Poh Leung, Shaun Lawrence",Philippines,PHL,PHL:2026:3,7,Honourable Mention,273,352,312.5,0.2128463476,397,reviewed_alias,https://www.apmo-official.org/country_report/PHL/2026
1802,Shaquille Wyan T. Que,"Que, Shaquille Wyan T.",Philippines,APMO,2016,Shaquille Wyan Que,"Que, Shaquille Wyan",Philippines,PHL,PHL:2016:10,3,None,251,291,271,0.1787878788,330,reviewed_alias,https://www.apmo-official.org/country_report/PHL/2016
1802,Shaquille Wyan T. Que,"Que, Shaquille Wyan T.",Philippines,APMO,2018,Shaquille Wyan Que,"Que, Shaquille Wyan",Philippines,PHL,PHL:2018:7,14,Bronze,142,175,158.5,0.5497159091,352,reviewed_alias,https://www.apmo-official.org/country_report/PHL/2018
1809,Bryce Ainsley Ang Sanchez,"Sanchez, Bryce Ainsley Ang",Philippines,APMO,2019,Bryce Ainsley Sanchez,"Sanchez, Bryce Ainsley",Philippines,PHL,PHL:2019:6,8,Honourable Mention,226,246,236,0.3426183844,359,reviewed_alias,https://www.apmo-official.org/country_report/PHL/2019
1809,Bryce Ainsley Ang Sanchez,"Sanchez, Bryce Ainsley Ang",Philippines,APMO,2021,Bryce Ainsley SANCHEZ,"SANCHEZ, Bryce Ainsley",Philippines,PHL,PHL:2021:6,12,Bronze,165,175,170,0.5058139535,344,reviewed_alias,https://www.apmo-official.org/country_report/PHL/2021
1812,Ryan Mark L. Shao,"Shao, Ryan Mark L.",Philippines,APMO,2019,Ryan Mark Shao,"Shao, Ryan Mark",Philippines,PHL,PHL:2019:10,7,Honourable Mention,247,280,263.5,0.2660167131,359,same_country_exact,https://www.apmo-official.org/country_report/PHL/2019
1821,Luke Sebastian C. Sy,"Sy, Luke Sebastian C.",Philippines,APMO,2024,Luke Sebastian Sy,"Sy, Luke Sebastian",Philippines,PHL,PHL:2024:4,14,Bronze,95,218,156.5,0.5591549296,355,reviewed_alias,https://www.apmo-official.org/country_report/PHL/2024
1821,Luke Sebastian C. Sy,"Sy, Luke Sebastian C.",Philippines,APMO,2025,Luke Sebastian Sy,"Sy, Luke Sebastian",Philippines,PHL,PHL:2025:8,6,None,277,281,279,0.1671641791,335,reviewed_alias,https://www.apmo-official.org/country_report/PHL/2025
1828,Cassidy Kyler L. Tan,"Tan, Cassidy Kyler L.",Philippines,APMO,2022,Cassidy Kyler Tan,"Tan, Cassidy Kyler",Philippines,PHL,PHL:2022:6,11,Honourable Mention,196,206,201,0.3679245283,318,reviewed_alias,https://www.apmo-official.org/country_report/PHL/2022
1828,Cassidy Kyler L. Tan,"Tan, Cassidy Kyler L.",Philippines,APMO,2023,Cassidy Kyler Tan,"Tan, Cassidy Kyler",Philippines,PHL,PHL:2023:8,7,None,183,213,198,0.4260869565,345,reviewed_alias,https://www.apmo-official.org/country_report/PHL/2023
1833,Rickson Caleb Y. Tan,"Tan, Rickson Caleb Y.",Philippines,APMO,2022,Rickson Caleb Tan,"Tan, Rickson Caleb",Philippines,PHL,PHL:2022:4,13,Bronze,176,186,181,0.4308176101,318,reviewed_alias,https://www.apmo-official.org/country_report/PHL/2022
1833,Rickson Caleb Y. Tan,"Tan, Rickson Caleb Y.",Philippines,APMO,2023,Rickson Caleb Tan,"Tan, Rickson Caleb",Philippines,PHL,PHL:2023:7,7,Honourable Mention,183,213,198,0.4260869565,345,reviewed_alias,https://www.apmo-official.org/country_report/PHL/2023
1838,Kristen Steffi S. Teh,"Teh, Kristen Steffi S.",Philippines,APMO,2023,Kristen Steffi Teh,"Teh, Kristen Steffi",Philippines,PHL,PHL:2023:10,4,None,236,251,243.5,0.2942028986,345,reviewed_alias,https://www.apmo-official.org/country_report/PHL/2023
1843,Vince Jan Faustino Torres,"Torres, Vince Jan Faustino",Philippines,APMO,2016,Vince Jan Torres,"Torres, Vince Jan",Philippines,PHL,PHL:2016:5,6,None,219,233,226,0.3151515152,330,reviewed_alias,https://www.apmo-official.org/country_report/PHL/2016
1843,Vince Jan Faustino Torres,"Torres, Vince Jan Faustino",Philippines,APMO,2017,Vince Jan Torres,"Torres, Vince Jan",Philippines,PHL,PHL:2017:7,14,Bronze,143,181,162,0.5410764873,353,reviewed_alias,https://www.apmo-official.org/country_report/PHL/2017
1846,Sean Anderson Lim Ty,"Ty, Sean Anderson Lim",Philippines,APMO,2016,Sean Anderson Ty,"Ty, Sean Anderson",Philippines,PHL,PHL:2016:7,5,None,234,238,236,0.2848484848,330,reviewed_alias,https://www.apmo-official.org/country_report/PHL/2016
1846,Sean Anderson Lim Ty,"Ty, Sean Anderson Lim",Philippines,APMO,2017,Sean Anderson Ty,"Ty, Sean Anderson",Philippines,PHL,PHL:2017:8,14,Honourable Mention,143,181,162,0.5410764873,353,reviewed_alias,https://www.apmo-official.org/country_report/PHL/2017
1846,Sean Anderson Lim Ty,"Ty, Sean Anderson Lim",Philippines,APMO,2018,Sean Anderson Ty,"Ty, Sean Anderson",Philippines,PHL,PHL:2018:4,18,Bronze,92,104,98,0.7215909091,352,reviewed_alias,https://www.apmo-official.org/country_report/PHL/2018
1846,Sean Anderson Lim Ty,"Ty, Sean Anderson Lim",Philippines,APMO,2019,Sean Anderson Ty,"Ty, Sean Anderson",Philippines,PHL,PHL:2019:1,17,Silver,61,75,68,0.8105849582,359,reviewed_alias,https://www.apmo-official.org/country_report/PHL/2019
1847,Stephen James Lim Ty,"Ty, Stephen James Lim",Philippines,APMO,2021,Stephen James TY,"TY, Stephen James",Philippines,PHL,PHL:2021:8,8,Honourable Mention,199,218,208.5,0.3938953488,344,reviewed_alias,https://www.apmo-official.org/country_report/PHL/2021
1850,Robert Henrik Diaz Uy,"Uy, Robert Henrik Diaz",Philippines,APMO,2026,Robert Henrik Uy,"Uy, Robert Henrik",Philippines,PHL,PHL:2026:10,4,None,363,371,367,0.0755667506,397,reviewed_alias,https://www.apmo-official.org/country_report/PHL/2026
1851,Zion Skye Earl Carmelo C. Uy,"Uy, Zion Skye Earl Carmelo C.",Philippines,APMO,2026,Zion Skye Earl Carmelo Uy,"Uy, Zion Skye Earl Carmelo",Philippines,PHL,PHL:2026:6,7,Honourable Mention,273,352,312.5,0.2128463476,397,reviewed_alias,https://www.apmo-official.org/country_report/PHL/2026
1853,Mark Justin M. Villafuerte,"Villafuerte, Mark Justin M.",Philippines,APMO,2025,Mark Justin Villafuerte,"Villafuerte, Mark Justin",Philippines,PHL,PHL:2025:5,7,Honourable Mention,258,276,267,0.2029850746,335,reviewed_alias,https://www.apmo-official.org/country_report/PHL/2025
1855,Steven John H. Wang,"Wang, Steven John H.",Philippines,APMO,2018,Steven John Wang,"Wang, Steven John",Philippines,PHL,PHL:2018:10,7,Honourable Mention,243,293,268,0.2386363636,352,same_country_exact,https://www.apmo-official.org/country_report/PHL/2018
1857,Farrell Eldrian S. Wu,"Wu, Farrell Eldrian S.",Philippines,APMO,2016,Farrell Eldrian Wu,"Wu, Farrell Eldrian",Philippines,PHL,PHL:2016:2,13,Bronze,149,156,152.5,0.5378787879,330,reviewed_alias,https://www.apmo-official.org/country_report/PHL/2016
1857,Farrell Eldrian S. Wu,"Wu, Farrell Eldrian S.",Philippines,APMO,2017,Farrell Eldrian Wu,"Wu, Farrell Eldrian",Philippines,PHL,PHL:2017:1,28,Gold,33,57,45,0.8725212465,353,reviewed_alias,https://www.apmo-official.org/country_report/PHL/2017
1858,Filbert Ephraim S. Wu,"Wu, Filbert Ephraim S.",Philippines,APMO,2021,Filbert Ephraim WU,"WU, Filbert Ephraim",Philippines,PHL,PHL:2021:10,8,Honourable Mention,199,218,208.5,0.3938953488,344,reviewed_alias,https://www.apmo-official.org/country_report/PHL/2021
1858,Filbert Ephraim S. Wu,"Wu, Filbert Ephraim S.",Philippines,APMO,2022,Filbert Ephraim Wu,"Wu, Filbert Ephraim",Philippines,PHL,PHL:2022:3,14,Bronze,153,175,164,0.4842767296,318,reviewed_alias,https://www.apmo-official.org/country_report/PHL/2022
1858,Filbert Ephraim S. Wu,"Wu, Filbert Ephraim S.",Philippines,APMO,2023,Filbert Ephraim Wu,"Wu, Filbert Ephraim",Philippines,PHL,PHL:2023:4,14,Bronze,121,137,129,0.6260869565,345,reviewed_alias,https://www.apmo-official.org/country_report/PHL/2023
1858,Filbert Ephraim S. Wu,"Wu, Filbert Ephraim S.",Philippines,APMO,2024,Filbert Ephraim Wu,"Wu, Filbert Ephraim",Philippines,PHL,PHL:2024:3,14,Bronze,95,218,156.5,0.5591549296,355,reviewed_alias,https://www.apmo-official.org/country_report/PHL/2024
1865,Julian Raymund C. Yu,"Yu, Julian Raymund C.",Philippines,APMO,2019,Julian Raymund Yu,"Yu, Julian Raymund",Philippines,PHL,PHL:2019:4,11,Bronze,197,206,201.5,0.438718663,359,reviewed_alias,https://www.apmo-official.org/country_report/PHL/2019
2048,Sharafetdinova Galiia,"Galiia, Sharafetdinova",Russian Federation,APMO,2020,Galiia SHarafetdinova,"SHarafetdinova, Galiia",Russian Federation,RUS,RUS:2020:9,16,Honourable Mention,72,114,93,0.7240356083,337,same_country_exact,https://www.apmo-official.org/country_report/RUS/2020
2080,Migrin Victor,"Victor, Migrin",Russian Federation,APMO,2017,Victor Migrin,"Migrin, Victor",Russian Federation,RUS,RUS:2017:10,22,Honourable Mention,79,89,84,0.7620396601,353,same_country_exact,https://www.apmo-official.org/country_report/RUS/2017
2084,Boon Han Nathaniel Ang,"Ang, Boon Han Nathaniel",Singapore,APMO,2018,Boon Han Nathaniel Ang,"Ang, Boon Han Nathaniel",Singapore,SGP,SGP:2018:3,24,Silver,38,43,40.5,0.8849431818,352,same_country_exact,https://www.apmo-official.org/country_report/SGP/2018
2084,Boon Han Nathaniel Ang,"Ang, Boon Han Nathaniel",Singapore,APMO,2019,"Boon Han, Nathaniel Ang","Ang, Boon Han, Nathaniel",Singapore,SGP,SGP:2019:10,15,Honourable Mention,95,122,108.5,0.6977715877,359,same_country_exact,https://www.apmo-official.org/country_report/SGP/2019
2084,Boon Han Nathaniel Ang,"Ang, Boon Han Nathaniel",Singapore,APMO,2020,"Boon Han, Nathaniel Ang","Ang, Boon Han, Nathaniel",Singapore,SGP,SGP:2020:7,16,Bronze,72,114,93,0.7240356083,337,same_country_exact,https://www.apmo-official.org/country_report/SGP/2020
2086,Tse Yang Lucas Boo,"Boo, Tse Yang Lucas",Singapore,APMO,2016,"Tse Yang, Lucas Boo","Boo, Tse Yang, Lucas",Singapore,SGP,SGP:2016:8,17,Honourable Mention,92,107,99.5,0.6984848485,330,same_country_exact,https://www.apmo-official.org/country_report/SGP/2016
2086,Tse Yang Lucas Boo,"Boo, Tse Yang Lucas",Singapore,APMO,2017,"Tse Yang, Lucas Boo","Boo, Tse Yang, Lucas",Singapore,SGP,SGP:2017:6,21,Bronze,90,118,104,0.7053824363,353,same_country_exact,https://www.apmo-official.org/country_report/SGP/2017
2086,Tse Yang Lucas Boo,"Boo, Tse Yang Lucas",Singapore,APMO,2018,Tse Yang Lucas Boo,"Boo, Tse Yang Lucas",Singapore,SGP,SGP:2018:2,28,Silver,16,30,23,0.9346590909,352,same_country_exact,https://www.apmo-official.org/country_report/SGP/2018
2086,Tse Yang Lucas Boo,"Boo, Tse Yang Lucas",Singapore,APMO,2019,Tse Yang Lucas Boo,"Boo, Tse Yang Lucas",Singapore,SGP,SGP:2019:2,25,Silver,8,13,10.5,0.9707520891,359,same_country_exact,https://www.apmo-official.org/country_report/SGP/2019
2086,Tse Yang Lucas Boo,"Boo, Tse Yang Lucas",Singapore,APMO,2020,"Tse Yang, Lucas Boo","Boo, Tse Yang, Lucas",Singapore,SGP,SGP:2020:3,27,Silver,10,13,11.5,0.9658753709,337,same_country_exact,https://www.apmo-official.org/country_report/SGP/2020
2086,Tse Yang Lucas Boo,"Boo, Tse Yang Lucas",Singapore,APMO,2021,"Tse Yang, Lucas Boo","Boo, Tse Yang, Lucas",Singapore,SGP,SGP:2021:1,24,Gold,21,23,22,0.9360465116,344,same_country_exact,https://www.apmo-official.org/country_report/SGP/2021
2089,Puhua Cheng,"Cheng, Puhua",Singapore,APMO,2018,Puhua Cheng,"Cheng, Puhua",Singapore,SGP,SGP:2018:9,21,Honourable Mention,56,74,65,0.8153409091,352,same_country_exact,https://www.apmo-official.org/country_report/SGP/2018
2089,Puhua Cheng,"Cheng, Puhua",Singapore,APMO,2019,Puhua Cheng,"Cheng, Puhua",Singapore,SGP,SGP:2019:6,20,Bronze,49,53,51,0.8579387187,359,same_country_exact,https://www.apmo-official.org/country_report/SGP/2019
2090,Clarence Xuan Da Chew,"Chew, Clarence Xuan Da",Singapore,APMO,2017,"Xuan Da, Clarence Chew","Chew, Xuan Da, Clarence",Singapore,SGP,SGP:2017:2,25,Silver,70,73,71.5,0.7974504249,353,same_country_token,https://www.apmo-official.org/country_report/SGP/2017
2091,Zixiang Gao,"Gao, Zixiang",Singapore,APMO,2025,Zixiang Gao,"Gao, Zixiang",Singapore,SGP,SGP:2025:5,22,Bronze,52,74,63,0.8119402985,335,same_country_exact,https://www.apmo-official.org/country_report/SGP/2025
2091,Zixiang Gao,"Gao, Zixiang",Singapore,APMO,2026,Zixiang Gao,"Gao, Zixiang",Singapore,SGP,SGP:2026:5,21,Bronze,60,93,76.5,0.8073047859,397,same_country_exact,https://www.apmo-official.org/country_report/SGP/2026
2092,Hong Pei Goh,"Goh, Hong Pei",Singapore,APMO,2017,Hong Pei Goh,"Goh, Hong Pei",Singapore,SGP,SGP:2017:5,21,Bronze,90,118,104,0.7053824363,353,same_country_exact,https://www.apmo-official.org/country_report/SGP/2017
2093,Timothy Li Xiong Ho,"Ho, Timothy Li Xiong",Singapore,APMO,2020,"Li Xiong, Timothy Ho","Ho, Li Xiong, Timothy",Singapore,SGP,SGP:2020:8,16,Honourable Mention,72,114,93,0.7240356083,337,same_country_token,https://www.apmo-official.org/country_report/SGP/2020
2097,Ker Yang Lee,"Lee, Ker Yang",Singapore,APMO,2018,Ker Yang Lee,"Lee, Ker Yang",Singapore,SGP,SGP:2018:8,21,Honourable Mention,56,74,65,0.8153409091,352,same_country_exact,https://www.apmo-official.org/country_report/SGP/2018
2105,Choo Ray Low,"Low, Choo Ray",Singapore,APMO,2019,Choo Ray Low,"Low, Choo Ray",Singapore,SGP,SGP:2019:7,18,Bronze,57,60,58.5,0.8370473538,359,same_country_exact,https://www.apmo-official.org/country_report/SGP/2019
2105,Choo Ray Low,"Low, Choo Ray",Singapore,APMO,2020,Choo Ray Low,"Low, Choo Ray",Singapore,SGP,SGP:2020:6,17,Bronze,56,71,63.5,0.8115727003,337,same_country_exact,https://www.apmo-official.org/country_report/SGP/2020
2105,Choo Ray Low,"Low, Choo Ray",Singapore,APMO,2021,Choo Ray Low,"Low, Choo Ray",Singapore,SGP,SGP:2021:3,20,Silver,50,66,58,0.8313953488,344,same_country_exact,https://www.apmo-official.org/country_report/SGP/2021
2108,Yangyi Aloysius Ng,"Ng, Yangyi Aloysius",Singapore,APMO,2020,"Yangyi, Aloysius Ng","Ng, Yangyi, Aloysius",Singapore,SGP,SGP:2020:1,28,Gold,4,9,6.5,0.9807121662,337,same_country_exact,https://www.apmo-official.org/country_report/SGP/2020
2111,Wenyuan Sun,"Sun, Wenyuan",Singapore,APMO,2025,Wenyuan Sun,"Sun, Wenyuan",Singapore,SGP,SGP:2025:1,29,Gold,4,17,10.5,0.9686567164,335,same_country_exact,https://www.apmo-official.org/country_report/SGP/2025
2111,Wenyuan Sun,"Sun, Wenyuan",Singapore,APMO,2026,Wenyuan Sun,"Sun, Wenyuan",Singapore,SGP,SGP:2026:2,27,Silver,34,38,36,0.9093198992,397,same_country_exact,https://www.apmo-official.org/country_report/SGP/2026
2112,Joel Junyao Tan,"Tan, Joel Junyao",Singapore,APMO,2016,"Junyao, Joel Tan","Tan, Junyao, Joel",Singapore,SGP,SGP:2016:2,28,Silver,24,35,29.5,0.9106060606,330,same_country_token,https://www.apmo-official.org/country_report/SGP/2016
2112,Joel Junyao Tan,"Tan, Joel Junyao",Singapore,APMO,2019,"Junyao, Joel Tan","Tan, Junyao, Joel",Singapore,SGP,SGP:2019:3,24,Silver,14,18,16,0.9554317549,359,same_country_token,https://www.apmo-official.org/country_report/SGP/2019
2114,Wee Kean Tan,"Tan, Wee Kean",Singapore,APMO,2017,Wee Kean Tan,"Tan, Wee Kean",Singapore,SGP,SGP:2017:7,19,Bronze,123,126,124.5,0.6473087819,353,same_country_exact,https://www.apmo-official.org/country_report/SGP/2017
2114,Wee Kean Tan,"Tan, Wee Kean",Singapore,APMO,2020,Wee Kean Tan,"Tan, Wee Kean",Singapore,SGP,SGP:2020:4,22,Bronze,22,24,23,0.9317507418,337,same_country_exact,https://www.apmo-official.org/country_report/SGP/2020
2115,Xu Chen Tan,"Tan, Xu Chen",Singapore,APMO,2018,Xu Chen Tan,"Tan, Xu Chen",Singapore,SGP,SGP:2018:6,22,Bronze,49,55,52,0.8522727273,352,same_country_exact,https://www.apmo-official.org/country_report/SGP/2018
2115,Xu Chen Tan,"Tan, Xu Chen",Singapore,APMO,2019,Xu Chen Tan,"Tan, Xu Chen",Singapore,SGP,SGP:2019:4,21,Bronze,29,48,38.5,0.8927576602,359,same_country_exact,https://www.apmo-official.org/country_report/SGP/2019
2115,Xu Chen Tan,"Tan, Xu Chen",Singapore,APMO,2020,Xu Chen Tan,"Tan, Xu Chen",Singapore,SGP,SGP:2020:2,28,Silver,4,9,6.5,0.9807121662,337,same_country_exact,https://www.apmo-official.org/country_report/SGP/2020
2117,Akash Thiagarajan,"Thiagarajan, Akash",Singapore,APMO,2025,Akash Thiagarajan,"Thiagarajan, Akash",Singapore,SGP,SGP:2025:4,23,Bronze,46,51,48.5,0.8552238806,335,same_country_exact,https://www.apmo-official.org/country_report/SGP/2025
2117,Akash Thiagarajan,"Thiagarajan, Akash",Singapore,APMO,2026,Akash Thiagarajan,"Thiagarajan, Akash",Singapore,SGP,SGP:2026:1,28,Gold,17,33,25,0.9370277078,397,same_country_exact,https://www.apmo-official.org/country_report/SGP/2026
2118,David Hui Kai Toh,"Toh, David Hui Kai",Singapore,APMO,2019,"Hui Kai, David Toh","Toh, Hui Kai, David",Singapore,SGP,SGP:2019:5,20,Bronze,49,53,51,0.8579387187,359,same_country_token,https://www.apmo-official.org/country_report/SGP/2019
2119,Bryan Peng Jun Wang,"Wang, Bryan Peng Jun",Singapore,APMO,2016,"Peng Jun, Bryan Wang","Wang, Peng Jun, Bryan",Singapore,SGP,SGP:2016:1,34,Gold,7,11,9,0.9727272727,330,same_country_token,https://www.apmo-official.org/country_report/SGP/2016
2119,Bryan Peng Jun Wang,"Wang, Bryan Peng Jun",Singapore,APMO,2017,"Peng Jun, Bryan Wang","Wang, Peng Jun, Bryan",Singapore,SGP,SGP:2017:4,21,Bronze,90,118,104,0.7053824363,353,same_country_token,https://www.apmo-official.org/country_report/SGP/2017
2120,Jianzhi Wang,"Wang, Jianzhi",Singapore,APMO,2016,Jianzhi Wang,"Wang, Jianzhi",Singapore,SGP,SGP:2016:10,15,None,116,126,121,0.6333333333,330,same_country_exact,https://www.apmo-official.org/country_report/SGP/2016
2120,Jianzhi Wang,"Wang, Jianzhi",Singapore,APMO,2017,Jianzhi Wang,"Wang, Jianzhi",Singapore,SGP,SGP:2017:9,15,Honourable Mention,134,142,138,0.6090651558,353,same_country_exact,https://www.apmo-official.org/country_report/SGP/2017
2120,Jianzhi Wang,"Wang, Jianzhi",Singapore,APMO,2018,Jianzhi Wang,"Wang, Jianzhi",Singapore,SGP,SGP:2018:5,23,Bronze,44,48,46,0.8693181818,352,same_country_exact,https://www.apmo-official.org/country_report/SGP/2018
2123,Brian Boyang Xiao,"Xiao, Brian Boyang",Singapore,APMO,2025,Boyang Brian Xiao,"Xiao, Boyang Brian",Singapore,SGP,SGP:2025:2,28,Silver,18,27,22.5,0.9328358209,335,same_country_token,https://www.apmo-official.org/country_report/SGP/2025
2123,Brian Boyang Xiao,"Xiao, Brian Boyang",Singapore,APMO,2026,Boyang Brian Xiao,"Xiao, Boyang Brian",Singapore,SGP,SGP:2026:7,21,Bronze,60,93,76.5,0.8073047859,397,same_country_token,https://www.apmo-official.org/country_report/SGP/2026
2124,Ryker Haohan Xu,"Xu, Ryker Haohan",Singapore,APMO,2024,Haohan Ryker Xu,"Xu, Haohan Ryker",Singapore,SGP,SGP:2024:9,14,Honourable Mention,95,218,156.5,0.5591549296,355,same_country_token,https://www.apmo-official.org/country_report/SGP/2024
2124,Ryker Haohan Xu,"Xu, Ryker Haohan",Singapore,APMO,2025,Haohan Ryker Xu,"Xu, Haohan Ryker",Singapore,SGP,SGP:2025:7,21,Bronze,75,127,101,0.6985074627,335,same_country_token,https://www.apmo-official.org/country_report/SGP/2025
2124,Ryker Haohan Xu,"Xu, Ryker Haohan",Singapore,APMO,2026,Haohan Ryker Xu,"Xu, Haohan Ryker",Singapore,SGP,SGP:2026:3,23,Silver,50,54,52,0.8690176322,397,same_country_token,https://www.apmo-official.org/country_report/SGP/2026
2125,Ziyu Xu,"Xu, Ziyu",Singapore,APMO,2022,Ziyu Xu,"Xu, Ziyu",Singapore,SGP,SGP:2022:4,20,Bronze,66,80,73,0.7704402516,318,same_country_exact,https://www.apmo-official.org/country_report/SGP/2022
2125,Ziyu Xu,"Xu, Ziyu",Singapore,APMO,2024,Ziyu Xu,"Xu, Ziyu",Singapore,SGP,SGP:2024:4,15,Bronze,75,94,84.5,0.761971831,355,same_country_exact,https://www.apmo-official.org/country_report/SGP/2024
2126,Qinxi Yu,"Yu, Qinxi",Singapore,APMO,2023,Qinxi Yu,"Yu, Qinxi",Singapore,SGP,SGP:2023:5,20,Bronze,69,77,73,0.7884057971,345,same_country_exact,https://www.apmo-official.org/country_report/SGP/2023
2126,Qinxi Yu,"Yu, Qinxi",Singapore,APMO,2024,Qinxi Yu,"Yu, Qinxi",Singapore,SGP,SGP:2024:7,14,Bronze,95,218,156.5,0.5591549296,355,same_country_exact,https://www.apmo-official.org/country_report/SGP/2024
2128,Juntao Zhang,"Zhang, Juntao",Singapore,APMO,2025,Juntao Zhang,"Zhang, Juntao",Singapore,SGP,SGP:2025:6,22,Bronze,52,74,63,0.8119402985,335,same_country_exact,https://www.apmo-official.org/country_report/SGP/2025
2129,Xiaorui Zhang,"Zhang, Xiaorui",Singapore,APMO,2018,Xiaorui Zhang,"Zhang, Xiaorui",Singapore,SGP,SGP:2018:10,19,Honourable Mention,84,91,87.5,0.7514204545,352,same_country_exact,https://www.apmo-official.org/country_report/SGP/2018
2216,Praveen Charuka Athauda Arachchi,"Athauda Arachchi, Praveen Charuka",Sri Lanka,APMO,2023,Praveen Charuka Athauda-Arachchi,"Athauda-Arachchi, Praveen Charuka",Sri Lanka,LKA,LKA:2023:6,3,None,252,283,267.5,0.2246376812,345,same_country_exact,https://www.apmo-official.org/country_report/LKA/2023
2216,Praveen Charuka Athauda Arachchi,"Athauda Arachchi, Praveen Charuka",Sri Lanka,APMO,2026,Praveen Athauda-Arachchi,"Athauda-Arachchi, Praveen",Sri Lanka,LKA,LKA:2026:1,14,Bronze,150,187,168.5,0.5755667506,397,reviewed_alias,https://www.apmo-official.org/country_report/LKA/2026
2217,Sandaru Thathsara Balahewa,"Balahewa, Sandaru Thathsara",Sri Lanka,APMO,2022,Sandaru Thathsara Balahewa,"Balahewa, Sandaru Thathsara",Sri Lanka,LKA,LKA:2022:5,8,Honourable Mention,224,243,233.5,0.2657232704,318,same_country_exact,https://www.apmo-official.org/country_report/LKA/2022
2218,Hitihami Mudiyanselage Mihiru Anushka Bandara,"Bandara, Hitihami Mudiyanselage Mihiru Anushka",Sri Lanka,APMO,2019,Mihiru Anushka Bandara,"Bandara, Mihiru Anushka",Sri Lanka,LKA,LKA:2019:3,8,Honourable Mention,226,246,236,0.3426183844,359,reviewed_alias,https://www.apmo-official.org/country_report/LKA/2019
2218,Hitihami Mudiyanselage Mihiru Anushka Bandara,"Bandara, Hitihami Mudiyanselage Mihiru Anushka",Sri Lanka,APMO,2020,Mihiru Anushka Bandara,"Bandara, Mihiru Anushka",Sri Lanka,LKA,LKA:2020:4,7,Honourable Mention,235,294,264.5,0.2151335312,337,reviewed_alias,https://www.apmo-official.org/country_report/LKA/2020
2218,Hitihami Mudiyanselage Mihiru Anushka Bandara,"Bandara, Hitihami Mudiyanselage Mihiru Anushka",Sri Lanka,APMO,2022,Mihiru Anushka Bandara,"Bandara, Mihiru Anushka",Sri Lanka,LKA,LKA:2022:3,12,Bronze,187,195,191,0.3993710692,318,reviewed_alias,https://www.apmo-official.org/country_report/LKA/2022
2218,Hitihami Mudiyanselage Mihiru Anushka Bandara,"Bandara, Hitihami Mudiyanselage Mihiru Anushka",Sri Lanka,APMO,2023,Mihiru Anushka Bandara,"Bandara, Mihiru Anushka",Sri Lanka,LKA,LKA:2023:2,5,None,227,235,231,0.3304347826,345,reviewed_alias,https://www.apmo-official.org/country_report/LKA/2023
2218,Hitihami Mudiyanselage Mihiru Anushka Bandara,"Bandara, Hitihami Mudiyanselage Mihiru Anushka",Sri Lanka,APMO,2024,Mihiru Anushka Bandara,"Bandara, Mihiru Anushka",Sri Lanka,LKA,LKA:2024:2,10,None,254,262,258,0.2732394366,355,reviewed_alias,https://www.apmo-official.org/country_report/LKA/2024
2231,Tharaka Udayanga Jayasena,"Jayasena, Tharaka Udayanga",Sri Lanka,APMO,2022,Tharaka Udayanga Jayasena,"Jayasena, Tharaka Udayanga",Sri Lanka,LKA,LKA:2022:1,14,Bronze,153,175,164,0.4842767296,318,same_country_exact,https://www.apmo-official.org/country_report/LKA/2022
2233,Kisara Sandaluka Kodithuwakku,"Kodithuwakku, Kisara Sandaluka",Sri Lanka,APMO,2019,Kisara Sandaluka Kodithuwakku,"Kodithuwakku, Kisara Sandaluka",Sri Lanka,LKA,LKA:2019:7,3,None,302,308,305,0.1504178273,359,same_country_exact,https://www.apmo-official.org/country_report/LKA/2019
2234,Shenal Santhush Kotuwewatta,"Kotuwewatta, Shenal Santhush",Sri Lanka,APMO,2016,Shenal Kotuwewatta,"Kotuwewatta, Shenal",Sri Lanka,LKA,LKA:2016:3,10,Bronze,171,186,178.5,0.4590909091,330,reviewed_alias,https://www.apmo-official.org/country_report/LKA/2016
2234,Shenal Santhush Kotuwewatta,"Kotuwewatta, Shenal Santhush",Sri Lanka,APMO,2017,Shenal Kotuwewatta,"Kotuwewatta, Shenal",Sri Lanka,LKA,LKA:2017:3,7,Honourable Mention,247,280,263.5,0.2535410765,353,reviewed_alias,https://www.apmo-official.org/country_report/LKA/2017
2234,Shenal Santhush Kotuwewatta,"Kotuwewatta, Shenal Santhush",Sri Lanka,APMO,2018,Shenal Kotuwewatta,"Kotuwewatta, Shenal",Sri Lanka,LKA,LKA:2018:1,9,Honourable Mention,222,226,224,0.3636363636,352,reviewed_alias,https://www.apmo-official.org/country_report/LKA/2018
2234,Shenal Santhush Kotuwewatta,"Kotuwewatta, Shenal Santhush",Sri Lanka,APMO,2019,Shenal Santhush Kotuwewatta,"Kotuwewatta, Shenal Santhush",Sri Lanka,LKA,LKA:2019:1,8,Honourable Mention,226,246,236,0.3426183844,359,same_country_exact,https://www.apmo-official.org/country_report/LKA/2019
2235,Sithija Abhishek Kotuwewatta,"Kotuwewatta, Sithija Abhishek",Sri Lanka,APMO,2019,Sithija Abhishek Kotuwewatta,"Kotuwewatta, Sithija Abhishek",Sri Lanka,LKA,LKA:2019:8,2,None,309,321,315,0.1225626741,359,same_country_exact,https://www.apmo-official.org/country_report/LKA/2019
2235,Sithija Abhishek Kotuwewatta,"Kotuwewatta, Sithija Abhishek",Sri Lanka,APMO,2020,Sithija Abhishek Kotuwewatta,"Kotuwewatta, Sithija Abhishek",Sri Lanka,LKA,LKA:2020:6,5,None,295,297,296,0.1216617211,337,same_country_exact,https://www.apmo-official.org/country_report/LKA/2020
2236,Ghaura Abheendra Mahabaduge,"Mahabaduge, Ghaura Abheendra",Sri Lanka,APMO,2019,Ghaura Abheendra Mahabaduge,"Mahabaduge, Ghaura Abheendra",Sri Lanka,LKA,LKA:2019:4,7,Honourable Mention,247,280,263.5,0.2660167131,359,same_country_exact,https://www.apmo-official.org/country_report/LKA/2019
2236,Ghaura Abheendra Mahabaduge,"Mahabaduge, Ghaura Abheendra",Sri Lanka,APMO,2020,Ghaura Abheendra Mahabaduge,"Mahabaduge, Ghaura Abheendra",Sri Lanka,LKA,LKA:2020:2,12,Bronze,195,199,197,0.4154302671,337,same_country_exact,https://www.apmo-official.org/country_report/LKA/2020
2237,Shithila Vibheetha Mahabaduge,"Mahabaduge, Shithila Vibheetha",Sri Lanka,APMO,2023,Shithila Vibheetha Mahabaduge,"Mahabaduge, Shithila Vibheetha",Sri Lanka,LKA,LKA:2023:1,5,None,227,235,231,0.3304347826,345,same_country_exact,https://www.apmo-official.org/country_report/LKA/2023
2238,Sanupa Bimsath Marapana,"Marapana, Sanupa Bimsath",Sri Lanka,APMO,2024,Sanupa Bimsath Marapana,"Marapana, Sanupa Bimsath",Sri Lanka,LKA,LKA:2024:7,0,None,346,355,350.5,0.0126760563,355,same_country_exact,https://www.apmo-official.org/country_report/LKA/2024
2240,Pathirannehelage Luchitha Disal Pathirana,"Pathirana, Pathirannehelage Luchitha Disal",Sri Lanka,APMO,2020,Luchitha Disal Pathirana,"Pathirana, Luchitha Disal",Sri Lanka,LKA,LKA:2020:9,0,None,321,337,329,0.0237388724,337,reviewed_alias,https://www.apmo-official.org/country_report/LKA/2020
2240,Pathirannehelage Luchitha Disal Pathirana,"Pathirana, Pathirannehelage Luchitha Disal",Sri Lanka,APMO,2021,Luchitha Disal Pathirana,"Pathirana, Luchitha Disal",Sri Lanka,LKA,LKA:2021:3,2,None,307,310,308.5,0.1031976744,344,reviewed_alias,https://www.apmo-official.org/country_report/LKA/2021
2240,Pathirannehelage Luchitha Disal Pathirana,"Pathirana, Pathirannehelage Luchitha Disal",Sri Lanka,APMO,2022,Luchitha Disal Pathirana,"Pathirana, Luchitha Disal",Sri Lanka,LKA,LKA:2022:4,8,Honourable Mention,224,243,233.5,0.2657232704,318,reviewed_alias,https://www.apmo-official.org/country_report/LKA/2022
2240,Pathirannehelage Luchitha Disal Pathirana,"Pathirana, Pathirannehelage Luchitha Disal",Sri Lanka,APMO,2023,Luchitha Disal Pathirana,"Pathirana, Luchitha Disal",Sri Lanka,LKA,LKA:2023:10,1,None,305,323,314,0.0898550725,345,reviewed_alias,https://www.apmo-official.org/country_report/LKA/2023
2241,Gonaduwage Maneth Banula Perera,"Perera, Gonaduwage Maneth Banula",Sri Lanka,APMO,2017,Maneth Perera,"Perera, Maneth",Sri Lanka,LKA,LKA:2017:5,3,None,289,296,292.5,0.171388102,353,reviewed_alias,https://www.apmo-official.org/country_report/LKA/2017
2241,Gonaduwage Maneth Banula Perera,"Perera, Gonaduwage Maneth Banula",Sri Lanka,APMO,2018,Maneth Perera,"Perera, Maneth",Sri Lanka,LKA,LKA:2018:2,7,Honourable Mention,243,293,268,0.2386363636,352,reviewed_alias,https://www.apmo-official.org/country_report/LKA/2018
2241,Gonaduwage Maneth Banula Perera,"Perera, Gonaduwage Maneth Banula",Sri Lanka,APMO,2019,Maneth Banula Perera,"Perera, Maneth Banula",Sri Lanka,LKA,LKA:2019:5,7,Honourable Mention,247,280,263.5,0.2660167131,359,reviewed_alias,https://www.apmo-official.org/country_report/LKA/2019
2241,Gonaduwage Maneth Banula Perera,"Perera, Gonaduwage Maneth Banula",Sri Lanka,APMO,2020,Maneth Banula Perera,"Perera, Maneth Banula",Sri Lanka,LKA,LKA:2020:1,14,Bronze,132,190,161,0.5222551929,337,reviewed_alias,https://www.apmo-official.org/country_report/LKA/2020
2250,Gunarooban Shanthithyan,"Shanthithyan, Gunarooban",Sri Lanka,APMO,2024,Shanthithyan Gunarooban,"Gunarooban, Shanthithyan",Sri Lanka,LKA,LKA:2024:5,7,Honourable Mention,276,311,293.5,0.1732394366,355,same_country_exact,https://www.apmo-official.org/country_report/LKA/2024
2253,Nadesamoorthy Sivamynthan,"Sivamynthan, Nadesamoorthy",Sri Lanka,APMO,2016,Nadesamoorthy Sivamynthan,"Sivamynthan, Nadesamoorthy",Sri Lanka,LKA,LKA:2016:5,3,None,251,291,271,0.1787878788,330,same_country_exact,https://www.apmo-official.org/country_report/LKA/2016
2253,Nadesamoorthy Sivamynthan,"Sivamynthan, Nadesamoorthy",Sri Lanka,APMO,2017,Nadesamoorthy Sivamynthan,"Sivamynthan, Nadesamoorthy",Sri Lanka,LKA,LKA:2017:8,1,None,312,341,326.5,0.0750708215,353,same_country_exact,https://www.apmo-official.org/country_report/LKA/2017
2253,Nadesamoorthy Sivamynthan,"Sivamynthan, Nadesamoorthy",Sri Lanka,APMO,2019,Nadesamurthy Sivamynthan,"Sivamynthan, Nadesamurthy",Sri Lanka,LKA,LKA:2019:9,1,None,322,348,335,0.0668523677,359,reviewed_alias,https://www.apmo-official.org/country_report/LKA/2019
2254,Thirukkumaran Theiventhiran,"Theiventhiran, Thirukkumaran",Sri Lanka,APMO,2021,Theiventhiran Thirukkumaran,"Thirukkumaran, Theiventhiran",Sri Lanka,LKA,LKA:2021:4,0,None,323,344,333.5,0.0305232558,344,same_country_exact,https://www.apmo-official.org/country_report/LKA/2021
2254,Thirukkumaran Theiventhiran,"Theiventhiran, Thirukkumaran",Sri Lanka,APMO,2024,Theiventhiran Thirukkumaran,"Thirukkumaran, Theiventhiran",Sri Lanka,LKA,LKA:2024:3,7,Honourable Mention,276,311,293.5,0.1732394366,355,same_country_exact,https://www.apmo-official.org/country_report/LKA/2024
2258,Thellabura Vithanachchige Nelushi Vithanachchi,"Vithanachchi, Thellabura Vithanachchige Nelushi",Sri Lanka,APMO,2018,Nelushi Vithanachchi,"Vithanachchi, Nelushi",Sri Lanka,LKA,LKA:2018:4,7,Honourable Mention,243,293,268,0.2386363636,352,reviewed_alias,https://www.apmo-official.org/country_report/LKA/2018
2258,Thellabura Vithanachchige Nelushi Vithanachchi,"Vithanachchi, Thellabura Vithanachchige Nelushi",Sri Lanka,APMO,2019,Nelushi Vithanachchi,"Vithanachchi, Nelushi",Sri Lanka,LKA,LKA:2019:2,8,Honourable Mention,226,246,236,0.3426183844,359,reviewed_alias,https://www.apmo-official.org/country_report/LKA/2019
2258,Thellabura Vithanachchige Nelushi Vithanachchi,"Vithanachchi, Thellabura Vithanachchige Nelushi",Sri Lanka,APMO,2020,Nelushi Vithanachchi,"Vithanachchi, Nelushi",Sri Lanka,LKA,LKA:2020:3,12,Bronze,195,199,197,0.4154302671,337,reviewed_alias,https://www.apmo-official.org/country_report/LKA/2020
2259,Chandhopama Thidas Bandara Wanasinghe,"Wanasinghe, Chandhopama Thidas Bandara",Sri Lanka,APMO,2020,Thidas Bandara Wanasinghe,"Wanasinghe, Thidas Bandara",Sri Lanka,LKA,LKA:2020:5,7,Honourable Mention,235,294,264.5,0.2151335312,337,reviewed_alias,https://www.apmo-official.org/country_report/LKA/2020
2259,Chandhopama Thidas Bandara Wanasinghe,"Wanasinghe, Chandhopama Thidas Bandara",Sri Lanka,APMO,2021,Thidas Bandara Wanasinghe,"Wanasinghe, Thidas Bandara",Sri Lanka,LKA,LKA:2021:1,7,Honourable Mention,219,283,251,0.2703488372,344,reviewed_alias,https://www.apmo-official.org/country_report/LKA/2021
2259,Chandhopama Thidas Bandara Wanasinghe,"Wanasinghe, Chandhopama Thidas Bandara",Sri Lanka,APMO,2022,Thidas Bandara Wanasinghe,"Wanasinghe, Thidas Bandara",Sri Lanka,LKA,LKA:2022:2,13,Bronze,176,186,181,0.4308176101,318,reviewed_alias,https://www.apmo-official.org/country_report/LKA/2022
2259,Chandhopama Thidas Bandara Wanasinghe,"Wanasinghe, Chandhopama Thidas Bandara",Sri Lanka,APMO,2023,Thidas Bandara Wanasinghe,"Wanasinghe, Thidas Bandara",Sri Lanka,LKA,LKA:2023:3,4,None,236,251,243.5,0.2942028986,345,reviewed_alias,https://www.apmo-official.org/country_report/LKA/2023
2260,Thenura Dilruk Wickramarathna,"Wickramarathna, Thenura Dilruk",Sri Lanka,APMO,2023,Thenura Dilruk Wickramarathna,"Wickramarathna, Thenura Dilruk",Sri Lanka,LKA,LKA:2023:7,2,None,284,304,294,0.147826087,345,same_country_exact,https://www.apmo-official.org/country_report/LKA/2023
2260,Thenura Dilruk Wickramarathna,"Wickramarathna, Thenura Dilruk",Sri Lanka,APMO,2024,Thenura Dilruk Wickramarathna,"Wickramarathna, Thenura Dilruk",Sri Lanka,LKA,LKA:2024:6,4,None,320,323,321.5,0.0943661972,355,same_country_exact,https://www.apmo-official.org/country_report/LKA/2024
2269,Chi-An Chang,"Chang, Chi-An",Taiwan,APMO,2023,Chi-An Chang,"Chang, Chi-An",Taiwan,TWN,TWN:2023:6,20,Bronze,69,77,73,0.7884057971,345,same_country_exact,https://www.apmo-official.org/country_report/TWN/2023
2269,Chi-An Chang,"Chang, Chi-An",Taiwan,APMO,2024,Chi-An Chang,"Chang, Chi-An",Taiwan,TWN,TWN:2024:1,21,Gold,22,44,33,0.9070422535,355,same_country_exact,https://www.apmo-official.org/country_report/TWN/2024
2274,Heng-Yu Chang,"Chang, Heng-Yu",Taiwan,APMO,2017,Heng-Yu Chang,"Chang, Heng-Yu",Taiwan,TWN,TWN:2017:8,21,Honourable Mention,90,118,104,0.7053824363,353,same_country_exact,https://www.apmo-official.org/country_report/TWN/2017
2278,Po-Shen Chang,"Chang, Po-Shen",Taiwan,APMO,2022,Po-Shen Chang,"Chang, Po-Shen",Taiwan,TWN,TWN:2022:7,21,Bronze,46,65,55.5,0.8254716981,318,same_country_exact,https://www.apmo-official.org/country_report/TWN/2022
2278,Po-Shen Chang,"Chang, Po-Shen",Taiwan,APMO,2023,Po-Shen Chang,"Chang, Po-Shen",Taiwan,TWN,TWN:2023:5,21,Bronze,59,68,63.5,0.815942029,345,same_country_exact,https://www.apmo-official.org/country_report/TWN/2023
2289,Alice Chen,"Chen, Alice",Taiwan,APMO,2025,Alice Chen,"Chen, Alice",Taiwan,TWN,TWN:2025:6,15,Bronze,152,171,161.5,0.5179104478,335,same_country_exact,https://www.apmo-official.org/country_report/TWN/2025
2309,Pai-Li Cheng,"Cheng, Pai-Li",Taiwan,APMO,2020,PAI-LI CHENG,"CHENG, PAI-LI",Taiwan,TWN,TWN:2020:9,16,Honourable Mention,72,114,93,0.7240356083,337,same_country_exact,https://www.apmo-official.org/country_report/TWN/2020
2309,Pai-Li Cheng,"Cheng, Pai-Li",Taiwan,APMO,2021,PAI-LI CHENG,"CHENG, PAI-LI",Taiwan,TWN,TWN:2021:1,23,Gold,24,27,25.5,0.925872093,344,same_country_exact,https://www.apmo-official.org/country_report/TWN/2021
2310,Tien-Sheng Cheng,"Cheng, Tien-Sheng",Taiwan,APMO,2018,Tien-Sheng Cheng,"Cheng, Tien-Sheng",Taiwan,TWN,TWN:2018:8,18,Honourable Mention,92,104,98,0.7215909091,352,same_country_exact,https://www.apmo-official.org/country_report/TWN/2018
2310,Tien-Sheng Cheng,"Cheng, Tien-Sheng",Taiwan,APMO,2019,TIEN-SHENG CHENG,"CHENG, TIEN-SHENG",Taiwan,TWN,TWN:2019:5,16,Bronze,76,94,85,0.7632311978,359,same_country_exact,https://www.apmo-official.org/country_report/TWN/2019
2334,Yen-Kang Fu,"Fu, Yen-Kang",Taiwan,APMO,2018,Yen-Kang Fu,"Fu, Yen-Kang",Taiwan,TWN,TWN:2018:7,19,Bronze,84,91,87.5,0.7514204545,352,same_country_exact,https://www.apmo-official.org/country_report/TWN/2018
2337,Ming Hsiao,"Hsiao, Ming",Taiwan,APMO,2019,MING HSIAO,"HSIAO, MING",Taiwan,TWN,TWN:2019:3,16,Silver,76,94,85,0.7632311978,359,same_country_exact,https://www.apmo-official.org/country_report/TWN/2019
2341,Wei-Hsuan Hsin,"Hsin, Wei-Hsuan",Taiwan,APMO,2021,WEI-HSUAN HSIN,"HSIN, WEI-HSUAN",Taiwan,TWN,TWN:2021:2,21,Silver,33,49,41,0.8808139535,344,same_country_exact,https://www.apmo-official.org/country_report/TWN/2021
2341,Wei-Hsuan Hsin,"Hsin, Wei-Hsuan",Taiwan,APMO,2022,Wei-Hsuan Hsin,"Hsin, Wei-Hsuan",Taiwan,TWN,TWN:2022:4,23,Bronze,34,37,35.5,0.8883647799,318,same_country_exact,https://www.apmo-official.org/country_report/TWN/2022
2349,Ting-Cheng Hsu,"Hsu, Ting-Cheng",Taiwan,APMO,2025,Ting-Cheng Hsu,"Hsu, Ting-Cheng",Taiwan,TWN,TWN:2025:1,22,Silver,52,74,63,0.8119402985,335,same_country_exact,https://www.apmo-official.org/country_report/TWN/2025
2349,Ting-Cheng Hsu,"Hsu, Ting-Cheng",Taiwan,APMO,2026,Ting-Cheng Hsu,"Hsu, Ting-Cheng",Taiwan,TWN,TWN:2026:8,17,Honourable Mention,122,128,125,0.685138539,397,same_country_exact,https://www.apmo-official.org/country_report/TWN/2026
2350,Ting-Wei Hsu,"Hsu, Ting-Wei",Taiwan,APMO,2017,Ting-Wei HSU,"HSU, Ting-Wei",Taiwan,TWN,TWN:2017:10,21,Honourable Mention,90,118,104,0.7053824363,353,same_country_exact,https://www.apmo-official.org/country_report/TWN/2017
2354,Yu-Cheng Hu,"Hu, Yu-Cheng",Taiwan,APMO,2026,Yu-Cheng Hu,"Hu, Yu-Cheng",Taiwan,TWN,TWN:2026:6,18,Bronze,108,121,114.5,0.7115869018,397,same_country_exact,https://www.apmo-official.org/country_report/TWN/2026
2358,Bo-Cheng Huang,"Huang, Bo-Cheng",Taiwan,APMO,2023,Bo-Cheng Huang,"Huang, Bo-Cheng",Taiwan,TWN,TWN:2023:1,28,Gold,22,30,26,0.9246376812,345,same_country_exact,https://www.apmo-official.org/country_report/TWN/2023
2358,Bo-Cheng Huang,"Huang, Bo-Cheng",Taiwan,APMO,2025,Bo Cheng Huang,"Huang, Bo Cheng",Taiwan,TWN,TWN:2025:4,21,Bronze,75,127,101,0.6985074627,335,same_country_exact,https://www.apmo-official.org/country_report/TWN/2025
2366,Qi-Zhun Huang,"Huang, Qi-Zhun",Taiwan,APMO,2026,Qi-Zhun Huang,"Huang, Qi-Zhun",Taiwan,TWN,TWN:2026:3,21,Silver,60,93,76.5,0.8073047859,397,same_country_exact,https://www.apmo-official.org/country_report/TWN/2026
2400,Chia-Ray Lee,"Lee, Chia-Ray",Taiwan,APMO,2025,Chia-Ray Lee,"Lee, Chia-Ray",Taiwan,TWN,TWN:2025:2,21,Silver,75,127,101,0.6985074627,335,same_country_exact,https://www.apmo-official.org/country_report/TWN/2025
2434,Te-Cheng Liu,"Liu, Te-Cheng",Taiwan,APMO,2019,TE-CHENG LIU,"LIU, TE-CHENG",Taiwan,TWN,TWN:2019:9,14,Honourable Mention,123,177,150,0.5821727019,359,same_country_exact,https://www.apmo-official.org/country_report/TWN/2019
2434,Te-Cheng Liu,"Liu, Te-Cheng",Taiwan,APMO,2020,TE-CHENG LIU,"LIU, TE-CHENG",Taiwan,TWN,TWN:2020:6,16,Bronze,72,114,93,0.7240356083,337,same_country_exact,https://www.apmo-official.org/country_report/TWN/2020
2446,Yu-Chen Ma,"Ma, Yu-Chen",Taiwan,APMO,2026,Yu-Chen Ma,"Ma, Yu-Chen",Taiwan,TWN,TWN:2026:1,25,Gold,39,43,41,0.8967254408,397,same_country_exact,https://www.apmo-official.org/country_report/TWN/2026
2449,Yu-Jui Pan,"Pan, Yu-Jui",Taiwan,APMO,2026,Yu-Jui Pan,"Pan, Yu-Jui",Taiwan,TWN,TWN:2026:7,17,Bronze,122,128,125,0.685138539,397,same_country_exact,https://www.apmo-official.org/country_report/TWN/2026
2457,Yu-Sheng Shih,"Shih, Yu-Sheng",Taiwan,APMO,2018,Yu-Sheng Shih,"Shih, Yu-Sheng",Taiwan,TWN,TWN:2018:5,21,Bronze,56,74,65,0.8153409091,352,same_country_exact,https://www.apmo-official.org/country_report/TWN/2018
2475,Wei-Fu Tseng,"Tseng, Wei-Fu",Taiwan,APMO,2021,WEI-FU TSENG,"TSENG, WEI-FU",Taiwan,TWN,TWN:2021:7,16,Bronze,87,95,91,0.7354651163,344,same_country_exact,https://www.apmo-official.org/country_report/TWN/2021
2485,Shih-Yu Wang,"Wang, Shih-Yu",Taiwan,APMO,2016,Shih-Yu Wang,"Wang, Shih-Yu",Taiwan,TWN,TWN:2016:8,16,Honourable Mention,108,115,111.5,0.6621212121,330,same_country_exact,https://www.apmo-official.org/country_report/TWN/2016
2485,Shih-Yu Wang,"Wang, Shih-Yu",Taiwan,APMO,2017,Shih-Yu Wang,"Wang, Shih-Yu",Taiwan,TWN,TWN:2017:7,21,Bronze,90,118,104,0.7053824363,353,same_country_exact,https://www.apmo-official.org/country_report/TWN/2017
2485,Shih-Yu Wang,"Wang, Shih-Yu",Taiwan,APMO,2018,Shih-Yu Wang,"Wang, Shih-Yu",Taiwan,TWN,TWN:2018:1,28,Gold,16,30,23,0.9346590909,352,same_country_exact,https://www.apmo-official.org/country_report/TWN/2018
2485,Shih-Yu Wang,"Wang, Shih-Yu",Taiwan,APMO,2019,SHIH-YU WANG,"WANG, SHIH-YU",Taiwan,TWN,TWN:2019:2,17,Silver,61,75,68,0.8105849582,359,same_country_exact,https://www.apmo-official.org/country_report/TWN/2019
2502,Po-Han Wu,"Wu, Po-Han",Taiwan,APMO,2021,PO-HAN WU,"WU, PO-HAN",Taiwan,TWN,TWN:2021:5,18,Bronze,72,79,75.5,0.7805232558,344,same_country_exact,https://www.apmo-official.org/country_report/TWN/2021
2502,Po-Han Wu,"Wu, Po-Han",Taiwan,APMO,2022,Po-Han Wu,"Wu, Po-Han",Taiwan,TWN,TWN:2022:2,24,Silver,30,33,31.5,0.9009433962,318,same_country_exact,https://www.apmo-official.org/country_report/TWN/2022
2504,Ssu-Chien Wu,"Wu, Ssu-Chien",Taiwan,APMO,2026,Ssu-Chien Wu,"Wu, Ssu-Chien",Taiwan,TWN,TWN:2026:2,21,Silver,60,93,76.5,0.8073047859,397,same_country_exact,https://www.apmo-official.org/country_report/TWN/2026
2519,Hung-Hsun Yu,"Yu, Hung-Hsun",Taiwan,APMO,2016,Hung-Hsun Yu,"Yu, Hung-Hsun",Taiwan,TWN,TWN:2016:1,31,Gold,15,17,16,0.9515151515,330,same_country_exact,https://www.apmo-official.org/country_report/TWN/2016
2519,Hung-Hsun Yu,"Yu, Hung-Hsun",Taiwan,APMO,2017,Hung-Hsun Yu,"Yu, Hung-Hsun",Taiwan,TWN,TWN:2017:1,29,Gold,4,32,18,0.9490084986,353,same_country_exact,https://www.apmo-official.org/country_report/TWN/2017
2524,Hsin-Te Yuan,"Yuan, Hsin-Te",Taiwan,APMO,2018,Hsin-Te Yuan,"Yuan, Hsin-Te",Taiwan,TWN,TWN:2018:6,21,Bronze,56,74,65,0.8153409091,352,same_country_exact,https://www.apmo-official.org/country_report/TWN/2018
2528,Komron Abdulloev,"Abdulloev, Komron",Tajikistan,APMO,2018,Komron Abdulloev,"Abdulloev, Komron",Tajikistan,TJK,TJK:2018:1,10,Honourable Mention,216,221,218.5,0.3792613636,352,same_country_exact,https://www.apmo-official.org/country_report/TJK/2018
2529,Abdurauf Zinatulloevich Abdurasulov,"Abdurasulov, Abdurauf Zinatulloevich",Tajikistan,APMO,2023,Abdurauf Abdurasulov,"Abdurasulov, Abdurauf",Tajikistan,TJK,TJK:2023:8,2,None,284,304,294,0.147826087,345,same_country_exact,https://www.apmo-official.org/country_report/TJK/2023
2530,Parvizjon Aliev,"Aliev, Parvizjon",Tajikistan,APMO,2018,Parviz Aliev,"Aliev, Parviz",Tajikistan,TJK,TJK:2018:5,7,Honourable Mention,243,293,268,0.2386363636,352,reviewed_alias,https://www.apmo-official.org/country_report/TJK/2018
2532,Bezhan Asoev,"Asoev, Bezhan",Tajikistan,APMO,2022,Bejan Asoev,"Asoev, Bejan",Tajikistan,TJK,TJK:2022:9,7,None,244,263,253.5,0.2028301887,318,reviewed_alias,https://www.apmo-official.org/country_report/TJK/2022
2533,Sohibjon Avgonov,"Avgonov, Sohibjon",Tajikistan,APMO,2019,Sohibjon Avgonov,"Avgonov, Sohibjon",Tajikistan,TJK,TJK:2019:3,11,Bronze,197,206,201.5,0.438718663,359,same_country_exact,https://www.apmo-official.org/country_report/TJK/2019
2534,Alisher Azimov,"Azimov, Alisher",Tajikistan,APMO,2019,Alisher Azimov,"Azimov, Alisher",Tajikistan,TJK,TJK:2019:9,7,Honourable Mention,247,280,263.5,0.2660167131,359,same_country_exact,https://www.apmo-official.org/country_report/TJK/2019
2537,Muhammadjon Boboev,"Boboev, Muhammadjon",Tajikistan,APMO,2016,Muhammad Boboev,"Boboev, Muhammad",Tajikistan,TJK,TJK:2016:5,7,Honourable Mention,204,218,211,0.3606060606,330,reviewed_alias,https://www.apmo-official.org/country_report/TJK/2016
2537,Muhammadjon Boboev,"Boboev, Muhammadjon",Tajikistan,APMO,2017,Muhammad Boboev,"Boboev, Muhammad",Tajikistan,TJK,TJK:2017:9,7,Honourable Mention,247,280,263.5,0.2535410765,353,reviewed_alias,https://www.apmo-official.org/country_report/TJK/2017
2538,Mekhron Bobokhonov,"Bobokhonov, Mekhron",Tajikistan,APMO,2016,Mehron Bobokhonov,"Bobokhonov, Mehron",Tajikistan,TJK,TJK:2016:1,14,Bronze,127,148,137.5,0.5833333333,330,reviewed_alias,https://www.apmo-official.org/country_report/TJK/2016
2538,Mekhron Bobokhonov,"Bobokhonov, Mekhron",Tajikistan,APMO,2017,Mekhron Bobokhonov,"Bobokhonov, Mekhron",Tajikistan,TJK,TJK:2017:1,21,Silver,90,118,104,0.7053824363,353,same_country_exact,https://www.apmo-official.org/country_report/TJK/2017
2538,Mekhron Bobokhonov,"Bobokhonov, Mekhron",Tajikistan,APMO,2018,Mekron Bobokhonov,"Bobokhonov, Mekron",Tajikistan,TJK,TJK:2018:2,9,Honourable Mention,222,226,224,0.3636363636,352,reviewed_alias,https://www.apmo-official.org/country_report/TJK/2018
2539,Anisa Burieva,"Burieva, Anisa",Tajikistan,APMO,2023,Anisa Burieva,"Burieva, Anisa",Tajikistan,TJK,TJK:2023:3,7,Honourable Mention,183,213,198,0.4260869565,345,same_country_exact,https://www.apmo-official.org/country_report/TJK/2023
2540,Raufdzhon Dadabaev,"Dadabaev, Raufdzhon",Tajikistan,APMO,2020,Raufjon Dadabaev,"Dadabaev, Raufjon",Tajikistan,TJK,TJK:2020:5,10,Honourable Mention,206,216,211,0.3738872404,337,reviewed_alias,https://www.apmo-official.org/country_report/TJK/2020
2540,Raufdzhon Dadabaev,"Dadabaev, Raufdzhon",Tajikistan,APMO,2021,Raufdzhon Dadabaev,"Dadabaev, Raufdzhon",Tajikistan,TJK,TJK:2021:9,7,Honourable Mention,219,283,251,0.2703488372,344,same_country_exact,https://www.apmo-official.org/country_report/TJK/2021
2540,Raufdzhon Dadabaev,"Dadabaev, Raufdzhon",Tajikistan,APMO,2022,Raufjon Dadabaev,"Dadabaev, Raufjon",Tajikistan,TJK,TJK:2022:2,15,Bronze,145,152,148.5,0.5330188679,318,reviewed_alias,https://www.apmo-official.org/country_report/TJK/2022
2542,Azamat Dushanov,"Dushanov, Azamat",Tajikistan,APMO,2022,Azamat Dushanov,"Dushanov, Azamat",Tajikistan,TJK,TJK:2022:5,14,Bronze,153,175,164,0.4842767296,318,same_country_exact,https://www.apmo-official.org/country_report/TJK/2022
2542,Azamat Dushanov,"Dushanov, Azamat",Tajikistan,APMO,2023,Azamat Dushanov,"Dushanov, Azamat",Tajikistan,TJK,TJK:2023:1,7,Honourable Mention,183,213,198,0.4260869565,345,same_country_exact,https://www.apmo-official.org/country_report/TJK/2023
2543,Bezhan Gulov,"Gulov, Bezhan",Tajikistan,APMO,2020,Bezhan Gulov,"Gulov, Bezhan",Tajikistan,TJK,TJK:2020:6,9,Honourable Mention,217,226,221.5,0.3427299703,337,same_country_exact,https://www.apmo-official.org/country_report/TJK/2020
2546,Mashraf Inomov,"Inomov, Mashraf",Tajikistan,APMO,2024,Mashrafjon Inomov,"Inomov, Mashrafjon",Tajikistan,TJK,TJK:2024:2,7,Honourable Mention,276,311,293.5,0.1732394366,355,reviewed_alias,https://www.apmo-official.org/country_report/TJK/2024
2550,Sino Khairidinov,"Khairidinov, Sino",Tajikistan,APMO,2019,Sino Khairidinov,"Khairidinov, Sino",Tajikistan,TJK,TJK:2019:10,7,Honourable Mention,247,280,263.5,0.2660167131,359,same_country_exact,https://www.apmo-official.org/country_report/TJK/2019
2550,Sino Khairidinov,"Khairidinov, Sino",Tajikistan,APMO,2020,Sino Khairidinov,"Khairidinov, Sino",Tajikistan,TJK,TJK:2020:4,14,Bronze,132,190,161,0.5222551929,337,same_country_exact,https://www.apmo-official.org/country_report/TJK/2020
2550,Sino Khairidinov,"Khairidinov, Sino",Tajikistan,APMO,2021,Sino Khayridinov,"Khayridinov, Sino",Tajikistan,TJK,TJK:2021:6,14,Bronze,104,149,126.5,0.6322674419,344,reviewed_alias,https://www.apmo-official.org/country_report/TJK/2021
2551,Ibrohim Khalifaev,"Khalifaev, Ibrohim",Tajikistan,APMO,2026,Khalifaev Ibrohim,"Ibrohim, Khalifaev",Tajikistan,TJK,TJK:2026:9,7,Honourable Mention,273,352,312.5,0.2128463476,397,same_country_exact,https://www.apmo-official.org/country_report/TJK/2026
2552,Abdurauf Khatamov,"Khatamov, Abdurauf",Tajikistan,APMO,2019,Abdurauf Khatamov,"Khatamov, Abdurauf",Tajikistan,TJK,TJK:2019:7,7,Honourable Mention,247,280,263.5,0.2660167131,359,same_country_exact,https://www.apmo-official.org/country_report/TJK/2019
2552,Abdurauf Khatamov,"Khatamov, Abdurauf",Tajikistan,APMO,2020,Abdurauf Khatamov,"Khatamov, Abdurauf",Tajikistan,TJK,TJK:2020:8,7,Honourable Mention,235,294,264.5,0.2151335312,337,same_country_exact,https://www.apmo-official.org/country_report/TJK/2020
2552,Abdurauf Khatamov,"Khatamov, Abdurauf",Tajikistan,APMO,2021,Abdurauf Khatamov,"Khatamov, Abdurauf",Tajikistan,TJK,TJK:2021:7,7,Honourable Mention,219,283,251,0.2703488372,344,same_country_exact,https://www.apmo-official.org/country_report/TJK/2021
2553,Doriush Khayridinov,"Khayridinov, Doriush",Tajikistan,APMO,2022,Doriush Khayridinov,"Khayridinov, Doriush",Tajikistan,TJK,TJK:2022:3,14,Bronze,153,175,164,0.4842767296,318,same_country_exact,https://www.apmo-official.org/country_report/TJK/2022
2554,Naimdzhon Khondzhonov,"Khondzhonov, Naimdzhon",Tajikistan,APMO,2017,Naimdzhon Khonddzhonov,"Khonddzhonov, Naimdzhon",Tajikistan,TJK,TJK:2017:2,10,Honourable Mention,194,205,199.5,0.4348441926,353,reviewed_alias,https://www.apmo-official.org/country_report/TJK/2017
2554,Naimdzhon Khondzhonov,"Khondzhonov, Naimdzhon",Tajikistan,APMO,2019,Naimdzhon Khondzhonov,"Khondzhonov, Naimdzhon",Tajikistan,TJK,TJK:2019:1,15,Silver,95,122,108.5,0.6977715877,359,same_country_exact,https://www.apmo-official.org/country_report/TJK/2019
2555,Bakhtovari Khotami,"Khotami, Bakhtovari",Tajikistan,APMO,2018,Bakhtovar Khotami,"Khotami, Bakhtovar",Tajikistan,TJK,TJK:2018:4,7,Honourable Mention,243,293,268,0.2386363636,352,reviewed_alias,https://www.apmo-official.org/country_report/TJK/2018
2559,Muhammadiqbol Mahmadov,"Mahmadov, Muhammadiqbol",Tajikistan,APMO,2025,Muhammadikbol Mahmadov,"Mahmadov, Muhammadikbol",Tajikistan,TJK,TJK:2025:5,7,Honourable Mention,258,276,267,0.2029850746,335,reviewed_alias,https://www.apmo-official.org/country_report/TJK/2025
2560,Emomalijon Murodzoda,"Murodzoda, Emomalijon",Tajikistan,APMO,2020,Emomalijon Murodzoda,"Murodzoda, Emomalijon",Tajikistan,TJK,TJK:2020:10,7,Honourable Mention,235,294,264.5,0.2151335312,337,same_country_exact,https://www.apmo-official.org/country_report/TJK/2020
2560,Emomalijon Murodzoda,"Murodzoda, Emomalijon",Tajikistan,APMO,2021,Emomalijon Murodzoda,"Murodzoda, Emomalijon",Tajikistan,TJK,TJK:2021:8,7,Honourable Mention,219,283,251,0.2703488372,344,same_country_exact,https://www.apmo-official.org/country_report/TJK/2021
2560,Emomalijon Murodzoda,"Murodzoda, Emomalijon",Tajikistan,APMO,2022,Emomalijon Murodzoda,"Murodzoda, Emomalijon",Tajikistan,TJK,TJK:2022:4,14,Bronze,153,175,164,0.4842767296,318,same_country_exact,https://www.apmo-official.org/country_report/TJK/2022
2561,Farahnoz Normurodzoda,"Normurodzoda, Farahnoz",Tajikistan,APMO,2022,Farahnoz Normurodzoda,"Normurodzoda, Farahnoz",Tajikistan,TJK,TJK:2022:8,7,None,244,263,253.5,0.2028301887,318,same_country_exact,https://www.apmo-official.org/country_report/TJK/2022
2563,Vazirdzhon Pirov,"Pirov, Vazirdzhon",Tajikistan,APMO,2020,Vazirdzon Pirov,"Pirov, Vazirdzon",Tajikistan,TJK,TJK:2020:1,21,Gold,25,37,31,0.9080118694,337,reviewed_alias,https://www.apmo-official.org/country_report/TJK/2020
2563,Vazirdzhon Pirov,"Pirov, Vazirdzhon",Tajikistan,APMO,2021,Vazirdzhon Pirov,"Pirov, Vazirdzhon",Tajikistan,TJK,TJK:2021:2,14,Bronze,104,149,126.5,0.6322674419,344,same_country_exact,https://www.apmo-official.org/country_report/TJK/2021
2566,Sunatullo Rakhmatov,"Rakhmatov, Sunatullo",Tajikistan,APMO,2016,Sunatullo Rakhmatov,"Rakhmatov, Sunatullo",Tajikistan,TJK,TJK:2016:3,10,Bronze,171,186,178.5,0.4590909091,330,same_country_exact,https://www.apmo-official.org/country_report/TJK/2016
2566,Sunatullo Rakhmatov,"Rakhmatov, Sunatullo",Tajikistan,APMO,2017,Sunatullo Rakhmatov,"Rakhmatov, Sunatullo",Tajikistan,TJK,TJK:2017:4,8,Honourable Mention,219,246,232.5,0.3413597734,353,same_country_exact,https://www.apmo-official.org/country_report/TJK/2017
2566,Sunatullo Rakhmatov,"Rakhmatov, Sunatullo",Tajikistan,APMO,2018,Sunatullo Rakhmatov,"Rakhmatov, Sunatullo",Tajikistan,TJK,TJK:2018:9,7,Honourable Mention,243,293,268,0.2386363636,352,same_country_exact,https://www.apmo-official.org/country_report/TJK/2018
2567,Alisher Rogov,"Rogov, Alisher",Tajikistan,APMO,2016,Alisher Rogov,"Rogov, Alisher",Tajikistan,TJK,TJK:2016:9,3,None,251,291,271,0.1787878788,330,same_country_exact,https://www.apmo-official.org/country_report/TJK/2016
2568,Jamshed Rustamov,"Rustamov, Jamshed",Tajikistan,APMO,2019,Jamshed Rustamov,"Rustamov, Jamshed",Tajikistan,TJK,TJK:2019:5,8,Honourable Mention,226,246,236,0.3426183844,359,same_country_exact,https://www.apmo-official.org/country_report/TJK/2019
2568,Jamshed Rustamov,"Rustamov, Jamshed",Tajikistan,APMO,2020,Jamshed Rustamov,"Rustamov, Jamshed",Tajikistan,TJK,TJK:2020:2,14,Bronze,132,190,161,0.5222551929,337,same_country_exact,https://www.apmo-official.org/country_report/TJK/2020
2568,Jamshed Rustamov,"Rustamov, Jamshed",Tajikistan,APMO,2021,Jamshed Rustamov,"Rustamov, Jamshed",Tajikistan,TJK,TJK:2021:3,14,Bronze,104,149,126.5,0.6322674419,344,same_country_exact,https://www.apmo-official.org/country_report/TJK/2021
2571,Muhammadidris Saymuhudinzoda,"Saymuhudinzoda, Muhammadidris",Tajikistan,APMO,2024,Muhammadidris Saimuhudinzoda,"Saimuhudinzoda, Muhammadidris",Tajikistan,TJK,TJK:2024:3,7,Honourable Mention,276,311,293.5,0.1732394366,355,reviewed_alias,https://www.apmo-official.org/country_report/TJK/2024
2571,Muhammadidris Saymuhudinzoda,"Saymuhudinzoda, Muhammadidris",Tajikistan,APMO,2025,Muhammadidris Saimuhudinzoda,"Saimuhudinzoda, Muhammadidris",Tajikistan,TJK,TJK:2025:4,7,Honourable Mention,258,276,267,0.2029850746,335,reviewed_alias,https://www.apmo-official.org/country_report/TJK/2025
2571,Muhammadidris Saymuhudinzoda,"Saymuhudinzoda, Muhammadidris",Tajikistan,APMO,2026,Muhammadidris Saimuhudinzoda,"Saimuhudinzoda, Muhammadidris",Tajikistan,TJK,TJK:2026:2,23,Silver,50,54,52,0.8690176322,397,reviewed_alias,https://www.apmo-official.org/country_report/TJK/2026
2574,Sino Sharopov,"Sharopov, Sino",Tajikistan,APMO,2024,Sino Sharopov,"Sharopov, Sino",Tajikistan,TJK,TJK:2024:8,2,None,328,341,334.5,0.0577464789,355,same_country_exact,https://www.apmo-official.org/country_report/TJK/2024
2574,Sino Sharopov,"Sharopov, Sino",Tajikistan,APMO,2025,Sino Sharopov,"Sharopov, Sino",Tajikistan,TJK,TJK:2025:7,4,None,289,295,292,0.128358209,335,same_country_exact,https://www.apmo-official.org/country_report/TJK/2025
2575,Muhammadrasul Shernazarov,"Shernazarov, Muhammadrasul",Tajikistan,APMO,2023,Muhammadrasul Shernazarov,"Shernazarov, Muhammadrasul",Tajikistan,TJK,TJK:2023:10,2,None,284,304,294,0.147826087,345,same_country_exact,https://www.apmo-official.org/country_report/TJK/2023
2575,Muhammadrasul Shernazarov,"Shernazarov, Muhammadrasul",Tajikistan,APMO,2024,Muhamahammadrasul Shernazarov,"Shernazarov, Muhamahammadrasul",Tajikistan,TJK,TJK:2024:4,7,Honourable Mention,276,311,293.5,0.1732394366,355,reviewed_alias,https://www.apmo-official.org/country_report/TJK/2024
2577,Olimdzhon Tukhtarov,"Tukhtarov, Olimdzhon",Tajikistan,APMO,2023,Olimjon Tukhtarov,"Tukhtarov, Olimjon",Tajikistan,TJK,TJK:2023:2,7,Honourable Mention,183,213,198,0.4260869565,345,reviewed_alias,https://www.apmo-official.org/country_report/TJK/2023
2577,Olimdzhon Tukhtarov,"Tukhtarov, Olimdzhon",Tajikistan,APMO,2025,Olimdzhon Tukhtarov,"Tukhtarov, Olimdzhon",Tajikistan,TJK,TJK:2025:1,21,Silver,75,127,101,0.6985074627,335,same_country_exact,https://www.apmo-official.org/country_report/TJK/2025
2577,Olimdzhon Tukhtarov,"Tukhtarov, Olimdzhon",Tajikistan,APMO,2026,Olimdzhon Tuhtarov,"Tuhtarov, Olimdzhon",Tajikistan,TJK,TJK:2026:1,24,Gold,44,49,46.5,0.8828715365,397,reviewed_alias,https://www.apmo-official.org/country_report/TJK/2026
2578,Dzhakhongir Urakov,"Urakov, Dzhakhongir",Tajikistan,APMO,2018,Jakhongir Urakov,"Urakov, Jakhongir",Tajikistan,TJK,TJK:2018:6,7,Honourable Mention,243,293,268,0.2386363636,352,reviewed_alias,https://www.apmo-official.org/country_report/TJK/2018
2579,Abubakr Usmanov,"Usmanov, Abubakr",Tajikistan,APMO,2017,Abubakr Usmonov,"Usmonov, Abubakr",Tajikistan,TJK,TJK:2017:3,8,Honourable Mention,219,246,232.5,0.3413597734,353,reviewed_alias,https://www.apmo-official.org/country_report/TJK/2017
2580,Timur Usmonov,"Usmonov, Timur",Tajikistan,APMO,2021,Timur Usmonov,"Usmonov, Timur",Tajikistan,TJK,TJK:2021:10,7,Honourable Mention,219,283,251,0.2703488372,344,same_country_exact,https://www.apmo-official.org/country_report/TJK/2021
2580,Timur Usmonov,"Usmonov, Timur",Tajikistan,APMO,2022,Timur Usmonov,"Usmonov, Timur",Tajikistan,TJK,TJK:2022:1,16,Bronze,134,144,139,0.5628930818,318,same_country_exact,https://www.apmo-official.org/country_report/TJK/2022
2580,Timur Usmonov,"Usmonov, Timur",Tajikistan,APMO,2023,Timur Usmonov,"Usmonov, Timur",Tajikistan,TJK,TJK:2023:4,7,Honourable Mention,183,213,198,0.4260869565,345,same_country_exact,https://www.apmo-official.org/country_report/TJK/2023
2581,Mehrubon Yusupov,"Yusupov, Mehrubon",Tajikistan,APMO,2024,Mehrubon Yusupov,"Yusupov, Mehrubon",Tajikistan,TJK,TJK:2024:7,2,None,328,341,334.5,0.0577464789,355,same_country_exact,https://www.apmo-official.org/country_report/TJK/2024
2581,Mehrubon Yusupov,"Yusupov, Mehrubon",Tajikistan,APMO,2026,Yusupov Mehrubon,"Mehrubon, Yusupov",Tajikistan,TJK,TJK:2026:4,10,Honourable Mention,214,228,221,0.443324937,397,same_country_exact,https://www.apmo-official.org/country_report/TJK/2026
2585,Nathanon Akkaraphab,"Akkaraphab, Nathanon",Thailand,APMO,2017,Nathanon Akkaraphab,"Akkaraphab, Nathanon",Thailand,THA,THA:2017:6,28,Bronze,33,57,45,0.8725212465,353,same_country_exact,https://www.apmo-official.org/country_report/THA/2017
2588,Nithid Anchaleenukoon,"Anchaleenukoon, Nithid",Thailand,APMO,2019,Nithid Anchaleenukoon,"Anchaleenukoon, Nithid",Thailand,THA,THA:2019:9,16,Honourable Mention,76,94,85,0.7632311978,359,same_country_exact,https://www.apmo-official.org/country_report/THA/2019
2588,Nithid Anchaleenukoon,"Anchaleenukoon, Nithid",Thailand,APMO,2020,Nithid Anchaleenukoon,"Anchaleenukoon, Nithid",Thailand,THA,THA:2020:4,18,Bronze,43,55,49,0.8545994065,337,same_country_exact,https://www.apmo-official.org/country_report/THA/2020
2588,Nithid Anchaleenukoon,"Anchaleenukoon, Nithid",Thailand,APMO,2021,Nithid Anchaleenukoon,"Anchaleenukoon, Nithid",Thailand,THA,THA:2021:1,24,Gold,21,23,22,0.9360465116,344,same_country_exact,https://www.apmo-official.org/country_report/THA/2021
2595,Parapim Attahakul,"Attahakul, Parapim",Thailand,APMO,2020,Parapim Attahakul,"Attahakul, Parapim",Thailand,THA,THA:2020:10,15,Honourable Mention,115,131,123,0.6350148368,337,same_country_exact,https://www.apmo-official.org/country_report/THA/2020
2603,Krit Boonsiriseth,"Boonsiriseth, Krit",Thailand,APMO,2016,Krit Boonsiriseth,"Boonsiriseth, Krit",Thailand,THA,THA:2016:5,17,Bronze,92,107,99.5,0.6984848485,330,same_country_exact,https://www.apmo-official.org/country_report/THA/2016
2603,Krit Boonsiriseth,"Boonsiriseth, Krit",Thailand,APMO,2017,Krit Boonsiriseth,"Boonsiriseth, Krit",Thailand,THA,THA:2017:2,29,Silver,4,32,18,0.9490084986,353,same_country_exact,https://www.apmo-official.org/country_report/THA/2017
2606,Chesphongphach Buranasilp,"Buranasilp, Chesphongphach",Thailand,APMO,2016,Chesphongphach Buranasilp,"Buranasilp, Chesphongphach",Thailand,THA,THA:2016:3,19,Silver,80,88,84,0.7454545455,330,same_country_exact,https://www.apmo-official.org/country_report/THA/2016
2612,Ethan Chen,"Chen, Ethan",Thailand,APMO,2025,Ethan Chen,"Chen, Ethan",Thailand,THA,THA:2025:9,15,Honourable Mention,152,171,161.5,0.5179104478,335,same_country_exact,https://www.apmo-official.org/country_report/THA/2025
2612,Ethan Chen,"Chen, Ethan",Thailand,APMO,2026,Ethan Chen,"Chen, Ethan",Thailand,THA,THA:2026:4,14,Bronze,150,187,168.5,0.5755667506,397,same_country_exact,https://www.apmo-official.org/country_report/THA/2026
2628,Siwakorn Fuangkawinsombut,"Fuangkawinsombut, Siwakorn",Thailand,APMO,2017,Siwakorn Fuangkawinsombut,"Fuangkawinsombut, Siwakorn",Thailand,THA,THA:2017:4,29,Bronze,4,32,18,0.9490084986,353,same_country_exact,https://www.apmo-official.org/country_report/THA/2017
2628,Siwakorn Fuangkawinsombut,"Fuangkawinsombut, Siwakorn",Thailand,APMO,2018,Siwakorn Fuangkawinsombut,"Fuangkawinsombut, Siwakorn",Thailand,THA,THA:2018:8,16,Honourable Mention,117,124,120.5,0.6576704545,352,same_country_exact,https://www.apmo-official.org/country_report/THA/2018
2631,Siravit Hengsuvanich,"Hengsuvanich, Siravit",Thailand,APMO,2021,Siravit Hengsuvanich,"Hengsuvanich, Siravit",Thailand,THA,THA:2021:9,14,Honourable Mention,104,149,126.5,0.6322674419,344,same_country_exact,https://www.apmo-official.org/country_report/THA/2021
2633,Atigunt Hualcharoenthon,"Hualcharoenthon, Atigunt",Thailand,APMO,2023,Atigunt Hualcharoenthon,"Hualcharoenthon, Atigunt",Thailand,THA,THA:2023:4,16,Bronze,105,111,108,0.6869565217,345,same_country_exact,https://www.apmo-official.org/country_report/THA/2023
2639,Jirayus Jinapong,"Jinapong, Jirayus",Thailand,APMO,2018,Jirayus Jinapong,"Jinapong, Jirayus",Thailand,THA,THA:2018:6,17,Bronze,105,116,110.5,0.6860795455,352,same_country_exact,https://www.apmo-official.org/country_report/THA/2018
2639,Jirayus Jinapong,"Jinapong, Jirayus",Thailand,APMO,2019,Jirayus Jinapong,"Jinapong, Jirayus",Thailand,THA,THA:2019:8,17,Honourable Mention,61,75,68,0.8105849582,359,same_country_exact,https://www.apmo-official.org/country_report/THA/2019
2640,Pasit Jindanuwat,"Jindanuwat, Pasit",Thailand,APMO,2016,Pasit Jindanuwat,"Jindanuwat, Pasit",Thailand,THA,THA:2016:4,19,Bronze,80,88,84,0.7454545455,330,same_country_exact,https://www.apmo-official.org/country_report/THA/2016
2640,Pasit Jindanuwat,"Jindanuwat, Pasit",Thailand,APMO,2017,Pasit Jindanuwat,"Jindanuwat, Pasit",Thailand,THA,THA:2017:3,29,Silver,4,32,18,0.9490084986,353,same_country_exact,https://www.apmo-official.org/country_report/THA/2017
2650,Nonya Kangwanteerawat,"Kangwanteerawat, Nonya",Thailand,APMO,2019,Nonya Kangwanteerawat,"Kangwanteerawat, Nonya",Thailand,THA,THA:2019:7,17,Bronze,61,75,68,0.8105849582,359,same_country_exact,https://www.apmo-official.org/country_report/THA/2019
2654,Prompt Kerdphoksup,"Kerdphoksup, Prompt",Thailand,APMO,2020,Prompt Kerdphoksup,"Kerdphoksup, Prompt",Thailand,THA,THA:2020:5,17,Bronze,56,71,63.5,0.8115727003,337,same_country_exact,https://www.apmo-official.org/country_report/THA/2020
2656,Siraphop Khawplad,"Khawplad, Siraphop",Thailand,APMO,2023,Siraphop Khawplad,"Khawplad, Siraphop",Thailand,THA,THA:2023:10,13,Honourable Mention,138,147,142.5,0.5869565217,345,same_country_exact,https://www.apmo-official.org/country_report/THA/2023
2656,Siraphop Khawplad,"Khawplad, Siraphop",Thailand,APMO,2024,Siraphop Khawplad,"Khawplad, Siraphop",Thailand,THA,THA:2024:1,23,Gold,13,18,15.5,0.9563380282,355,same_country_exact,https://www.apmo-official.org/country_report/THA/2024
2656,Siraphop Khawplad,"Khawplad, Siraphop",Thailand,APMO,2025,Siraphop Khawplad,"Khawplad, Siraphop",Thailand,THA,THA:2025:8,15,Honourable Mention,152,171,161.5,0.5179104478,335,same_country_exact,https://www.apmo-official.org/country_report/THA/2025
2664,Wiphu Kitsamret,"Kitsamret, Wiphu",Thailand,APMO,2022,Wiphu Kitsamret,"Kitsamret, Wiphu",Thailand,THA,THA:2022:7,19,Bronze,81,114,97.5,0.6933962264,318,same_country_exact,https://www.apmo-official.org/country_report/THA/2022
2666,Natakorn Koomman,"Koomman, Natakorn",Thailand,APMO,2024,Natakorn Koomman,"Koomman, Natakorn",Thailand,THA,THA:2024:5,18,Bronze,50,53,51.5,0.8549295775,355,same_country_exact,https://www.apmo-official.org/country_report/THA/2024
2666,Natakorn Koomman,"Koomman, Natakorn",Thailand,APMO,2025,Natakorn Koomman,"Koomman, Natakorn",Thailand,THA,THA:2025:3,21,Silver,75,127,101,0.6985074627,335,same_country_exact,https://www.apmo-official.org/country_report/THA/2025
2666,Natakorn Koomman,"Koomman, Natakorn",Thailand,APMO,2026,Natakorn Koomman,"Koomman, Natakorn",Thailand,THA,THA:2026:6,14,Bronze,150,187,168.5,0.5755667506,397,same_country_exact,https://www.apmo-official.org/country_report/THA/2026
2668,Thammarak Korsakulthum,"Korsakulthum, Thammarak",Thailand,APMO,2023,Thammarak Korsakulthum,"Korsakulthum, Thammarak",Thailand,THA,THA:2023:3,17,Silver,96,104,100,0.7101449275,345,same_country_exact,https://www.apmo-official.org/country_report/THA/2023
2668,Thammarak Korsakulthum,"Korsakulthum, Thammarak",Thailand,APMO,2024,Thammarak Korsakulthum,"Korsakulthum, Thammarak",Thailand,THA,THA:2024:10,14,Honourable Mention,95,218,156.5,0.5591549296,355,same_country_exact,https://www.apmo-official.org/country_report/THA/2024
2672,Thrisnutuch Krimjai,"Krimjai, Thrisnutuch",Thailand,APMO,2024,Thrisnutuch Krimjai,"Krimjai, Thrisnutuch",Thailand,THA,THA:2024:9,14,Honourable Mention,95,218,156.5,0.5591549296,355,same_country_exact,https://www.apmo-official.org/country_report/THA/2024
2676,Papon Lapate,"Lapate, Papon",Thailand,APMO,2017,Papon Lapate,"Lapate, Papon",Thailand,THA,THA:2017:8,28,Honourable Mention,33,57,45,0.8725212465,353,same_country_exact,https://www.apmo-official.org/country_report/THA/2017
2676,Papon Lapate,"Lapate, Papon",Thailand,APMO,2018,Papon Lapate,"Lapate, Papon",Thailand,THA,THA:2018:1,24,Gold,38,43,40.5,0.8849431818,352,same_country_exact,https://www.apmo-official.org/country_report/THA/2018
2676,Papon Lapate,"Lapate, Papon",Thailand,APMO,2019,Papon Lapate,"Lapate, Papon",Thailand,THA,THA:2019:1,25,Gold,8,13,10.5,0.9707520891,359,same_country_exact,https://www.apmo-official.org/country_report/THA/2019
2689,Vorapas Meejitpaisarn,"Meejitpaisarn, Vorapas",Thailand,APMO,2018,Vorapas Meejitpaisarn,"Meejitpaisarn, Vorapas",Thailand,THA,THA:2018:9,15,Honourable Mention,125,141,133,0.6221590909,352,same_country_exact,https://www.apmo-official.org/country_report/THA/2018
2689,Vorapas Meejitpaisarn,"Meejitpaisarn, Vorapas",Thailand,APMO,2021,Vorapas Meejitpaisarn,"Meejitpaisarn, Vorapas",Thailand,THA,THA:2021:3,20,Silver,50,66,58,0.8313953488,344,same_country_exact,https://www.apmo-official.org/country_report/THA/2021
2696,Krittitee Naulhao,"Naulhao, Krittitee",Thailand,APMO,2023,Krittitee Naulkhao,"Naulkhao, Krittitee",Thailand,THA,THA:2023:6,15,Bronze,112,120,116,0.6637681159,345,reviewed_alias,https://www.apmo-official.org/country_report/THA/2023
2701,Kitti Opasmetikul,"Opasmetikul, Kitti",Thailand,APMO,2021,Kitti Opasmetikul,"Opasmetikul, Kitti",Thailand,THA,THA:2021:7,15,Bronze,96,103,99.5,0.710755814,344,same_country_exact,https://www.apmo-official.org/country_report/THA/2021
2712,Jirapatch Phutdee,"Phutdee, Jirapatch",Thailand,APMO,2026,Jirapatch Phutdee,"Phutdee, Jirapatch",Thailand,THA,THA:2026:8,13,Honourable Mention,188,195,191.5,0.5176322418,397,same_country_exact,https://www.apmo-official.org/country_report/THA/2026
2714,Patanasang Pinijpichitkul,"Pinijpichitkul, Patanasang",Thailand,APMO,2023,Patanasang Pinijpichitkul,"Pinijpichitkul, Patanasang",Thailand,THA,THA:2023:1,20,Silver,69,77,73,0.7884057971,345,same_country_exact,https://www.apmo-official.org/country_report/THA/2023
2714,Patanasang Pinijpichitkul,"Pinijpichitkul, Patanasang",Thailand,APMO,2025,Patanasang Pinijpichitkul,"Pinijpichitkul, Patanasang",Thailand,THA,THA:2025:1,23,Silver,46,51,48.5,0.8552238806,335,same_country_exact,https://www.apmo-official.org/country_report/THA/2025
2718,Gongphop Piyakamalanon,"Piyakamalanon, Gongphop",Thailand,APMO,2020,Gongphop Piyakamalanon,"Piyakamalanon, Gongphop",Thailand,THA,THA:2020:8,16,Honourable Mention,72,114,93,0.7240356083,337,same_country_exact,https://www.apmo-official.org/country_report/THA/2020
2718,Gongphop Piyakamalanon,"Piyakamalanon, Gongphop",Thailand,APMO,2021,Gongphop Piyakamalanon,"Piyakamalanon, Gongphop",Thailand,THA,THA:2021:2,21,Silver,33,49,41,0.8808139535,344,same_country_exact,https://www.apmo-official.org/country_report/THA/2021
2741,Vasawat Rawangwong,"Rawangwong, Vasawat",Thailand,APMO,2021,Vasawat Rawangwong,"Rawangwong, Vasawat",Thailand,THA,THA:2021:4,20,Bronze,50,66,58,0.8313953488,344,same_country_exact,https://www.apmo-official.org/country_report/THA/2021
2741,Vasawat Rawangwong,"Rawangwong, Vasawat",Thailand,APMO,2022,Vasawat Rawangwong,"Rawangwong, Vasawat",Thailand,THA,THA:2022:2,25,Silver,26,29,27.5,0.9135220126,318,same_country_exact,https://www.apmo-official.org/country_report/THA/2022
2745,Worrawat Rungaramsin,"Rungaramsin, Worrawat",Thailand,APMO,2021,Worrawat Rungaramsin,"Rungaramsin, Worrawat",Thailand,THA,THA:2021:6,16,Bronze,87,95,91,0.7354651163,344,same_country_exact,https://www.apmo-official.org/country_report/THA/2021
2745,Worrawat Rungaramsin,"Rungaramsin, Worrawat",Thailand,APMO,2022,Worrawat Rungaramsin,"Rungaramsin, Worrawat",Thailand,THA,THA:2022:1,25,Gold,26,29,27.5,0.9135220126,318,same_country_exact,https://www.apmo-official.org/country_report/THA/2022
2745,Worrawat Rungaramsin,"Rungaramsin, Worrawat",Thailand,APMO,2023,Worrawat Rungaramsin,"Rungaramsin, Worrawat",Thailand,THA,THA:2023:5,15,Bronze,112,120,116,0.6637681159,345,same_country_exact,https://www.apmo-official.org/country_report/THA/2023
2746,Pitchayut Saengrungkongka,"Saengrungkongka, Pitchayut",Thailand,APMO,2017,Pitchayut Saengrungkongka,"Saengrungkongka, Pitchayut",Thailand,THA,THA:2017:9,21,Honourable Mention,90,118,104,0.7053824363,353,same_country_exact,https://www.apmo-official.org/country_report/THA/2017
2746,Pitchayut Saengrungkongka,"Saengrungkongka, Pitchayut",Thailand,APMO,2019,Pitchayut Saengrungkongka,"Saengrungkongka, Pitchayut",Thailand,THA,THA:2019:2,23,Silver,19,22,20.5,0.9428969359,359,same_country_exact,https://www.apmo-official.org/country_report/THA/2019
2746,Pitchayut Saengrungkongka,"Saengrungkongka, Pitchayut",Thailand,APMO,2020,Pitchayut Saengrungkongka,"Saengrungkongka, Pitchayut",Thailand,THA,THA:2020:3,19,Silver,40,42,41,0.8783382789,337,same_country_exact,https://www.apmo-official.org/country_report/THA/2020
2748,Paramuth Samuthrsindh,"Samuthrsindh, Paramuth",Thailand,APMO,2018,Paramutb Samuthrsindb,"Samuthrsindb, Paramutb",Thailand,THA,THA:2018:3,22,Silver,49,55,52,0.8522727273,352,reviewed_alias,https://www.apmo-official.org/country_report/THA/2018
2748,Paramuth Samuthrsindh,"Samuthrsindh, Paramuth",Thailand,APMO,2019,Paramuth Samuthrsindh,"Samuthrsindh, Paramuth",Thailand,THA,THA:2019:5,21,Bronze,29,48,38.5,0.8927576602,359,same_country_exact,https://www.apmo-official.org/country_report/THA/2019
2748,Paramuth Samuthrsindh,"Samuthrsindh, Paramuth",Thailand,APMO,2020,Paramuth Samuthrsindh,"Samuthrsindh, Paramuth",Thailand,THA,THA:2020:2,21,Silver,25,37,31,0.9080118694,337,same_country_exact,https://www.apmo-official.org/country_report/THA/2020
2754,Dawn Sawangsap,"Sawangsap, Dawn",Thailand,APMO,2024,Dawn Sawangsap,"Sawangsap, Dawn",Thailand,THA,THA:2024:2,21,Silver,22,44,33,0.9070422535,355,same_country_exact,https://www.apmo-official.org/country_report/THA/2024
2754,Dawn Sawangsap,"Sawangsap, Dawn",Thailand,APMO,2025,Dawn Sawangsap,"Sawangsap, Dawn",Thailand,THA,THA:2025:5,21,Bronze,75,127,101,0.6985074627,335,same_country_exact,https://www.apmo-official.org/country_report/THA/2025
2754,Dawn Sawangsap,"Sawangsap, Dawn",Thailand,APMO,2026,Dawn Sawangsap,"Sawangsap, Dawn",Thailand,THA,THA:2026:10,12,Honourable Mention,196,201,198.5,0.5,397,same_country_exact,https://www.apmo-official.org/country_report/THA/2026
2755,Pachara Sawettamalya,"Sawettamalya, Pachara",Thailand,APMO,2016,Pachara Sawettamalya,"Sawettamalya, Pachara",Thailand,THA,THA:2016:7,17,Bronze,92,107,99.5,0.6984848485,330,same_country_exact,https://www.apmo-official.org/country_report/THA/2016
2759,Kiattipoom Sicharoen,"Sicharoen, Kiattipoom",Thailand,APMO,2025,Kiattipoom Sicharoen,"Sicharoen, Kiattipoom",Thailand,THA,THA:2025:4,21,Bronze,75,127,101,0.6985074627,335,same_country_exact,https://www.apmo-official.org/country_report/THA/2025
2759,Kiattipoom Sicharoen,"Sicharoen, Kiattipoom",Thailand,APMO,2026,Kiattipoom Sicharoen,"Sicharoen, Kiattipoom",Thailand,THA,THA:2026:3,18,Silver,108,121,114.5,0.7115869018,397,same_country_exact,https://www.apmo-official.org/country_report/THA/2026
2761,Nitiwit Sirimaraisuwan,"Sirimaraisuwan, Nitiwit",Thailand,APMO,2022,Nitiwit Sirimalaisuwan,"Sirimalaisuwan, Nitiwit",Thailand,THA,THA:2022:9,19,Honourable Mention,81,114,97.5,0.6933962264,318,reviewed_alias,https://www.apmo-official.org/country_report/THA/2022
2761,Nitiwit Sirimaraisuwan,"Sirimaraisuwan, Nitiwit",Thailand,APMO,2023,Nitiwit Sirimalaisuwan,"Sirimalaisuwan, Nitiwit",Thailand,THA,THA:2023:8,14,Honourable Mention,121,137,129,0.6260869565,345,reviewed_alias,https://www.apmo-official.org/country_report/THA/2023
2761,Nitiwit Sirimaraisuwan,"Sirimaraisuwan, Nitiwit",Thailand,APMO,2024,Nitiwit Sirimalaisuwan,"Sirimalaisuwan, Nitiwit",Thailand,THA,THA:2024:7,15,Bronze,75,94,84.5,0.761971831,355,reviewed_alias,https://www.apmo-official.org/country_report/THA/2024
2769,Thana Somsirivattana,"Somsirivattana, Thana",Thailand,APMO,2017,Thana Somsirivattana,"Somsirivattana, Thana",Thailand,THA,THA:2017:1,29,Gold,4,32,18,0.9490084986,353,same_country_exact,https://www.apmo-official.org/country_report/THA/2017
2769,Thana Somsirivattana,"Somsirivattana, Thana",Thailand,APMO,2018,Thana Somsirivattana,"Somsirivattana, Thana",Thailand,THA,THA:2018:2,23,Silver,44,48,46,0.8693181818,352,same_country_exact,https://www.apmo-official.org/country_report/THA/2018
2769,Thana Somsirivattana,"Somsirivattana, Thana",Thailand,APMO,2019,Thana Somsirivattana,"Somsirivattana, Thana",Thailand,THA,THA:2019:3,23,Silver,19,22,20.5,0.9428969359,359,same_country_exact,https://www.apmo-official.org/country_report/THA/2019
2774,Pipitchaya Sridam,"Sridam, Pipitchaya",Thailand,APMO,2021,Pipitchaya Sridam,"Sridam, Pipitchaya",Thailand,THA,THA:2021:8,15,Honourable Mention,96,103,99.5,0.710755814,344,same_country_exact,https://www.apmo-official.org/country_report/THA/2021
2782,Chatchanun Suriyaammaranon,"Suriyaammaranon, Chatchanun",Thailand,APMO,2016,Chatchanun Suriyaammaranon,"Suriyaammaranon, Chatchanun",Thailand,THA,THA:2016:9,16,None,108,115,111.5,0.6621212121,330,same_country_exact,https://www.apmo-official.org/country_report/THA/2016
2782,Chatchanun Suriyaammaranon,"Suriyaammaranon, Chatchanun",Thailand,APMO,2019,Chatchanun Suriyaamaranont,"Suriyaamaranont, Chatchanun",Thailand,THA,THA:2019:6,21,Bronze,29,48,38.5,0.8927576602,359,reviewed_alias,https://www.apmo-official.org/country_report/THA/2019
2801,Natanon Therdpraisan,"Therdpraisan, Natanon",Thailand,APMO,2018,Natanon Therdpraisan,"Therdpraisan, Natanon",Thailand,THA,THA:2018:4,19,Bronze,84,91,87.5,0.7514204545,352,same_country_exact,https://www.apmo-official.org/country_report/THA/2018
2801,Natanon Therdpraisan,"Therdpraisan, Natanon",Thailand,APMO,2019,Natanon Therdpraisan,"Therdpraisan, Natanon",Thailand,THA,THA:2019:4,22,Bronze,23,28,25.5,0.9289693593,359,same_country_exact,https://www.apmo-official.org/country_report/THA/2019
2801,Natanon Therdpraisan,"Therdpraisan, Natanon",Thailand,APMO,2020,Natanon Therdpraisan,"Therdpraisan, Natanon",Thailand,THA,THA:2020:1,21,Gold,25,37,31,0.9080118694,337,same_country_exact,https://www.apmo-official.org/country_report/THA/2020
2803,Sarunyu Thongjarast,"Thongjarast, Sarunyu",Thailand,APMO,2020,Sarunyu Thongjarast,"Thongjarast, Sarunyu",Thailand,THA,THA:2020:7,16,Bronze,72,114,93,0.7240356083,337,same_country_exact,https://www.apmo-official.org/country_report/THA/2020
2803,Sarunyu Thongjarast,"Thongjarast, Sarunyu",Thailand,APMO,2021,Sarunyu Thongjarast,"Thongjarast, Sarunyu",Thailand,THA,THA:2021:5,17,Bronze,80,86,83,0.7587209302,344,same_country_exact,https://www.apmo-official.org/country_report/THA/2021
2803,Sarunyu Thongjarast,"Thongjarast, Sarunyu",Thailand,APMO,2022,Sarunyu Thongjarast,"Thongjarast, Sarunyu",Thailand,THA,THA:2022:6,19,Bronze,81,114,97.5,0.6933962264,318,same_country_exact,https://www.apmo-official.org/country_report/THA/2022
2819,Treetased Vividhwara,"Vividhwara, Treetased",Thailand,APMO,2016,Treetased Vividhwara,"Vividhwara, Treetased",Thailand,THA,THA:2016:6,17,Bronze,92,107,99.5,0.6984848485,330,same_country_exact,https://www.apmo-official.org/country_report/THA/2016
2822,Narabode Watcharapreechanon,"Watcharapreechanon, Narabode",Thailand,APMO,2019,Narabode Watcharapreechanon,"Watcharapreechanon, Narabode",Thailand,THA,THA:2019:10,15,Honourable Mention,95,122,108.5,0.6977715877,359,same_country_exact,https://www.apmo-official.org/country_report/THA/2019
2827,Kornpholkrit Weeraarchakul,"Weeraarchakul, Kornpholkrit",Thailand,APMO,2022,Kornpholkrit Weraarchakul,"Weraarchakul, Kornpholkrit",Thailand,THA,THA:2022:10,18,Honourable Mention,115,127,121,0.6194968553,318,reviewed_alias,https://www.apmo-official.org/country_report/THA/2022
2830,Aekkawin Wisitkiatchai,"Wisitkiatchai, Aekkawin",Thailand,APMO,2025,Aekkawin Wisitkiatchai,"Wisitkiatchai, Aekkawin",Thailand,THA,THA:2025:10,15,Honourable Mention,152,171,161.5,0.5179104478,335,same_country_exact,https://www.apmo-official.org/country_report/THA/2025
2830,Aekkawin Wisitkiatchai,"Wisitkiatchai, Aekkawin",Thailand,APMO,2026,Aekkawin Wisitkiatchai,"Wisitkiatchai, Aekkawin",Thailand,THA,THA:2026:5,14,Bronze,150,187,168.5,0.5755667506,397,same_country_exact,https://www.apmo-official.org/country_report/THA/2026
2841,Yolrada Yongpisanpob,"Yongpisanpob, Yolrada",Thailand,APMO,2016,Yolrada Yongpisanpob,"Yongpisanpob, Yolrada",Thailand,THA,THA:2016:2,19,Silver,80,88,84,0.7454545455,330,same_country_exact,https://www.apmo-official.org/country_report/THA/2016
2841,Yolrada Yongpisanpob,"Yongpisanpob, Yolrada",Thailand,APMO,2017,Yolrada Yongpisanpob,"Yongpisanpob, Yolrada",Thailand,THA,THA:2017:7,28,Bronze,33,57,45,0.8725212465,353,same_country_exact,https://www.apmo-official.org/country_report/THA/2017
2841,Yolrada Yongpisanpob,"Yongpisanpob, Yolrada",Thailand,APMO,2018,Yolrada Yongpisanpob,"Yongpisanpob, Yolrada",Thailand,THA,THA:2018:7,16,Bronze,117,124,120.5,0.6576704545,352,same_country_exact,https://www.apmo-official.org/country_report/THA/2018
2907,Ozod Akhtamov,"Akhtamov, Ozod",Uzbekistan,APMO,2025,Ozodbek Akhtamov,"Akhtamov, Ozodbek",Uzbekistan,UZB,UZB:2025:4,14,Bronze,172,201,186.5,0.4432835821,335,reviewed_alias,https://www.apmo-official.org/country_report/UZB/2025
2911,Asadbek Boboqulov,"Boboqulov, Asadbek",Uzbekistan,APMO,2023,Asadbek Boboqulov,"Boboqulov, Asadbek",Uzbekistan,UZB,UZB:2023:4,7,None,183,213,198,0.4260869565,345,same_country_exact,https://www.apmo-official.org/country_report/UZB/2023
2911,Asadbek Boboqulov,"Boboqulov, Asadbek",Uzbekistan,APMO,2025,Asadbek Bobokulov,"Bobokulov, Asadbek",Uzbekistan,UZB,UZB:2025:1,28,Gold,18,27,22.5,0.9328358209,335,reviewed_alias,https://www.apmo-official.org/country_report/UZB/2025
2919,Azamat Ikromov,"Ikromov, Azamat",Uzbekistan,APMO,2023,Azamat Ikromov,"Ikromov, Azamat",Uzbekistan,UZB,UZB:2023:8,2,None,284,304,294,0.147826087,345,same_country_exact,https://www.apmo-official.org/country_report/UZB/2023
2932,Behzod Maksudov,"Maksudov, Behzod",Uzbekistan,APMO,2023,Behzod Maksudov,"Maksudov, Behzod",Uzbekistan,UZB,UZB:2023:5,6,None,214,226,220,0.3623188406,345,same_country_exact,https://www.apmo-official.org/country_report/UZB/2023
2933,Azizbek Mamajonov,"Mamajonov, Azizbek",Uzbekistan,APMO,2026,Azizbek Mamajonov,"Mamajonov, Azizbek",Uzbekistan,UZB,UZB:2026:4,10,Honourable Mention,214,228,221,0.443324937,397,same_country_exact,https://www.apmo-official.org/country_report/UZB/2026
2941,Yusufjon Ortiqov,"Ortiqov, Yusufjon",Uzbekistan,APMO,2024,Yusufjon Ortikov,"Ortikov, Yusufjon",Uzbekistan,UZB,UZB:2024:6,14,Bronze,95,218,156.5,0.5591549296,355,reviewed_alias,https://www.apmo-official.org/country_report/UZB/2024
2947,Abdulaziz Rajabov,"Rajabov, Abdulaziz",Uzbekistan,APMO,2024,Abdulaziz Radjabov,"Radjabov, Abdulaziz",Uzbekistan,UZB,UZB:2024:10,8,Honourable Mention,270,275,272.5,0.2323943662,355,reviewed_alias,https://www.apmo-official.org/country_report/UZB/2024
2947,Abdulaziz Rajabov,"Rajabov, Abdulaziz",Uzbekistan,APMO,2025,Abdulaziz Radjabov,"Radjabov, Abdulaziz",Uzbekistan,UZB,UZB:2025:7,11,Honourable Mention,215,216,215.5,0.3567164179,335,reviewed_alias,https://www.apmo-official.org/country_report/UZB/2025
2948,Anvarbek Rakhmatov,"Rakhmatov, Anvarbek",Uzbekistan,APMO,2023,Anvarbek Raxmatov,"Raxmatov, Anvarbek",Uzbekistan,UZB,UZB:2023:2,13,Bronze,138,147,142.5,0.5869565217,345,reviewed_alias,https://www.apmo-official.org/country_report/UZB/2023
2950,Anvarbek Sadulloyev,"Sadulloyev, Anvarbek",Uzbekistan,APMO,2023,Anvarbek Sadullayev,"Sadullayev, Anvarbek",Uzbekistan,UZB,UZB:2023:7,5,None,227,235,231,0.3304347826,345,reviewed_alias,https://www.apmo-official.org/country_report/UZB/2023
2954,Madina Suyunova,"Suyunova, Madina",Uzbekistan,APMO,2023,Madina Suyunova,"Suyunova, Madina",Uzbekistan,UZB,UZB:2023:1,14,Bronze,121,137,129,0.6260869565,345,same_country_exact,https://www.apmo-official.org/country_report/UZB/2023
2954,Madina Suyunova,"Suyunova, Madina",Uzbekistan,APMO,2024,Madina Suyunova,"Suyunova, Madina",Uzbekistan,UZB,UZB:2024:2,14,Bronze,95,218,156.5,0.5591549296,355,same_country_exact,https://www.apmo-official.org/country_report/UZB/2024
2957,Begzod Xoshimjonov,"Xoshimjonov, Begzod",Uzbekistan,APMO,2024,Begzod Khoshimjonov,"Khoshimjonov, Begzod",Uzbekistan,UZB,UZB:2024:1,14,Bronze,95,218,156.5,0.5591549296,355,reviewed_alias,https://www.apmo-official.org/country_report/UZB/2024
2961,Elbek Zohidjonov,"Zohidjonov, Elbek",Uzbekistan,APMO,2025,Elbek Zohidjonov,"Zohidjonov, Elbek",Uzbekistan,UZB,UZB:2025:2,26,Silver,35,37,36,0.8925373134,335,same_country_exact,https://www.apmo-official.org/country_report/UZB/2025
2961,Elbek Zohidjonov,"Zohidjonov, Elbek",Uzbekistan,APMO,2026,Elbek Zohidjonov,"Zohidjonov, Elbek",Uzbekistan,UZB,UZB:2026:2,14,Bronze,150,187,168.5,0.5755667506,397,same_country_exact,https://www.apmo-official.org/country_report/UZB/2026
2965,Nhat Minh Bui,"Bui, Nhat Minh",Vietnam,APMO,2026,Nhật Minh Bùi,"Bùi, Nhật Minh",Vietnam,VNM,VNM:2026:9,15,Honourable Mention,136,149,142.5,0.6410579345,397,same_country_exact,https://www.apmo-official.org/country_report/VNM/2026
3079,Dang Nguyen Pham,"Pham, Dang Nguyen",Vietnam,APMO,2026,Đăng Nguyên Phạm,"Phạm, Đăng Nguyên",Vietnam,VNM,VNM:2026:2,25,Silver,39,43,41,0.8967254408,397,same_country_exact,https://www.apmo-official.org/country_report/VNM/2026
