combined_id,name_clean,name_last_first,country_clean,contest,year,official_name,official_name_last_first,official_country,official_country_code,official_person_id,score,medal,rank_start,rank_end,rank_average,percentile,total_participants,match_method,source_url
15,Tahsin Khan,"Khan, Tahsin",Bangladesh,IMO,2024,Tahsin Khan,"Khan, Tahsin",Bangladesh,BGD,34363,9,Honourable Mention,457,474,465.5,0.2356321839,609,same_country_exact,https://www.imo-official.org/results/individual/year/2024/
15,Tahsin Khan,"Khan, Tahsin",Bangladesh,IMO,2025,Tahsin Khan,"Khan, Tahsin",Bangladesh,BGD,34363,21,Bronze,272,290,281,0.553968254,630,same_country_exact,https://www.imo-official.org/results/individual/year/2025/
15,Tahsin Khan,"Khan, Tahsin",Bangladesh,IMO,2026,Tahsin Khan,"Khan, Tahsin",Bangladesh,BGD,34363,22,Bronze,161,204,182.5,0.725975976,666,same_country_exact,https://www.imo-official.org/results/individual/year/2026/
27,Monamy Zaman,"Zaman, Monamy",Bangladesh,IMO,2024,Monamy Zaman,"Zaman, Monamy",Bangladesh,BGD,34361,20,Bronze,216,226,221,0.6371100164,609,same_country_exact,https://www.imo-official.org/results/individual/year/2024/
27,Monamy Zaman,"Zaman, Monamy",Bangladesh,IMO,2025,Monamy Zaman,"Zaman, Monamy",Bangladesh,BGD,34361,15,Honourable Mention,366,387,376.5,0.4023809524,630,same_country_exact,https://www.imo-official.org/results/individual/year/2025/
27,Monamy Zaman,"Zaman, Monamy",Bangladesh,IMO,2026,Monamy Zaman,"Zaman, Monamy",Bangladesh,BGD,34361,19,Bronze,247,262,254.5,0.6178678679,666,same_country_exact,https://www.imo-official.org/results/individual/year/2026/
33,Luis André Villán Gabriel,"Villán Gabriel, Luis André",Bolivia,IMO,2021,Luis André Villán Gabriel,"Villán Gabriel, Luis André",Bolivia,BOL,31175,0,None,533,619,576,0.0694668821,619,same_country_exact,https://www.imo-official.org/results/individual/year/2021/
33,Luis André Villán Gabriel,"Villán Gabriel, Luis André",Bolivia,IMO,2022,Luis André Villan Gabriel,"Villan Gabriel, Luis André",Bolivia,BOL,31175,11,Honourable Mention,445,457,451,0.234295416,589,same_country_exact,https://www.imo-official.org/results/individual/year/2022/
33,Luis André Villán Gabriel,"Villán Gabriel, Luis André",Bolivia,IMO,2023,Luis André Villan Gabriel,"Villan Gabriel, Luis André",Bolivia,BOL,31175,15,Honourable Mention,366,384,375,0.3932038835,618,same_country_exact,https://www.imo-official.org/results/individual/year/2023/
33,Luis André Villán Gabriel,"Villán Gabriel, Luis André",Bolivia,IMO,2024,Luis André Villan Gabriel,"Villan Gabriel, Luis André",Bolivia,BOL,31175,17,Bronze,252,282,267,0.5615763547,609,same_country_exact,https://www.imo-official.org/results/individual/year/2024/
33,Luis André Villán Gabriel,"Villán Gabriel, Luis André",Bolivia,IMO,2025,Luis André Villan Gabriel,"Villan Gabriel, Luis André",Bolivia,BOL,31175,26,Bronze,187,202,194.5,0.6912698413,630,same_country_exact,https://www.imo-official.org/results/individual/year/2025/
33,Luis André Villán Gabriel,"Villán Gabriel, Luis André",Bolivia,IMO,2026,Luis André Villan Gabriel,"Villan Gabriel, Luis André",Bolivia,BOL,31175,22,Bronze,161,204,182.5,0.725975976,666,same_country_exact,https://www.imo-official.org/results/individual/year/2026/
35,Minal Thattamparambil Ranjith,"Thattamparambil Ranjith, Minal",Botswana,IMO,2026,Minal Thattamparambil Ranjith,"Thattamparambil Ranjith, Minal",Botswana,BWA,36296,0,None,647,666,656.5,0.0142642643,666,same_country_exact,https://www.imo-official.org/results/individual/year/2026/
37,Bowen Zhou,"Zhou, Bowen",Botswana,IMO,2024,Bowen Zhou,"Zhou, Bowen",Botswana,BWA,34400,7,Honourable Mention,487,510,498.5,0.1814449918,609,same_country_exact,https://www.imo-official.org/results/individual/year/2024/
37,Bowen Zhou,"Zhou, Bowen",Botswana,IMO,2025,Bowen Zhou,"Zhou, Bowen",Botswana,BWA,34400,6,None,499,509,504,0.2,630,same_country_exact,https://www.imo-official.org/results/individual/year/2025/
37,Bowen Zhou,"Zhou, Bowen",Botswana,IMO,2026,Bowen Zhou,"Zhou, Bowen",Botswana,BWA,34400,12,Honourable Mention,440,470,455,0.3168168168,666,same_country_exact,https://www.imo-official.org/results/individual/year/2026/
47,Daniel Atanasov,"Atanasov, Daniel",Bulgaria,IMO,2016,Daniel Atanasov,"Atanasov, Daniel",Bulgaria,BGR,26670,26,Silver,68,77,72.5,0.8795681063,602,same_country_exact,https://www.imo-official.org/results/individual/year/2016/
58,Kiril Atanasov Bangachev,"Bangachev, Kiril Atanasov",Bulgaria,IMO,2017,Kiril Bangachev,"Bangachev, Kiril",Bulgaria,BGR,27619,19,Silver,115,138,126.5,0.7943089431,615,same_country_exact,https://www.imo-official.org/results/individual/year/2017/
58,Kiril Atanasov Bangachev,"Bangachev, Kiril Atanasov",Bulgaria,IMO,2018,Kiril Bangachev,"Bangachev, Kiril",Bulgaria,BGR,27619,25,Silver,131,146,138.5,0.7668350168,594,same_country_exact,https://www.imo-official.org/results/individual/year/2018/
71,Aleksandar Cherganski,"Cherganski, Aleksandar",Bulgaria,IMO,2015,Aleksandar Cherganski,"Cherganski, Aleksandar",Bulgaria,BGR,25878,18,Bronze,140,159,149.5,0.7409012132,577,same_country_exact,https://www.imo-official.org/results/individual/year/2015/
71,Aleksandar Cherganski,"Cherganski, Aleksandar",Bulgaria,IMO,2016,Aleksandar Cherganski,"Cherganski, Aleksandar",Bulgaria,BGR,25878,26,Silver,68,77,72.5,0.8795681063,602,same_country_exact,https://www.imo-official.org/results/individual/year/2016/
136,Angel Antonov Hristov,"Hristov, Angel Antonov",Bulgaria,IMO,2023,Angel Hristov,"Hristov, Angel",Bulgaria,BGR,33757,24,Bronze,145,182,163.5,0.7354368932,618,same_country_exact,https://www.imo-official.org/results/individual/year/2023/
136,Angel Antonov Hristov,"Hristov, Angel Antonov",Bulgaria,IMO,2024,Angel Hristov,"Hristov, Angel",Bulgaria,BGR,33757,24,Silver,100,124,112,0.816091954,609,same_country_exact,https://www.imo-official.org/results/individual/year/2024/
136,Angel Antonov Hristov,"Hristov, Angel Antonov",Bulgaria,IMO,2025,Angel Hristov,"Hristov, Angel",Bulgaria,BGR,33757,34,Silver,73,80,76.5,0.8785714286,630,same_country_exact,https://www.imo-official.org/results/individual/year/2025/
139,Marin Hristov Hristov,"Hristov, Marin Hristov",Bulgaria,IMO,2022,Marin Hristov,"Hristov, Marin",Bulgaria,BGR,31857,33,Silver,45,60,52.5,0.9108658744,589,same_country_exact,https://www.imo-official.org/results/individual/year/2022/
139,Marin Hristov Hristov,"Hristov, Marin Hristov",Bulgaria,IMO,2023,Marin Hristov,"Hristov, Marin",Bulgaria,BGR,31857,36,Gold,23,27,25,0.9595469256,618,same_country_exact,https://www.imo-official.org/results/individual/year/2023/
139,Marin Hristov Hristov,"Hristov, Marin Hristov",Bulgaria,IMO,2024,Marin Hristov,"Hristov, Marin",Bulgaria,BGR,31857,25,Silver,90,99,94.5,0.8448275862,609,same_country_exact,https://www.imo-official.org/results/individual/year/2024/
173,Evgeni Staev Kayryakov,"Kayryakov, Evgeni Staev",Bulgaria,IMO,2019,Evgeni Kayryakov,"Kayryakov, Evgeni",Bulgaria,BGR,29392,28,Silver,65,100,82.5,0.8671497585,621,reviewed_alias,https://www.imo-official.org/results/individual/year/2019/
173,Evgeni Staev Kayryakov,"Kayryakov, Evgeni Staev",Bulgaria,IMO,2020,Evgeni Kayryakov,"Kayryakov, Evgeni",Bulgaria,BGR,29392,23,Bronze,162,180,171,0.7224025974,616,reviewed_alias,https://www.imo-official.org/results/individual/year/2020/
176,Borislav Kirilov Kirilov,"Kirilov, Borislav Kirilov",Bulgaria,IMO,2019,Borislav Kirilov,"Kirilov, Borislav",Bulgaria,BGR,29422,27,Silver,101,121,111,0.8212560386,621,same_country_exact,https://www.imo-official.org/results/individual/year/2019/
176,Borislav Kirilov Kirilov,"Kirilov, Borislav Kirilov",Bulgaria,IMO,2020,Borislav Kirilov,"Kirilov, Borislav",Bulgaria,BGR,29422,26,Silver,121,130,125.5,0.7962662338,616,same_country_exact,https://www.imo-official.org/results/individual/year/2020/
176,Borislav Kirilov Kirilov,"Kirilov, Borislav Kirilov",Bulgaria,IMO,2021,Borislav Kirilov,"Kirilov, Borislav",Bulgaria,BGR,29422,29,Gold,24,31,27.5,0.9555735057,619,same_country_exact,https://www.imo-official.org/results/individual/year/2021/
176,Borislav Kirilov Kirilov,"Kirilov, Borislav Kirilov",Bulgaria,IMO,2022,Borislav Kirilov,"Kirilov, Borislav",Bulgaria,BGR,29422,35,Gold,32,37,34.5,0.941426146,589,same_country_exact,https://www.imo-official.org/results/individual/year/2022/
204,Denitsa Markova,"Markova, Denitsa",Bulgaria,IMO,2014,Denitsa Markova,"Markova, Denitsa",Bulgaria,BGR,25112,14,Honourable Mention,321,360,340.5,0.3919642857,560,same_country_exact,https://www.imo-official.org/results/individual/year/2014/
204,Denitsa Markova,"Markova, Denitsa",Bulgaria,IMO,2015,Denitsa Markova,"Markova, Denitsa",Bulgaria,BGR,25112,13,Honourable Mention,283,306,294.5,0.4896013865,577,same_country_exact,https://www.imo-official.org/results/individual/year/2015/
208,Vesselin Markovich,"Markovich, Vesselin",Bulgaria,IMO,2023,Vesselin Markovich,"Markovich, Vesselin",Bulgaria,BGR,33756,21,Bronze,237,258,247.5,0.5995145631,618,same_country_exact,https://www.imo-official.org/results/individual/year/2023/
208,Vesselin Markovich,"Markovich, Vesselin",Bulgaria,IMO,2024,Vesselin Markovich,"Markovich, Vesselin",Bulgaria,BGR,33756,20,Bronze,216,226,221,0.6371100164,609,same_country_exact,https://www.imo-official.org/results/individual/year/2024/
208,Vesselin Markovich,"Markovich, Vesselin",Bulgaria,IMO,2025,Vesselin Markovich,"Markovich, Vesselin",Bulgaria,BGR,33756,29,Silver,119,147,133,0.7888888889,630,same_country_exact,https://www.imo-official.org/results/individual/year/2025/
212,Ivan-Aleksandar Veselinov Mavrov,"Mavrov, Ivan-Aleksandar Veselinov",Bulgaria,IMO,2018,Ivan-Aleksandar Mavrov,"Mavrov, Ivan-Aleksandar",Bulgaria,BGR,28300,30,Silver,49,60,54.5,0.9082491582,594,same_country_exact,https://www.imo-official.org/results/individual/year/2018/
228,Violeta Naydenova,"Naydenova, Violeta",Bulgaria,IMO,2015,Violeta Naydenova,"Naydenova, Violeta",Bulgaria,BGR,25880,22,Silver,76,87,81.5,0.8587521664,577,same_country_exact,https://www.imo-official.org/results/individual/year/2015/
228,Violeta Naydenova,"Naydenova, Violeta",Bulgaria,IMO,2016,Violeta Naydenova,"Naydenova, Violeta",Bulgaria,BGR,25880,19,Bronze,184,205,194.5,0.676910299,602,same_country_exact,https://www.imo-official.org/results/individual/year/2016/
228,Violeta Naydenova,"Naydenova, Violeta",Bulgaria,IMO,2017,Violeta Naydenova,"Naydenova, Violeta",Bulgaria,BGR,25880,21,Silver,82,102,92,0.8504065041,615,same_country_exact,https://www.imo-official.org/results/individual/year/2017/
373,Kiril Ivanov Zulyamski,"Zulyamski, Kiril Ivanov",Bulgaria,IMO,2026,Kiril Zulyamski,"Zulyamski, Kiril",Bulgaria,BGR,36202,22,Bronze,161,204,182.5,0.725975976,666,reviewed_alias,https://www.imo-official.org/results/individual/year/2026/
382,Caleb Ji,"Ji, Caleb",Canada,IMO,2014,Caleb Ji,"Ji, Caleb",Canada,CAN,24995,21,Bronze,163,199,181,0.6767857143,560,same_country_exact,https://www.imo-official.org/results/individual/year/2014/
404,Andreas Aristodemou,"Aristodemou, Andreas",Cyprus,IMO,2026,Andreas Aristodemou,"Aristodemou, Andreas",Cyprus,CYP,36143,6,None,555,571,563,0.1546546547,666,same_country_exact,https://www.imo-official.org/results/individual/year/2026/
406,Angelos Assos,"Assos, Angelos",Cyprus,IMO,2016,Angelos Assos,"Assos, Angelos",Cyprus,CYP,26791,4,None,493,500,496.5,0.1752491694,602,same_country_exact,https://www.imo-official.org/results/individual/year/2016/
406,Angelos Assos,"Assos, Angelos",Cyprus,IMO,2017,Angelos Assos,"Assos, Angelos",Cyprus,CYP,26791,17,Bronze,188,264,226,0.6325203252,615,same_country_exact,https://www.imo-official.org/results/individual/year/2017/
406,Angelos Assos,"Assos, Angelos",Cyprus,IMO,2018,Angelos Assos,"Assos, Angelos",Cyprus,CYP,26791,21,Bronze,193,203,198,0.6666666667,594,same_country_exact,https://www.imo-official.org/results/individual/year/2018/
406,Angelos Assos,"Assos, Angelos",Cyprus,IMO,2019,Angelos Assos,"Assos, Angelos",Cyprus,CYP,26791,16,Honourable Mention,303,325,314,0.4943639291,621,same_country_exact,https://www.imo-official.org/results/individual/year/2019/
407,Marios Avraamidis,"Avraamidis, Marios",Cyprus,IMO,2018,Marios Avraamidis,"Avraamidis, Marios",Cyprus,CYP,28571,10,Honourable Mention,368,390,379,0.361952862,594,same_country_exact,https://www.imo-official.org/results/individual/year/2018/
407,Marios Avraamidis,"Avraamidis, Marios",Cyprus,IMO,2019,Marios Avraamidis,"Avraamidis, Marios",Cyprus,CYP,28571,0,None,573,621,597,0.038647343,621,same_country_exact,https://www.imo-official.org/results/individual/year/2019/
407,Marios Avraamidis,"Avraamidis, Marios",Cyprus,IMO,2020,Marios Avraamidis,"Avraamidis, Marios",Cyprus,CYP,28571,7,Honourable Mention,445,494,469.5,0.2378246753,616,same_country_exact,https://www.imo-official.org/results/individual/year/2020/
408,Konstantinos Charalampous,"Charalampous, Konstantinos",Cyprus,IMO,2020,Konstantinos Charalampous,"Charalampous, Konstantinos",Cyprus,CYP,30460,0,None,560,616,588,0.0454545455,616,same_country_exact,https://www.imo-official.org/results/individual/year/2020/
408,Konstantinos Charalampous,"Charalampous, Konstantinos",Cyprus,IMO,2021,Konstantinos Charalampous,"Charalampous, Konstantinos",Cyprus,CYP,30460,1,None,499,532,515.5,0.1672051696,619,same_country_exact,https://www.imo-official.org/results/individual/year/2021/
408,Konstantinos Charalampous,"Charalampous, Konstantinos",Cyprus,IMO,2022,Konstantinos Charalampous,"Charalampous, Konstantinos",Cyprus,CYP,30460,9,Honourable Mention,469,492,480.5,0.1842105263,589,same_country_exact,https://www.imo-official.org/results/individual/year/2022/
409,Filippos Athos Chatzichristofi,"Chatzichristofi, Filippos Athos",Cyprus,IMO,2023,Filippos Athos Chatzichristofi,"Chatzichristofi, Filippos Athos",Cyprus,CYP,33773,21,Bronze,237,258,247.5,0.5995145631,618,same_country_exact,https://www.imo-official.org/results/individual/year/2023/
409,Filippos Athos Chatzichristofi,"Chatzichristofi, Filippos Athos",Cyprus,IMO,2024,Filippos Athos Chatzichristofi,"Chatzichristofi, Filippos Athos",Cyprus,CYP,33773,16,Bronze,283,326,304.5,0.5,609,same_country_exact,https://www.imo-official.org/results/individual/year/2024/
414,Andreas Economou,"Economou, Andreas",Cyprus,IMO,2015,Andreas Economou,"Economou, Andreas",Cyprus,CYP,25859,3,None,480,507,493.5,0.1447140381,577,same_country_exact,https://www.imo-official.org/results/individual/year/2015/
414,Andreas Economou,"Economou, Andreas",Cyprus,IMO,2016,Andreas Economou,"Economou, Andreas",Cyprus,CYP,25859,9,Honourable Mention,409,428,418.5,0.3048172757,602,same_country_exact,https://www.imo-official.org/results/individual/year/2016/
414,Andreas Economou,"Economou, Andreas",Cyprus,IMO,2017,Andreas Economou,"Economou, Andreas",Cyprus,CYP,25859,17,Bronze,188,264,226,0.6325203252,615,same_country_exact,https://www.imo-official.org/results/individual/year/2017/
414,Andreas Economou,"Economou, Andreas",Cyprus,IMO,2018,Andreas Economou,"Economou, Andreas",Cyprus,CYP,25859,7,None,430,440,435,0.2676767677,594,same_country_exact,https://www.imo-official.org/results/individual/year/2018/
415,Anna Economou,"Economou, Anna",Cyprus,IMO,2017,Anna Economou,"Economou, Anna",Cyprus,CYP,27438,8,Honourable Mention,497,527,512,0.1674796748,615,same_country_exact,https://www.imo-official.org/results/individual/year/2017/
420,Alexandros Louka,"Louka, Alexandros",Cyprus,IMO,2025,Alexandros Louka,"Louka, Alexandros",Cyprus,CYP,35428,9,None,461,477,469,0.2555555556,630,same_country_exact,https://www.imo-official.org/results/individual/year/2025/
420,Alexandros Louka,"Louka, Alexandros",Cyprus,IMO,2026,Alexandros Louka,"Louka, Alexandros",Cyprus,CYP,35428,9,None,508,529,518.5,0.2214714715,666,same_country_exact,https://www.imo-official.org/results/individual/year/2026/
421,Ara Mahdessian,"Mahdessian, Ara",Cyprus,IMO,2022,Ara Mahdessian,"Mahdessian, Ara",Cyprus,CYP,31965,18,Honourable Mention,343,363,353,0.4006791171,589,same_country_exact,https://www.imo-official.org/results/individual/year/2022/
421,Ara Mahdessian,"Mahdessian, Ara",Cyprus,IMO,2023,Ara Mahdessian,"Mahdessian, Ara",Cyprus,CYP,31965,26,Silver,128,136,132,0.786407767,618,same_country_exact,https://www.imo-official.org/results/individual/year/2023/
421,Ara Mahdessian,"Mahdessian, Ara",Cyprus,IMO,2024,Ara Mahdessian,"Mahdessian, Ara",Cyprus,CYP,31965,22,Silver,147,181,164,0.7307060755,609,same_country_exact,https://www.imo-official.org/results/individual/year/2024/
421,Ara Mahdessian,"Mahdessian, Ara",Cyprus,IMO,2025,Ara Mahdessian,"Mahdessian, Ara",Cyprus,CYP,31965,33,Silver,81,87,84,0.8666666667,630,same_country_exact,https://www.imo-official.org/results/individual/year/2025/
424,Theofanis Orfanou,"Orfanou, Theofanis",Cyprus,IMO,2022,Theofanis Orfanou,"Orfanou, Theofanis",Cyprus,CYP,31963,22,Honourable Mention,286,302,294,0.5008488964,589,same_country_exact,https://www.imo-official.org/results/individual/year/2022/
424,Theofanis Orfanou,"Orfanou, Theofanis",Cyprus,IMO,2023,Theofanis Orfanou,"Orfanou, Theofanis",Cyprus,CYP,31963,10,Honourable Mention,441,458,449.5,0.2726537217,618,same_country_exact,https://www.imo-official.org/results/individual/year/2023/
424,Theofanis Orfanou,"Orfanou, Theofanis",Cyprus,IMO,2024,Theofanis Orfanou,"Orfanou, Theofanis",Cyprus,CYP,31963,23,Silver,125,146,135.5,0.7775041051,609,same_country_exact,https://www.imo-official.org/results/individual/year/2024/
426,Angelos Pelecanos,"Pelecanos, Angelos",Cyprus,IMO,2015,Angelos Pelecanos,"Pelecanos, Angelos",Cyprus,CYP,25858,8,Honourable Mention,394,419,406.5,0.2954939341,577,same_country_exact,https://www.imo-official.org/results/individual/year/2015/
426,Angelos Pelecanos,"Pelecanos, Angelos",Cyprus,IMO,2016,Angelos Pelecanos,"Pelecanos, Angelos",Cyprus,CYP,25858,11,Honourable Mention,379,399,389,0.353820598,602,same_country_exact,https://www.imo-official.org/results/individual/year/2016/
426,Angelos Pelecanos,"Pelecanos, Angelos",Cyprus,IMO,2017,Angelos Pelecanos,"Pelecanos, Angelos",Cyprus,CYP,25858,18,Bronze,139,187,163,0.7349593496,615,same_country_exact,https://www.imo-official.org/results/individual/year/2017/
429,Philippos Rouvas,"Rouvas, Philippos",Cyprus,IMO,2024,Philippos Rouvas,"Rouvas, Philippos",Cyprus,CYP,34511,9,Honourable Mention,457,474,465.5,0.2356321839,609,same_country_exact,https://www.imo-official.org/results/individual/year/2024/
429,Philippos Rouvas,"Rouvas, Philippos",Cyprus,IMO,2025,Philippos Rouvas,"Rouvas, Philippos",Cyprus,CYP,34511,23,Bronze,229,242,235.5,0.6261904762,630,same_country_exact,https://www.imo-official.org/results/individual/year/2025/
429,Philippos Rouvas,"Rouvas, Philippos",Cyprus,IMO,2026,Philippos Rouvas,"Rouvas, Philippos",Cyprus,CYP,34511,17,Bronze,283,313,298,0.5525525526,666,same_country_exact,https://www.imo-official.org/results/individual/year/2026/
431,Stelios Stylianou,"Stylianou, Stelios",Cyprus,IMO,2015,Stelios Stylianou,"Stylianou, Stelios",Cyprus,CYP,25857,11,Honourable Mention,322,336,329,0.4298093588,577,same_country_exact,https://www.imo-official.org/results/individual/year/2015/
431,Stelios Stylianou,"Stylianou, Stelios",Cyprus,IMO,2016,Stelios Stylianou,"Stylianou, Stelios",Cyprus,CYP,25857,22,Silver,137,145,141,0.7657807309,602,same_country_exact,https://www.imo-official.org/results/individual/year/2016/
431,Stelios Stylianou,"Stylianou, Stelios",Cyprus,IMO,2017,Stelios Stylianou,"Stylianou, Stelios",Cyprus,CYP,25857,16,Bronze,265,291,278,0.5479674797,615,same_country_exact,https://www.imo-official.org/results/individual/year/2017/
432,Andreas Theocharous,"Theocharous, Andreas",Cyprus,IMO,2017,Andreas Theocharous,"Theocharous, Andreas",Cyprus,CYP,27436,17,Bronze,188,264,226,0.6325203252,615,same_country_exact,https://www.imo-official.org/results/individual/year/2017/
433,Stefanos Theocharous,"Theocharous, Stefanos",Cyprus,IMO,2020,Stefanos Theocharous,"Theocharous, Stefanos",Cyprus,CYP,30461,0,None,560,616,588,0.0454545455,616,same_country_exact,https://www.imo-official.org/results/individual/year/2020/
437,Kyriakos Tsiannis,"Tsiannis, Kyriakos",Cyprus,IMO,2020,Kyriakos Tsiannis,"Tsiannis, Kyriakos",Cyprus,CYP,30462,1,None,532,559,545.5,0.1144480519,616,same_country_exact,https://www.imo-official.org/results/individual/year/2020/
437,Kyriakos Tsiannis,"Tsiannis, Kyriakos",Cyprus,IMO,2021,Kyriakos Tsiannis,"Tsiannis, Kyriakos",Cyprus,CYP,30462,7,Honourable Mention,372,414,393,0.3651050081,619,same_country_exact,https://www.imo-official.org/results/individual/year/2021/
437,Kyriakos Tsiannis,"Tsiannis, Kyriakos",Cyprus,IMO,2022,Kyriakos Tsiannis,"Tsiannis, Kyriakos",Cyprus,CYP,30462,10,Honourable Mention,458,468,463,0.2139219015,589,same_country_exact,https://www.imo-official.org/results/individual/year/2022/
437,Kyriakos Tsiannis,"Tsiannis, Kyriakos",Cyprus,IMO,2023,Kyriakos Tsiannis,"Tsiannis, Kyriakos",Cyprus,CYP,30462,15,Honourable Mention,366,384,375,0.3932038835,618,same_country_exact,https://www.imo-official.org/results/individual/year/2023/
439,Petros Vourmas,"Vourmas, Petros",Cyprus,IMO,2026,Petros Vourmas,"Vourmas, Petros",Cyprus,CYP,36139,10,Honourable Mention,486,507,496.5,0.2545045045,666,same_country_exact,https://www.imo-official.org/results/individual/year/2026/
443,Roni Edwin,"Edwin, Roni",Ghana,IMO,2019,Roni Edwin,"Edwin, Roni",Ghana,GHA,28684,9,Honourable Mention,417,443,430,0.307568438,621,same_country_exact,https://www.imo-official.org/results/individual/year/2019/
443,Roni Edwin,"Edwin, Roni",Ghana,IMO,2020,Roni Adom Edwin,"Edwin, Roni Adom",Ghana,GHA,28684,19,Bronze,236,247,241.5,0.6079545455,616,imo_person_id_propagation,https://www.imo-official.org/results/individual/year/2020/
443,Roni Edwin,"Edwin, Roni",Ghana,IMO,2021,Roni Adom Edwin,"Edwin, Roni Adom",Ghana,GHA,28684,7,Honourable Mention,372,414,393,0.3651050081,619,imo_person_id_propagation,https://www.imo-official.org/results/individual/year/2021/
445,Uwakmfon Unwana Jacob,"Jacob, Uwakmfon Unwana",Ghana,IMO,2021,Uwakmfon Unwana Jacob,"Jacob, Uwakmfon Unwana",Nigeria,NGA,30889,1,None,499,532,515.5,0.1672051696,619,global_exact_country_change,https://www.imo-official.org/results/individual/year/2021/
446,Joel Manu,"Manu, Joel",Ghana,IMO,2022,Joel Manu,"Manu, Joel",Ghana,GHA,31652,8,None,493,509,501,0.1494057725,589,same_country_exact,https://www.imo-official.org/results/individual/year/2022/
446,Joel Manu,"Manu, Joel",Ghana,IMO,2023,Joel Manu,"Manu, Joel",Ghana,GHA,31652,6,None,515,520,517.5,0.1626213592,618,same_country_exact,https://www.imo-official.org/results/individual/year/2023/
447,Denzel Segbefia,"Segbefia, Denzel",Ghana,IMO,2018,Denzel Segbefia,"Segbefia, Denzel",Ghana,GHA,28094,3,None,486,510,498,0.1616161616,594,same_country_exact,https://www.imo-official.org/results/individual/year/2018/
448,Jeet Thakwani,"Thakwani, Jeet",Ghana,IMO,2023,Jeet Thakwani,"Thakwani, Jeet",Ghana,GHA,33005,6,None,515,520,517.5,0.1626213592,618,same_country_exact,https://www.imo-official.org/results/individual/year/2023/
452,Kwan Yu Chan,"Chan, Kwan Yu",Hong Kong,IMO,2025,Kwan Yu Chan,"Chan, Kwan Yu",Hong Kong,HKG,35185,30,Silver,100,118,109,0.826984127,630,same_country_exact,https://www.imo-official.org/results/individual/year/2025/
462,Nick Hang Cheng,"Cheng, Nick Hang",Hong Kong,IMO,2022,Nick Hang Cheng,"Cheng, Nick Hang",Hong Kong,HKG,31936,19,Honourable Mention,328,342,335,0.4312393888,589,same_country_exact,https://www.imo-official.org/results/individual/year/2022/
469,Wai Lam Cheung,"Cheung, Wai Lam",Hong Kong,IMO,2014,Wai Lam Cheung,"Cheung, Wai Lam",Hong Kong,HKG,25045,22,Silver,124,162,143,0.7446428571,560,same_country_exact,https://www.imo-official.org/results/individual/year/2014/
469,Wai Lam Cheung,"Cheung, Wai Lam",Hong Kong,IMO,2015,Wai Lam Cheung,"Cheung, Wai Lam",Hong Kong,HKG,25045,14,Bronze,257,282,269.5,0.5329289428,577,same_country_exact,https://www.imo-official.org/results/individual/year/2015/
469,Wai Lam Cheung,"Cheung, Wai Lam",Hong Kong,IMO,2016,Wai Lam Cheung,"Cheung, Wai Lam",Hong Kong,HKG,25045,26,Silver,68,77,72.5,0.8795681063,602,same_country_exact,https://www.imo-official.org/results/individual/year/2016/
476,Tsz Sing Chong,"Chong, Tsz Sing",Hong Kong,IMO,2025,Tsz Sing Chong,"Chong, Tsz Sing",Hong Kong,HKG,35186,24,Bronze,214,228,221,0.6492063492,630,same_country_exact,https://www.imo-official.org/results/individual/year/2025/
476,Tsz Sing Chong,"Chong, Tsz Sing",Hong Kong,IMO,2026,Tsz Sing Chong,"Chong, Tsz Sing",Hong Kong,HKG,35186,24,Silver,117,134,125.5,0.8115615616,666,same_country_exact,https://www.imo-official.org/results/individual/year/2026/
481,Cheuk Hei Chu,"Chu, Cheuk Hei",Hong Kong,IMO,2020,Cheuk Hei Chu,"Chu, Cheuk Hei",Hong Kong,HKG,30256,22,Bronze,181,205,193,0.6866883117,616,same_country_exact,https://www.imo-official.org/results/individual/year/2020/
481,Cheuk Hei Chu,"Chu, Cheuk Hei",Hong Kong,IMO,2021,Cheuk Hei Chu,"Chu, Cheuk Hei",Hong Kong,HKG,30256,23,Silver,53,62,57.5,0.9071082391,619,same_country_exact,https://www.imo-official.org/results/individual/year/2021/
481,Cheuk Hei Chu,"Chu, Cheuk Hei",Hong Kong,IMO,2022,Cheuk Hei Chu,"Chu, Cheuk Hei",Hong Kong,HKG,30256,34,Gold,38,44,41,0.9303904924,589,same_country_exact,https://www.imo-official.org/results/individual/year/2022/
481,Cheuk Hei Chu,"Chu, Cheuk Hei",Hong Kong,IMO,2023,Cheuk Hei Chu,"Chu, Cheuk Hei",Hong Kong,HKG,30256,35,Gold,28,44,36,0.9417475728,618,same_country_exact,https://www.imo-official.org/results/individual/year/2023/
490,Sui Kei Ho,"Ho, Sui Kei",Hong Kong,IMO,2019,Sui Kei Ho,"Ho, Sui Kei",Hong Kong,HKG,29232,16,None,303,325,314,0.4943639291,621,same_country_exact,https://www.imo-official.org/results/individual/year/2019/
491,Tsz Chun Ho,"Ho, Tsz Chun",Hong Kong,IMO,2018,Tsz Chun Ho,"Ho, Tsz Chun",Hong Kong,HKG,28205,14,Honourable Mention,307,319,313,0.4730639731,594,same_country_exact,https://www.imo-official.org/results/individual/year/2018/
501,Yung Ho Kwan,"Kwan, Yung Ho",Hong Kong,IMO,2023,Yung Ho Kwan,"Kwan, Yung Ho",Hong Kong,HKG,33552,23,Bronze,183,219,201,0.6747572816,618,same_country_exact,https://www.imo-official.org/results/individual/year/2023/
501,Yung Ho Kwan,"Kwan, Yung Ho",Hong Kong,IMO,2024,Yung Ho Kwan,"Kwan, Yung Ho",Hong Kong,HKG,33552,28,Silver,59,75,67,0.8899835796,609,same_country_exact,https://www.imo-official.org/results/individual/year/2024/
501,Yung Ho Kwan,"Kwan, Yung Ho",Hong Kong,IMO,2025,Yung Ho Kwan,"Kwan, Yung Ho",Hong Kong,HKG,33552,36,Gold,12,26,19,0.9698412698,630,same_country_exact,https://www.imo-official.org/results/individual/year/2025/
501,Yung Ho Kwan,"Kwan, Yung Ho",Hong Kong,IMO,2026,Yung Ho Kwan,"Kwan, Yung Ho",Hong Kong,HKG,33552,24,Silver,117,134,125.5,0.8115615616,666,same_country_exact,https://www.imo-official.org/results/individual/year/2026/
502,Man Yi Kwok,"Kwok, Man Yi",Hong Kong,IMO,2015,Man Yi Kwok,"Kwok, Man Yi",Hong Kong,HKG,26014,18,Bronze,140,159,149.5,0.7409012132,577,same_country_exact,https://www.imo-official.org/results/individual/year/2015/
502,Man Yi Kwok,"Kwok, Man Yi",Hong Kong,IMO,2016,Man Yi Kwok,"Kwok, Man Yi",Hong Kong,HKG,26014,18,Bronze,206,223,214.5,0.6436877076,602,same_country_exact,https://www.imo-official.org/results/individual/year/2016/
502,Man Yi Kwok,"Kwok, Man Yi",Hong Kong,IMO,2017,Man Yi Kwok,"Kwok, Man Yi",Hong Kong,HKG,26014,23,Silver,64,71,67.5,0.8902439024,615,same_country_exact,https://www.imo-official.org/results/individual/year/2017/
504,Wai Lok Lai,"Lai, Wai Lok",Hong Kong,IMO,2020,Wai Lok Lai,"Lai, Wai Lok",Hong Kong,HKG,30258,16,Bronze,272,293,282.5,0.5413961039,616,same_country_exact,https://www.imo-official.org/results/individual/year/2020/
504,Wai Lok Lai,"Lai, Wai Lok",Hong Kong,IMO,2021,Wai Lok Lai,"Lai, Wai Lok",Hong Kong,HKG,30258,14,Bronze,218,267,242.5,0.6082390953,619,same_country_exact,https://www.imo-official.org/results/individual/year/2021/
504,Wai Lok Lai,"Lai, Wai Lok",Hong Kong,IMO,2022,Wai Lok Lai,"Lai, Wai Lok",Hong Kong,HKG,30258,28,Bronze,146,186,166,0.7181663837,589,same_country_exact,https://www.imo-official.org/results/individual/year/2022/
504,Wai Lok Lai,"Lai, Wai Lok",Hong Kong,IMO,2024,Wai Lok Lai,"Lai, Wai Lok",Hong Kong,HKG,30258,26,Silver,82,89,85.5,0.8596059113,609,same_country_exact,https://www.imo-official.org/results/individual/year/2024/
516,Shun Ming Samuel Lee,"Lee, Shun Ming Samuel",Hong Kong,IMO,2015,Shun Ming Samuel Lee,"Lee, Shun Ming Samuel",Hong Kong,HKG,26015,16,Bronze,183,216,199.5,0.6542461005,577,same_country_exact,https://www.imo-official.org/results/individual/year/2015/
516,Shun Ming Samuel Lee,"Lee, Shun Ming Samuel",Hong Kong,IMO,2016,Shun Ming Samuel Lee,"Lee, Shun Ming Samuel",Hong Kong,HKG,26015,31,Gold,23,34,28.5,0.9526578073,602,same_country_exact,https://www.imo-official.org/results/individual/year/2016/
516,Shun Ming Samuel Lee,"Lee, Shun Ming Samuel",Hong Kong,IMO,2017,Shun Ming Samuel Lee,"Lee, Shun Ming Samuel",Hong Kong,HKG,26015,25,Gold,36,48,42,0.9317073171,615,same_country_exact,https://www.imo-official.org/results/individual/year/2017/
517,Wan Lee,"Lee, Wan",Hong Kong,IMO,2019,Wan Lee,"Lee, Wan",Hong Kong,HKG,29230,21,Bronze,214,244,229,0.6312399356,621,same_country_exact,https://www.imo-official.org/results/individual/year/2019/
520,Harris Leung,"Leung, Harris",Hong Kong,IMO,2019,Harris Leung,"Leung, Harris",Hong Kong,HKG,29229,26,Silver,122,131,126.5,0.7962962963,621,same_country_exact,https://www.imo-official.org/results/individual/year/2019/
520,Harris Leung,"Leung, Harris",Hong Kong,IMO,2020,Harris Leung,"Leung, Harris",Hong Kong,HKG,29229,29,Silver,59,85,72,0.8831168831,616,same_country_exact,https://www.imo-official.org/results/individual/year/2020/
520,Harris Leung,"Leung, Harris",Hong Kong,IMO,2021,Harris Leung,"Leung, Harris",Hong Kong,HKG,29229,22,Silver,63,104,83.5,0.8651050081,619,same_country_exact,https://www.imo-official.org/results/individual/year/2021/
539,Chi Ki Ngai,"Ngai, Chi Ki",Hong Kong,IMO,2018,Chi Ki Ngai,"Ngai, Chi Ki",Hong Kong,HKG,28206,15,Honourable Mention,290,306,298,0.4983164983,594,same_country_exact,https://www.imo-official.org/results/individual/year/2018/
552,Alvin Cheuk Hin Tse,"Tse, Alvin Cheuk Hin",Hong Kong,IMO,2017,Alvin Cheuk Hin Tse,"Tse, Alvin Cheuk Hin",Hong Kong,HKG,27827,17,Bronze,188,264,226,0.6325203252,615,same_country_exact,https://www.imo-official.org/results/individual/year/2017/
552,Alvin Cheuk Hin Tse,"Tse, Alvin Cheuk Hin",Hong Kong,IMO,2018,Alvin Cheuk Hin Tse,"Tse, Alvin Cheuk Hin",Hong Kong,HKG,27827,18,Bronze,228,249,238.5,0.5984848485,594,same_country_exact,https://www.imo-official.org/results/individual/year/2018/
572,Ching Yan Timothy Yau,"Yau, Ching Yan Timothy",Hong Kong,IMO,2020,Ching Yan Timothy Yau,"Yau, Ching Yan Timothy",Hong Kong,HKG,30261,28,Silver,86,113,99.5,0.838474026,616,same_country_exact,https://www.imo-official.org/results/individual/year/2020/
572,Ching Yan Timothy Yau,"Yau, Ching Yan Timothy",Hong Kong,IMO,2021,Ching Yan Timothy Yau,"Yau, Ching Yan Timothy",Hong Kong,HKG,30261,22,Silver,63,104,83.5,0.8651050081,619,same_country_exact,https://www.imo-official.org/results/individual/year/2021/
572,Ching Yan Timothy Yau,"Yau, Ching Yan Timothy",Hong Kong,IMO,2022,Ching Yan Timothy Yau,"Yau, Ching Yan Timothy",Hong Kong,HKG,30261,32,Silver,61,67,64,0.8913412564,589,same_country_exact,https://www.imo-official.org/results/individual/year/2022/
581,Chun Hei Yiu,"Yiu, Chun Hei",Hong Kong,IMO,2021,Chun Hei Yiu,"Yiu, Chun Hei",Hong Kong,HKG,31153,4,None,439,458,448.5,0.2754442649,619,same_country_exact,https://www.imo-official.org/results/individual/year/2021/
581,Chun Hei Yiu,"Yiu, Chun Hei",Hong Kong,IMO,2022,Chun Hei Yiu,"Yiu, Chun Hei",Hong Kong,HKG,31153,29,Silver,112,145,128.5,0.7818336163,589,same_country_exact,https://www.imo-official.org/results/individual/year/2022/
581,Chun Hei Yiu,"Yiu, Chun Hei",Hong Kong,IMO,2023,Chun Hei Yiu,"Yiu, Chun Hei",Hong Kong,HKG,31153,28,Silver,104,118,111,0.8203883495,618,same_country_exact,https://www.imo-official.org/results/individual/year/2023/
582,Hoi Wai Yu,"Yu, Hoi Wai",Hong Kong,IMO,2014,Hoi Wai Yu,"Yu, Hoi Wai",Hong Kong,HKG,25046,21,Bronze,163,199,181,0.6767857143,560,same_country_exact,https://www.imo-official.org/results/individual/year/2014/
582,Hoi Wai Yu,"Yu, Hoi Wai",Hong Kong,IMO,2015,Hoi Wai Yu,"Yu, Hoi Wai",Hong Kong,HKG,25046,20,Silver,101,117,109,0.8110918544,577,same_country_exact,https://www.imo-official.org/results/individual/year/2015/
582,Hoi Wai Yu,"Yu, Hoi Wai",Hong Kong,IMO,2016,Hoi Wai Yu,"Yu, Hoi Wai",Hong Kong,HKG,25046,31,Gold,23,34,28.5,0.9526578073,602,same_country_exact,https://www.imo-official.org/results/individual/year/2016/
582,Hoi Wai Yu,"Yu, Hoi Wai",Hong Kong,IMO,2017,Hoi Wai Yu,"Yu, Hoi Wai",Hong Kong,HKG,25046,17,Bronze,188,264,226,0.6325203252,615,same_country_exact,https://www.imo-official.org/results/individual/year/2017/
633,Kevin Adi Senjaya,"Adi Senjaya, Kevin",Indonesia,IMO,2024,Kevin Adi Senjaya,"Adi Senjaya, Kevin",Indonesia,IDN,34570,29,Gold,47,58,52.5,0.9137931034,609,same_country_exact,https://www.imo-official.org/results/individual/year/2024/
644,Rizky Rajendra Ananta Dewa,"Ananta Dewa, Rizky Rajendra",Indonesia,IMO,2023,Rizky Rajendra Ananta Dewa,"Ananta Dewa, Rizky Rajendra",Indonesia,IDN,33653,24,Bronze,145,182,163.5,0.7354368932,618,same_country_exact,https://www.imo-official.org/results/individual/year/2023/
647,Rezky Arizaputra,"Arizaputra, Rezky",Indonesia,IMO,2015,Rezky Arizaputra,"Arizaputra, Rezky",Indonesia,IDN,25831,19,Silver,118,139,128.5,0.7772963605,577,same_country_exact,https://www.imo-official.org/results/individual/year/2015/
647,Rezky Arizaputra,"Arizaputra, Rezky",Indonesia,IMO,2016,Rezky Arizaputra,"Arizaputra, Rezky",Indonesia,IDN,25831,23,Silver,114,136,125,0.792358804,602,same_country_exact,https://www.imo-official.org/results/individual/year/2016/
654,Kinantan Arya Bagaspati,"Bagaspati, Kinantan Arya",Indonesia,IMO,2017,Kinantan Arya Bagaspati,"Bagaspati, Kinantan Arya",Indonesia,IDN,27553,18,Bronze,139,187,163,0.7349593496,615,same_country_exact,https://www.imo-official.org/results/individual/year/2017/
654,Kinantan Arya Bagaspati,"Bagaspati, Kinantan Arya",Indonesia,IMO,2018,Kinantan Arya Bagaspati,"Bagaspati, Kinantan Arya",Indonesia,IDN,27553,29,Silver,61,86,73.5,0.8762626263,594,same_country_exact,https://www.imo-official.org/results/individual/year/2018/
654,Kinantan Arya Bagaspati,"Bagaspati, Kinantan Arya",Indonesia,IMO,2019,Kinantan Arya Bagaspati,"Bagaspati, Kinantan Arya",Indonesia,IDN,27553,32,Gold,41,47,44,0.9291465378,621,same_country_exact,https://www.imo-official.org/results/individual/year/2019/
675,Farras Mohammad Hibban Fadilla,"Fadilla, Farras Mohammad Hibban",Indonesia,IMO,2017,Farras Mohammad Hibban Faddila,"Hibban Faddila, Farras Mohammad",Indonesia,IDN,27549,15,Honourable Mention,292,341,316.5,0.4853658537,615,reviewed_alias,https://www.imo-official.org/results/individual/year/2017/
675,Farras Mohammad Hibban Fadilla,"Fadilla, Farras Mohammad Hibban",Indonesia,IMO,2018,Farras Mohammad Hibban Faddila,"Hibban Faddila, Farras Mohammad",Indonesia,IDN,27549,29,Silver,61,86,73.5,0.8762626263,594,reviewed_alias,https://www.imo-official.org/results/individual/year/2018/
694,Axel Giovanni Hartanto,"Hartanto, Axel Giovanni",Indonesia,IMO,2023,Axel Giovanni Hartanto,"Hartanto, Axel Giovanni",Indonesia,IDN,33654,17,Honourable Mention,315,348,331.5,0.463592233,618,same_country_exact,https://www.imo-official.org/results/individual/year/2023/
701,Andrew Daniel Janong,"Janong, Andrew Daniel",Indonesia,IMO,2021,Andrew Daniel Janong,"Janong, Andrew Daniel",Indonesia,IDN,31077,14,Bronze,218,267,242.5,0.6082390953,619,same_country_exact,https://www.imo-official.org/results/individual/year/2021/
701,Andrew Daniel Janong,"Janong, Andrew Daniel",Indonesia,IMO,2022,Andrew Daniel Janong,"Daniel Janong, Andrew",Indonesia,IDN,31077,17,Honourable Mention,364,376,370,0.3718166384,589,same_country_exact,https://www.imo-official.org/results/individual/year/2022/
708,Aaron Alvarado Kristanto,"Kristanto, Aaron Alvarado",Indonesia,IMO,2019,Aaron Alvarado Kristanto,"Kristanto, Aaron Alvarado",Indonesia,IDN,28990,27,Silver,101,121,111,0.8212560386,621,same_country_exact,https://www.imo-official.org/results/individual/year/2019/
708,Aaron Alvarado Kristanto,"Kristanto, Aaron Alvarado",Indonesia,IMO,2020,Aaron Alvarado Kristanto Julistiono,"Julistiono, Aaron Alvarado Kristanto",Indonesia,IDN,28990,33,Gold,22,33,27.5,0.9553571429,616,imo_person_id_propagation,https://www.imo-official.org/results/individual/year/2020/
708,Aaron Alvarado Kristanto,"Kristanto, Aaron Alvarado",Indonesia,IMO,2021,Aaron Alvarado Kristanto Julistiono,"Julistiono, Aaron Alvarado Kristanto",Indonesia,IDN,28990,21,Silver,105,142,123.5,0.8004846527,619,imo_person_id_propagation,https://www.imo-official.org/results/individual/year/2021/
714,Janssen Edyth Lim,"Lim, Janssen Edyth",Indonesia,IMO,2025,Janssen Edyth Lim,"Lim, Janssen Edyth",Indonesia,IDN,35197,27,Bronze,177,186,181.5,0.7119047619,630,same_country_exact,https://www.imo-official.org/results/individual/year/2025/
768,Farrel Dwireswara Salim,"Salim, Farrel Dwireswara",Indonesia,IMO,2019,Farrel Dwireswara Salim,"Salim, Farrel Dwireswara",Indonesia,IDN,28994,21,Bronze,214,244,229,0.6312399356,621,same_country_exact,https://www.imo-official.org/results/individual/year/2019/
768,Farrel Dwireswara Salim,"Salim, Farrel Dwireswara",Indonesia,IMO,2020,Farrel Dwireswara Salim,"Salim, Farrel Dwireswara",Indonesia,IDN,28994,17,Bronze,262,271,266.5,0.5673701299,616,same_country_exact,https://www.imo-official.org/results/individual/year/2020/
768,Farrel Dwireswara Salim,"Salim, Farrel Dwireswara",Indonesia,IMO,2021,Farrel Dwireswara Salim,"Salim, Farrel Dwireswara",Indonesia,IDN,28994,15,Bronze,180,217,198.5,0.6793214863,619,same_country_exact,https://www.imo-official.org/results/individual/year/2021/
769,Gian Cordana Sanjaya,"Sanjaya, Gian Cordana",Indonesia,IMO,2016,Gian Cordana Sanjaya,"Sanjaya, Gian Cordana",Indonesia,IDN,26876,18,Bronze,206,223,214.5,0.6436877076,602,same_country_exact,https://www.imo-official.org/results/individual/year/2016/
769,Gian Cordana Sanjaya,"Sanjaya, Gian Cordana",Indonesia,IMO,2017,Gian Cordana Sanjaya,"Sanjaya, Gian Cordana",Indonesia,IDN,26876,21,Silver,82,102,92,0.8504065041,615,same_country_exact,https://www.imo-official.org/results/individual/year/2017/
769,Gian Cordana Sanjaya,"Sanjaya, Gian Cordana",Indonesia,IMO,2018,Gian Cordana Sanjaya,"Sanjaya, Gian Cordana",Indonesia,IDN,26876,31,Gold,34,48,41,0.930976431,594,same_country_exact,https://www.imo-official.org/results/individual/year/2018/
775,Maulana Satya Adigama,"Satya Adigama, Maulana",Indonesia,IMO,2022,Maulana Satya Adigama,"Satya Adigama, Maulana",Indonesia,IDN,31898,26,Bronze,214,229,221.5,0.6239388795,589,same_country_exact,https://www.imo-official.org/results/individual/year/2022/
775,Maulana Satya Adigama,"Satya Adigama, Maulana",Indonesia,IMO,2024,Maulana Satya Adigama,"Satya Adigama, Maulana",Indonesia,IDN,31898,14,Honourable Mention,366,399,382.5,0.3719211823,609,same_country_exact,https://www.imo-official.org/results/individual/year/2024/
788,Otto Alexander Sutianto,"Sutianto, Otto Alexander",Indonesia,IMO,2017,Otto Alexander Sutianto,"Sutianto, Otto Alexander",Indonesia,IDN,27552,17,Bronze,188,264,226,0.6325203252,615,same_country_exact,https://www.imo-official.org/results/individual/year/2017/
788,Otto Alexander Sutianto,"Sutianto, Otto Alexander",Indonesia,IMO,2018,Otto Alexander Sutianto,"Sutianto, Otto Alexander",Indonesia,IDN,27552,25,Silver,131,146,138.5,0.7668350168,594,same_country_exact,https://www.imo-official.org/results/individual/year/2018/
797,Alfian Edgar Tjandra,"Tjandra, Alfian Edgar",Indonesia,IMO,2018,Alfian Edgar Tjandra,"Tjandra, Alfian Edgar",Indonesia,IDN,28453,29,Silver,61,86,73.5,0.8762626263,594,same_country_exact,https://www.imo-official.org/results/individual/year/2018/
797,Alfian Edgar Tjandra,"Tjandra, Alfian Edgar",Indonesia,IMO,2019,Alfian Edgar Tjandra,"Tjandra, Alfian Edgar",Indonesia,IDN,28453,27,Silver,101,121,111,0.8212560386,621,same_country_exact,https://www.imo-official.org/results/individual/year/2019/
805,Stanve Avrilium Widjaja,"Widjaja, Stanve Avrilium",Indonesia,IMO,2020,Stanve Avrilium Widjaja,"Widjaja, Stanve Avrilium",Indonesia,IDN,30231,33,Gold,22,33,27.5,0.9553571429,616,same_country_exact,https://www.imo-official.org/results/individual/year/2020/
805,Stanve Avrilium Widjaja,"Widjaja, Stanve Avrilium",Indonesia,IMO,2021,Stanve Avrilium Widjaja,"Widjaja, Stanve Avrilium",Indonesia,IDN,30231,21,Silver,105,142,123.5,0.8004846527,619,same_country_exact,https://www.imo-official.org/results/individual/year/2021/
809,Timothy William Koesasih,"William Koesasih, Timothy",Indonesia,IMO,2024,Timothy William Koesasih,"William Koesasih, Timothy",Indonesia,IDN,34573,14,Honourable Mention,366,399,382.5,0.3719211823,609,same_country_exact,https://www.imo-official.org/results/individual/year/2024/
815,Rafael Kristoforus Yanto,"Yanto, Rafael Kristoforus",Indonesia,IMO,2022,Rafael Kristoforus Yanto,"Kristoforus Yanto, Rafael",Indonesia,IDN,31895,32,Silver,61,67,64,0.8913412564,589,same_country_exact,https://www.imo-official.org/results/individual/year/2022/
815,Rafael Kristoforus Yanto,"Yanto, Rafael Kristoforus",Indonesia,IMO,2023,Rafael Kristoforus Yanto,"Yanto, Rafael Kristoforus",Indonesia,IDN,31895,29,Silver,82,103,92.5,0.8503236246,618,same_country_exact,https://www.imo-official.org/results/individual/year/2023/
827,Mohammad Reza Aminian,"Aminian, Mohammad Reza",Islamic Republic of Iran,IMO,2016,Mohammad Reza Aminian,"Aminian, Mohammad Reza",Islamic Republic of Iran,IRN,26860,24,Silver,94,113,103.5,0.8280730897,602,same_country_exact,https://www.imo-official.org/results/individual/year/2016/
842,Parnia Dabagh,"Dabagh, Parnia",Islamic Republic of Iran,IMO,2024,Parnia Dabbagh,"Dabbagh, Parnia",Islamic Republic of Iran,IRN,34249,15,Honourable Mention,327,365,346,0.4318555008,609,reviewed_alias,https://www.imo-official.org/results/individual/year/2024/
845,Farbod Ekbatani,"Ekbatani, Farbod",Islamic Republic of Iran,IMO,2015,Farbod Ekbatani,"Ekbatani, Farbod",Islamic Republic of Iran,IRN,26070,19,Silver,118,139,128.5,0.7772963605,577,same_country_exact,https://www.imo-official.org/results/individual/year/2015/
845,Farbod Ekbatani,"Ekbatani, Farbod",Islamic Republic of Iran,IMO,2016,Farbod Ekbatani,"Ekbatani, Farbod",Islamic Republic of Iran,IRN,26070,19,Bronze,184,205,194.5,0.676910299,602,same_country_exact,https://www.imo-official.org/results/individual/year/2016/
856,Faraz Ghahremany Kooreh,"Ghahremany Kooreh, Faraz",Islamic Republic of Iran,IMO,2019,Faraz Ghahremany Kooreh,"Ghahremany Kooreh, Faraz",Islamic Republic of Iran,IRN,28964,22,Bronze,168,213,190.5,0.693236715,621,same_country_exact,https://www.imo-official.org/results/individual/year/2019/
859,Hossein Gholizadeh,"Gholizadeh, Hossein",Islamic Republic of Iran,IMO,2020,Hossein Gholizadeh,"Gholizadeh, Hossein",Germany,GER,29712,27,Silver,114,120,117,0.8100649351,616,global_exact_country_change,https://www.imo-official.org/results/individual/year/2020/
868,Arian Hosseingholizadeh,"Hosseingholizadeh, Arian",Islamic Republic of Iran,IMO,2014,Arian Hosseingholizadeh,"Hosseingholizadeh, Arian",Islamic Republic of Iran,IRN,24974,22,Silver,124,162,143,0.7446428571,560,same_country_exact,https://www.imo-official.org/results/individual/year/2014/
888,Mahbod Majid,"Majid, Mahbod",Islamic Republic of Iran,IMO,2016,Mahbod Majid,"Majid, Mahbod",Islamic Republic of Iran,IRN,26859,17,Bronze,224,252,238,0.6046511628,602,same_country_exact,https://www.imo-official.org/results/individual/year/2016/
920,Amin Rakhsha,"Rakhsha, Amin",Islamic Republic of Iran,IMO,2016,Amin Rakhsha,"Rakhsha, Amin",Islamic Republic of Iran,IRN,26857,22,Silver,137,145,141,0.7657807309,602,same_country_exact,https://www.imo-official.org/results/individual/year/2016/
922,Ahmad Ramzan Pour,"Ramzan Pour, Ahmad",Islamic Republic of Iran,IMO,2018,Ahmad Ramzan Pour,"Ramzan Pour, Ahmad",Islamic Republic of Iran,IRN,28293,28,Silver,87,110,98.5,0.8341750842,594,same_country_exact,https://www.imo-official.org/results/individual/year/2018/
926,Alireza Rezaeimoghadam,"Rezaeimoghadam, Alireza",Islamic Republic of Iran,IMO,2021,Alireza Rezaeimoghadam,"Rezaeimoghadam, Alireza",Islamic Republic of Iran,IRN,31190,13,Bronze,268,289,278.5,0.5500807754,619,same_country_exact,https://www.imo-official.org/results/individual/year/2021/
927,Farhood Rostamkhani,"Rostamkhani, Farhood",Islamic Republic of Iran,IMO,2017,Farhood Rostamkhani,"Rostamkhani, Farhood",Islamic Republic of Iran,IRN,27528,19,Silver,115,138,126.5,0.7943089431,615,same_country_exact,https://www.imo-official.org/results/individual/year/2017/
929,Amirmojtaba Sabour,"Sabour, Amirmojtaba",Islamic Republic of Iran,IMO,2016,Amirmojtaba Sabour,"Sabour, Amirmojtaba",Islamic Republic of Iran,IRN,26858,22,Silver,137,145,141,0.7657807309,602,same_country_exact,https://www.imo-official.org/results/individual/year/2016/
929,Amirmojtaba Sabour,"Sabour, Amirmojtaba",Islamic Republic of Iran,IMO,2017,Amirmojtaba Sabour,"Sabour, Amirmojtaba",Islamic Republic of Iran,IRN,26858,35,Gold,1,3,2,0.9967479675,615,same_country_exact,https://www.imo-official.org/results/individual/year/2017/
943,Mohammad Shahverdikondori,"Shahverdikondori, Mohammad",Islamic Republic of Iran,IMO,2018,Mohammad Shahverdi Kondori,"Shahverdi Kondori, Mohammad",Islamic Republic of Iran,IRN,28296,25,Silver,131,146,138.5,0.7668350168,594,same_country_compact,https://www.imo-official.org/results/individual/year/2018/
945,Mohammad Sharifikiasari,"Sharifikiasari, Mohammad",Islamic Republic of Iran,IMO,2018,Mohammad Sharifi Kiasari,"Sharifi Kiasari, Mohammad",Islamic Republic of Iran,IRN,28294,32,Gold,27,33,30,0.9494949495,594,same_country_compact,https://www.imo-official.org/results/individual/year/2018/
951,Soroush Taslimi,"Taslimi, Soroush",Islamic Republic of Iran,IMO,2017,Soroush Taslimi,"Taslimi, Soroush",Islamic Republic of Iran,IRN,27783,18,Bronze,139,187,163,0.7349593496,615,same_country_exact,https://www.imo-official.org/results/individual/year/2017/
959,Mojtaba Zareh Bidaki,"Zareh Bidaki, Mojtaba",Islamic Republic of Iran,IMO,2015,Mojtaba Zareh Bidaki,"Zareh Bidaki, Mojtaba",Islamic Republic of Iran,IRN,26074,27,Gold,32,36,34,0.9410745234,577,same_country_exact,https://www.imo-official.org/results/individual/year/2015/
960,Ko Aoki,"Aoki, Ko",Japan,IMO,2015,Ko Aoki,"Aoki, Ko",Japan,JPN,25668,21,Silver,88,100,94,0.8370883882,577,same_country_exact,https://www.imo-official.org/results/individual/year/2015/
960,Ko Aoki,"Aoki, Ko",Japan,IMO,2016,Ko Aoki,"Aoki, Ko",Japan,JPN,25668,25,Silver,78,93,85.5,0.8579734219,602,same_country_exact,https://www.imo-official.org/results/individual/year/2016/
961,Tomochika Arai,"Arai, Tomochika",Japan,IMO,2018,Tomochika Arai,"Arai, Tomochika",Japan,JPN,28228,28,Silver,87,110,98.5,0.8341750842,594,same_country_exact,https://www.imo-official.org/results/individual/year/2018/
966,Rikimaru Kurata,"Kurata, Rikimaru",Japan,IMO,2016,Rikimaru Kurata,"Kurata, Rikimaru",Japan,JPN,26501,28,Silver,45,62,53.5,0.9111295681,602,same_country_exact,https://www.imo-official.org/results/individual/year/2016/
967,Naoki Kuroda,"Kuroda, Naoki",Japan,IMO,2017,Naoki Kuroda,"Kuroda, Naoki",Japan,JPN,27333,25,Gold,36,48,42,0.9317073171,615,same_country_exact,https://www.imo-official.org/results/individual/year/2017/
967,Naoki Kuroda,"Kuroda, Naoki",Japan,IMO,2018,Naoki Kuroda,"Kuroda, Naoki",Japan,JPN,27333,38,Gold,6,8,7,0.9882154882,594,same_country_exact,https://www.imo-official.org/results/individual/year/2018/
970,Yuta Takaya,"Takaya, Yuta",Japan,IMO,2015,Yuta Takaya,"Takaya, Yuta",Japan,JPN,25681,21,Silver,88,100,94,0.8370883882,577,same_country_exact,https://www.imo-official.org/results/individual/year/2015/
970,Yuta Takaya,"Takaya, Yuta",Japan,IMO,2016,Yuta Takaya,"Takaya, Yuta",Japan,JPN,25681,31,Gold,23,34,28.5,0.9526578073,602,same_country_exact,https://www.imo-official.org/results/individual/year/2016/
970,Yuta Takaya,"Takaya, Yuta",Japan,IMO,2017,Yuta Takaya,"Takaya, Yuta",Japan,JPN,25681,35,Gold,1,3,2,0.9967479675,615,same_country_exact,https://www.imo-official.org/results/individual/year/2017/
978,Raiymbek Akshulakov,"Akshulakov, Raiymbek",Kazakhstan,IMO,2016,Raiymbek Akshulakov,"Akshulakov, Raiymbek",Kazakhstan,KAZ,26684,14,Honourable Mention,312,354,333,0.4468438538,602,same_country_exact,https://www.imo-official.org/results/individual/year/2016/
980,Yerassyl Altinbek,"Altinbek, Yerassyl",Kazakhstan,IMO,2025,Yerassyl Altynbek,"Altynbek, Yerassyl",Kazakhstan,KAZ,35205,22,Bronze,243,271,257,0.5920634921,630,reviewed_alias,https://www.imo-official.org/results/individual/year/2025/
980,Yerassyl Altinbek,"Altinbek, Yerassyl",Kazakhstan,IMO,2026,Yerassyl Altynbek,"Altynbek, Yerassyl",Kazakhstan,KAZ,35205,22,Bronze,161,204,182.5,0.725975976,666,reviewed_alias,https://www.imo-official.org/results/individual/year/2026/
981,Aruzhan Amanbayeva,"Amanbayeva, Aruzhan",Kazakhstan,IMO,2016,Aruzhan Amanbayeva,"Amanbayeva, Aruzhan",Kazakhstan,KAZ,26645,17,Bronze,224,252,238,0.6046511628,602,same_country_exact,https://www.imo-official.org/results/individual/year/2016/
981,Aruzhan Amanbayeva,"Amanbayeva, Aruzhan",Kazakhstan,IMO,2017,Aruzhan Amanbayeva,"Amanbayeva, Aruzhan",Kazakhstan,KAZ,26645,18,Bronze,139,187,163,0.7349593496,615,same_country_exact,https://www.imo-official.org/results/individual/year/2017/
981,Aruzhan Amanbayeva,"Amanbayeva, Aruzhan",Kazakhstan,IMO,2018,Aruzhan Amanbayeva,"Amanbayeva, Aruzhan",Kazakhstan,KAZ,26645,29,Silver,61,86,73.5,0.8762626263,594,same_country_exact,https://www.imo-official.org/results/individual/year/2018/
986,Rakhman Asmatullayev,"Asmatullayev, Rakhman",Kazakhstan,IMO,2018,Rakhman Asmatullayev,"Asmatullayev, Rakhman",Kazakhstan,KAZ,27859,21,Bronze,193,203,198,0.6666666667,594,same_country_exact,https://www.imo-official.org/results/individual/year/2018/
988,Batyrkhan Baiganov,"Baiganov, Batyrkhan",Kazakhstan,IMO,2026,Batyrkhan Beiganov,"Beiganov, Batyrkhan",Kazakhstan,KAZ,36189,28,Silver,56,75,65.5,0.9016516517,666,reviewed_alias,https://www.imo-official.org/results/individual/year/2026/
990,Raiymbek Baishuak,"Baishuak, Raiymbek",Kazakhstan,IMO,2023,Raiymbek Baishuak,"Baishuak, Raiymbek",Kazakhstan,KAZ,33247,28,Silver,104,118,111,0.8203883495,618,same_country_exact,https://www.imo-official.org/results/individual/year/2023/
1015,Assylbek Olzhabayev,"Olzhabayev, Assylbek",Kazakhstan,IMO,2021,Assylbek Olzhabayev,"Olzhabayev, Assylbek",Kazakhstan,KAZ,30769,13,Bronze,268,289,278.5,0.5500807754,619,same_country_exact,https://www.imo-official.org/results/individual/year/2021/
1027,Alexey Tsekhovoy,"Tsekhovoy, Alexey",Kazakhstan,IMO,2017,Alexey Tsekhovoy,"Tsekhovoy, Alexey",Kazakhstan,KAZ,27302,12,None,416,441,428.5,0.3032520325,615,same_country_exact,https://www.imo-official.org/results/individual/year/2017/
1027,Alexey Tsekhovoy,"Tsekhovoy, Alexey",Kazakhstan,IMO,2018,Alexey Tsekhovoy,"Tsekhovoy, Alexey",Kazakhstan,KAZ,27302,28,Silver,87,110,98.5,0.8341750842,594,same_country_exact,https://www.imo-official.org/results/individual/year/2018/
1038,Nursultan Eshperov,"Eshperov, Nursultan",Kyrgyzstan,IMO,2024,Nursultan Eshperov,"Eshperov, Nursultan",Kyrgyzstan,KGZ,33910,13,Honourable Mention,400,412,406,0.3333333333,609,same_country_exact,https://www.imo-official.org/results/individual/year/2024/
1038,Nursultan Eshperov,"Eshperov, Nursultan",Kyrgyzstan,IMO,2025,Nursultan Eshperov,"Eshperov, Nursultan",Kyrgyzstan,KGZ,33910,21,Bronze,272,290,281,0.553968254,630,same_country_exact,https://www.imo-official.org/results/individual/year/2025/
1039,Nazar Kirgizbaev,"Kirgizbaev, Nazar",Kyrgyzstan,IMO,2024,Nazar Azizbekovich Kirgizbaev,"Kirgizbaev, Nazar Azizbekovich",Kyrgyzstan,KGZ,33906,29,Gold,47,58,52.5,0.9137931034,609,imo_person_id_propagation,https://www.imo-official.org/results/individual/year/2024/
1039,Nazar Kirgizbaev,"Kirgizbaev, Nazar",Kyrgyzstan,IMO,2025,Nazar Kirgizbaev,"Kirgizbaev, Nazar",Kyrgyzstan,KGZ,33906,29,Silver,119,147,133,0.7888888889,630,same_country_exact,https://www.imo-official.org/results/individual/year/2025/
1045,Cheok Him Chan,"Chan, Cheok Him",Macau,IMO,2026,Cheok Him Chan,"Chan, Cheok Him",Macau,MAC,35713,15,Honourable Mention,350,387,368.5,0.4466966967,666,same_country_exact,https://www.imo-official.org/results/individual/year/2026/
1051,Wai Chong Chan,"Chan, Wai Chong",Macau,IMO,2024,Wai Chong Chan,"Chan, Wai Chong",Macau,MAC,34307,2,None,551,564,557.5,0.0845648604,609,same_country_exact,https://www.imo-official.org/results/individual/year/2024/
1053,Hou Tin Chau,"Chau, Hou Tin",Macau,IMO,2014,Hou Tin Chau,"Chau, Hou Tin",Macau,MAC,21380,19,Bronze,221,237,229,0.5910714286,560,same_country_exact,https://www.imo-official.org/results/individual/year/2014/
1053,Hou Tin Chau,"Chau, Hou Tin",Macau,IMO,2015,Hou Tin Chau,"Chau, Hou Tin",Macau,MAC,21380,22,Silver,76,87,81.5,0.8587521664,577,same_country_exact,https://www.imo-official.org/results/individual/year/2015/
1053,Hou Tin Chau,"Chau, Hou Tin",Macau,IMO,2016,Hou Tin Chau,"Chau, Hou Tin",Macau,MAC,21380,31,Gold,23,34,28.5,0.9526578073,602,same_country_exact,https://www.imo-official.org/results/individual/year/2016/
1053,Hou Tin Chau,"Chau, Hou Tin",Macau,IMO,2017,Hou Tin Chau,"Chau, Hou Tin",Macau,MAC,21380,25,Gold,36,48,42,0.9317073171,615,same_country_exact,https://www.imo-official.org/results/individual/year/2017/
1057,Ngou Hin Cheang,"Cheang, Ngou Hin",Macau,IMO,2023,Ngou Hin Cheang,"Cheang, Ngou Hin",Macau,MAC,33669,15,Honourable Mention,366,384,375,0.3932038835,618,same_country_exact,https://www.imo-official.org/results/individual/year/2023/
1060,Weng Chi Cheng,"Cheng, Weng Chi",Macau,IMO,2018,Weng Chi Cheng,"Cheng, Weng Chi",Macau,MAC,28284,18,Bronze,228,249,238.5,0.5984848485,594,same_country_exact,https://www.imo-official.org/results/individual/year/2018/
1063,Cheng In Cheung,"Cheung, Cheng In",Macau,IMO,2020,Cheng In Cheung,"Cheung, Cheng In",Macau,MAC,30354,14,Honourable Mention,317,344,330.5,0.463474026,616,same_country_exact,https://www.imo-official.org/results/individual/year/2020/
1063,Cheng In Cheung,"Cheung, Cheng In",Macau,IMO,2021,Cheng In Cheung,"Cheung, Cheng In",Macau,MAC,30354,14,Bronze,218,267,242.5,0.6082390953,619,same_country_exact,https://www.imo-official.org/results/individual/year/2021/
1063,Cheng In Cheung,"Cheung, Cheng In",Macau,IMO,2022,Cheng In Cheung,"Cheung, Cheng In",Macau,MAC,30354,26,Bronze,214,229,221.5,0.6239388795,589,same_country_exact,https://www.imo-official.org/results/individual/year/2022/
1077,Chun I Ho,"Ho, Chun I",Macau,IMO,2019,Chun I Ho,"Ho, Chun I",Macau,MAC,29289,14,Honourable Mention,345,360,352.5,0.4323671498,621,same_country_exact,https://www.imo-official.org/results/individual/year/2019/
1079,In Lok Ho,"Ho, In Lok",Macau,IMO,2026,In Lok Ho,"Ho, In Lok",Macau,MAC,35711,10,Honourable Mention,486,507,496.5,0.2545045045,666,same_country_exact,https://www.imo-official.org/results/individual/year/2026/
1083,Song Pok Hong,"Hong, Song Pok",Macau,IMO,2023,Song Pok Hong,"Hong, Song Pok",Macau,MAC,33664,8,Honourable Mention,490,507,498.5,0.1933656958,618,same_country_exact,https://www.imo-official.org/results/individual/year/2023/
1083,Song Pok Hong,"Hong, Song Pok",Macau,IMO,2024,Song Pok Hong,"Hong, Song Pok",Macau,MAC,33664,14,Honourable Mention,366,399,382.5,0.3719211823,609,same_country_exact,https://www.imo-official.org/results/individual/year/2024/
1084,Hoi Cheong Iam,"Iam, Hoi Cheong",Macau,IMO,2014,Hoi Cheong Iam,"Iam, Hoi Cheong",Macau,MAC,24876,8,Honourable Mention,421,445,433,0.2267857143,560,same_country_exact,https://www.imo-official.org/results/individual/year/2014/
1084,Hoi Cheong Iam,"Iam, Hoi Cheong",Macau,IMO,2016,Hoi Cheong Iam,"Iam, Hoi Cheong",Macau,MAC,24876,13,Honourable Mention,355,367,361,0.4003322259,602,same_country_exact,https://www.imo-official.org/results/individual/year/2016/
1092,Cheok Lam Lai,"Lai, Cheok Lam",Macau,IMO,2019,Cheok Lam Lai,"Lai, Cheok Lam",Macau,MAC,29268,12,Honourable Mention,376,385,380.5,0.3872785829,621,same_country_exact,https://www.imo-official.org/results/individual/year/2019/
1092,Cheok Lam Lai,"Lai, Cheok Lam",Macau,IMO,2020,Cheok Lam Lai,"Lai, Cheok Lam",Macau,MAC,29268,21,Bronze,206,226,216,0.6493506494,616,same_country_exact,https://www.imo-official.org/results/individual/year/2020/
1092,Cheok Lam Lai,"Lai, Cheok Lam",Macau,IMO,2021,Cheok Lam Lai,"Lai, Cheok Lam",Macau,MAC,29268,14,Bronze,218,267,242.5,0.6082390953,619,same_country_exact,https://www.imo-official.org/results/individual/year/2021/
1094,Wai Neng Lai,"Lai, Wai Neng",Macau,IMO,2016,Wai Neng Lai,"Lai, Wai Neng",Macau,MAC,26694,15,Honourable Mention,281,311,296,0.5083056478,602,same_country_exact,https://www.imo-official.org/results/individual/year/2016/
1097,Chi Pang Lao,"Lao, Chi Pang",Macau,IMO,2020,Chi Pang Lao,"Lao, Chi Pang",Macau,MAC,30355,7,Honourable Mention,445,494,469.5,0.2378246753,616,same_country_exact,https://www.imo-official.org/results/individual/year/2020/
1097,Chi Pang Lao,"Lao, Chi Pang",Macau,IMO,2021,CHI PANG LAO,"LAO, CHI PANG",Macau,MAC,30355,7,Honourable Mention,372,414,393,0.3651050081,619,same_country_exact,https://www.imo-official.org/results/individual/year/2021/
1097,Chi Pang Lao,"Lao, Chi Pang",Macau,IMO,2022,Chi Pang Lao,"Lao, Chi Pang",Macau,MAC,30355,17,Honourable Mention,364,376,370,0.3718166384,589,same_country_exact,https://www.imo-official.org/results/individual/year/2022/
1101,Kin Nam Lao,"Lao, Kin Nam",Macau,IMO,2024,Kin Nam Lao,"Lao, Kin Nam",Macau,MAC,34308,11,Honourable Mention,425,433,429,0.2955665025,609,same_country_exact,https://www.imo-official.org/results/individual/year/2024/
1105,Chi In Lei,"Lei, Chi In",Macau,IMO,2018,Chi In Lei,"Lei, Chi In",Macau,MAC,28272,14,Honourable Mention,307,319,313,0.4730639731,594,same_country_exact,https://www.imo-official.org/results/individual/year/2018/
1105,Chi In Lei,"Lei, Chi In",Macau,IMO,2019,Chi In Lei,"Lei, Chi In",Macau,MAC,28272,21,Bronze,214,244,229,0.6312399356,621,same_country_exact,https://www.imo-official.org/results/individual/year/2019/
1106,Chon Kit Lei,"Lei, Chon Kit",Macau,IMO,2018,Chon Kit Lei,"Lei, Chon Kit",Macau,MAC,28382,13,Honourable Mention,320,337,328.5,0.446969697,594,same_country_exact,https://www.imo-official.org/results/individual/year/2018/
1106,Chon Kit Lei,"Lei, Chon Kit",Macau,IMO,2019,Chon Kit Lei,"Lei, Chon Kit",Macau,MAC,28382,17,Bronze,275,302,288.5,0.5354267311,621,same_country_exact,https://www.imo-official.org/results/individual/year/2019/
1109,Cheng Long Leong,"Leong, Cheng Long",Macau,IMO,2024,Cheng Long Leong,"Leong, Cheng Long",Macau,MAC,34306,14,Honourable Mention,366,399,382.5,0.3719211823,609,same_country_exact,https://www.imo-official.org/results/individual/year/2024/
1111,Hei Chit Leong,"Leong, Hei Chit",Macau,IMO,2024,Hei Chit Leong,"Leong, Hei Chit",Macau,MAC,34305,8,Honourable Mention,475,486,480.5,0.211001642,609,same_country_exact,https://www.imo-official.org/results/individual/year/2024/
1118,Jia Hao Liang,"Liang, Jia Hao",Macau,IMO,2025,Jia Hao Liang,"Liang, Jia Hao",Macau,MAC,35462,17,Honourable Mention,334,345,339.5,0.4611111111,630,same_country_exact,https://www.imo-official.org/results/individual/year/2025/
1120,Ka Shing Liang,"Liang, Ka Shing",Macau,IMO,2025,Ka Shing Liang,"Liang, Ka Shing",Macau,MAC,35463,12,None,423,435,429,0.319047619,630,same_country_exact,https://www.imo-official.org/results/individual/year/2025/
1123,Wang Iok Lin,"Lin, Wang Iok",Macau,IMO,2021,Wang Iok Lin,"Lin, Wang Iok",Macau,MAC,31219,15,Bronze,180,217,198.5,0.6793214863,619,same_country_exact,https://www.imo-official.org/results/individual/year/2021/
1123,Wang Iok Lin,"Lin, Wang Iok",Macau,IMO,2022,Wang Iok Lin,"Lin, Wang Iok",Macau,MAC,31219,23,Bronze,269,285,277,0.5297113752,589,same_country_exact,https://www.imo-official.org/results/individual/year/2022/
1123,Wang Iok Lin,"Lin, Wang Iok",Macau,IMO,2023,Wang Iok Lin,"Lin, Wang Iok",Macau,MAC,31219,21,Bronze,237,258,247.5,0.5995145631,618,same_country_exact,https://www.imo-official.org/results/individual/year/2023/
1124,Chon Long Lio,"Lio, Chon Long",Macau,IMO,2018,Chon Long Lio,"Lio, Chon Long",Macau,MAC,28509,1,None,538,564,551,0.0723905724,594,same_country_exact,https://www.imo-official.org/results/individual/year/2018/
1125,Jiade Liu,"Liu, Jiade",Macau,IMO,2015,Jia De Liu,"Liu, Jia De",Macau,MAC,25852,10,Honourable Mention,337,364,350.5,0.3925476603,577,same_country_compact,https://www.imo-official.org/results/individual/year/2015/
1125,Jiade Liu,"Liu, Jiade",Macau,IMO,2017,Jia De Liu,"Liu, Jia De",Macau,MAC,25852,15,Honourable Mention,292,341,316.5,0.4853658537,615,same_country_compact,https://www.imo-official.org/results/individual/year/2017/
1130,Kuan Kun Mak,"Mak, Kuan Kun",Macau,IMO,2026,Kuan Kun Mak,"Mak, Kuan Kun",Macau,MAC,35714,15,Honourable Mention,350,387,368.5,0.4466966967,666,same_country_exact,https://www.imo-official.org/results/individual/year/2026/
1132,Ka Chon Ng,"Ng, Ka Chon",Macau,IMO,2020,Ka Chon Ng,"Ng, Ka Chon",Macau,MAC,30356,13,Honourable Mention,345,357,351,0.4301948052,616,same_country_exact,https://www.imo-official.org/results/individual/year/2020/
1133,Ho Ieng Ngai,"Ngai, Ho Ieng",Macau,IMO,2016,Ho Ieng Ngai,"Ngai, Ho Ieng",Macau,MAC,26695,14,Honourable Mention,312,354,333,0.4468438538,602,same_country_exact,https://www.imo-official.org/results/individual/year/2016/
1133,Ho Ieng Ngai,"Ngai, Ho Ieng",Macau,IMO,2017,Ho Ieng Ngai,"Ngai, Ho Ieng",Macau,MAC,26695,15,Honourable Mention,292,341,316.5,0.4853658537,615,same_country_exact,https://www.imo-official.org/results/individual/year/2017/
1141,Hou Tam,"Tam, Hou",Macau,IMO,2016,Hou Tam,"Tam, Hou",Macau,MAC,26823,7,Honourable Mention,443,468,455.5,0.2433554817,602,same_country_exact,https://www.imo-official.org/results/individual/year/2016/
1141,Hou Tam,"Tam, Hou",Macau,IMO,2017,Hou Tam,"Tam, Hou",Macau,MAC,26823,15,Honourable Mention,292,341,316.5,0.4853658537,615,same_country_exact,https://www.imo-official.org/results/individual/year/2017/
1145,Chi Chon Tang,"Tang, Chi Chon",Macau,IMO,2014,Chi Chon Tang,"Tang, Chi Chon",Macau,MAC,24994,8,Honourable Mention,421,445,433,0.2267857143,560,same_country_exact,https://www.imo-official.org/results/individual/year/2014/
1146,Cho Hou Tang,"Tang, Cho Hou",Macau,IMO,2014,Cho Hou Tang,"Tang, Cho Hou",Macau,MAC,24916,8,Honourable Mention,421,445,433,0.2267857143,560,same_country_exact,https://www.imo-official.org/results/individual/year/2014/
1146,Cho Hou Tang,"Tang, Cho Hou",Macau,IMO,2015,Cho Hou Tang,"Tang, Cho Hou",Macau,MAC,24916,17,Bronze,160,182,171,0.7036395147,577,same_country_exact,https://www.imo-official.org/results/individual/year/2015/
1146,Cho Hou Tang,"Tang, Cho Hou",Macau,IMO,2016,Cho Hou Tang,"Tang, Cho Hou",Macau,MAC,24916,28,Silver,45,62,53.5,0.9111295681,602,same_country_exact,https://www.imo-official.org/results/individual/year/2016/
1146,Cho Hou Tang,"Tang, Cho Hou",Macau,IMO,2017,Cho Hou Tang,"Tang, Cho Hou",Macau,MAC,24916,14,Honourable Mention,342,389,365.5,0.4056910569,615,same_country_exact,https://www.imo-official.org/results/individual/year/2017/
1149,Kin Wai Tong,"Tong, Kin Wai",Macau,IMO,2018,Kin Wai Tong,"Tong, Kin Wai",Macau,MAC,28271,12,Honourable Mention,338,349,343.5,0.4217171717,594,same_country_exact,https://www.imo-official.org/results/individual/year/2018/
1149,Kin Wai Tong,"Tong, Kin Wai",Macau,IMO,2019,Kin Wai Tong,"Tong, Kin Wai",Macau,MAC,28271,17,Bronze,275,302,288.5,0.5354267311,621,same_country_exact,https://www.imo-official.org/results/individual/year/2019/
1149,Kin Wai Tong,"Tong, Kin Wai",Macau,IMO,2020,Kin Wai Tong,"Tong, Kin Wai",Macau,MAC,28271,16,Bronze,272,293,282.5,0.5413961039,616,same_country_exact,https://www.imo-official.org/results/individual/year/2020/
1150,Chong Un Un,"Un, Chong Un",Macau,IMO,2023,Chong Un Un,"Un, Chong Un",Macau,MAC,33663,17,Honourable Mention,315,348,331.5,0.463592233,618,same_country_exact,https://www.imo-official.org/results/individual/year/2023/
1153,Chi Ian Wong,"Wong, Chi Ian",Macau,IMO,2020,Chi Ian Wong,"Wong, Chi Ian",Macau,MAC,30357,5,None,498,504,501,0.1866883117,616,same_country_exact,https://www.imo-official.org/results/individual/year/2020/
1167,Chon Hou Ye,"Ye, Chon Hou",Macau,IMO,2021,Chon Hou Ye,"Ye, Chon Hou",Macau,MAC,31216,8,Honourable Mention,348,371,359.5,0.4192245557,619,same_country_exact,https://www.imo-official.org/results/individual/year/2021/
1167,Chon Hou Ye,"Ye, Chon Hou",Macau,IMO,2022,Chon Hou Ye,"Ye, Chon Hou",Macau,MAC,31216,28,Bronze,146,186,166,0.7181663837,589,same_country_exact,https://www.imo-official.org/results/individual/year/2022/
1167,Chon Hou Ye,"Ye, Chon Hou",Macau,IMO,2023,Chon Hou Ye,"Ye, Chon Hou",Macau,MAC,31216,25,Silver,137,144,140.5,0.7726537217,618,same_country_exact,https://www.imo-official.org/results/individual/year/2023/
1172,Tze Shen Tristan Chaang,"Chaang, Tze Shen Tristan",Malaysia,IMO,2018,Chaang Tze Shen Tristan,"Tze Shen Tristan, Chaang",Malaysia,MAS,28212,13,Honourable Mention,320,337,328.5,0.446969697,594,same_country_exact,https://www.imo-official.org/results/individual/year/2018/
1172,Tze Shen Tristan Chaang,"Chaang, Tze Shen Tristan",Malaysia,IMO,2019,Chaang Tze Shen Tristan,"Tristan, Chaang Tze Shen",Malaysia,MAS,28212,14,Honourable Mention,345,360,352.5,0.4323671498,621,same_country_exact,https://www.imo-official.org/results/individual/year/2019/
1172,Tze Shen Tristan Chaang,"Chaang, Tze Shen Tristan",Malaysia,IMO,2020,Chaang Tze Shen Tristan,"Tze Shen Tristan, Chaang",Malaysia,MAS,28212,18,Bronze,248,261,254.5,0.5868506494,616,same_country_exact,https://www.imo-official.org/results/individual/year/2020/
1172,Tze Shen Tristan Chaang,"Chaang, Tze Shen Tristan",Malaysia,IMO,2021,Chaang Tze Shen Tristan,"Tze Shen Tristan, Chaang",Malaysia,MAS,28212,10,Honourable Mention,319,331,325,0.4749596123,619,same_country_exact,https://www.imo-official.org/results/individual/year/2021/
1172,Tze Shen Tristan Chaang,"Chaang, Tze Shen Tristan",Malaysia,IMO,2022,Chaang Tze Shen Tristan,"Tze Shen Tristan, Chaang",Malaysia,MAS,28212,28,Bronze,146,186,166,0.7181663837,589,same_country_exact,https://www.imo-official.org/results/individual/year/2022/
1174,Ivan Guan Yu Chan,"Chan, Ivan Guan Yu",Malaysia,IMO,2024,Ivan Chan Guan Yu,"Guan Yu, Ivan Chan",Malaysia,MAS,34270,22,Silver,147,181,164,0.7307060755,609,same_country_token,https://www.imo-official.org/results/individual/year/2024/
1174,Ivan Guan Yu Chan,"Chan, Ivan Guan Yu",Malaysia,IMO,2025,Ivan Chan Guan Yu,"Chan Guan Yu, Ivan",Malaysia,MAS,34270,21,Bronze,272,290,281,0.553968254,630,same_country_token,https://www.imo-official.org/results/individual/year/2025/
1174,Ivan Guan Yu Chan,"Chan, Ivan Guan Yu",Malaysia,IMO,2026,Ivan Chan Guan Yu,"Guan Yu, Ivan Chan",Malaysia,MAS,34270,20,Bronze,227,246,236.5,0.6448948949,666,same_country_token,https://www.imo-official.org/results/individual/year/2026/
1180,Brandon Choo Sze How,"Choo Sze How, Brandon",Malaysia,IMO,2025,Brandon Choo Sze How,"Choo Sze How, Brandon",Malaysia,MAS,35149,10,None,448,460,454,0.2793650794,630,same_country_exact,https://www.imo-official.org/results/individual/year/2025/
1183,Jia Herng Chuah,"Chuah, Jia Herng",Malaysia,IMO,2023,Jia Herng Chuah,"Chuah, Jia Herng",Malaysia,MAS,33339,11,Honourable Mention,425,440,432.5,0.3001618123,618,same_country_exact,https://www.imo-official.org/results/individual/year/2023/
1183,Jia Herng Chuah,"Chuah, Jia Herng",Malaysia,IMO,2025,Jia Herng Chuah,"Chuah, Jia Herng",Malaysia,MAS,33339,24,Bronze,214,228,221,0.6492063492,630,same_country_exact,https://www.imo-official.org/results/individual/year/2025/
1221,Li Xuan Tan,"Tan, Li Xuan",Malaysia,IMO,2016,Tan Li Xuan,"Li Xuan, Tan",Malaysia,MAS,26617,7,None,443,468,455.5,0.2433554817,602,same_country_exact,https://www.imo-official.org/results/individual/year/2016/
1221,Li Xuan Tan,"Tan, Li Xuan",Malaysia,IMO,2017,Tan Li Xuan,"Li Xuan, Tan",Malaysia,MAS,26617,17,Bronze,188,264,226,0.6325203252,615,same_country_exact,https://www.imo-official.org/results/individual/year/2017/
1221,Li Xuan Tan,"Tan, Li Xuan",Malaysia,IMO,2018,Tan Li Xuan,"Li Xuan, Tan",Malaysia,MAS,26617,13,Honourable Mention,320,337,328.5,0.446969697,594,same_country_exact,https://www.imo-official.org/results/individual/year/2018/
1221,Li Xuan Tan,"Tan, Li Xuan",Malaysia,IMO,2019,Tan Li Xuan,"Li Xuan, Tan",Malaysia,MAS,26617,22,Bronze,168,213,190.5,0.693236715,621,same_country_exact,https://www.imo-official.org/results/individual/year/2019/
1221,Li Xuan Tan,"Tan, Li Xuan",Malaysia,IMO,2020,Tan Li Xuan,"Li Xuan, Tan",Malaysia,MAS,26617,28,Silver,86,113,99.5,0.838474026,616,same_country_exact,https://www.imo-official.org/results/individual/year/2020/
1221,Li Xuan Tan,"Tan, Li Xuan",Malaysia,IMO,2021,Tan Li Xuan,"Li Xuan, Tan",Malaysia,MAS,26617,22,Silver,63,104,83.5,0.8651050081,619,same_country_exact,https://www.imo-official.org/results/individual/year/2021/
1222,Min Heng Tan,"Tan, Min Heng",Malaysia,IMO,2022,Tan Min Heng,"Min Heng, Tan",Malaysia,MAS,31802,15,Honourable Mention,394,419,406.5,0.3098471986,589,same_country_exact,https://www.imo-official.org/results/individual/year/2022/
1222,Min Heng Tan,"Tan, Min Heng",Malaysia,IMO,2023,Min Heng Tan,"Tan, Min Heng",Malaysia,MAS,31802,21,Bronze,237,258,247.5,0.5995145631,618,same_country_exact,https://www.imo-official.org/results/individual/year/2023/
1222,Min Heng Tan,"Tan, Min Heng",Malaysia,IMO,2024,Min Heng Tan,"Tan, Min Heng",Malaysia,MAS,31802,18,Bronze,238,251,244.5,0.5985221675,609,same_country_exact,https://www.imo-official.org/results/individual/year/2024/
1231,Zhiyang Wan,"Wan, Zhiyang",Malaysia,IMO,2019,Wan Zhiyang,"Zhiyang, Wan",Malaysia,MAS,29382,13,Honourable Mention,361,375,368,0.4074074074,621,same_country_exact,https://www.imo-official.org/results/individual/year/2019/
1231,Zhiyang Wan,"Wan, Zhiyang",Malaysia,IMO,2020,Wan Zhiyang,"Zhiyang, Wan",Malaysia,MAS,29382,18,Bronze,248,261,254.5,0.5868506494,616,same_country_exact,https://www.imo-official.org/results/individual/year/2020/
1233,Jer Ren Wong,"Wong, Jer Ren",Malaysia,IMO,2020,Wong Jer Ren,"Jer Ren, Wong",Malaysia,MAS,30481,24,Silver,140,161,150.5,0.7556818182,616,same_country_exact,https://www.imo-official.org/results/individual/year/2020/
1233,Jer Ren Wong,"Wong, Jer Ren",Malaysia,IMO,2021,Wong Jer Ren,"Jer Ren, Wong",Malaysia,MAS,30481,22,Silver,63,104,83.5,0.8651050081,619,same_country_exact,https://www.imo-official.org/results/individual/year/2021/
1233,Jer Ren Wong,"Wong, Jer Ren",Malaysia,IMO,2022,Wong Jer Ren,"Jer Ren, Wong",Malaysia,MAS,30481,35,Gold,32,37,34.5,0.941426146,589,same_country_exact,https://www.imo-official.org/results/individual/year/2022/
1233,Jer Ren Wong,"Wong, Jer Ren",Malaysia,IMO,2023,Jer Ren Wong,"Wong, Jer Ren",Malaysia,MAS,30481,35,Gold,28,44,36,0.9417475728,618,same_country_exact,https://www.imo-official.org/results/individual/year/2023/
1233,Jer Ren Wong,"Wong, Jer Ren",Malaysia,IMO,2024,Jer Ren Wong,"Wong, Jer Ren",Malaysia,MAS,30481,28,Silver,59,75,67,0.8899835796,609,same_country_exact,https://www.imo-official.org/results/individual/year/2024/
1236,Zi Song Yeoh,"Yeoh, Zi Song",Malaysia,IMO,2014,Yeoh Zi Song,"Zi Song, Yeoh",Malaysia,MAS,24958,19,Bronze,221,237,229,0.5910714286,560,same_country_exact,https://www.imo-official.org/results/individual/year/2014/
1236,Zi Song Yeoh,"Yeoh, Zi Song",Malaysia,IMO,2015,Yeoh Zi Song,"Zi Song, Yeoh",Malaysia,MAS,24958,16,Bronze,183,216,199.5,0.6542461005,577,same_country_exact,https://www.imo-official.org/results/individual/year/2015/
1236,Zi Song Yeoh,"Yeoh, Zi Song",Malaysia,IMO,2016,Yeoh Zi Song,"Zi Song, Yeoh",Malaysia,MAS,24958,9,Honourable Mention,409,428,418.5,0.3048172757,602,same_country_exact,https://www.imo-official.org/results/individual/year/2016/
1236,Zi Song Yeoh,"Yeoh, Zi Song",Malaysia,IMO,2017,Yeoh Zi Song,"Zi Song, Yeoh",Malaysia,MAS,24958,19,Silver,115,138,126.5,0.7943089431,615,same_country_exact,https://www.imo-official.org/results/individual/year/2017/
1236,Zi Song Yeoh,"Yeoh, Zi Song",Malaysia,IMO,2018,Yeoh Zi Song,"Zi Song, Yeoh",Malaysia,MAS,24958,24,Bronze,147,156,151.5,0.7449494949,594,same_country_exact,https://www.imo-official.org/results/individual/year/2018/
1236,Zi Song Yeoh,"Yeoh, Zi Song",Malaysia,IMO,2019,Yeoh Zi Song,"Zi Song, Yeoh",Malaysia,MAS,24958,22,Bronze,168,213,190.5,0.693236715,621,same_country_exact,https://www.imo-official.org/results/individual/year/2019/
1236,Zi Song Yeoh,"Yeoh, Zi Song",Malaysia,IMO,2020,Yeoh Zi Song,"Zi Song, Yeoh",Malaysia,MAS,24958,31,Gold,43,49,46,0.9253246753,616,same_country_exact,https://www.imo-official.org/results/individual/year/2020/
1241,Víctor Hugo Almendra Hernández,"Almendra Hernández, Víctor Hugo",Mexico,IMO,2016,Víctor Hugo Almendra Hernández,"Almendra Hernández, Víctor Hugo",Mexico,MEX,26754,23,Silver,114,136,125,0.792358804,602,same_country_exact,https://www.imo-official.org/results/individual/year/2016/
1247,Kevin William Beuchot Castellanos,"Beuchot Castellanos, Kevin William",Mexico,IMO,2013,Kevin William Beuchot Castellanos,"Beuchot Castellanos, Kevin William",Mexico,MEX,23490,20,Bronze,180,190,185,0.6489563567,527,same_country_exact,https://www.imo-official.org/results/individual/year/2013/
1247,Kevin William Beuchot Castellanos,"Beuchot Castellanos, Kevin William",Mexico,IMO,2014,Kevin William Beuchot Castellanos,"Beuchot Castellanos, Kevin William",Mexico,MEX,23490,26,Silver,83,94,88.5,0.8419642857,560,same_country_exact,https://www.imo-official.org/results/individual/year/2014/
1247,Kevin William Beuchot Castellanos,"Beuchot Castellanos, Kevin William",Mexico,IMO,2015,Kevin William Beuchot Castellanos,"Beuchot Castellanos, Kevin William",Mexico,MEX,23490,20,Silver,101,117,109,0.8110918544,577,same_country_exact,https://www.imo-official.org/results/individual/year/2015/
1247,Kevin William Beuchot Castellanos,"Beuchot Castellanos, Kevin William",Mexico,IMO,2016,Kevin William Beuchot Castellanos,"Beuchot Castellanos, Kevin William",Mexico,MEX,23490,25,Silver,78,93,85.5,0.8579734219,602,same_country_exact,https://www.imo-official.org/results/individual/year/2016/
1250,Tomas Francisco Cantu Rodriguez,"Cantu Rodriguez, Tomas Francisco",Mexico,IMO,2019,Tomas Francisco Cantú Rodríguez,"Cantú Rodríguez, Tomas Francisco",Mexico,MEX,29260,20,Bronze,245,255,250,0.5974235105,621,same_country_exact,https://www.imo-official.org/results/individual/year/2019/
1250,Tomas Francisco Cantu Rodriguez,"Cantu Rodriguez, Tomas Francisco",Mexico,IMO,2020,Tomás Francisco Cantú Rodríguez,"Cantú Rodríguez, Tomás Francisco",Mexico,MEX,29260,32,Gold,34,42,38,0.9383116883,616,same_country_exact,https://www.imo-official.org/results/individual/year/2020/
1250,Tomas Francisco Cantu Rodriguez,"Cantu Rodriguez, Tomas Francisco",Mexico,IMO,2021,Tomás Francisco Cantú Rodríguez,"Cantú Rodríguez, Tomás Francisco",Mexico,MEX,29260,15,Bronze,180,217,198.5,0.6793214863,619,same_country_exact,https://www.imo-official.org/results/individual/year/2021/
1251,Javier Caram Quirós,"Caram Quirós, Javier",Mexico,IMO,2025,Javier Caram Quirós,"Caram Quirós, Javier",Mexico,MEX,35252,22,Bronze,243,271,257,0.5920634921,630,same_country_exact,https://www.imo-official.org/results/individual/year/2025/
1251,Javier Caram Quirós,"Caram Quirós, Javier",Mexico,IMO,2026,Javier Caram Quiros,"Caram Quiros, Javier",Mexico,MEX,35252,21,Bronze,205,226,215.5,0.6764264264,666,same_country_exact,https://www.imo-official.org/results/individual/year/2026/
1252,Andrea Sarahí Cascante Duarte,"Cascante Duarte, Andrea Sarahí",Mexico,IMO,2026,Andrea Sarahí Cascante Duarte,"Cascante Duarte, Andrea Sarahí",Mexico,MEX,36103,15,Honourable Mention,350,387,368.5,0.4466966967,666,same_country_exact,https://www.imo-official.org/results/individual/year/2026/
1254,Leonardo Mikel Cervantes Mateos,"Cervantes Mateos, Leonardo Mikel",Mexico,IMO,2022,Leonardo Mikel Cervantes Mateos,"Cervantes Mateos, Leonardo Mikel",Mexico,MEX,31779,24,Bronze,247,268,257.5,0.5628183362,589,same_country_exact,https://www.imo-official.org/results/individual/year/2022/
1258,Víctor Antonio Domínguez Silva,"Domínguez Silva, Víctor Antonio",Mexico,IMO,2017,Víctor Antonio Domínguez Silva,"Domínguez Silva, Víctor Antonio",Mexico,MEX,27588,15,Honourable Mention,292,341,316.5,0.4853658537,615,same_country_exact,https://www.imo-official.org/results/individual/year/2017/
1258,Víctor Antonio Domínguez Silva,"Domínguez Silva, Víctor Antonio",Mexico,IMO,2018,Víctor Antonio Domínguez Silva,"Domínguez Silva, Víctor Antonio",Mexico,MEX,27588,30,Silver,49,60,54.5,0.9082491582,594,same_country_exact,https://www.imo-official.org/results/individual/year/2018/
1261,Leonardo Ariel García Morán,"García Morán, Leonardo Ariel",Mexico,IMO,2015,Leonardo Ariel García Morán,"García Morán, Leonardo Ariel",Mexico,MEX,25893,17,Bronze,160,182,171,0.7036395147,577,same_country_exact,https://www.imo-official.org/results/individual/year/2015/
1261,Leonardo Ariel García Morán,"García Morán, Leonardo Ariel",Mexico,IMO,2016,Leonardo Ariel García Morán,"García Morán, Leonardo Ariel",Mexico,MEX,25893,23,Silver,114,136,125,0.792358804,602,same_country_exact,https://www.imo-official.org/results/individual/year/2016/
1261,Leonardo Ariel García Morán,"García Morán, Leonardo Ariel",Mexico,IMO,2017,Leonardo Ariel García Morán,"García Morán, Leonardo Ariel",Mexico,MEX,25893,18,Bronze,139,187,163,0.7349593496,615,same_country_exact,https://www.imo-official.org/results/individual/year/2017/
1264,Bruno Gutiérrez Chávez,"Gutiérrez Chávez, Bruno",Mexico,IMO,2019,Bruno Gutiérrez Chávez,"Gutiérrez Chávez, Bruno",Mexico,MEX,29256,27,Silver,101,121,111,0.8212560386,621,same_country_exact,https://www.imo-official.org/results/individual/year/2019/
1267,Emiliano Hernández Barranco,"Hernández Barranco, Emiliano",Mexico,IMO,2024,Emiliano Hernández Barranco,"Hernández Barranco, Emiliano",Mexico,MEX,34387,15,Honourable Mention,327,365,346,0.4318555008,609,same_country_exact,https://www.imo-official.org/results/individual/year/2024/
1268,Eric Iván Hernández Palacios,"Hernández Palacios, Eric Iván",Mexico,IMO,2018,Eric Iván Hernández Palacios,"Hernández Palacios, Eric Iván",Mexico,MEX,28278,13,Honourable Mention,320,337,328.5,0.446969697,594,same_country_exact,https://www.imo-official.org/results/individual/year/2018/
1268,Eric Iván Hernández Palacios,"Hernández Palacios, Eric Iván",Mexico,IMO,2019,Eric Iván Hernández Palacios,"Hernández Palacios, Eric Iván",Mexico,MEX,28278,23,Bronze,147,167,157,0.7471819646,621,same_country_exact,https://www.imo-official.org/results/individual/year/2019/
1269,Takumi Higashida Martínez,"Higashida Martínez, Takumi",Mexico,IMO,2024,Takumi Higashida Martínez,"Higashida Martínez, Takumi",Mexico,MEX,34386,25,Silver,90,99,94.5,0.8448275862,609,same_country_exact,https://www.imo-official.org/results/individual/year/2024/
1269,Takumi Higashida Martínez,"Higashida Martínez, Takumi",Mexico,IMO,2025,Takumi Higashida Martínez,"Higashida Martínez, Takumi",Mexico,MEX,34386,28,Silver,148,176,162,0.7428571429,630,same_country_exact,https://www.imo-official.org/results/individual/year/2025/
1269,Takumi Higashida Martínez,"Higashida Martínez, Takumi",Mexico,IMO,2026,Takumi Higashida Martínez,"Higashida Martínez, Takumi",Mexico,MEX,34386,22,Bronze,161,204,182.5,0.725975976,666,same_country_exact,https://www.imo-official.org/results/individual/year/2026/
1271,Diego Hinojosa Tellez,"Hinojosa Tellez, Diego",Mexico,IMO,2019,Diego Hinojosa Tellez,"Hinojosa Tellez, Diego",Mexico,MEX,29257,9,Honourable Mention,417,443,430,0.307568438,621,same_country_exact,https://www.imo-official.org/results/individual/year/2019/
1273,Isaac Jair Jiménez Uribe,"Jiménez Uribe, Isaac Jair",Mexico,IMO,2017,Isaac Jair Jiménez Uribe,"Jiménez Uribe, Isaac Jair",Mexico,MEX,27587,14,Honourable Mention,342,389,365.5,0.4056910569,615,same_country_exact,https://www.imo-official.org/results/individual/year/2017/
1273,Isaac Jair Jiménez Uribe,"Jiménez Uribe, Isaac Jair",Mexico,IMO,2018,Isaac Jair Jiménez Uribe,"Jiménez Uribe, Isaac Jair",Mexico,MEX,27587,20,Bronze,204,214,209,0.6481481481,594,same_country_exact,https://www.imo-official.org/results/individual/year/2018/
1277,Mateo Iván Latapi Acosta,"Latapi Acosta, Mateo Iván",Mexico,IMO,2023,Mateo Iván Latapí Acosta,"Latapí Acosta, Mateo Iván",Mexico,MEX,33309,21,Bronze,237,258,247.5,0.5995145631,618,same_country_exact,https://www.imo-official.org/results/individual/year/2023/
1277,Mateo Iván Latapi Acosta,"Latapi Acosta, Mateo Iván",Mexico,IMO,2024,Mateo Iván Latapi Acosta,"Latapi Acosta, Mateo Iván",Mexico,MEX,33309,17,Bronze,252,282,267,0.5615763547,609,same_country_exact,https://www.imo-official.org/results/individual/year/2024/
1277,Mateo Iván Latapi Acosta,"Latapi Acosta, Mateo Iván",Mexico,IMO,2025,Mateo Iván Latapi Acosta,"Latapi Acosta, Mateo Iván",Mexico,MEX,33309,24,Bronze,214,228,221,0.6492063492,630,same_country_exact,https://www.imo-official.org/results/individual/year/2025/
1278,Antonio López Guzmán,"López Guzmán, Antonio",Mexico,IMO,2015,Antonio López Guzmán,"López Guzmán, Antonio",Mexico,MEX,25895,16,Bronze,183,216,199.5,0.6542461005,577,same_country_exact,https://www.imo-official.org/results/individual/year/2015/
1278,Antonio López Guzmán,"López Guzmán, Antonio",Mexico,IMO,2016,Antonio López Guzmán,"López Guzmán, Antonio",Mexico,MEX,25895,24,Silver,94,113,103.5,0.8280730897,602,same_country_exact,https://www.imo-official.org/results/individual/year/2016/
1284,Luis Eduardo Martínez Aguirre,"Martínez Aguirre, Luis Eduardo",Mexico,IMO,2023,Luis Eduardo Martínez Aguirre,"Martínez Aguirre, Luis Eduardo",Mexico,MEX,33308,23,Bronze,183,219,201,0.6747572816,618,same_country_exact,https://www.imo-official.org/results/individual/year/2023/
1285,Olga Medrano Martín del Campo,"Medrano Martín del Campo, Olga",Mexico,IMO,2016,Olga Medrano Martín del Campo,"Medrano Martín del Campo, Olga",Mexico,MEX,26752,16,Bronze,253,280,266.5,0.5573089701,602,same_country_exact,https://www.imo-official.org/results/individual/year/2016/
1288,Sebastián Montemayor Trujillo,"Montemayor Trujillo, Sebastián",Mexico,IMO,2026,Sebastián Montemayor Trujillo,"Montemayor Trujillo, Sebastián",Mexico,MEX,36101,18,Bronze,263,282,272.5,0.5908408408,666,same_country_exact,https://www.imo-official.org/results/individual/year/2026/
1296,Carlos Emilio Ramos Aguilar,"Ramos Aguilar, Carlos Emilio",Mexico,IMO,2020,Carlos Emilio Ramos Aguilar,"Ramos Aguilar, Carlos Emilio",Mexico,MEX,29833,15,Bronze,294,316,305,0.5048701299,616,same_country_exact,https://www.imo-official.org/results/individual/year/2020/
1296,Carlos Emilio Ramos Aguilar,"Ramos Aguilar, Carlos Emilio",Mexico,IMO,2021,Carlos Emilio Ramos Aguilar,"Ramos Aguilar, Carlos Emilio",Mexico,MEX,29833,14,Bronze,218,267,242.5,0.6082390953,619,same_country_exact,https://www.imo-official.org/results/individual/year/2021/
1299,Maximiliano Sánchez Garza,"Sánchez Garza, Maximiliano",Mexico,IMO,2017,Maximiliano Sánchez Garza,"Sánchez Garza, Maximiliano",Mexico,MEX,27586,16,Bronze,265,291,278,0.5479674797,615,same_country_exact,https://www.imo-official.org/results/individual/year/2017/
1302,Oriol Andreu Sole Pi,"Sole Pi, Oriol Andreu",Mexico,IMO,2017,Oriol Andreu Sole Pi,"Sole Pi, Oriol Andreu",Mexico,MEX,27585,14,Honourable Mention,342,389,365.5,0.4056910569,615,same_country_exact,https://www.imo-official.org/results/individual/year/2017/
1302,Oriol Andreu Sole Pi,"Sole Pi, Oriol Andreu",Mexico,IMO,2018,Oriol Andreu Sole Pi,"Sole Pi, Oriol Andreu",Mexico,MEX,27585,22,Bronze,174,192,183,0.6919191919,594,same_country_exact,https://www.imo-official.org/results/individual/year/2018/
1304,Pablo Alhui Valeriano Quiroz,"Valeriano Quiroz, Pablo Alhui",Mexico,IMO,2018,Pablo Alhui Valeriano Quiroz,"Valeriano Quiroz, Pablo Alhui",Mexico,MEX,28279,20,Bronze,204,214,209,0.6481481481,594,same_country_exact,https://www.imo-official.org/results/individual/year/2018/
1304,Pablo Alhui Valeriano Quiroz,"Valeriano Quiroz, Pablo Alhui",Mexico,IMO,2019,Pablo Alhui Valeriano Quiroz,"Valeriano Quiroz, Pablo Alhui",Mexico,MEX,28279,15,Honourable Mention,326,344,335,0.460547504,621,same_country_exact,https://www.imo-official.org/results/individual/year/2019/
1304,Pablo Alhui Valeriano Quiroz,"Valeriano Quiroz, Pablo Alhui",Mexico,IMO,2020,Pablo Alhui Valeriano Quiroz,"Valeriano Quiroz, Pablo Alhui",Mexico,MEX,28279,21,Bronze,206,226,216,0.6493506494,616,same_country_exact,https://www.imo-official.org/results/individual/year/2020/
1304,Pablo Alhui Valeriano Quiroz,"Valeriano Quiroz, Pablo Alhui",Mexico,IMO,2021,Pablo Alhui Valeriano Quiroz,"Valeriano Quiroz, Pablo Alhui",Mexico,MEX,28279,20,Silver,143,150,146.5,0.7633279483,619,same_country_exact,https://www.imo-official.org/results/individual/year/2021/
1307,Héctor Juan Villarreal Corona,"Villarreal Corona, Héctor Juan",Mexico,IMO,2024,Héctor Juan Villarreal Corona,"Villarreal Corona, Héctor Juan",Mexico,MEX,34388,22,Silver,147,181,164,0.7307060755,609,same_country_exact,https://www.imo-official.org/results/individual/year/2024/
1307,Héctor Juan Villarreal Corona,"Villarreal Corona, Héctor Juan",Mexico,IMO,2025,Héctor Juan Villarreal Corona,"Villarreal Corona, Héctor Juan",Mexico,MEX,34388,27,Bronze,177,186,181.5,0.7119047619,630,same_country_exact,https://www.imo-official.org/results/individual/year/2025/
1311,Purevzaya Amarzaya,"Amarzaya, Purevzaya",Mongolia,IMO,2019,Purevzaya Amarzaya,"Amarzaya, Purevzaya",Mongolia,MNG,29317,14,Honourable Mention,345,360,352.5,0.4323671498,621,same_country_exact,https://www.imo-official.org/results/individual/year/2019/
1314,Altangerel Baatar,"Baatar, Altangerel",Mongolia,IMO,2017,Altangerel Baatar,"Baatar, Altangerel",Mongolia,MNG,27744,17,Bronze,188,264,226,0.6325203252,615,same_country_exact,https://www.imo-official.org/results/individual/year/2017/
1318,Purev Batdelger,"Batdelger, Purev",Mongolia,IMO,2015,Purev Batdelger,"Batdelger, Purev",Mongolia,MNG,26038,10,Honourable Mention,337,364,350.5,0.3925476603,577,same_country_exact,https://www.imo-official.org/results/individual/year/2015/
1318,Purev Batdelger,"Batdelger, Purev",Mongolia,IMO,2016,Purev Batdelger,"Batdelger, Purev",Mongolia,MNG,26038,16,Bronze,253,280,266.5,0.5573089701,602,same_country_exact,https://www.imo-official.org/results/individual/year/2016/
1320,Tenuunsaikhan Batlkhagva,"Batlkhagva, Tenuunsaikhan",Mongolia,IMO,2023,Tenuunsaikhan Batlkhagva,"Batlkhagva, Tenuunsaikhan",Mongolia,MNG,33350,19,Bronze,279,296,287.5,0.534789644,618,same_country_exact,https://www.imo-official.org/results/individual/year/2023/
1320,Tenuunsaikhan Batlkhagva,"Batlkhagva, Tenuunsaikhan",Mongolia,IMO,2025,Tenuunsaikhan Batlkhagva,"Batlkhagva, Tenuunsaikhan",Mongolia,MNG,33350,29,Silver,119,147,133,0.7888888889,630,same_country_exact,https://www.imo-official.org/results/individual/year/2025/
1322,Batmend Batsaikhan,"Batsaikhan, Batmend",Mongolia,IMO,2017,Batmend Batsaikhan,"Batsaikhan, Batmend",Mongolia,MNG,27745,13,Honourable Mention,390,415,402.5,0.3455284553,615,same_country_exact,https://www.imo-official.org/results/individual/year/2017/
1322,Batmend Batsaikhan,"Batsaikhan, Batmend",Mongolia,IMO,2018,Batmend Batsaikhan,"Batsaikhan, Batmend",Mongolia,MNG,27745,17,Bronze,250,270,260,0.5622895623,594,same_country_exact,https://www.imo-official.org/results/individual/year/2018/
1322,Batmend Batsaikhan,"Batsaikhan, Batmend",Mongolia,IMO,2019,Batmend Batsaikhan,"Batsaikhan, Batmend",Mongolia,MNG,27745,21,Bronze,214,244,229,0.6312399356,621,same_country_exact,https://www.imo-official.org/results/individual/year/2019/
1323,Dolgormaa Batsaikhan,"Batsaikhan, Dolgormaa",Mongolia,IMO,2019,Dolgormaa Batsaikhan,"Batsaikhan, Dolgormaa",Mongolia,MNG,29320,23,Bronze,147,167,157,0.7471819646,621,same_country_exact,https://www.imo-official.org/results/individual/year/2019/
1324,Turbat Battsengel,"Battsengel, Turbat",Mongolia,IMO,2018,Turbat Battsengel,"Battsengel, Turbat",Mongolia,MNG,28484,23,Bronze,157,173,165,0.7222222222,594,same_country_exact,https://www.imo-official.org/results/individual/year/2018/
1326,Belgutei Bayar,"Bayar, Belgutei",Mongolia,IMO,2024,Belgutei Bayar,"Bayar, Belgutei",Mongolia,MNG,34038,21,Bronze,182,215,198.5,0.6740558292,609,same_country_exact,https://www.imo-official.org/results/individual/year/2024/
1326,Belgutei Bayar,"Bayar, Belgutei",Mongolia,IMO,2025,Belgutei Bayar,"Bayar, Belgutei",Mongolia,MNG,34038,29,Silver,119,147,133,0.7888888889,630,same_country_exact,https://www.imo-official.org/results/individual/year/2025/
1330,Tuvshindalai Boldbaatar,"Boldbaatar, Tuvshindalai",Mongolia,IMO,2025,Tuvshindalai Boldbaatar,"Boldbaatar, Tuvshindalai",Mongolia,MNG,35234,21,Bronze,272,290,281,0.553968254,630,same_country_exact,https://www.imo-official.org/results/individual/year/2025/
1334,Chingun Chindegsuren,"Chindegsuren, Chingun",Mongolia,IMO,2026,Chingun Chindegsuren,"Chindegsuren, Chingun",Mongolia,MNG,36149,25,Silver,105,116,110.5,0.8340840841,666,same_country_exact,https://www.imo-official.org/results/individual/year/2026/
1335,Enerelt Delgerdalai,"Delgerdalai, Enerelt",Mongolia,IMO,2020,Enerelt Delgerdalai,"Delgerdalai, Enerelt",Mongolia,MNG,30305,9,Honourable Mention,395,418,406.5,0.3400974026,616,same_country_exact,https://www.imo-official.org/results/individual/year/2020/
1335,Enerelt Delgerdalai,"Delgerdalai, Enerelt",Mongolia,IMO,2021,Enerelt Delgerdalai,"Delgerdalai, Enerelt",Mongolia,MNG,30305,14,Bronze,218,267,242.5,0.6082390953,619,same_country_exact,https://www.imo-official.org/results/individual/year/2021/
1335,Enerelt Delgerdalai,"Delgerdalai, Enerelt",Mongolia,IMO,2022,Enerelt Delgerdalai,"Delgerdalai, Enerelt",Mongolia,MNG,30305,28,Bronze,146,186,166,0.7181663837,589,same_country_exact,https://www.imo-official.org/results/individual/year/2022/
1335,Enerelt Delgerdalai,"Delgerdalai, Enerelt",Mongolia,IMO,2023,Enerelt Delgerdalai,"Delgerdalai, Enerelt",Mongolia,MNG,30305,35,Gold,28,44,36,0.9417475728,618,same_country_exact,https://www.imo-official.org/results/individual/year/2023/
1335,Enerelt Delgerdalai,"Delgerdalai, Enerelt",Mongolia,IMO,2024,Enerelt Delgerdalai,"Delgerdalai, Enerelt",Mongolia,MNG,30305,29,Gold,47,58,52.5,0.9137931034,609,same_country_exact,https://www.imo-official.org/results/individual/year/2024/
1354,Unubold Munkhbat,"Munkhbat, Unubold",Mongolia,IMO,2016,Unubold Munkhbat,"Munkhbat, Unubold",Mongolia,MNG,26929,14,Honourable Mention,312,354,333,0.4468438538,602,same_country_exact,https://www.imo-official.org/results/individual/year/2016/
1354,Unubold Munkhbat,"Munkhbat, Unubold",Mongolia,IMO,2018,Unubold Munkhbat,"Munkhbat, Unubold",Mongolia,MNG,26929,23,Bronze,157,173,165,0.7222222222,594,same_country_exact,https://www.imo-official.org/results/individual/year/2018/
1354,Unubold Munkhbat,"Munkhbat, Unubold",Mongolia,IMO,2019,Unubold Munkhbat,"Munkhbat, Unubold",Mongolia,MNG,26929,32,Gold,41,47,44,0.9291465378,621,same_country_exact,https://www.imo-official.org/results/individual/year/2019/
1354,Unubold Munkhbat,"Munkhbat, Unubold",Mongolia,IMO,2020,Unubold Munkhbat,"Munkhbat, Unubold",Mongolia,MNG,26929,29,Silver,59,85,72,0.8831168831,616,same_country_exact,https://www.imo-official.org/results/individual/year/2020/
1354,Unubold Munkhbat,"Munkhbat, Unubold",Mongolia,IMO,2021,Unubold Munkhbat,"Munkhbat, Unubold",Mongolia,MNG,26929,29,Gold,24,31,27.5,0.9555735057,619,same_country_exact,https://www.imo-official.org/results/individual/year/2021/
1355,Amin-Erdene Munkhbayar,"Munkhbayar, Amin-Erdene",Mongolia,IMO,2026,Amin-Erdene Munkhbayar,"Munkhbayar, Amin-Erdene",Mongolia,MNG,36150,16,Bronze,314,349,331.5,0.5022522523,666,same_country_exact,https://www.imo-official.org/results/individual/year/2026/
1362,Amar Nyamdavaa,"Nyamdavaa, Amar",Mongolia,IMO,2020,Nyamdavaa Amar,"Amar, Nyamdavaa",Mongolia,MNG,30303,29,Silver,59,85,72,0.8831168831,616,same_country_exact,https://www.imo-official.org/results/individual/year/2020/
1362,Amar Nyamdavaa,"Nyamdavaa, Amar",Mongolia,IMO,2021,Nyamdavaa Amar,"Amar, Nyamdavaa",Mongolia,MNG,30303,30,Gold,20,23,21.5,0.965266559,619,same_country_exact,https://www.imo-official.org/results/individual/year/2021/
1365,Misheel Otgonbayar,"Otgonbayar, Misheel",Mongolia,IMO,2018,Misheel Otgonbayar,"Otgonbayar, Misheel",Mongolia,MNG,28483,19,Bronze,215,227,221,0.6279461279,594,same_country_exact,https://www.imo-official.org/results/individual/year/2018/
1365,Misheel Otgonbayar,"Otgonbayar, Misheel",Mongolia,IMO,2019,Misheel Otgonbayar,"Otgonbayar, Misheel",Mongolia,MNG,28483,23,Bronze,147,167,157,0.7471819646,621,same_country_exact,https://www.imo-official.org/results/individual/year/2019/
1365,Misheel Otgonbayar,"Otgonbayar, Misheel",Mongolia,IMO,2020,Misheel Otgonbayar,"Otgonbayar, Misheel",Mongolia,MNG,28483,36,Gold,4,18,11,0.9821428571,616,same_country_exact,https://www.imo-official.org/results/individual/year/2020/
1365,Misheel Otgonbayar,"Otgonbayar, Misheel",Mongolia,IMO,2021,Misheel Otgonbayar,"Otgonbayar, Misheel",Mongolia,MNG,28483,22,Silver,63,104,83.5,0.8651050081,619,same_country_exact,https://www.imo-official.org/results/individual/year/2021/
1367,Bilguudei Shinezul,"Shinezul, Bilguudei",Mongolia,IMO,2022,Bilguudei Shinezul,"Shinezul, Bilguudei",Mongolia,MNG,31931,30,Silver,84,111,97.5,0.8344651952,589,same_country_exact,https://www.imo-official.org/results/individual/year/2022/
1368,Manlai Sonor,"Sonor, Manlai",Mongolia,IMO,2024,Manlai Sonor,"Sonor, Manlai",Mongolia,MNG,34040,21,Bronze,182,215,198.5,0.6740558292,609,same_country_exact,https://www.imo-official.org/results/individual/year/2024/
1368,Manlai Sonor,"Sonor, Manlai",Mongolia,IMO,2025,Manlai Sonor,"Sonor, Manlai",Mongolia,MNG,34040,33,Silver,81,87,84,0.8666666667,630,same_country_exact,https://www.imo-official.org/results/individual/year/2025/
1368,Manlai Sonor,"Sonor, Manlai",Mongolia,IMO,2026,Manlai Sonor,"Sonor, Manlai",Mongolia,MNG,34040,22,Bronze,161,204,182.5,0.725975976,666,same_country_exact,https://www.imo-official.org/results/individual/year/2026/
1369,Tsend-Ayush Sosorbaram,"Sosorbaram, Tsend-Ayush",Mongolia,IMO,2016,Tsend-Ayush Sosorbaram,"Sosorbaram, Tsend-Ayush",Mongolia,MNG,26898,21,Bronze,146,168,157,0.7392026578,602,same_country_exact,https://www.imo-official.org/results/individual/year/2016/
1369,Tsend-Ayush Sosorbaram,"Sosorbaram, Tsend-Ayush",Mongolia,IMO,2017,Tsend-Ayush Sosorbaram,"Sosorbaram, Tsend-Ayush",Mongolia,MNG,26898,19,Silver,115,138,126.5,0.7943089431,615,same_country_exact,https://www.imo-official.org/results/individual/year/2017/
1370,Bilguungerelt Tamir,"Tamir, Bilguungerelt",Mongolia,IMO,2024,Bilguungerelt Tamir,"Tamir, Bilguungerelt",Mongolia,MNG,34039,28,Silver,59,75,67,0.8899835796,609,same_country_exact,https://www.imo-official.org/results/individual/year/2024/
1370,Bilguungerelt Tamir,"Tamir, Bilguungerelt",Mongolia,IMO,2026,Bilguungerelt Tamir,"Tamir, Bilguungerelt",Mongolia,MNG,34039,22,Bronze,161,204,182.5,0.725975976,666,same_country_exact,https://www.imo-official.org/results/individual/year/2026/
1374,Saikhanbileg Tsogtgerel,"Tsogtgerel, Saikhanbileg",Mongolia,IMO,2021,Saikhanbileg Tsogtgerel,"Tsogtgerel, Saikhanbileg",Mongolia,MNG,30663,21,Silver,105,142,123.5,0.8004846527,619,same_country_exact,https://www.imo-official.org/results/individual/year/2021/
1374,Saikhanbileg Tsogtgerel,"Tsogtgerel, Saikhanbileg",Mongolia,IMO,2022,Saikhanbileg Tsogtgerel,"Tsogtgerel, Saikhanbileg",Mongolia,MNG,30663,28,Bronze,146,186,166,0.7181663837,589,same_country_exact,https://www.imo-official.org/results/individual/year/2022/
1374,Saikhanbileg Tsogtgerel,"Tsogtgerel, Saikhanbileg",Mongolia,IMO,2023,Saikhanbileg Tsogtgerel,"Tsogtgerel, Saikhanbileg",Mongolia,MNG,30663,23,Bronze,183,219,201,0.6747572816,618,same_country_exact,https://www.imo-official.org/results/individual/year/2023/
1572,Jinze Wu,"Wu, Jinze",People's Republic of China,IMO,2017,Jinze Wu,"Wu, Jinze",People's Republic of China,CHN,27273,26,Gold,30,35,32.5,0.9471544715,615,same_country_exact,https://www.imo-official.org/results/individual/year/2017/
1614,Shengtong Zhang,"Zhang, Shengtong",People's Republic of China,IMO,2016,Shengtong Zhang,"Zhang, Shengtong",People's Republic of China,CHN,26658,36,Gold,9,11,10,0.9833887043,602,same_country_exact,https://www.imo-official.org/results/individual/year/2016/
1658,Kevin Pomasoncco Sulca,"Pomasoncco Sulca, Kevin",Peru,IMO,2026,Kevin Pomasoncco,"Pomasoncco, Kevin",Peru,PER,36040,22,Bronze,161,204,182.5,0.725975976,666,reviewed_alias,https://www.imo-official.org/results/individual/year/2026/
1667,Clyde Wesley S. Ang,"Ang, Clyde Wesley S.",Philippines,IMO,2014,Clyde Wesley Ang,"Ang, Clyde Wesley",Philippines,PHI,24809,14,Honourable Mention,321,360,340.5,0.3919642857,560,reviewed_alias,https://www.imo-official.org/results/individual/year/2014/
1667,Clyde Wesley S. Ang,"Ang, Clyde Wesley S.",Philippines,IMO,2015,Clyde Wesley Ang,"Ang, Clyde Wesley",Philippines,PHI,24809,19,Silver,118,139,128.5,0.7772963605,577,reviewed_alias,https://www.imo-official.org/results/individual/year/2015/
1667,Clyde Wesley S. Ang,"Ang, Clyde Wesley S.",Philippines,IMO,2016,Clyde Wesley Ang,"Ang, Clyde Wesley",Philippines,PHI,24809,24,Silver,94,113,103.5,0.8280730897,602,reviewed_alias,https://www.imo-official.org/results/individual/year/2016/
1667,Clyde Wesley S. Ang,"Ang, Clyde Wesley S.",Philippines,IMO,2017,Clyde Wesley Ang,"Ang, Clyde Wesley",Philippines,PHI,24809,17,Bronze,188,264,226,0.6325203252,615,reviewed_alias,https://www.imo-official.org/results/individual/year/2017/
1672,Immanuel Josiah Ang Balete,"Balete, Immanuel Josiah Ang",Philippines,IMO,2019,Immanuel Josiah Balete,"Balete, Immanuel Josiah",Philippines,PHI,29233,23,Bronze,147,167,157,0.7471819646,621,reviewed_alias,https://www.imo-official.org/results/individual/year/2019/
1672,Immanuel Josiah Ang Balete,"Balete, Immanuel Josiah Ang",Philippines,IMO,2020,Immanuel Josiah Balete,"Balete, Immanuel Josiah",Philippines,PHI,29233,14,Honourable Mention,317,344,330.5,0.463474026,616,reviewed_alias,https://www.imo-official.org/results/individual/year/2020/
1672,Immanuel Josiah Ang Balete,"Balete, Immanuel Josiah Ang",Philippines,IMO,2021,Immanuel Josiah Balete,"Balete, Immanuel Josiah",Philippines,PHI,29233,20,Silver,143,150,146.5,0.7633279483,619,reviewed_alias,https://www.imo-official.org/results/individual/year/2021/
1676,Ervin Joshua V. Bautista,"Bautista, Ervin Joshua V.",Philippines,IMO,2024,Ervin Joshua Bautista,"Bautista, Ervin Joshua",Philippines,PHI,34538,12,Honourable Mention,413,424,418.5,0.3128078818,609,reviewed_alias,https://www.imo-official.org/results/individual/year/2024/
1676,Ervin Joshua V. Bautista,"Bautista, Ervin Joshua V.",Philippines,IMO,2025,Ervin Joshua Bautista,"Bautista, Ervin Joshua",Philippines,PHI,34538,22,Bronze,243,271,257,0.5920634921,630,reviewed_alias,https://www.imo-official.org/results/individual/year/2025/
1682,Sarji Elijah S. Bona,"Bona, Sarji Elijah S.",Philippines,IMO,2020,Sarji Elijah Bona,"Bona, Sarji Elijah",Philippines,PHI,29910,11,Honourable Mention,371,383,377,0.387987013,616,reviewed_alias,https://www.imo-official.org/results/individual/year/2020/
1682,Sarji Elijah S. Bona,"Bona, Sarji Elijah S.",Philippines,IMO,2021,Sarji Elijah Bona,"Bona, Sarji Elijah",Philippines,PHI,29910,14,Bronze,218,267,242.5,0.6082390953,619,reviewed_alias,https://www.imo-official.org/results/individual/year/2021/
1682,Sarji Elijah S. Bona,"Bona, Sarji Elijah S.",Philippines,IMO,2022,Sarji Elijah Bona,"Bona, Sarji Elijah",Philippines,PHI,29910,22,Honourable Mention,286,302,294,0.5008488964,589,reviewed_alias,https://www.imo-official.org/results/individual/year/2022/
1691,Mohammad Nur G. Casib,"Casib, Mohammad Nur G.",Philippines,IMO,2022,Mohammad Nur Casib,"Casib, Mohammad Nur",Philippines,PHI,32023,24,Bronze,247,268,257.5,0.5628183362,589,reviewed_alias,https://www.imo-official.org/results/individual/year/2022/
1691,Mohammad Nur G. Casib,"Casib, Mohammad Nur G.",Philippines,IMO,2023,Mohammad Nur Casib,"Casib, Mohammad Nur",Philippines,PHI,32023,19,Bronze,279,296,287.5,0.534789644,618,reviewed_alias,https://www.imo-official.org/results/individual/year/2023/
1691,Mohammad Nur G. Casib,"Casib, Mohammad Nur G.",Philippines,IMO,2024,Mohammad Nur Casib,"Casib, Mohammad Nur",Philippines,PHI,32023,8,Honourable Mention,475,486,480.5,0.211001642,609,reviewed_alias,https://www.imo-official.org/results/individual/year/2024/
1781,Nathan Gabriel Ang Neria,"Neria, Nathan Gabriel Ang",Philippines,IMO,2025,Nathan Gabriel Neria,"Neria, Nathan Gabriel",Philippines,PHI,35284,4,None,526,548,537,0.1476190476,630,reviewed_alias,https://www.imo-official.org/results/individual/year/2025/
1781,Nathan Gabriel Ang Neria,"Neria, Nathan Gabriel Ang",Philippines,IMO,2026,Nathan Gabriel Neria,"Neria, Nathan Gabriel",Philippines,PHI,35284,16,Bronze,314,349,331.5,0.5022522523,666,reviewed_alias,https://www.imo-official.org/results/individual/year/2026/
1794,Alvann Walter W. Paredes Dy,"Paredes Dy, Alvann Walter W.",Philippines,IMO,2023,Alvann Walter Paredes Dy,"Paredes Dy, Alvann Walter",Philippines,PHI,33548,18,Bronze,297,314,305.5,0.5056634304,618,reviewed_alias,https://www.imo-official.org/results/individual/year/2023/
1794,Alvann Walter W. Paredes Dy,"Paredes Dy, Alvann Walter W.",Philippines,IMO,2024,Alvann Walter Paredes Dy,"Paredes Dy, Alvann Walter",Philippines,PHI,33548,21,Bronze,182,215,198.5,0.6740558292,609,reviewed_alias,https://www.imo-official.org/results/individual/year/2024/
1797,Albert John L. Patupat,"Patupat, Albert John L.",Philippines,IMO,2015,Albert John Patupat,"Patupat, Albert John",Philippines,PHI,26055,15,Bronze,217,256,236.5,0.5901213172,577,reviewed_alias,https://www.imo-official.org/results/individual/year/2015/
1797,Albert John L. Patupat,"Patupat, Albert John L.",Philippines,IMO,2016,Albert John Patupat,"Patupat, Albert John",Philippines,PHI,26055,23,Silver,114,136,125,0.792358804,602,reviewed_alias,https://www.imo-official.org/results/individual/year/2016/
1797,Albert John L. Patupat,"Patupat, Albert John L.",Philippines,IMO,2017,Albert John Patupat,"Patupat, Albert John",Philippines,PHI,26055,23,Silver,64,71,67.5,0.8902439024,615,reviewed_alias,https://www.imo-official.org/results/individual/year/2017/
1797,Albert John L. Patupat,"Patupat, Albert John L.",Philippines,IMO,2018,Albert John Patupat,"Patupat, Albert John",Philippines,PHI,26055,31,Gold,34,48,41,0.930976431,594,reviewed_alias,https://www.imo-official.org/results/individual/year/2018/
1800,Shaun Lawrence Tiong Poh Leung,"Poh Leung, Shaun Lawrence Tiong",Philippines,IMO,2026,Shaun Lawrence Poh Leung,"Poh Leung, Shaun Lawrence",Philippines,PHI,36436,13,None,415,439,427,0.3588588589,666,reviewed_alias,https://www.imo-official.org/results/individual/year/2026/
1802,Shaquille Wyan T. Que,"Que, Shaquille Wyan T.",Philippines,IMO,2016,Shaquille Wyan Que,"Que, Shaquille Wyan",Philippines,PHI,26847,15,Honourable Mention,281,311,296,0.5083056478,602,reviewed_alias,https://www.imo-official.org/results/individual/year/2016/
1802,Shaquille Wyan T. Que,"Que, Shaquille Wyan T.",Philippines,IMO,2017,Shaquille Wyan Que,"Que, Shaquille Wyan",Philippines,PHI,26847,18,Bronze,139,187,163,0.7349593496,615,reviewed_alias,https://www.imo-official.org/results/individual/year/2017/
1802,Shaquille Wyan T. Que,"Que, Shaquille Wyan T.",Philippines,IMO,2018,Shaquille Wyan Que,"Que, Shaquille Wyan",Philippines,PHI,26847,16,Bronze,271,289,280,0.5286195286,594,reviewed_alias,https://www.imo-official.org/results/individual/year/2018/
1809,Bryce Ainsley Ang Sanchez,"Sanchez, Bryce Ainsley Ang",Philippines,IMO,2019,Bryce Ainsley Sanchez,"Sanchez, Bryce Ainsley",Philippines,PHI,29237,17,Bronze,275,302,288.5,0.5354267311,621,reviewed_alias,https://www.imo-official.org/results/individual/year/2019/
1809,Bryce Ainsley Ang Sanchez,"Sanchez, Bryce Ainsley Ang",Philippines,IMO,2020,Bryce Ainsley Sanchez,"Sanchez, Bryce Ainsley",Philippines,PHI,29237,19,Bronze,236,247,241.5,0.6079545455,616,reviewed_alias,https://www.imo-official.org/results/individual/year/2020/
1809,Bryce Ainsley Ang Sanchez,"Sanchez, Bryce Ainsley Ang",Philippines,IMO,2021,Bryce Ainsley Sanchez,"Sanchez, Bryce Ainsley",Philippines,PHI,29237,22,Silver,63,104,83.5,0.8651050081,619,reviewed_alias,https://www.imo-official.org/results/individual/year/2021/
1821,Luke Sebastian C. Sy,"Sy, Luke Sebastian C.",Philippines,IMO,2024,Luke Sebastian Sy,"Sy, Luke Sebastian",Philippines,PHI,34544,21,Bronze,182,215,198.5,0.6740558292,609,reviewed_alias,https://www.imo-official.org/results/individual/year/2024/
1821,Luke Sebastian C. Sy,"Sy, Luke Sebastian C.",Philippines,IMO,2025,Luke Sebastian Sy,"Sy, Luke Sebastian",Philippines,PHI,34544,12,None,423,435,429,0.319047619,630,reviewed_alias,https://www.imo-official.org/results/individual/year/2025/
1833,Rickson Caleb Y. Tan,"Tan, Rickson Caleb Y.",Philippines,IMO,2022,Rickson Caleb Tan,"Tan, Rickson Caleb",Philippines,PHI,32028,17,Honourable Mention,364,376,370,0.3718166384,589,reviewed_alias,https://www.imo-official.org/results/individual/year/2022/
1833,Rickson Caleb Y. Tan,"Tan, Rickson Caleb Y.",Philippines,IMO,2023,Rickson Caleb Tan,"Tan, Rickson Caleb",Philippines,PHI,32028,22,Bronze,220,236,228,0.6310679612,618,reviewed_alias,https://www.imo-official.org/results/individual/year/2023/
1843,Vince Jan Faustino Torres,"Torres, Vince Jan Faustino",Philippines,IMO,2016,Vince Jan Torres,"Torres, Vince Jan",Philippines,PHI,26850,12,Honourable Mention,368,378,373,0.3803986711,602,reviewed_alias,https://www.imo-official.org/results/individual/year/2016/
1846,Sean Anderson Lim Ty,"Ty, Sean Anderson Lim",Philippines,IMO,2017,Sean Anderson Ty,"Ty, Sean Anderson",Philippines,PHI,27581,18,Bronze,139,187,163,0.7349593496,615,reviewed_alias,https://www.imo-official.org/results/individual/year/2017/
1846,Sean Anderson Lim Ty,"Ty, Sean Anderson Lim",Philippines,IMO,2018,Sean Anderson Ty,"Ty, Sean Anderson",Philippines,PHI,27581,13,Honourable Mention,320,337,328.5,0.446969697,594,reviewed_alias,https://www.imo-official.org/results/individual/year/2018/
1846,Sean Anderson Lim Ty,"Ty, Sean Anderson Lim",Philippines,IMO,2019,Sean Anderson Ty,"Ty, Sean Anderson",Philippines,PHI,27581,27,Silver,101,121,111,0.8212560386,621,reviewed_alias,https://www.imo-official.org/results/individual/year/2019/
1851,Zion Skye Earl Carmelo C. Uy,"Uy, Zion Skye Earl Carmelo C.",Philippines,IMO,2026,Zion Skye Earl Carmelo Uy,"Uy, Zion Skye Earl Carmelo",Philippines,PHI,36438,15,Honourable Mention,350,387,368.5,0.4466966967,666,reviewed_alias,https://www.imo-official.org/results/individual/year/2026/
1853,Mark Justin M. Villafuerte,"Villafuerte, Mark Justin M.",Philippines,IMO,2025,Mark Justin Villafuerte,"Villafuerte, Mark Justin",Philippines,PHI,35292,14,Honourable Mention,388,409,398.5,0.3674603175,630,reviewed_alias,https://www.imo-official.org/results/individual/year/2025/
1857,Farrell Eldrian S. Wu,"Wu, Farrell Eldrian S.",Philippines,IMO,2013,Farrell Eldrian Wu,"Wu, Farrell Eldrian",Philippines,PHI,23165,14,Honourable Mention,279,295,287,0.4554079696,527,reviewed_alias,https://www.imo-official.org/results/individual/year/2013/
1857,Farrell Eldrian S. Wu,"Wu, Farrell Eldrian S.",Philippines,IMO,2014,Farrell Eldrian Wu,"Wu, Farrell Eldrian",Philippines,PHI,23165,18,Bronze,238,255,246.5,0.5598214286,560,reviewed_alias,https://www.imo-official.org/results/individual/year/2014/
1857,Farrell Eldrian S. Wu,"Wu, Farrell Eldrian S.",Philippines,IMO,2015,Farrell Eldrian Wu,"Wu, Farrell Eldrian",Philippines,PHI,23165,17,Bronze,160,182,171,0.7036395147,577,reviewed_alias,https://www.imo-official.org/results/individual/year/2015/
1857,Farrell Eldrian S. Wu,"Wu, Farrell Eldrian S.",Philippines,IMO,2016,Farrell Eldrian Wu,"Wu, Farrell Eldrian",Philippines,PHI,23165,30,Gold,35,40,37.5,0.9377076412,602,reviewed_alias,https://www.imo-official.org/results/individual/year/2016/
1857,Farrell Eldrian S. Wu,"Wu, Farrell Eldrian S.",Philippines,IMO,2017,Farrell Eldrian Wu,"Wu, Farrell Eldrian",Philippines,PHI,23165,20,Silver,103,114,108.5,0.8235772358,615,reviewed_alias,https://www.imo-official.org/results/individual/year/2017/
1858,Filbert Ephraim S. Wu,"Wu, Filbert Ephraim S.",Philippines,IMO,2022,Filbert Ephraim Wu,"Wu, Filbert Ephraim",Philippines,PHI,32029,17,Honourable Mention,364,376,370,0.3718166384,589,reviewed_alias,https://www.imo-official.org/results/individual/year/2022/
1858,Filbert Ephraim S. Wu,"Wu, Filbert Ephraim S.",Philippines,IMO,2023,Filbert Ephraim Wu,"Wu, Filbert Ephraim",Philippines,PHI,32029,28,Silver,104,118,111,0.8203883495,618,reviewed_alias,https://www.imo-official.org/results/individual/year/2023/
1858,Filbert Ephraim S. Wu,"Wu, Filbert Ephraim S.",Philippines,IMO,2024,Filbert Ephraim Wu,"Wu, Filbert Ephraim",Philippines,PHI,32029,16,Bronze,283,326,304.5,0.5,609,reviewed_alias,https://www.imo-official.org/results/individual/year/2024/
1939,Seungwoo Lee,"Lee, Seungwoo",Republic of Korea,IMO,2026,Seungwoo Lee,"Lee, Seungwoo",DOM,DOM,35717,3,None,591,609,600,0.0990990991,666,global_exact_country_change,https://www.imo-official.org/results/individual/year/2026/
2048,Sharafetdinova Galiia,"Galiia, Sharafetdinova",Russian Federation,IMO,2022,Galiia Sharafetdinova,"Sharafetdinova, Galiia",,,31700,42,Gold,1,10,5.5,0.9906621392,589,global_exact_country_change,https://www.imo-official.org/results/individual/year/2022/
2052,Pavel Gubkin,"Gubkin, Pavel",Russian Federation,IMO,2016,Pavel Gubkin,"Gubkin, Pavel",Russian Federation,RUS,26975,29,Gold,41,44,42.5,0.9294019934,602,same_country_exact,https://www.imo-official.org/results/individual/year/2016/
2061,Roman Kravchenko,"Kravchenko, Roman",Russian Federation,IMO,2026,Roman Kravchenko,"Kravchenko, Roman",Russian Federation,RUS,36272,31,Gold,30,33,31.5,0.9527027027,666,same_country_exact,https://www.imo-official.org/results/individual/year/2026/
2086,Tse Yang Lucas Boo,"Boo, Tse Yang Lucas",Singapore,IMO,2018,Tse Yang Lucas Boo,"Boo, Tse Yang Lucas",Singapore,SGP,28485,29,Silver,61,86,73.5,0.8762626263,594,same_country_exact,https://www.imo-official.org/results/individual/year/2018/
2086,Tse Yang Lucas Boo,"Boo, Tse Yang Lucas",Singapore,IMO,2019,Tse Yang Lucas Boo,"Boo, Tse Yang Lucas",Singapore,SGP,28485,31,Gold,48,52,50,0.9194847021,621,same_country_exact,https://www.imo-official.org/results/individual/year/2019/
2086,Tse Yang Lucas Boo,"Boo, Tse Yang Lucas",Singapore,IMO,2021,Tse Yang Lucas Boo,"Boo, Tse Yang Lucas",Singapore,SGP,28485,29,Gold,24,31,27.5,0.9555735057,619,same_country_exact,https://www.imo-official.org/results/individual/year/2021/
2089,Puhua Cheng,"Cheng, Puhua",Singapore,IMO,2018,Puhua Cheng,"Cheng, Puhua",Singapore,SGP,28486,29,Silver,61,86,73.5,0.8762626263,594,same_country_exact,https://www.imo-official.org/results/individual/year/2018/
2090,Clarence Xuan Da Chew,"Chew, Clarence Xuan Da",Singapore,IMO,2017,Clarence Xuan Da Chew,"Chew, Clarence Xuan Da",Singapore,SGP,27507,18,Bronze,139,187,163,0.7349593496,615,same_country_exact,https://www.imo-official.org/results/individual/year/2017/
2091,Zixiang Gao,"Gao, Zixiang",Singapore,IMO,2025,Zixiang Gao,"Gao, Zixiang",Singapore,SGP,35305,28,Silver,148,176,162,0.7428571429,630,same_country_exact,https://www.imo-official.org/results/individual/year/2025/
2091,Zixiang Gao,"Gao, Zixiang",Singapore,IMO,2026,Zixiang Gao,"Gao, Zixiang",Singapore,SGP,35305,23,Silver,135,160,147.5,0.7785285285,666,same_country_exact,https://www.imo-official.org/results/individual/year/2026/
2097,Ker Yang Lee,"Lee, Ker Yang",Singapore,IMO,2018,Ker Yang Lee,"Lee, Ker Yang",Singapore,SGP,28488,32,Gold,27,33,30,0.9494949495,594,same_country_exact,https://www.imo-official.org/results/individual/year/2018/
2105,Choo Ray Low,"Low, Choo Ray",Singapore,IMO,2020,Choo Ray Low,"Low, Choo Ray",Singapore,SGP,30248,22,Bronze,181,205,193,0.6866883117,616,same_country_exact,https://www.imo-official.org/results/individual/year/2020/
2105,Choo Ray Low,"Low, Choo Ray",Singapore,IMO,2021,Choo Ray Low,"Low, Choo Ray",Singapore,SGP,30248,22,Silver,63,104,83.5,0.8651050081,619,same_country_exact,https://www.imo-official.org/results/individual/year/2021/
2108,Yangyi Aloysius Ng,"Ng, Yangyi Aloysius",Singapore,IMO,2019,Yangyi Aloysius Ng,"Ng, Yangyi Aloysius",Singapore,SGP,28979,28,Silver,65,100,82.5,0.8671497585,621,same_country_exact,https://www.imo-official.org/results/individual/year/2019/
2108,Yangyi Aloysius Ng,"Ng, Yangyi Aloysius",Singapore,IMO,2020,Yangyi Aloysius Ng,"Ng, Yangyi Aloysius",Singapore,SGP,28979,29,Silver,59,85,72,0.8831168831,616,same_country_exact,https://www.imo-official.org/results/individual/year/2020/
2112,Joel Junyao Tan,"Tan, Joel Junyao",Singapore,IMO,2016,Joel Junyao Tan,"Tan, Joel Junyao",Singapore,SGP,26527,25,Silver,78,93,85.5,0.8579734219,602,same_country_exact,https://www.imo-official.org/results/individual/year/2016/
2112,Joel Junyao Tan,"Tan, Joel Junyao",Singapore,IMO,2017,Joel Junyao Tan,"Tan, Joel Junyao",Singapore,SGP,26527,29,Gold,7,13,10,0.9837398374,615,same_country_exact,https://www.imo-official.org/results/individual/year/2017/
2112,Joel Junyao Tan,"Tan, Joel Junyao",Singapore,IMO,2018,Junyao Joel Tan,"Tan, Junyao Joel",Singapore,SGP,26527,29,Silver,61,86,73.5,0.8762626263,594,same_country_token,https://www.imo-official.org/results/individual/year/2018/
2114,Wee Kean Tan,"Tan, Wee Kean",Singapore,IMO,2019,Wee Kean Tan,"Tan, Wee Kean",Singapore,SGP,28981,27,Silver,101,121,111,0.8212560386,621,same_country_exact,https://www.imo-official.org/results/individual/year/2019/
2114,Wee Kean Tan,"Tan, Wee Kean",Singapore,IMO,2020,Wee Kean Tan,"Tan, Wee Kean",Singapore,SGP,28981,24,Silver,140,161,150.5,0.7556818182,616,same_country_exact,https://www.imo-official.org/results/individual/year/2020/
2115,Xu Chen Tan,"Tan, Xu Chen",Singapore,IMO,2019,Xu Chen Tan,"Tan, Xu Chen",Singapore,SGP,28982,28,Silver,65,100,82.5,0.8671497585,621,same_country_exact,https://www.imo-official.org/results/individual/year/2019/
2115,Xu Chen Tan,"Tan, Xu Chen",Singapore,IMO,2020,Xu Chen Tan,"Tan, Xu Chen",Singapore,SGP,28982,27,Silver,114,120,117,0.8100649351,616,same_country_exact,https://www.imo-official.org/results/individual/year/2020/
2117,Akash Thiagarajan,"Thiagarajan, Akash",Singapore,IMO,2024,Akash Thiagarajan,"Thiagarajan, Akash",Singapore,SGP,34072,23,Silver,125,146,135.5,0.7775041051,609,same_country_exact,https://www.imo-official.org/results/individual/year/2024/
2117,Akash Thiagarajan,"Thiagarajan, Akash",Singapore,IMO,2025,Akash Thiagarajan,"Thiagarajan, Akash",Singapore,SGP,34072,24,Bronze,214,228,221,0.6492063492,630,same_country_exact,https://www.imo-official.org/results/individual/year/2025/
2117,Akash Thiagarajan,"Thiagarajan, Akash",Singapore,IMO,2026,Akash Thiagarajan,"Thiagarajan, Akash",Singapore,SGP,34072,18,Bronze,263,282,272.5,0.5908408408,666,same_country_exact,https://www.imo-official.org/results/individual/year/2026/
2118,David Hui Kai Toh,"Toh, David Hui Kai",Singapore,IMO,2019,David Hui Kai Toh,"Toh, David Hui Kai",Singapore,SGP,28983,25,Silver,132,142,137,0.7793880837,621,same_country_exact,https://www.imo-official.org/results/individual/year/2019/
2118,David Hui Kai Toh,"Toh, David Hui Kai",Singapore,IMO,2020,David Hui Kai Toh,"Toh, David Hui Kai",Singapore,SGP,28983,23,Bronze,162,180,171,0.7224025974,616,same_country_exact,https://www.imo-official.org/results/individual/year/2020/
2119,Bryan Peng Jun Wang,"Wang, Bryan Peng Jun",Singapore,IMO,2016,Bryan Peng Jun Wang,"Wang, Bryan Peng Jun",Singapore,SGP,26522,28,Silver,45,62,53.5,0.9111295681,602,same_country_exact,https://www.imo-official.org/results/individual/year/2016/
2119,Bryan Peng Jun Wang,"Wang, Bryan Peng Jun",Singapore,IMO,2017,Bryan Peng Jun Wang,"Wang, Bryan Peng Jun",Singapore,SGP,26522,28,Gold,14,28,21,0.9658536585,615,same_country_exact,https://www.imo-official.org/results/individual/year/2017/
2120,Jianzhi Wang,"Wang, Jianzhi",Singapore,IMO,2017,Jianzhi Wang,"Wang, Jianzhi",Singapore,SGP,27512,14,Honourable Mention,342,389,365.5,0.4056910569,615,same_country_exact,https://www.imo-official.org/results/individual/year/2017/
2123,Brian Boyang Xiao,"Xiao, Brian Boyang",Singapore,IMO,2026,Boyang Brian Xiao,"Xiao, Boyang Brian",Singapore,SGP,35964,39,Gold,9,11,10,0.984984985,666,same_country_token,https://www.imo-official.org/results/individual/year/2026/
2126,Qinxi Yu,"Yu, Qinxi",Singapore,IMO,2023,Qinxi Yu,"Yu, Qinxi",Singapore,SGP,33237,17,Honourable Mention,315,348,331.5,0.463592233,618,same_country_exact,https://www.imo-official.org/results/individual/year/2023/
2128,Juntao Zhang,"Zhang, Juntao",Singapore,IMO,2024,Juntao Zhang,"Zhang, Juntao",Singapore,SGP,34091,28,Silver,59,75,67,0.8899835796,609,same_country_exact,https://www.imo-official.org/results/individual/year/2024/
2128,Juntao Zhang,"Zhang, Juntao",Singapore,IMO,2025,Juntao Zhang,"Zhang, Juntao",Singapore,SGP,34091,34,Silver,73,80,76.5,0.8785714286,630,same_country_exact,https://www.imo-official.org/results/individual/year/2025/
2144,Ellen Grant-Smith,"Grant-Smith, Ellen",South Africa,IMO,2024,Ellen Grant-Smith,"Grant-Smith, Ellen",South Africa,SAF,34295,21,Bronze,182,215,198.5,0.6740558292,609,same_country_exact,https://www.imo-official.org/results/individual/year/2024/
2144,Ellen Grant-Smith,"Grant-Smith, Ellen",South Africa,IMO,2025,Ellen Grant-Smith,"Grant-Smith, Ellen",South Africa,SAF,34295,16,Honourable Mention,346,365,355.5,0.4357142857,630,same_country_exact,https://www.imo-official.org/results/individual/year/2025/
2145,Noah Greenblatt,"Greenblatt, Noah",South Africa,IMO,2026,Noah Moshe Greenblatt,"Greenblatt, Noah Moshe",South Africa,SAF,36175,12,Honourable Mention,440,470,455,0.3168168168,666,reviewed_alias,https://www.imo-official.org/results/individual/year/2026/
2150,Tyrone Chibuzo Kasi,"Kasi, Tyrone Chibuzo",South Africa,IMO,2021,Tyrone Chibuzo Kasi,"Kasi, Tyrone Chibuzo",South Africa,SAF,30640,1,None,499,532,515.5,0.1672051696,619,same_country_exact,https://www.imo-official.org/results/individual/year/2021/
2152,Minkyum Kim,"Kim, Minkyum",South Africa,IMO,2021,Minkyum Kim,"Kim, Minkyum",South Africa,SAF,30641,2,None,470,498,484,0.2180936995,619,same_country_exact,https://www.imo-official.org/results/individual/year/2021/
2152,Minkyum Kim,"Kim, Minkyum",South Africa,IMO,2022,Minkyum Kim,"Kim, Minkyum",South Africa,SAF,30641,16,Honourable Mention,377,393,385,0.3463497453,589,same_country_exact,https://www.imo-official.org/results/individual/year/2022/
2152,Minkyum Kim,"Kim, Minkyum",South Africa,IMO,2023,Minkyum Kim,"Kim, Minkyum",South Africa,SAF,30641,20,Bronze,259,278,268.5,0.5655339806,618,same_country_exact,https://www.imo-official.org/results/individual/year/2023/
2153,Youkyum Kim,"Kim, Youkyum",South Africa,IMO,2022,Youkyum Kim,"Kim, Youkyum",South Africa,SAF,31786,18,Honourable Mention,343,363,353,0.4006791171,589,same_country_exact,https://www.imo-official.org/results/individual/year/2022/
2153,Youkyum Kim,"Kim, Youkyum",South Africa,IMO,2023,Youkyum Kim,"Kim, Youkyum",South Africa,SAF,31786,28,Silver,104,118,111,0.8203883495,618,same_country_exact,https://www.imo-official.org/results/individual/year/2023/
2153,Youkyum Kim,"Kim, Youkyum",South Africa,IMO,2024,Youkyum Kim,"Kim, Youkyum",South Africa,SAF,31786,12,None,413,424,418.5,0.3128078818,609,same_country_exact,https://www.imo-official.org/results/individual/year/2024/
2153,Youkyum Kim,"Kim, Youkyum",South Africa,IMO,2025,Youkyum Kim,"Kim, Youkyum",South Africa,SAF,31786,30,Silver,100,118,109,0.826984127,630,same_country_exact,https://www.imo-official.org/results/individual/year/2025/
2156,Nicholas Kroon,"Kroon, Nicholas",South Africa,IMO,2015,Nicholas Kroon,"Kroon, Nicholas",South Africa,SAF,25972,13,None,283,306,294.5,0.4896013865,577,same_country_exact,https://www.imo-official.org/results/individual/year/2015/
2156,Nicholas Kroon,"Kroon, Nicholas",South Africa,IMO,2016,Nicholas Kroon,"Kroon, Nicholas",South Africa,SAF,25972,14,Honourable Mention,312,354,333,0.4468438538,602,same_country_exact,https://www.imo-official.org/results/individual/year/2016/
2161,Yi Lou,"Lou, Yi",South Africa,IMO,2021,Yi Lou,"Lou, Yi",South Africa,SAF,30642,14,Bronze,218,267,242.5,0.6082390953,619,same_country_exact,https://www.imo-official.org/results/individual/year/2021/
2180,Noah Rassou,"Rassou, Noah",South Africa,IMO,2026,Noah Karl Rassou,"Rassou, Noah Karl",South Africa,SAF,36378,13,None,415,439,427,0.3588588589,666,reviewed_alias,https://www.imo-official.org/results/individual/year/2026/
2184,Juliette Roux,"Roux, Juliette",South Africa,IMO,2020,Juliette Roux,"Roux, Juliette",South Africa,SAF,30081,7,Honourable Mention,445,494,469.5,0.2378246753,616,same_country_exact,https://www.imo-official.org/results/individual/year/2020/
2184,Juliette Roux,"Roux, Juliette",South Africa,IMO,2021,Juliette Roux,"Roux, Juliette",South Africa,SAF,30081,16,Bronze,167,179,173,0.7205169628,619,same_country_exact,https://www.imo-official.org/results/individual/year/2021/
2184,Juliette Roux,"Roux, Juliette",South Africa,IMO,2022,Juliette Roux,"Roux, Juliette",South Africa,SAF,30081,11,Honourable Mention,445,457,451,0.234295416,589,same_country_exact,https://www.imo-official.org/results/individual/year/2022/
2200,Emile Tredoux,"Tredoux, Emile",South Africa,IMO,2018,Emile Tredoux,"Tredoux, Emile",South Africa,SAF,28380,16,Bronze,271,289,280,0.5286195286,594,same_country_exact,https://www.imo-official.org/results/individual/year/2018/
2206,Adri Wessels,"Wessels, Adri",South Africa,IMO,2017,Adri Wessels,"Wessels, Adri",South Africa,SAF,27706,17,Bronze,188,264,226,0.6325203252,615,same_country_exact,https://www.imo-official.org/results/individual/year/2017/
2206,Adri Wessels,"Wessels, Adri",South Africa,IMO,2018,Adri Wessels,"Wessels, Adri",South Africa,SAF,27706,12,Honourable Mention,338,349,343.5,0.4217171717,594,same_country_exact,https://www.imo-official.org/results/individual/year/2018/
2206,Adri Wessels,"Wessels, Adri",South Africa,IMO,2019,Adri Wessels,"Wessels, Adri",South Africa,SAF,27706,17,Bronze,275,302,288.5,0.5354267311,621,same_country_exact,https://www.imo-official.org/results/individual/year/2019/
2212,Mohammed Aflal Mohammed Afham,"Afham, Mohammed Aflal Mohammed",Sri Lanka,IMO,2015,Mohamed Afham Mohamed Aflal,"Mohamed Aflal, Mohamed Afham",Sri Lanka,LKA,26001,11,Honourable Mention,322,336,329,0.4298093588,577,reviewed_alias,https://www.imo-official.org/results/individual/year/2015/
2214,Thishanka Alahakoon,"Alahakoon, Thishanka",Sri Lanka,IMO,2018,Thishanka Alahakoon,"Alahakoon, Thishanka",Sri Lanka,LKA,28567,8,Honourable Mention,413,429,421,0.2912457912,594,same_country_exact,https://www.imo-official.org/results/individual/year/2018/
2216,Praveen Charuka Athauda Arachchi,"Athauda Arachchi, Praveen Charuka",Sri Lanka,IMO,2024,Praveen Charuka Athauda Arachchi,"Athauda Arachchi, Praveen Charuka",Sri Lanka,LKA,34471,15,Honourable Mention,327,365,346,0.4318555008,609,same_country_exact,https://www.imo-official.org/results/individual/year/2024/
2216,Praveen Charuka Athauda Arachchi,"Athauda Arachchi, Praveen Charuka",Sri Lanka,IMO,2025,Praveen Charuka Athauda Arachchi,"Athauda Arachchi, Praveen Charuka",Sri Lanka,LKA,34471,16,Honourable Mention,346,365,355.5,0.4357142857,630,same_country_exact,https://www.imo-official.org/results/individual/year/2025/
2216,Praveen Charuka Athauda Arachchi,"Athauda Arachchi, Praveen Charuka",Sri Lanka,IMO,2026,Praveen Charuka Athauda Arachchi,"Athauda Arachchi, Praveen Charuka",Sri Lanka,LKA,34471,10,Honourable Mention,486,507,496.5,0.2545045045,666,same_country_exact,https://www.imo-official.org/results/individual/year/2026/
2217,Sandaru Thathsara Balahewa,"Balahewa, Sandaru Thathsara",Sri Lanka,IMO,2019,Sandaru Thathsara Balahewa,"Balahewa, Sandaru Thathsara",Sri Lanka,LKA,29315,8,Honourable Mention,444,462,453,0.270531401,621,same_country_exact,https://www.imo-official.org/results/individual/year/2019/
2217,Sandaru Thathsara Balahewa,"Balahewa, Sandaru Thathsara",Sri Lanka,IMO,2021,Sandaru Thathsara Balahewa,"Balahewa, Sandaru Thathsara",Sri Lanka,LKA,29315,0,None,533,619,576,0.0694668821,619,same_country_exact,https://www.imo-official.org/results/individual/year/2021/
2217,Sandaru Thathsara Balahewa,"Balahewa, Sandaru Thathsara",Sri Lanka,IMO,2022,Sandaru Thathsara Balahewa,"Balahewa, Sandaru Thathsara",Sri Lanka,LKA,29315,14,Honourable Mention,420,428,424,0.2801358234,589,same_country_exact,https://www.imo-official.org/results/individual/year/2022/
2218,Hitihami Mudiyanselage Mihiru Anushka Bandara,"Bandara, Hitihami Mudiyanselage Mihiru Anushka",Sri Lanka,IMO,2018,Hitihami Mudiyanselage Mihiru Anushka Bandara,"Bandara, Hitihami Mudiyanselage Mihiru Anushka",Sri Lanka,LKA,28568,0,None,565,594,579.5,0.0244107744,594,same_country_exact,https://www.imo-official.org/results/individual/year/2018/
2218,Hitihami Mudiyanselage Mihiru Anushka Bandara,"Bandara, Hitihami Mudiyanselage Mihiru Anushka",Sri Lanka,IMO,2020,Hitihami Mudiyanselage Mihiru Anushka Bandara,"Bandara, Hitihami Mudiyanselage Mihiru Anushka",Sri Lanka,LKA,28568,7,Honourable Mention,445,494,469.5,0.2378246753,616,same_country_exact,https://www.imo-official.org/results/individual/year/2020/
2218,Hitihami Mudiyanselage Mihiru Anushka Bandara,"Bandara, Hitihami Mudiyanselage Mihiru Anushka",Sri Lanka,IMO,2021,Hitihami Mudiyanselage Mihiru Anushka Bandara,"Bandara, Hitihami Mudiyanselage Mihiru Anushka",Sri Lanka,LKA,28568,8,Honourable Mention,348,371,359.5,0.4192245557,619,same_country_exact,https://www.imo-official.org/results/individual/year/2021/
2218,Hitihami Mudiyanselage Mihiru Anushka Bandara,"Bandara, Hitihami Mudiyanselage Mihiru Anushka",Sri Lanka,IMO,2022,Hitihami Mudiyanselage Mihiru Anushka Bandara,"Bandara, Hitihami Mudiyanselage Mihiru Anushka",Sri Lanka,LKA,28568,21,Honourable Mention,303,313,308,0.4770797963,589,same_country_exact,https://www.imo-official.org/results/individual/year/2022/
2218,Hitihami Mudiyanselage Mihiru Anushka Bandara,"Bandara, Hitihami Mudiyanselage Mihiru Anushka",Sri Lanka,IMO,2023,Hitihami Mudiyanselage Mihiru Anushka Bandara,"Bandara, Hitihami Mudiyanselage Mihiru Anushka",Sri Lanka,LKA,28568,20,Bronze,259,278,268.5,0.5655339806,618,same_country_exact,https://www.imo-official.org/results/individual/year/2023/
2220,Chethana Chathuprabha Belpa Godage,"Belpa Godage, Chethana Chathuprabha",Sri Lanka,IMO,2014,Chethana Chathuprabha Belpa Godage,"Belpa Godage, Chethana Chathuprabha",Sri Lanka,LKA,21192,10,Honourable Mention,387,403,395,0.2946428571,560,same_country_exact,https://www.imo-official.org/results/individual/year/2014/
2226,Charuka Nishala Kulathunga Bandara Herath Mudiyanselage,"Herath Mudiyanselage, Charuka Nishala Kulathunga Bandara",Sri Lanka,IMO,2015,Charuka Nishala Kulathunga Bandara Herath Mudiyanselage,"Herath Mudiyanselage, Charuka Nishala Kulathunga Bandara",Sri Lanka,LKA,26002,8,Honourable Mention,394,419,406.5,0.2954939341,577,same_country_exact,https://www.imo-official.org/results/individual/year/2015/
2226,Charuka Nishala Kulathunga Bandara Herath Mudiyanselage,"Herath Mudiyanselage, Charuka Nishala Kulathunga Bandara",Sri Lanka,IMO,2017,Charuka Nishala Kulathunga Bandara Herath Mudiyanselage,"Herath Mudiyanselage, Charuka Nishala Kulathunga Bandara",Sri Lanka,LKA,26002,14,Honourable Mention,342,389,365.5,0.4056910569,615,same_country_exact,https://www.imo-official.org/results/individual/year/2017/
2226,Charuka Nishala Kulathunga Bandara Herath Mudiyanselage,"Herath Mudiyanselage, Charuka Nishala Kulathunga Bandara",Sri Lanka,IMO,2018,Charuka Nishala Kulathunga Bandara Herath Mudiyanselage,"Herath Mudiyanselage, Charuka Nishala Kulathunga Bandara",Sri Lanka,LKA,26002,10,Honourable Mention,368,390,379,0.361952862,594,same_country_exact,https://www.imo-official.org/results/individual/year/2018/
2233,Kisara Sandaluka Kodithuwakku,"Kodithuwakku, Kisara Sandaluka",Sri Lanka,IMO,2019,Kisara Sandaluka Kodithuwakku,"Kodithuwakku, Kisara Sandaluka",Sri Lanka,LKA,29344,11,Honourable Mention,386,401,393.5,0.3663446055,621,same_country_exact,https://www.imo-official.org/results/individual/year/2019/
2234,Shenal Santhush Kotuwewatta,"Kotuwewatta, Shenal Santhush",Sri Lanka,IMO,2014,Shenal Santhush Kotuwewatta,"Kotuwewatta, Shenal Santhush",Sri Lanka,LKA,25148,16,Bronze,267,295,281,0.4982142857,560,same_country_exact,https://www.imo-official.org/results/individual/year/2014/
2234,Shenal Santhush Kotuwewatta,"Kotuwewatta, Shenal Santhush",Sri Lanka,IMO,2015,Shenal Santhush Kotuwewatta,"Kotuwewatta, Shenal Santhush",Sri Lanka,LKA,25148,9,None,365,393,379,0.3431542461,577,same_country_exact,https://www.imo-official.org/results/individual/year/2015/
2234,Shenal Santhush Kotuwewatta,"Kotuwewatta, Shenal Santhush",Sri Lanka,IMO,2016,Shenal Santhush Kotuwewatta,"Kotuwewatta, Shenal Santhush",Sri Lanka,LKA,25148,14,Honourable Mention,312,354,333,0.4468438538,602,same_country_exact,https://www.imo-official.org/results/individual/year/2016/
2234,Shenal Santhush Kotuwewatta,"Kotuwewatta, Shenal Santhush",Sri Lanka,IMO,2017,Shenal Santhush Kotuwewatta,"Kotuwewatta, Shenal Santhush",Sri Lanka,LKA,25148,17,Bronze,188,264,226,0.6325203252,615,same_country_exact,https://www.imo-official.org/results/individual/year/2017/
2235,Sithija Abhishek Kotuwewatta,"Kotuwewatta, Sithija Abhishek",Sri Lanka,IMO,2019,Sithija Abhishek Kotuwewatta,"Kotuwewatta, Sithija Abhishek",Sri Lanka,LKA,29325,9,Honourable Mention,417,443,430,0.307568438,621,same_country_exact,https://www.imo-official.org/results/individual/year/2019/
2235,Sithija Abhishek Kotuwewatta,"Kotuwewatta, Sithija Abhishek",Sri Lanka,IMO,2020,Sithija Abhishek Kotuwewatta,"Kotuwewatta, Sithija Abhishek",Sri Lanka,LKA,29325,7,Honourable Mention,445,494,469.5,0.2378246753,616,same_country_exact,https://www.imo-official.org/results/individual/year/2020/
2235,Sithija Abhishek Kotuwewatta,"Kotuwewatta, Sithija Abhishek",Sri Lanka,IMO,2023,Sithija Abhishek Kotuwewatta,"Kotuwewatta, Sithija Abhishek",Sri Lanka,LKA,29325,10,Honourable Mention,441,458,449.5,0.2726537217,618,same_country_exact,https://www.imo-official.org/results/individual/year/2023/
2236,Ghaura Abheendra Mahabaduge,"Mahabaduge, Ghaura Abheendra",Sri Lanka,IMO,2018,Ghaura Abheendra Mahabaduge,"Mahabaduge, Ghaura Abheendra",Sri Lanka,LKA,28560,18,Bronze,228,249,238.5,0.5984848485,594,same_country_exact,https://www.imo-official.org/results/individual/year/2018/
2236,Ghaura Abheendra Mahabaduge,"Mahabaduge, Ghaura Abheendra",Sri Lanka,IMO,2019,Ghaura Abheendra Mahabaduge,"Mahabaduge, Ghaura Abheendra",Sri Lanka,LKA,28560,16,Honourable Mention,303,325,314,0.4943639291,621,same_country_exact,https://www.imo-official.org/results/individual/year/2019/
2236,Ghaura Abheendra Mahabaduge,"Mahabaduge, Ghaura Abheendra",Sri Lanka,IMO,2020,Ghaura Abheendra Mahabaduge,"Mahabaduge, Ghaura Abheendra",Sri Lanka,LKA,28560,17,Bronze,262,271,266.5,0.5673701299,616,same_country_exact,https://www.imo-official.org/results/individual/year/2020/
2237,Shithila Vibheetha Mahabaduge,"Mahabaduge, Shithila Vibheetha",Sri Lanka,IMO,2021,Shithila Vibheetha Mahabaduge,"Mahabaduge, Shithila Vibheetha",Sri Lanka,LKA,31206,3,None,459,469,464,0.2504038772,619,same_country_exact,https://www.imo-official.org/results/individual/year/2021/
2237,Shithila Vibheetha Mahabaduge,"Mahabaduge, Shithila Vibheetha",Sri Lanka,IMO,2022,Shithila Vibheetha Mahabaduge,"Mahabaduge, Shithila Vibheetha",Sri Lanka,LKA,31206,10,Honourable Mention,458,468,463,0.2139219015,589,same_country_exact,https://www.imo-official.org/results/individual/year/2022/
2237,Shithila Vibheetha Mahabaduge,"Mahabaduge, Shithila Vibheetha",Sri Lanka,IMO,2023,Shithila Vibheetha Mahabaduge,"Mahabaduge, Shithila Vibheetha",Sri Lanka,LKA,31206,9,Honourable Mention,459,489,474,0.2330097087,618,same_country_exact,https://www.imo-official.org/results/individual/year/2023/
2239,Ruwimal Yasantha Pathiraja,"Pathiraja, Ruwimal Yasantha",Sri Lanka,IMO,2013,Ruwimal Yasantha Pathiraja,"Pathiraja, Ruwimal Yasantha",Sri Lanka,LKA,23093,7,Honourable Mention,394,428,411,0.220113852,527,same_country_exact,https://www.imo-official.org/results/individual/year/2013/
2239,Ruwimal Yasantha Pathiraja,"Pathiraja, Ruwimal Yasantha",Sri Lanka,IMO,2014,Ruwimal Yasantha Pathiraja,"Pathiraja, Ruwimal Yasantha",Sri Lanka,LKA,23093,9,Honourable Mention,404,420,412,0.2642857143,560,same_country_exact,https://www.imo-official.org/results/individual/year/2014/
2239,Ruwimal Yasantha Pathiraja,"Pathiraja, Ruwimal Yasantha",Sri Lanka,IMO,2015,Ruwimal Yasantha Pathiraja,"Pathiraja, Ruwimal Yasantha",Sri Lanka,LKA,23093,11,Honourable Mention,322,336,329,0.4298093588,577,same_country_exact,https://www.imo-official.org/results/individual/year/2015/
2239,Ruwimal Yasantha Pathiraja,"Pathiraja, Ruwimal Yasantha",Sri Lanka,IMO,2016,Ruwimal Yasantha Pathiraja,"Pathiraja, Ruwimal Yasantha",Sri Lanka,LKA,23093,9,Honourable Mention,409,428,418.5,0.3048172757,602,same_country_exact,https://www.imo-official.org/results/individual/year/2016/
2240,Pathirannehelage Luchitha Disal Pathirana,"Pathirana, Pathirannehelage Luchitha Disal",Sri Lanka,IMO,2021,Pathirannehelage Luchitha Disal Pathirana,"Pathirana, Pathirannehelage Luchitha Disal",Sri Lanka,LKA,31207,0,None,533,619,576,0.0694668821,619,same_country_exact,https://www.imo-official.org/results/individual/year/2021/
2240,Pathirannehelage Luchitha Disal Pathirana,"Pathirana, Pathirannehelage Luchitha Disal",Sri Lanka,IMO,2024,Pathirannehelage Luchitha Disal Pathirana,"Pathirana, Pathirannehelage Luchitha Disal",Sri Lanka,LKA,31207,10,Honourable Mention,434,456,445,0.2692939245,609,same_country_exact,https://www.imo-official.org/results/individual/year/2024/
2241,Gonaduwage Maneth Banula Perera,"Perera, Gonaduwage Maneth Banula",Sri Lanka,IMO,2017,Gonaduwage Maneth Banula Perera,"Perera, Gonaduwage Maneth Banula",Sri Lanka,LKA,27638,16,Bronze,265,291,278,0.5479674797,615,same_country_exact,https://www.imo-official.org/results/individual/year/2017/
2241,Gonaduwage Maneth Banula Perera,"Perera, Gonaduwage Maneth Banula",Sri Lanka,IMO,2018,Gonaduwage Maneth Banula Perera,"Perera, Gonaduwage Maneth Banula",Sri Lanka,LKA,27638,3,None,486,510,498,0.1616161616,594,same_country_exact,https://www.imo-official.org/results/individual/year/2018/
2241,Gonaduwage Maneth Banula Perera,"Perera, Gonaduwage Maneth Banula",Sri Lanka,IMO,2019,Gonaduwage Maneth Banula Perera,"Perera, Gonaduwage Maneth Banula",Sri Lanka,LKA,27638,22,Bronze,168,213,190.5,0.693236715,621,same_country_exact,https://www.imo-official.org/results/individual/year/2019/
2241,Gonaduwage Maneth Banula Perera,"Perera, Gonaduwage Maneth Banula",Sri Lanka,IMO,2020,Gonaduwage Maneth Banula Perera,"Perera, Gonaduwage Maneth Banula",Sri Lanka,LKA,27638,17,Bronze,262,271,266.5,0.5673701299,616,same_country_exact,https://www.imo-official.org/results/individual/year/2020/
2244,Wijelath Mohotalage Don Sandil Sandipa Ranasinghe,"Ranasinghe, Wijelath Mohotalage Don Sandil Sandipa",Sri Lanka,IMO,2015,Wijelath Mohotalage Don Sandil Sandipa Ranasinghe,"Ranasinghe, Wijelath Mohotalage Don Sandil Sandipa",Sri Lanka,LKA,26023,2,None,508,531,519.5,0.0996533795,577,same_country_exact,https://www.imo-official.org/results/individual/year/2015/
2244,Wijelath Mohotalage Don Sandil Sandipa Ranasinghe,"Ranasinghe, Wijelath Mohotalage Don Sandil Sandipa",Sri Lanka,IMO,2017,Wijelath Mohotalage Don Sandil Sandipa Ranasinghe,"Ranasinghe, Wijelath Mohotalage Don Sandil Sandipa",Sri Lanka,LKA,26023,8,Honourable Mention,497,527,512,0.1674796748,615,same_country_exact,https://www.imo-official.org/results/individual/year/2017/
2245,Ganganath Kevin Ravindu Bandara Ranatunga,"Ranatunga, Ganganath Kevin Ravindu Bandara",Sri Lanka,IMO,2024,Ganganath Kevin Ravindu Bandara Ranatunga,"Ranatunga, Ganganath Kevin Ravindu Bandara",Sri Lanka,LKA,34470,7,Honourable Mention,487,510,498.5,0.1814449918,609,same_country_exact,https://www.imo-official.org/results/individual/year/2024/
2249,Kalaapan Selvamagesan,"Selvamagesan, Kalaapan",Sri Lanka,IMO,2024,Kalaapan Selvamagesan,"Selvamagesan, Kalaapan",Sri Lanka,LKA,34510,7,Honourable Mention,487,510,498.5,0.1814449918,609,same_country_exact,https://www.imo-official.org/results/individual/year/2024/
2254,Thirukkumaran Theiventhiran,"Theiventhiran, Thirukkumaran",Sri Lanka,IMO,2022,Thirukkumaran Theiventhiran,"Theiventhiran, Thirukkumaran",Sri Lanka,LKA,31797,16,Honourable Mention,377,393,385,0.3463497453,589,same_country_exact,https://www.imo-official.org/results/individual/year/2022/
2254,Thirukkumaran Theiventhiran,"Theiventhiran, Thirukkumaran",Sri Lanka,IMO,2023,Thirukkumaran Theiventhiran,"Theiventhiran, Thirukkumaran",Sri Lanka,LKA,31797,16,Honourable Mention,349,365,357,0.4223300971,618,same_country_exact,https://www.imo-official.org/results/individual/year/2023/
2254,Thirukkumaran Theiventhiran,"Theiventhiran, Thirukkumaran",Sri Lanka,IMO,2024,Thirukkumaran Theiventhiran,"Theiventhiran, Thirukkumaran",Sri Lanka,LKA,31797,16,Bronze,283,326,304.5,0.5,609,same_country_exact,https://www.imo-official.org/results/individual/year/2024/
2258,Thellabura Vithanachchige Nelushi Vithanachchi,"Vithanachchi, Thellabura Vithanachchige Nelushi",Sri Lanka,IMO,2018,Thellabura Vithanachchige Nelushi Vithanachchi,"Vithanachchi, Thellabura Vithanachchige Nelushi",Sri Lanka,LKA,28557,8,Honourable Mention,413,429,421,0.2912457912,594,same_country_exact,https://www.imo-official.org/results/individual/year/2018/
2258,Thellabura Vithanachchige Nelushi Vithanachchi,"Vithanachchi, Thellabura Vithanachchige Nelushi",Sri Lanka,IMO,2019,Thellabura Vithanachchige Nelushi Vithanachchi,"Vithanachchi, Thellabura Vithanachchige Nelushi",Sri Lanka,LKA,28557,7,Honourable Mention,463,474,468.5,0.2455716586,621,same_country_exact,https://www.imo-official.org/results/individual/year/2019/
2258,Thellabura Vithanachchige Nelushi Vithanachchi,"Vithanachchi, Thellabura Vithanachchige Nelushi",Sri Lanka,IMO,2020,Thellabura Vithanachchige Nelushi Vithanachchi,"Vithanachchi, Thellabura Vithanachchige Nelushi",Sri Lanka,LKA,28557,15,Bronze,294,316,305,0.5048701299,616,same_country_exact,https://www.imo-official.org/results/individual/year/2020/
2259,Chandhopama Thidas Bandara Wanasinghe,"Wanasinghe, Chandhopama Thidas Bandara",Sri Lanka,IMO,2020,Chandhopama Thidas Bandara Wanasinghe,"Wanasinghe, Chandhopama Thidas Bandara",Sri Lanka,LKA,30325,14,Honourable Mention,317,344,330.5,0.463474026,616,same_country_exact,https://www.imo-official.org/results/individual/year/2020/
2259,Chandhopama Thidas Bandara Wanasinghe,"Wanasinghe, Chandhopama Thidas Bandara",Sri Lanka,IMO,2021,Chandhopama Thidas Bandara Wanasinghe,"Wanasinghe, Chandhopama Thidas Bandara",Sri Lanka,LKA,30325,7,None,372,414,393,0.3651050081,619,same_country_exact,https://www.imo-official.org/results/individual/year/2021/
2259,Chandhopama Thidas Bandara Wanasinghe,"Wanasinghe, Chandhopama Thidas Bandara",Sri Lanka,IMO,2022,Chandhopama Thidas Bandara Wanasinghe,"Wanasinghe, Chandhopama Thidas Bandara",Sri Lanka,LKA,30325,16,Honourable Mention,377,393,385,0.3463497453,589,same_country_exact,https://www.imo-official.org/results/individual/year/2022/
2259,Chandhopama Thidas Bandara Wanasinghe,"Wanasinghe, Chandhopama Thidas Bandara",Sri Lanka,IMO,2023,Chandhopama Thidas Bandara Wanasinghe,"Wanasinghe, Chandhopama Thidas Bandara",Sri Lanka,LKA,30325,11,Honourable Mention,425,440,432.5,0.3001618123,618,same_country_exact,https://www.imo-official.org/results/individual/year/2023/
2260,Thenura Dilruk Wickramarathna,"Wickramarathna, Thenura Dilruk",Sri Lanka,IMO,2025,Thenura Dilruk Wickramaratna,"Wickramaratna, Thenura Dilruk",Sri Lanka,LKA,35246,1,None,583,597,590,0.0634920635,630,reviewed_alias,https://www.imo-official.org/results/individual/year/2025/
2263,Samitha Yohan Abeysinghe Wijepala Abeysinghe Mudiyanselage,"Wijepala Abeysinghe Mudiyanselage, Samitha Yohan Abeysinghe",Sri Lanka,IMO,2014,Samitha Yohan Abeysinghe Wijepala Abeysinghe Mudiyanselage,"Wijepala Abeysinghe Mudiyanselage, Samitha Yohan Abeysinghe",Sri Lanka,LKA,25153,14,Honourable Mention,321,360,340.5,0.3919642857,560,same_country_exact,https://www.imo-official.org/results/individual/year/2014/
2263,Samitha Yohan Abeysinghe Wijepala Abeysinghe Mudiyanselage,"Wijepala Abeysinghe Mudiyanselage, Samitha Yohan Abeysinghe",Sri Lanka,IMO,2015,Samitha Yohan Abeysinghe Wijepala Abeysinghe Mudiyanselage,"Wijepala Abeysinghe Mudiyanselage, Samitha Yohan Abeysinghe",Sri Lanka,LKA,25153,10,Honourable Mention,337,364,350.5,0.3925476603,577,same_country_exact,https://www.imo-official.org/results/individual/year/2015/
2263,Samitha Yohan Abeysinghe Wijepala Abeysinghe Mudiyanselage,"Wijepala Abeysinghe Mudiyanselage, Samitha Yohan Abeysinghe",Sri Lanka,IMO,2016,Samitha Yohan Abeysinghe Wijepala Abeysinghe Mudiyanselage,"Wijepala Abeysinghe Mudiyanselage, Samitha Yohan Abeysinghe",Sri Lanka,LKA,25153,14,Honourable Mention,312,354,333,0.4468438538,602,same_country_exact,https://www.imo-official.org/results/individual/year/2016/
2263,Samitha Yohan Abeysinghe Wijepala Abeysinghe Mudiyanselage,"Wijepala Abeysinghe Mudiyanselage, Samitha Yohan Abeysinghe",Sri Lanka,IMO,2017,Samitha Yohan Abeysinghe Wijepala Abeysinghe Mudiyanselage,"Wijepala Abeysinghe Mudiyanselage, Samitha Yohan Abeysinghe",Sri Lanka,LKA,25153,16,Bronze,265,291,278,0.5479674797,615,same_country_exact,https://www.imo-official.org/results/individual/year/2017/
2264,Pathirannahelage Mevan Niluminda Wijewardena,"Wijewardena, Pathirannahelage Mevan Niluminda",Sri Lanka,IMO,2013,Pathirannahelage Mevan Niluminda Wijewardena,"Wijewardena, Pathirannahelage Mevan Niluminda",Sri Lanka,LKA,20851,16,Bronze,234,249,241.5,0.5417457306,527,same_country_exact,https://www.imo-official.org/results/individual/year/2013/
2264,Pathirannahelage Mevan Niluminda Wijewardena,"Wijewardena, Pathirannahelage Mevan Niluminda",Sri Lanka,IMO,2014,Pathirannahelage Mevan Niluminda Wijewardena,"Wijewardena, Pathirannahelage Mevan Niluminda",Sri Lanka,LKA,20851,20,Bronze,200,220,210,0.625,560,same_country_exact,https://www.imo-official.org/results/individual/year/2014/
2264,Pathirannahelage Mevan Niluminda Wijewardena,"Wijewardena, Pathirannahelage Mevan Niluminda",Sri Lanka,IMO,2016,Pathirannahelage Mevan Niluminda Wijewardena,"Wijewardena, Pathirannahelage Mevan Niluminda",Sri Lanka,LKA,20851,18,Bronze,206,223,214.5,0.6436877076,602,same_country_exact,https://www.imo-official.org/results/individual/year/2016/
2269,Chi-An Chang,"Chang, Chi-An",Taiwan,IMO,2022,Chi-An Chang,"Chang, Chi-An",Taiwan,TWN,31817,27,Bronze,187,213,200,0.6604414261,589,same_country_exact,https://www.imo-official.org/results/individual/year/2022/
2269,Chi-An Chang,"Chang, Chi-An",Taiwan,IMO,2023,Chi-An Chang,"Chang, Chi-An",Taiwan,TWN,31817,31,Silver,55,70,62.5,0.8988673139,618,same_country_exact,https://www.imo-official.org/results/individual/year/2023/
2269,Chi-An Chang,"Chang, Chi-An",Taiwan,IMO,2024,Chi-An Chang,"Chang, Chi-An",Taiwan,TWN,31817,21,Bronze,182,215,198.5,0.6740558292,609,same_country_exact,https://www.imo-official.org/results/individual/year/2024/
2278,Po-Shen Chang,"Chang, Po-Shen",Taiwan,IMO,2022,Po-Shen Chang,"Chang, Po-Shen",Taiwan,TWN,31818,27,Bronze,187,213,200,0.6604414261,589,same_country_exact,https://www.imo-official.org/results/individual/year/2022/
2278,Po-Shen Chang,"Chang, Po-Shen",Taiwan,IMO,2023,Po-Shen Chang,"Chang, Po-Shen",Taiwan,TWN,31818,23,Bronze,183,219,201,0.6747572816,618,same_country_exact,https://www.imo-official.org/results/individual/year/2023/
2280,Ting-Wei Chang,"Chang, Ting-Wei",Taiwan,IMO,2024,Ting-Wei Chang,"Chang, Ting-Wei",Taiwan,TWN,34357,22,Silver,147,181,164,0.7307060755,609,same_country_exact,https://www.imo-official.org/results/individual/year/2024/
2309,Pai-Li Cheng,"Cheng, Pai-Li",Taiwan,IMO,2021,Pai-Li Cheng,"Cheng, Pai-Li",Taiwan,TWN,31214,22,Silver,63,104,83.5,0.8651050081,619,same_country_exact,https://www.imo-official.org/results/individual/year/2021/
2310,Tien-Sheng Cheng,"Cheng, Tien-Sheng",Taiwan,IMO,2018,Tien-Sheng Cheng,"Cheng, Tien-Sheng",Taiwan,TWN,28307,23,Bronze,157,173,165,0.7222222222,594,same_country_exact,https://www.imo-official.org/results/individual/year/2018/
2310,Tien-Sheng Cheng,"Cheng, Tien-Sheng",Taiwan,IMO,2019,Tien-Sheng Cheng,"Cheng, Tien-Sheng",Taiwan,TWN,28307,20,Bronze,245,255,250,0.5974235105,621,same_country_exact,https://www.imo-official.org/results/individual/year/2019/
2327,Chi-En Chung,"Chung, Chi-En",Taiwan,IMO,2023,Chi-En Chung,"Chung, Chi-En",Taiwan,TWN,33716,30,Silver,71,81,76,0.8770226537,618,same_country_exact,https://www.imo-official.org/results/individual/year/2023/
2337,Ming Hsiao,"Hsiao, Ming",Taiwan,IMO,2019,Ming Hsiao,"Hsiao, Ming",Taiwan,TWN,29339,21,Bronze,214,244,229,0.6312399356,621,same_country_exact,https://www.imo-official.org/results/individual/year/2019/
2341,Wei-Hsuan Hsin,"Hsin, Wei-Hsuan",Taiwan,IMO,2021,Wei-Hsuan Hsin,"Hsin, Wei-Hsuan",Taiwan,TWN,31211,36,Gold,3,9,6,0.9903069467,619,same_country_exact,https://www.imo-official.org/results/individual/year/2021/
2348,Meng-Che Hsu,"Hsu, Meng-Che",Taiwan,IMO,2023,Meng-Che Hsu,"Hsu, Meng-Che",Taiwan,TWN,33556,25,Silver,137,144,140.5,0.7726537217,618,same_country_exact,https://www.imo-official.org/results/individual/year/2023/
2348,Meng-Che Hsu,"Hsu, Meng-Che",Taiwan,IMO,2024,Meng-Che Hsu,"Hsu, Meng-Che",Taiwan,TWN,33556,21,Bronze,182,215,198.5,0.6740558292,609,same_country_exact,https://www.imo-official.org/results/individual/year/2024/
2349,Ting-Cheng Hsu,"Hsu, Ting-Cheng",Taiwan,IMO,2025,Ting-Cheng Hsu,"Hsu, Ting-Cheng",Taiwan,TWN,35264,29,Silver,119,147,133,0.7888888889,630,same_country_exact,https://www.imo-official.org/results/individual/year/2025/
2349,Ting-Cheng Hsu,"Hsu, Ting-Cheng",Taiwan,IMO,2026,Ting-Cheng Hsu,"Hsu, Ting-Cheng",Taiwan,TWN,35264,31,Gold,30,33,31.5,0.9527027027,666,same_country_exact,https://www.imo-official.org/results/individual/year/2026/
2358,Bo-Cheng Huang,"Huang, Bo-Cheng",Taiwan,IMO,2025,Bo Cheng Huang,"Huang, Bo Cheng",Taiwan,TWN,35263,28,Silver,148,176,162,0.7428571429,630,same_country_exact,https://www.imo-official.org/results/individual/year/2025/
2358,Bo-Cheng Huang,"Huang, Bo-Cheng",Taiwan,IMO,2026,Bo-Cheng Huang,"Huang, Bo-Cheng",Taiwan,TWN,35263,23,Silver,135,160,147.5,0.7785285285,666,same_country_exact,https://www.imo-official.org/results/individual/year/2026/
2400,Chia-Ray Lee,"Lee, Chia-Ray",Taiwan,IMO,2025,Chia-Ray Lee,"Lee, Chia-Ray",Taiwan,TWN,35265,25,Bronze,203,213,208,0.6698412698,630,same_country_exact,https://www.imo-official.org/results/individual/year/2025/
2434,Te-Cheng Liu,"Liu, Te-Cheng",Taiwan,IMO,2020,Te-Cheng Liu,"Liu, Te-Cheng",Taiwan,TWN,29860,26,Silver,121,130,125.5,0.7962662338,616,same_country_exact,https://www.imo-official.org/results/individual/year/2020/
2446,Yu-Chen Ma,"Ma, Yu-Chen",Taiwan,IMO,2026,Yu-Chen Ma,"Ma, Yu-Chen",Taiwan,TWN,35982,21,Bronze,205,226,215.5,0.6764264264,666,same_country_exact,https://www.imo-official.org/results/individual/year/2026/
2457,Yu-Sheng Shih,"Shih, Yu-Sheng",Taiwan,IMO,2018,Yu-Sheng Shih,"Shih, Yu-Sheng",Taiwan,TWN,28310,17,Bronze,250,270,260,0.5622895623,594,same_country_exact,https://www.imo-official.org/results/individual/year/2018/
2457,Yu-Sheng Shih,"Shih, Yu-Sheng",Taiwan,IMO,2019,Yu-Sheng Shih,"Shih, Yu-Sheng",Taiwan,TWN,28310,29,Silver,55,64,59.5,0.9041867955,621,same_country_exact,https://www.imo-official.org/results/individual/year/2019/
2475,Wei-Fu Tseng,"Tseng, Wei-Fu",Taiwan,IMO,2020,Wei-Fu Tseng,"Tseng, Wei-Fu",Taiwan,TWN,29861,22,Bronze,181,205,193,0.6866883117,616,same_country_exact,https://www.imo-official.org/results/individual/year/2020/
2485,Shih-Yu Wang,"Wang, Shih-Yu",Taiwan,IMO,2016,Shih-Yu Wang,"Wang, Shih-Yu",Taiwan,TWN,26691,28,Silver,45,62,53.5,0.9111295681,602,same_country_exact,https://www.imo-official.org/results/individual/year/2016/
2485,Shih-Yu Wang,"Wang, Shih-Yu",Taiwan,IMO,2017,Shih-Yu Wang,"Wang, Shih-Yu",Taiwan,TWN,26691,22,Silver,72,81,76.5,0.8756097561,615,same_country_exact,https://www.imo-official.org/results/individual/year/2017/
2485,Shih-Yu Wang,"Wang, Shih-Yu",Taiwan,IMO,2018,Shih-Yu Wang,"Wang, Shih-Yu",Taiwan,TWN,26691,39,Gold,4,5,4.5,0.9924242424,594,same_country_exact,https://www.imo-official.org/results/individual/year/2018/
2502,Po-Han Wu,"Wu, Po-Han",Taiwan,IMO,2022,Po-Han Wu,"Wu, Po-Han",Taiwan,TWN,31821,36,Gold,23,31,27,0.9541595925,589,same_country_exact,https://www.imo-official.org/results/individual/year/2022/
2519,Hung-Hsun Yu,"Yu, Hung-Hsun",Taiwan,IMO,2013,Hung-Hsun Yu,"Yu, Hung-Hsun",Taiwan,TWN,23513,30,Silver,46,56,51,0.9032258065,527,same_country_exact,https://www.imo-official.org/results/individual/year/2013/
2519,Hung-Hsun Yu,"Yu, Hung-Hsun",Taiwan,IMO,2014,Hung-Hsun Yu,"Yu, Hung-Hsun",Taiwan,TWN,23513,35,Gold,15,24,19.5,0.9651785714,560,same_country_exact,https://www.imo-official.org/results/individual/year/2014/
2528,Komron Abdulloev,"Abdulloev, Komron",Tajikistan,IMO,2017,Komron Abdulloev,"Abdulloev, Komron",Tajikistan,TJK,27249,17,Bronze,188,264,226,0.6325203252,615,same_country_exact,https://www.imo-official.org/results/individual/year/2017/
2537,Muhammadjon Boboev,"Boboev, Muhammadjon",Tajikistan,IMO,2016,Muhammadjon Boboev,"Boboev, Muhammadjon",Tajikistan,TJK,26940,9,Honourable Mention,409,428,418.5,0.3048172757,602,same_country_exact,https://www.imo-official.org/results/individual/year/2016/
2537,Muhammadjon Boboev,"Boboev, Muhammadjon",Tajikistan,IMO,2017,Muhammadjon Boboev,"Boboev, Muhammadjon",Tajikistan,TJK,26940,17,Bronze,188,264,226,0.6325203252,615,same_country_exact,https://www.imo-official.org/results/individual/year/2017/
2538,Mekhron Bobokhonov,"Bobokhonov, Mekhron",Tajikistan,IMO,2015,Mekhron Bobokhonov,"Bobokhonov, Mekhron",Tajikistan,TJK,26026,2,None,508,531,519.5,0.0996533795,577,same_country_exact,https://www.imo-official.org/results/individual/year/2015/
2538,Mekhron Bobokhonov,"Bobokhonov, Mekhron",Tajikistan,IMO,2016,Mekhron Bobokhonov,"Bobokhonov, Mekhron",Tajikistan,TJK,26026,15,Honourable Mention,281,311,296,0.5083056478,602,same_country_exact,https://www.imo-official.org/results/individual/year/2016/
2538,Mekhron Bobokhonov,"Bobokhonov, Mekhron",Tajikistan,IMO,2017,Mekhron Bobokhonov,"Bobokhonov, Mekhron",Tajikistan,TJK,26026,15,Honourable Mention,292,341,316.5,0.4853658537,615,same_country_exact,https://www.imo-official.org/results/individual/year/2017/
2538,Mekhron Bobokhonov,"Bobokhonov, Mekhron",Tajikistan,IMO,2018,Mekhron Bobokhonov,"Bobokhonov, Mekhron",Tajikistan,TJK,26026,20,Bronze,204,214,209,0.6481481481,594,same_country_exact,https://www.imo-official.org/results/individual/year/2018/
2539,Anisa Burieva,"Burieva, Anisa",Tajikistan,IMO,2022,Anisa Burieva,"Burieva, Anisa",Tajikistan,TJK,31710,15,Honourable Mention,394,419,406.5,0.3098471986,589,same_country_exact,https://www.imo-official.org/results/individual/year/2022/
2539,Anisa Burieva,"Burieva, Anisa",Tajikistan,IMO,2023,Anisa Burieva,"Burieva, Anisa",Tajikistan,TJK,31710,8,Honourable Mention,490,507,498.5,0.1933656958,618,same_country_exact,https://www.imo-official.org/results/individual/year/2023/
2540,Raufdzhon Dadabaev,"Dadabaev, Raufdzhon",Tajikistan,IMO,2020,Raufdzhon Dadabaev,"Dadabaev, Raufdzhon",Tajikistan,TJK,30087,8,Honourable Mention,419,444,431.5,0.299512987,616,same_country_exact,https://www.imo-official.org/results/individual/year/2020/
2540,Raufdzhon Dadabaev,"Dadabaev, Raufdzhon",Tajikistan,IMO,2021,Raufdzhon Dadabaev,"Dadabaev, Raufdzhon",Tajikistan,TJK,30087,1,None,499,532,515.5,0.1672051696,619,same_country_exact,https://www.imo-official.org/results/individual/year/2021/
2540,Raufdzhon Dadabaev,"Dadabaev, Raufdzhon",Tajikistan,IMO,2022,Raufjon Dadabaev,"Dadabaev, Raufjon",Tajikistan,TJK,30087,28,Bronze,146,186,166,0.7181663837,589,imo_person_id_propagation,https://www.imo-official.org/results/individual/year/2022/
2542,Azamat Dushanov,"Dushanov, Azamat",Tajikistan,IMO,2022,Azamat Dushanov,"Dushanov, Azamat",Tajikistan,TJK,31708,13,Honourable Mention,429,435,432,0.2665534805,589,same_country_exact,https://www.imo-official.org/results/individual/year/2022/
2542,Azamat Dushanov,"Dushanov, Azamat",Tajikistan,IMO,2023,Azamat Dushanov,"Dushanov, Azamat",Tajikistan,TJK,31708,5,None,521,526,523.5,0.1529126214,618,same_country_exact,https://www.imo-official.org/results/individual/year/2023/
2542,Azamat Dushanov,"Dushanov, Azamat",Tajikistan,IMO,2024,Azamat Dushanov,"Dushanov, Azamat",Tajikistan,TJK,31708,15,Honourable Mention,327,365,346,0.4318555008,609,same_country_exact,https://www.imo-official.org/results/individual/year/2024/
2543,Bezhan Gulov,"Gulov, Bezhan",Tajikistan,IMO,2022,Bezhan Gulov,"Gulov, Bezhan",Tajikistan,TJK,31705,19,Honourable Mention,328,342,335,0.4312393888,589,same_country_exact,https://www.imo-official.org/results/individual/year/2022/
2549,Shokhrukhdzhon Isomatov,"Isomatov, Shokhrukhdzhon",Tajikistan,IMO,2019,Shokhrukhdzhon Isomatov,"Isomatov, Shokhrukhdzhon",Tajikistan,TJK,28939,11,Honourable Mention,386,401,393.5,0.3663446055,621,same_country_exact,https://www.imo-official.org/results/individual/year/2019/
2550,Sino Khairidinov,"Khairidinov, Sino",Tajikistan,IMO,2020,Sino Khayridinov,"Khayridinov, Sino",Tajikistan,TJK,29750,9,Honourable Mention,395,418,406.5,0.3400974026,616,reviewed_alias,https://www.imo-official.org/results/individual/year/2020/
2553,Doriush Khayridinov,"Khayridinov, Doriush",Tajikistan,IMO,2022,Doriush Khayridinov,"Khayridinov, Doriush",Tajikistan,TJK,31709,12,Honourable Mention,436,444,440,0.2529711375,589,same_country_exact,https://www.imo-official.org/results/individual/year/2022/
2554,Naimdzhon Khondzhonov,"Khondzhonov, Naimdzhon",Tajikistan,IMO,2017,Naimdzhon Khondzhonov,"Khondzhonov, Naimdzhon",Tajikistan,TJK,27247,18,Bronze,139,187,163,0.7349593496,615,same_country_exact,https://www.imo-official.org/results/individual/year/2017/
2554,Naimdzhon Khondzhonov,"Khondzhonov, Naimdzhon",Tajikistan,IMO,2018,Naimdzhon Khondzhonov,"Khondzhonov, Naimdzhon",Tajikistan,TJK,27247,16,Bronze,271,289,280,0.5286195286,594,same_country_exact,https://www.imo-official.org/results/individual/year/2018/
2554,Naimdzhon Khondzhonov,"Khondzhonov, Naimdzhon",Tajikistan,IMO,2019,Naimdzhon Khondzhonov,"Khondzhonov, Naimdzhon",Tajikistan,TJK,27247,25,Silver,132,142,137,0.7793880837,621,same_country_exact,https://www.imo-official.org/results/individual/year/2019/
2563,Vazirdzhon Pirov,"Pirov, Vazirdzhon",Tajikistan,IMO,2019,Vazirdzhon Pirov,"Pirov, Vazirdzhon",Tajikistan,TJK,28941,9,None,417,443,430,0.307568438,621,same_country_exact,https://www.imo-official.org/results/individual/year/2019/
2563,Vazirdzhon Pirov,"Pirov, Vazirdzhon",Tajikistan,IMO,2020,Vazirdzhon Pirov,"Pirov, Vazirdzhon",Tajikistan,TJK,28941,7,Honourable Mention,445,494,469.5,0.2378246753,616,same_country_exact,https://www.imo-official.org/results/individual/year/2020/
2563,Vazirdzhon Pirov,"Pirov, Vazirdzhon",Tajikistan,IMO,2021,Vazirdzhon Pirov,"Pirov, Vazirdzhon",Tajikistan,TJK,28941,15,Bronze,180,217,198.5,0.6793214863,619,same_country_exact,https://www.imo-official.org/results/individual/year/2021/
2566,Sunatullo Rakhmatov,"Rakhmatov, Sunatullo",Tajikistan,IMO,2017,Sunatullo Rakhmatov,"Rakhmatov, Sunatullo",Tajikistan,TJK,27248,13,Honourable Mention,390,415,402.5,0.3455284553,615,same_country_exact,https://www.imo-official.org/results/individual/year/2017/
2566,Sunatullo Rakhmatov,"Rakhmatov, Sunatullo",Tajikistan,IMO,2018,Sunatullo Rakhmatov,"Rakhmatov, Sunatullo",Tajikistan,TJK,27248,11,Honourable Mention,350,367,358.5,0.3964646465,594,same_country_exact,https://www.imo-official.org/results/individual/year/2018/
2568,Jamshed Rustamov,"Rustamov, Jamshed",Tajikistan,IMO,2019,Jamshed Rustamov,"Rustamov, Jamshed",Tajikistan,TJK,28940,9,Honourable Mention,417,443,430,0.307568438,621,same_country_exact,https://www.imo-official.org/results/individual/year/2019/
2568,Jamshed Rustamov,"Rustamov, Jamshed",Tajikistan,IMO,2020,Jamshed Rustamov,"Rustamov, Jamshed",Tajikistan,TJK,28940,11,Honourable Mention,371,383,377,0.387987013,616,same_country_exact,https://www.imo-official.org/results/individual/year/2020/
2568,Jamshed Rustamov,"Rustamov, Jamshed",Tajikistan,IMO,2021,Jamshed Rustamov,"Rustamov, Jamshed",Tajikistan,TJK,28940,15,Bronze,180,217,198.5,0.6793214863,619,same_country_exact,https://www.imo-official.org/results/individual/year/2021/
2571,Muhammadidris Saymuhudinzoda,"Saymuhudinzoda, Muhammadidris",Tajikistan,IMO,2026,Muhammadidris Saimuhudinzoda,"Saimuhudinzoda, Muhammadidris",Tajikistan,TJK,35949,10,Honourable Mention,486,507,496.5,0.2545045045,666,reviewed_alias,https://www.imo-official.org/results/individual/year/2026/
2574,Sino Sharopov,"Sharopov, Sino",Tajikistan,IMO,2025,Sino Sharopov,"Sharopov, Sino",Tajikistan,TJK,34864,8,None,478,490,484,0.2317460317,630,same_country_exact,https://www.imo-official.org/results/individual/year/2025/
2577,Olimdzhon Tukhtarov,"Tukhtarov, Olimdzhon",Tajikistan,IMO,2023,Olimdzhon Tukhtarov,"Tukhtarov, Olimdzhon",Tajikistan,TJK,33564,18,Bronze,297,314,305.5,0.5056634304,618,same_country_exact,https://www.imo-official.org/results/individual/year/2023/
2577,Olimdzhon Tukhtarov,"Tukhtarov, Olimdzhon",Tajikistan,IMO,2024,Olimdzhon Tukhtarov,"Tukhtarov, Olimdzhon",Tajikistan,TJK,33291,21,Bronze,182,215,198.5,0.6740558292,609,same_country_exact,https://www.imo-official.org/results/individual/year/2024/
2577,Olimdzhon Tukhtarov,"Tukhtarov, Olimdzhon",Tajikistan,IMO,2025,Olimdzhon Tukhtarov,"Tukhtarov, Olimdzhon",Tajikistan,TJK,33291,28,Silver,148,176,162,0.7428571429,630,same_country_exact,https://www.imo-official.org/results/individual/year/2025/
2577,Olimdzhon Tukhtarov,"Tukhtarov, Olimdzhon",Tajikistan,IMO,2026,Olimdzhon Tukhtarov,"Tukhtarov, Olimdzhon",Tajikistan,TJK,33291,27,Silver,76,89,82.5,0.8761261261,666,same_country_exact,https://www.imo-official.org/results/individual/year/2026/
2578,Dzhakhongir Urakov,"Urakov, Dzhakhongir",Tajikistan,IMO,2019,Dzhakhongir Urakov,"Urakov, Dzhakhongir",Tajikistan,TJK,28910,18,Bronze,267,274,270.5,0.5644122383,621,same_country_exact,https://www.imo-official.org/results/individual/year/2019/
2579,Abubakr Usmanov,"Usmanov, Abubakr",Tajikistan,IMO,2016,Abubakr Usmanov,"Usmanov, Abubakr",Tajikistan,TJK,26932,7,Honourable Mention,443,468,455.5,0.2433554817,602,same_country_exact,https://www.imo-official.org/results/individual/year/2016/
2579,Abubakr Usmanov,"Usmanov, Abubakr",Tajikistan,IMO,2017,Abubakr Usmanov,"Usmanov, Abubakr",Tajikistan,TJK,26932,15,Honourable Mention,292,341,316.5,0.4853658537,615,same_country_exact,https://www.imo-official.org/results/individual/year/2017/
2579,Abubakr Usmanov,"Usmanov, Abubakr",Tajikistan,IMO,2018,Abubakr Usmanov,"Usmanov, Abubakr",Tajikistan,TJK,26932,17,Bronze,250,270,260,0.5622895623,594,same_country_exact,https://www.imo-official.org/results/individual/year/2018/
2580,Timur Usmonov,"Usmonov, Timur",Tajikistan,IMO,2021,Timur Usmonov,"Usmonov, Timur",Tajikistan,TJK,30658,7,Honourable Mention,372,414,393,0.3651050081,619,same_country_exact,https://www.imo-official.org/results/individual/year/2021/
2580,Timur Usmonov,"Usmonov, Timur",Tajikistan,IMO,2022,Timur Usmonov,"Usmonov, Timur",Tajikistan,TJK,30658,20,Honourable Mention,314,327,320.5,0.4558573854,589,same_country_exact,https://www.imo-official.org/results/individual/year/2022/
2581,Mehrubon Yusupov,"Yusupov, Mehrubon",Tajikistan,IMO,2025,Mekhrubon Yusupov,"Yusupov, Mekhrubon",Tajikistan,TJK,34862,16,Honourable Mention,346,365,355.5,0.4357142857,630,reviewed_alias,https://www.imo-official.org/results/individual/year/2025/
2581,Mehrubon Yusupov,"Yusupov, Mehrubon",Tajikistan,IMO,2026,Mekhrubon Yusupov,"Yusupov, Mekhrubon",Tajikistan,TJK,34862,21,Bronze,205,226,215.5,0.6764264264,666,reviewed_alias,https://www.imo-official.org/results/individual/year/2026/
2585,Nathanon Akkaraphab,"Akkaraphab, Nathanon",Thailand,IMO,2017,Nathanon Akkaraphab,"Akkaraphab, Nathanon",Thailand,THA,27633,18,Bronze,139,187,163,0.7349593496,615,same_country_exact,https://www.imo-official.org/results/individual/year/2017/
2588,Nithid Anchaleenukoon,"Anchaleenukoon, Nithid",Thailand,IMO,2020,Nithid Anchaleenukoon,"Anchaleenukoon, Nithid",Thailand,THA,29931,22,Bronze,181,205,193,0.6866883117,616,same_country_exact,https://www.imo-official.org/results/individual/year/2020/
2588,Nithid Anchaleenukoon,"Anchaleenukoon, Nithid",Thailand,IMO,2021,Nithid Anchaleenukoon,"Anchaleenukoon, Nithid",Thailand,THA,29931,23,Silver,53,62,57.5,0.9071082391,619,same_country_exact,https://www.imo-official.org/results/individual/year/2021/
2603,Krit Boonsiriseth,"Boonsiriseth, Krit",Thailand,IMO,2016,Krit Boonsiriseth,"Boonsiriseth, Krit",Thailand,THA,26688,35,Gold,12,16,14,0.976744186,602,same_country_exact,https://www.imo-official.org/results/individual/year/2016/
2603,Krit Boonsiriseth,"Boonsiriseth, Krit",Thailand,IMO,2017,Krit Boonsiriseth,"Boonsiriseth, Krit",Thailand,THA,26688,28,Gold,14,28,21,0.9658536585,615,same_country_exact,https://www.imo-official.org/results/individual/year/2017/
2606,Chesphongphach Buranasilp,"Buranasilp, Chesphongphach",Thailand,IMO,2016,Chesphongphach Buranasilp,"Buranasilp, Chesphongphach",Thailand,THA,26692,23,Silver,114,136,125,0.792358804,602,same_country_exact,https://www.imo-official.org/results/individual/year/2016/
2612,Ethan Chen,"Chen, Ethan",Thailand,IMO,2026,Ethan Chen,"Chen, Ethan",Thailand,THA,35939,19,Bronze,247,262,254.5,0.6178678679,666,same_country_exact,https://www.imo-official.org/results/individual/year/2026/
2628,Siwakorn Fuangkawinsombut,"Fuangkawinsombut, Siwakorn",Thailand,IMO,2017,Siwakorn Fuangkawinsombut,"Fuangkawinsombut, Siwakorn",Thailand,THA,27637,18,Bronze,139,187,163,0.7349593496,615,same_country_exact,https://www.imo-official.org/results/individual/year/2017/
2628,Siwakorn Fuangkawinsombut,"Fuangkawinsombut, Siwakorn",Thailand,IMO,2018,Siwakorn Fuangkawinsombut,"Fuangkawinsombut, Siwakorn",Thailand,THA,27637,31,Gold,34,48,41,0.930976431,594,same_country_exact,https://www.imo-official.org/results/individual/year/2018/
2631,Siravit Hengsuvanich,"Hengsuvanich, Siravit",Thailand,IMO,2024,Siravit Hengsuvanich,"Hengsuvanich, Siravit",Thailand,THA,34279,14,Honourable Mention,366,399,382.5,0.3719211823,609,same_country_exact,https://www.imo-official.org/results/individual/year/2024/
2639,Jirayus Jinapong,"Jinapong, Jirayus",Thailand,IMO,2018,Jirayus Jinapong,"Jinapong, Jirayus",Thailand,THA,28197,30,Silver,49,60,54.5,0.9082491582,594,same_country_exact,https://www.imo-official.org/results/individual/year/2018/
2639,Jirayus Jinapong,"Jinapong, Jirayus",Thailand,IMO,2019,Jirayus Jinapong,"Jinapong, Jirayus",Thailand,THA,28197,35,Gold,18,27,22.5,0.9637681159,621,same_country_exact,https://www.imo-official.org/results/individual/year/2019/
2640,Pasit Jindanuwat,"Jindanuwat, Pasit",Thailand,IMO,2017,Pasit Jindanuwat,"Jindanuwat, Pasit",Thailand,THA,27636,28,Gold,14,28,21,0.9658536585,615,same_country_exact,https://www.imo-official.org/results/individual/year/2017/
2654,Prompt Kerdphoksup,"Kerdphoksup, Prompt",Thailand,IMO,2020,Prompt Kerdphoksup,"Kerdphoksup, Prompt",Thailand,THA,29936,30,Silver,50,58,54,0.9123376623,616,same_country_exact,https://www.imo-official.org/results/individual/year/2020/
2654,Prompt Kerdphoksup,"Kerdphoksup, Prompt",Thailand,IMO,2021,Prompt Kerdphoksup,"Kerdphoksup, Prompt",Thailand,THA,29936,22,Silver,63,104,83.5,0.8651050081,619,same_country_exact,https://www.imo-official.org/results/individual/year/2021/
2656,Siraphop Khawplad,"Khawplad, Siraphop",Thailand,IMO,2024,Siraphop Khawplad,"Khawplad, Siraphop",Thailand,THA,34280,24,Silver,100,124,112,0.816091954,609,same_country_exact,https://www.imo-official.org/results/individual/year/2024/
2656,Siraphop Khawplad,"Khawplad, Siraphop",Thailand,IMO,2025,Siraphop Khawplad,"Khawplad, Siraphop",Thailand,THA,34280,29,Silver,119,147,133,0.7888888889,630,same_country_exact,https://www.imo-official.org/results/individual/year/2025/
2668,Thammarak Korsakulthum,"Korsakulthum, Thammarak",Thailand,IMO,2023,Thammarak Korsakulthum,"Korsakulthum, Thammarak",Thailand,THA,33589,20,Bronze,259,278,268.5,0.5655339806,618,same_country_exact,https://www.imo-official.org/results/individual/year/2023/
2676,Papon Lapate,"Lapate, Papon",Thailand,IMO,2018,Papon Lapate,"Lapate, Papon",Thailand,THA,28198,35,Gold,12,18,15,0.9747474747,594,same_country_exact,https://www.imo-official.org/results/individual/year/2018/
2676,Papon Lapate,"Lapate, Papon",Thailand,IMO,2019,Papon Lapate,"Lapate, Papon",Thailand,THA,28198,31,Gold,48,52,50,0.9194847021,621,same_country_exact,https://www.imo-official.org/results/individual/year/2019/
2689,Vorapas Meejitpaisarn,"Meejitpaisarn, Vorapas",Thailand,IMO,2021,Vorapas Meejitpaisarn,"Meejitpaisarn, Vorapas",Thailand,THA,31063,15,Bronze,180,217,198.5,0.6793214863,619,same_country_exact,https://www.imo-official.org/results/individual/year/2021/
2696,Krittitee Naulhao,"Naulhao, Krittitee",Thailand,IMO,2024,Krittitee Naulkhao,"Naulkhao, Krittitee",Thailand,THA,34281,23,Silver,125,146,135.5,0.7775041051,609,reviewed_alias,https://www.imo-official.org/results/individual/year/2024/
2714,Patanasang Pinijpichitkul,"Pinijpichitkul, Patanasang",Thailand,IMO,2023,Patanasang Pinijpichitkul,"Pinijpichitkul, Patanasang",Thailand,THA,33590,29,Silver,82,103,92.5,0.8503236246,618,same_country_exact,https://www.imo-official.org/results/individual/year/2023/
2714,Patanasang Pinijpichitkul,"Pinijpichitkul, Patanasang",Thailand,IMO,2024,Patanasang Pinijpichitkul,"Pinijpichitkul, Patanasang",Thailand,THA,33590,23,Silver,125,146,135.5,0.7775041051,609,same_country_exact,https://www.imo-official.org/results/individual/year/2024/
2714,Patanasang Pinijpichitkul,"Pinijpichitkul, Patanasang",Thailand,IMO,2025,Patanasang Pinijpichitkul,"Pinijpichitkul, Patanasang",Thailand,THA,33590,35,Gold,27,72,49.5,0.9214285714,630,same_country_exact,https://www.imo-official.org/results/individual/year/2025/
2718,Gongphop Piyakamalanon,"Piyakamalanon, Gongphop",Thailand,IMO,2020,Gongphop Piyakamalanon,"Piyakamalanon, Gongphop",Thailand,THA,29928,28,Silver,86,113,99.5,0.838474026,616,same_country_exact,https://www.imo-official.org/results/individual/year/2020/
2718,Gongphop Piyakamalanon,"Piyakamalanon, Gongphop",Thailand,IMO,2022,Gongphop Piyakamalanon,"Piyakamalanon, Gongphop",Thailand,THA,29928,35,Gold,32,37,34.5,0.941426146,589,same_country_exact,https://www.imo-official.org/results/individual/year/2022/
2741,Vasawat Rawangwong,"Rawangwong, Vasawat",Thailand,IMO,2021,Vasawat Rawangwong,"Rawangwong, Vasawat",Thailand,THA,31064,22,Silver,63,104,83.5,0.8651050081,619,same_country_exact,https://www.imo-official.org/results/individual/year/2021/
2741,Vasawat Rawangwong,"Rawangwong, Vasawat",Thailand,IMO,2022,Vasawat Rawangwong,"Rawangwong, Vasawat",Thailand,THA,31064,37,Gold,19,22,20.5,0.9651952462,589,same_country_exact,https://www.imo-official.org/results/individual/year/2022/
2745,Worrawat Rungaramsin,"Rungaramsin, Worrawat",Thailand,IMO,2022,Worrawat Rungaramsin,"Rungaramsin, Worrawat",Thailand,THA,31909,30,Silver,84,111,97.5,0.8344651952,589,same_country_exact,https://www.imo-official.org/results/individual/year/2022/
2745,Worrawat Rungaramsin,"Rungaramsin, Worrawat",Thailand,IMO,2023,Worrawat Rungaramsin,"Rungaramsin, Worrawat",Thailand,THA,31909,31,Silver,55,70,62.5,0.8988673139,618,same_country_exact,https://www.imo-official.org/results/individual/year/2023/
2746,Pitchayut Saengrungkongka,"Saengrungkongka, Pitchayut",Thailand,IMO,2019,Pitchayut Saengrungkongka,"Saengrungkongka, Pitchayut",Thailand,THA,28929,34,Gold,28,38,33,0.9468599034,621,same_country_exact,https://www.imo-official.org/results/individual/year/2019/
2746,Pitchayut Saengrungkongka,"Saengrungkongka, Pitchayut",Thailand,IMO,2020,Pitchayut Saengrungkongka,"Saengrungkongka, Pitchayut",Thailand,THA,28929,31,Gold,43,49,46,0.9253246753,616,same_country_exact,https://www.imo-official.org/results/individual/year/2020/
2748,Paramuth Samuthrsindh,"Samuthrsindh, Paramuth",Thailand,IMO,2019,Paramuth Samuthrsindh,"Samuthrsindh, Paramuth",Thailand,THA,28930,29,Silver,55,64,59.5,0.9041867955,621,same_country_exact,https://www.imo-official.org/results/individual/year/2019/
2748,Paramuth Samuthrsindh,"Samuthrsindh, Paramuth",Thailand,IMO,2020,Paramuth Samuthrsindh,"Samuthrsindh, Paramuth",Thailand,THA,28930,35,Gold,19,20,19.5,0.9683441558,616,same_country_exact,https://www.imo-official.org/results/individual/year/2020/
2754,Dawn Sawangsap,"Sawangsap, Dawn",Thailand,IMO,2025,Dawn Sawangsap,"Sawangsap, Dawn",Thailand,THA,35296,31,Silver,91,99,95,0.8492063492,630,same_country_exact,https://www.imo-official.org/results/individual/year/2025/
2754,Dawn Sawangsap,"Sawangsap, Dawn",Thailand,IMO,2026,Dawn Sawangsap,"Sawangsap, Dawn",Thailand,THA,35296,22,Bronze,161,204,182.5,0.725975976,666,same_country_exact,https://www.imo-official.org/results/individual/year/2026/
2755,Pachara Sawettamalya,"Sawettamalya, Pachara",Thailand,IMO,2015,Pachara Sawettamalya,"Sawettamalya, Pachara",Thailand,THA,25943,19,Silver,118,139,128.5,0.7772963605,577,same_country_exact,https://www.imo-official.org/results/individual/year/2015/
2755,Pachara Sawettamalya,"Sawettamalya, Pachara",Thailand,IMO,2016,Pachara Sawettamalya,"Sawettamalya, Pachara",Thailand,THA,25943,30,Gold,35,40,37.5,0.9377076412,602,same_country_exact,https://www.imo-official.org/results/individual/year/2016/
2759,Kiattipoom Sicharoen,"Sicharoen, Kiattipoom",Thailand,IMO,2024,Kiattipoom Sicharoen,"Sicharoen, Kiattipoom",Thailand,THA,34284,15,Honourable Mention,327,365,346,0.4318555008,609,same_country_exact,https://www.imo-official.org/results/individual/year/2024/
2759,Kiattipoom Sicharoen,"Sicharoen, Kiattipoom",Thailand,IMO,2025,Kiattipoom Sicharoen,"Sicharoen, Kiattipoom",Thailand,THA,34284,24,Bronze,214,228,221,0.6492063492,630,same_country_exact,https://www.imo-official.org/results/individual/year/2025/
2759,Kiattipoom Sicharoen,"Sicharoen, Kiattipoom",Thailand,IMO,2026,Kiattipoom Sicharoen,"Sicharoen, Kiattipoom",Thailand,THA,34284,18,Bronze,263,282,272.5,0.5908408408,666,same_country_exact,https://www.imo-official.org/results/individual/year/2026/
2761,Nitiwit Sirimaraisuwan,"Sirimaraisuwan, Nitiwit",Thailand,IMO,2023,Nitiwit Sirimalaisuwan,"Sirimalaisuwan, Nitiwit",Thailand,THA,33593,27,Silver,119,127,123,0.8009708738,618,reviewed_alias,https://www.imo-official.org/results/individual/year/2023/
2769,Thana Somsirivattana,"Somsirivattana, Thana",Thailand,IMO,2018,Thana Somsirivattana,"Somsirivattana, Thana",Thailand,THA,28199,25,Silver,131,146,138.5,0.7668350168,594,same_country_exact,https://www.imo-official.org/results/individual/year/2018/
2769,Thana Somsirivattana,"Somsirivattana, Thana",Thailand,IMO,2019,Thana Somsirivattana,"Somsirivattana, Thana",Thailand,THA,28199,28,Silver,65,100,82.5,0.8671497585,621,same_country_exact,https://www.imo-official.org/results/individual/year/2019/
2774,Pipitchaya Sridam,"Sridam, Pipitchaya",Thailand,IMO,2021,Pipitchaya Sridam,"Sridam, Pipitchaya",Thailand,THA,31065,24,Gold,48,52,50,0.9192245557,619,same_country_exact,https://www.imo-official.org/results/individual/year/2021/
2782,Chatchanun Suriyaammaranon,"Suriyaammaranon, Chatchanun",Thailand,IMO,2018,Chatchanun Suriyaammaranon,"Suriyaammaranon, Chatchanun",Thailand,THA,28200,28,Silver,87,110,98.5,0.8341750842,594,same_country_exact,https://www.imo-official.org/results/individual/year/2018/
2792,Kornchawan Tantivisethsak,"Tantivisethsak, Kornchawan",Thailand,IMO,2025,Kornchawan Tantivisethsak,"Tantivisethsak, Kornchawan",Thailand,THA,35298,17,Honourable Mention,334,345,339.5,0.4611111111,630,same_country_exact,https://www.imo-official.org/results/individual/year/2025/
2801,Natanon Therdpraisan,"Therdpraisan, Natanon",Thailand,IMO,2019,Natanon Therdpraisan,"Therdpraisan, Natanon",Thailand,THA,28932,28,Silver,65,100,82.5,0.8671497585,621,same_country_exact,https://www.imo-official.org/results/individual/year/2019/
2801,Natanon Therdpraisan,"Therdpraisan, Natanon",Thailand,IMO,2020,Natanon Therdpraisan,"Therdpraisan, Natanon",Thailand,THA,28932,28,Silver,86,113,99.5,0.838474026,616,same_country_exact,https://www.imo-official.org/results/individual/year/2020/
2803,Sarunyu Thongjarast,"Thongjarast, Sarunyu",Thailand,IMO,2021,Sarunyu Thongjarast,"Thongjarast, Sarunyu",Thailand,THA,31066,15,Bronze,180,217,198.5,0.6793214863,619,same_country_exact,https://www.imo-official.org/results/individual/year/2021/
2803,Sarunyu Thongjarast,"Thongjarast, Sarunyu",Thailand,IMO,2022,Sarunyu Thongjarast,"Thongjarast, Sarunyu",Thailand,THA,31066,35,Gold,32,37,34.5,0.941426146,589,same_country_exact,https://www.imo-official.org/results/individual/year/2022/
2819,Treetased Vividhwara,"Vividhwara, Treetased",Thailand,IMO,2016,Treetased Vividhwara,"Vividhwara, Treetased",Thailand,THA,26721,15,Honourable Mention,281,311,296,0.5083056478,602,same_country_exact,https://www.imo-official.org/results/individual/year/2016/
2819,Treetased Vividhwara,"Vividhwara, Treetased",Thailand,IMO,2017,Treetased Vividhwara,"Vividhwara, Treetased",Thailand,THA,26721,14,Honourable Mention,342,389,365.5,0.4056910569,615,same_country_exact,https://www.imo-official.org/results/individual/year/2017/
2830,Aekkawin Wisitkiatchai,"Wisitkiatchai, Aekkawin",Thailand,IMO,2024,Aekkawin Wisitkiatchai,"Wisitkiatchai, Aekkawin",Thailand,THA,34285,17,Bronze,252,282,267,0.5615763547,609,same_country_exact,https://www.imo-official.org/results/individual/year/2024/
2830,Aekkawin Wisitkiatchai,"Wisitkiatchai, Aekkawin",Thailand,IMO,2026,Aekkawin Wisitkiatchai,"Wisitkiatchai, Aekkawin",Thailand,THA,34285,16,Bronze,314,349,331.5,0.5022522523,666,same_country_exact,https://www.imo-official.org/results/individual/year/2026/
2841,Yolrada Yongpisanpob,"Yongpisanpob, Yolrada",Thailand,IMO,2018,Yolrada Yongpisanpob,"Yongpisanpob, Yolrada",Thailand,THA,28202,34,Gold,19,23,21,0.9646464646,594,same_country_exact,https://www.imo-official.org/results/individual/year/2018/
2861,Ziana Singh,"Singh, Ziana",United Arab Emirates,IMO,2025,Ziana Singh,"Singh, Ziana",United Arab Emirates,UAE,35555,5,None,510,525,517.5,0.1785714286,630,same_country_exact,https://www.imo-official.org/results/individual/year/2025/
2861,Ziana Singh,"Singh, Ziana",United Arab Emirates,IMO,2026,Ziana Singh,"Singh, Ziana",United Arab Emirates,UAE,35555,15,Honourable Mention,350,387,368.5,0.4466966967,666,same_country_exact,https://www.imo-official.org/results/individual/year/2026/
2903,Royce Yao,"Yao, Royce",United States of America,IMO,2026,Royce Yao,"Yao, Royce",United States of America,USA,35997,37,Gold,13,13,13,0.9804804805,666,same_country_exact,https://www.imo-official.org/results/individual/year/2026/
2907,Ozod Akhtamov,"Akhtamov, Ozod",Uzbekistan,IMO,2023,Ozodbek Akhtamov,"Akhtamov, Ozodbek",Uzbekistan,UZB,33400,23,Bronze,183,219,201,0.6747572816,618,reviewed_alias,https://www.imo-official.org/results/individual/year/2023/
2907,Ozod Akhtamov,"Akhtamov, Ozod",Uzbekistan,IMO,2024,Ozodbek Akhtamov,"Akhtamov, Ozodbek",Uzbekistan,UZB,33400,21,Bronze,182,215,198.5,0.6740558292,609,reviewed_alias,https://www.imo-official.org/results/individual/year/2024/
2907,Ozod Akhtamov,"Akhtamov, Ozod",Uzbekistan,IMO,2025,Ozodbek Akhtamov,"Akhtamov, Ozodbek",Uzbekistan,UZB,33400,22,Bronze,243,271,257,0.5920634921,630,reviewed_alias,https://www.imo-official.org/results/individual/year/2025/
2911,Asadbek Boboqulov,"Boboqulov, Asadbek",Uzbekistan,IMO,2024,Asadbek Bobokulov,"Bobokulov, Asadbek",Uzbekistan,UZB,34102,3,None,533,550,541.5,0.1108374384,609,reviewed_alias,https://www.imo-official.org/results/individual/year/2024/
2911,Asadbek Boboqulov,"Boboqulov, Asadbek",Uzbekistan,IMO,2025,Asadbek Bobokulov,"Bobokulov, Asadbek",Uzbekistan,UZB,34102,29,Silver,119,147,133,0.7888888889,630,reviewed_alias,https://www.imo-official.org/results/individual/year/2025/
2913,Iskandar Buriev,"Buriev, Iskandar",Uzbekistan,IMO,2021,Iskandar Buriev,"Buriev, Iskandar",Uzbekistan,UZB,30948,2,None,470,498,484,0.2180936995,619,same_country_exact,https://www.imo-official.org/results/individual/year/2021/
2913,Iskandar Buriev,"Buriev, Iskandar",Uzbekistan,IMO,2022,Iskandar Buriev,"Buriev, Iskandar",Uzbekistan,UZB,30948,20,Honourable Mention,314,327,320.5,0.4558573854,589,same_country_exact,https://www.imo-official.org/results/individual/year/2022/
2920,Jasurbek Imomov,"Imomov, Jasurbek",Uzbekistan,IMO,2018,Jasurbek Imomov,"Imomov, Jasurbek",Uzbekistan,UZB,28152,9,Honourable Mention,391,412,401.5,0.3240740741,594,same_country_exact,https://www.imo-official.org/results/individual/year/2018/
2920,Jasurbek Imomov,"Imomov, Jasurbek",Uzbekistan,IMO,2019,Jasurbek Imomov,"Imomov, Jasurbek",Uzbekistan,UZB,28152,22,Bronze,168,213,190.5,0.693236715,621,same_country_exact,https://www.imo-official.org/results/individual/year/2019/
2921,Doniyor Ismoilov,"Ismoilov, Doniyor",Uzbekistan,IMO,2021,Doniyor Ismoilov,"Ismoilov, Doniyor",Uzbekistan,UZB,30927,8,Honourable Mention,348,371,359.5,0.4192245557,619,same_country_exact,https://www.imo-official.org/results/individual/year/2021/
2923,Shakhboz Khasanov,"Khasanov, Shakhboz",Uzbekistan,IMO,2020,Shakhboz Khasanov,"Khasanov, Shakhboz",Uzbekistan,UZB,30426,11,Honourable Mention,371,383,377,0.387987013,616,same_country_exact,https://www.imo-official.org/results/individual/year/2020/
2924,Jaloliddin Kholmatov,"Kholmatov, Jaloliddin",Uzbekistan,IMO,2022,Jaloliddin Kholmatov,"Kholmatov, Jaloliddin",Uzbekistan,UZB,31549,16,Honourable Mention,377,393,385,0.3463497453,589,same_country_exact,https://www.imo-official.org/results/individual/year/2022/
2929,Mukhammadrizo Madjidov,"Madjidov, Mukhammadrizo",Uzbekistan,IMO,2020,Mukhammadrizo Madjidov,"Madjidov, Mukhammadrizo",Uzbekistan,UZB,30429,7,Honourable Mention,445,494,469.5,0.2378246753,616,same_country_exact,https://www.imo-official.org/results/individual/year/2020/
2932,Behzod Maksudov,"Maksudov, Behzod",Uzbekistan,IMO,2023,Behzod Maksudov,"Maksudov, Behzod",Uzbekistan,UZB,33399,17,Honourable Mention,315,348,331.5,0.463592233,618,same_country_exact,https://www.imo-official.org/results/individual/year/2023/
2933,Azizbek Mamajonov,"Mamajonov, Azizbek",Uzbekistan,IMO,2026,Azizbek Mamajonov,"Mamajonov, Azizbek",Uzbekistan,UZB,36351,17,Bronze,283,313,298,0.5525525526,666,same_country_exact,https://www.imo-official.org/results/individual/year/2026/
2936,Eldor Neymatov,"Neymatov, Eldor",Uzbekistan,IMO,2020,Eldor Neymatov,"Neymatov, Eldor",Uzbekistan,UZB,30428,13,Honourable Mention,345,357,351,0.4301948052,616,same_country_exact,https://www.imo-official.org/results/individual/year/2020/
2938,Jakhongir Norboev,"Norboev, Jakhongir",Uzbekistan,IMO,2020,Jakhongir Norboev,"Norboev, Jakhongir",Uzbekistan,UZB,30425,11,Honourable Mention,371,383,377,0.387987013,616,same_country_exact,https://www.imo-official.org/results/individual/year/2020/
2939,Olimjon Olimov,"Olimov, Olimjon",Uzbekistan,IMO,2021,Olimjon Olimov,"Olimov, Olimjon",Uzbekistan,UZB,30928,13,Bronze,268,289,278.5,0.5500807754,619,same_country_exact,https://www.imo-official.org/results/individual/year/2021/
2940,Davrbek Oltiboev,"Oltiboev, Davrbek",Uzbekistan,IMO,2017,Davrbek Oltiboev,"Oltiboev, Davrbek",Uzbekistan,UZB,27353,13,Honourable Mention,390,415,402.5,0.3455284553,615,same_country_exact,https://www.imo-official.org/results/individual/year/2017/
2940,Davrbek Oltiboev,"Oltiboev, Davrbek",Uzbekistan,IMO,2018,Davrbek Oltiboev,"Oltiboev, Davrbek",Uzbekistan,UZB,27353,10,Honourable Mention,368,390,379,0.361952862,594,same_country_exact,https://www.imo-official.org/results/individual/year/2018/
2946,Lazizbek Rajabboev,"Rajabboev, Lazizbek",Uzbekistan,IMO,2022,Lazizbek Rajabboev,"Rajabboev, Lazizbek",Uzbekistan,UZB,31550,27,Bronze,187,213,200,0.6604414261,589,same_country_exact,https://www.imo-official.org/results/individual/year/2022/
2948,Anvarbek Rakhmatov,"Rakhmatov, Anvarbek",Uzbekistan,IMO,2022,Anvarbek Rakhmatov,"Rakhmatov, Anvarbek",Uzbekistan,UZB,31548,22,Honourable Mention,286,302,294,0.5008488964,589,same_country_exact,https://www.imo-official.org/results/individual/year/2022/
2948,Anvarbek Rakhmatov,"Rakhmatov, Anvarbek",Uzbekistan,IMO,2023,Anvarbek Rakhmatov,"Rakhmatov, Anvarbek",Uzbekistan,UZB,31548,19,Bronze,279,296,287.5,0.534789644,618,same_country_exact,https://www.imo-official.org/results/individual/year/2023/
2950,Anvarbek Sadulloyev,"Sadulloyev, Anvarbek",Uzbekistan,IMO,2023,Anvarbek Sadulloev,"Sadulloev, Anvarbek",Uzbekistan,UZB,33398,18,Bronze,297,314,305.5,0.5056634304,618,reviewed_alias,https://www.imo-official.org/results/individual/year/2023/
2952,Abbos Sayliev,"Sayliev, Abbos",Uzbekistan,IMO,2019,Abbos Sayliev,"Sayliev, Abbos",Uzbekistan,UZB,29239,14,Honourable Mention,345,360,352.5,0.4323671498,621,same_country_exact,https://www.imo-official.org/results/individual/year/2019/
2954,Madina Suyunova,"Suyunova, Madina",Uzbekistan,IMO,2024,Madina Suyunova,"Suyunova, Madina",Uzbekistan,UZB,34104,17,Bronze,252,282,267,0.5615763547,609,same_country_exact,https://www.imo-official.org/results/individual/year/2024/
2955,Jakhongir Turaev,"Turaev, Jakhongir",Uzbekistan,IMO,2019,Jakhongir Turaev,"Turaev, Jakhongir",Uzbekistan,UZB,29363,14,Honourable Mention,345,360,352.5,0.4323671498,621,same_country_exact,https://www.imo-official.org/results/individual/year/2019/
2961,Elbek Zohidjonov,"Zohidjonov, Elbek",Uzbekistan,IMO,2024,Elbek Zohidjonov,"Zohidjonov, Elbek",Uzbekistan,UZB,34105,24,Silver,100,124,112,0.816091954,609,same_country_exact,https://www.imo-official.org/results/individual/year/2024/
2961,Elbek Zohidjonov,"Zohidjonov, Elbek",Uzbekistan,IMO,2025,Elbek Zohidjonov,"Zohidjonov, Elbek",Uzbekistan,UZB,34105,34,Silver,73,80,76.5,0.8785714286,630,same_country_exact,https://www.imo-official.org/results/individual/year/2025/
2961,Elbek Zohidjonov,"Zohidjonov, Elbek",Uzbekistan,IMO,2026,Elbek Zohidjonov,"Zohidjonov, Elbek",Uzbekistan,UZB,34105,20,Bronze,227,246,236.5,0.6448948949,666,same_country_exact,https://www.imo-official.org/results/individual/year/2026/
2980,Vu Quang Dao,"Dao, Vu Quang",Vietnam,IMO,2016,Vũ Quang Đào,"Đào, Vũ Quang",Vietnam,VNM,26580,27,Silver,63,67,65,0.8920265781,602,same_country_exact,https://www.imo-official.org/results/individual/year/2016/
2983,Vu Tung Lam Dinh,"Dinh, Vu Tung Lam",Vietnam,IMO,2020,Vu Tung Lam Dinh,"Dinh, Vu Tung Lam",Vietnam,VNM,30435,8,Honourable Mention,419,444,431.5,0.299512987,616,same_country_exact,https://www.imo-official.org/results/individual/year/2020/
2983,Vu Tung Lam Dinh,"Dinh, Vu Tung Lam",Vietnam,IMO,2021,Vu Tung Lam Dinh,"Dinh, Vu Tung Lam",Vietnam,VNM,30435,21,Silver,105,142,123.5,0.8004846527,619,same_country_exact,https://www.imo-official.org/results/individual/year/2021/
2991,Manh Hung Ha,"Ha, Manh Hung",Vietnam,IMO,2026,Manh Hung Ha,"Ha, Manh Hung",Vietnam,VNM,36162,20,Bronze,227,246,236.5,0.6448948949,666,same_country_exact,https://www.imo-official.org/results/individual/year/2026/
3047,Le Nhat Nam Nguyen,"Nguyen, Le Nhat Nam",Vietnam,IMO,2026,Le Nhat Nam Nguyen,"Nguyen, Le Nhat Nam",Vietnam,VNM,36163,30,Gold,34,39,36.5,0.9451951952,666,same_country_exact,https://www.imo-official.org/results/individual/year/2026/
3079,Dang Nguyen Pham,"Pham, Dang Nguyen",Vietnam,IMO,2026,Dang Nguyen Pham,"Pham, Dang Nguyen",Vietnam,VNM,36159,28,Silver,56,75,65.5,0.9016516517,666,same_country_exact,https://www.imo-official.org/results/individual/year/2026/
3085,Nam Khánh Phạm,"Phạm, Nam Khánh",Vietnam,IMO,2017,Nam Khánh Phạm,"Phạm, Nam Khánh",Vietnam,VNM,27781,21,Silver,82,102,92,0.8504065041,615,same_country_exact,https://www.imo-official.org/results/individual/year/2017/
3088,Minh Duc Phan,"Phan, Minh Duc",Vietnam,IMO,2018,Minh Đức Phan,"Phan, Minh Đức",Vietnam,VNM,28625,29,Silver,61,86,73.5,0.8762626263,594,same_country_exact,https://www.imo-official.org/results/individual/year/2018/
3088,Minh Duc Phan,"Phan, Minh Duc",Vietnam,IMO,2019,Minh Duc Phan,"Phan, Minh Duc",Vietnam,VNM,29494,28,Silver,65,100,82.5,0.8671497585,621,same_country_exact,https://www.imo-official.org/results/individual/year/2019/
3106,Tuan Nghia Truong,"Truong, Tuan Nghia",Vietnam,IMO,2020,Tuan Nghia Truong,"Truong, Tuan Nghia",Vietnam,VNM,30432,32,Gold,34,42,38,0.9383116883,616,same_country_exact,https://www.imo-official.org/results/individual/year/2020/
3106,Tuan Nghia Truong,"Truong, Tuan Nghia",Vietnam,IMO,2021,Tuan Nghia Truong,"Truong, Tuan Nghia",Vietnam,VNM,30432,21,Silver,105,142,123.5,0.8004846527,619,same_country_exact,https://www.imo-official.org/results/individual/year/2021/
